player_name,country
Randy Livingston,USA
Gaylon Nickerson,USA
George Lynch,USA
George McCloud,USA
George Zidek,USA
Gerald Wilkins,USA
Gheorghe Muresan,USA
Glen Rice,USA
Glenn Robinson,USA
Grant Hill,USA
Gary Trent,USA
Grant Long,USA
Greg Anthony,USA
Greg Dreiling,USA
Greg Foster,USA
Greg Graham,USA
Greg Minor,USA
Greg Ostertag,USA
Hakeem Olajuwon,Nigeria
Harvey Grant,USA
Haywoode Workman,USA
Greg Anderson,USA
Gary Payton,USA
Gary Grant,USA
Fred Roberts,USA
Eldridge Recasner,USA
Elliot Perry,USA
Elmer Bennett,USA
Elmore Spencer,USA
Emanual Davis,USA
Ennis Whatley,USA
Eric Leckner,USA
Eric Mobley,USA
Eric Montross,USA
Eric Murdock,USA
Eric Piatkowski,USA
Eric Snow,USA
Eric Williams,USA
Erick Dampier,USA
Erick Strickland,USA
Ervin Johnson,USA
Evric Gray,USA
Felton Spencer,USA
Frank Brickowski,USA
Frankie King,USA
Fred Hoiberg,USA
Henry James,USA
Elden Campbell,USA
Herb Williams,USA
Horace Grant,USA
Jerome Williams,USA
Jerry Stackhouse,USA
Jim Jackson,USA
Jim McIlvaine,USA
Jimmy Carruth,USA
Jimmy King,USA
Jimmy Oliver,USA
Joe Courtney,USA
Joe Dumars,USA
Jerome Kersey,USA
Joe Kleine,USA
Joe Stephens,USA
Joe Wolf,USA
John Crotty,USA
John Long,USA
John Starks,USA
John Stockton,USA
John Wallace,USA
Johnny Newman,USA
Jon Barry,USA
Joe Smith,USA
Jerome Allen,USA
Jermaine O'Neal,USA
Jeff McInnis,USA
Horacio Llamas,USA
Hot Rod Williams,USA
Howard Eisley,USA
Hubert Davis,USA
Ike Austin,USA
Isaiah Rider,USA
Ivano Newbill,USA
Jack Haley,USA
Jalen Rose,USA
Jamal Mashburn,USA
James Robinson,USA
James Scott,USA
Jamie Feick,USA
Jamie Watson,USA
Jaren Jackson,USA
Jason Caffey,USA
Jason Kidd,USA
Jason Sasser,USA
Jayson Williams,USA
Jeff Grayer,USA
Jeff Hornacek,USA
Hersey Hawkins,USA
Eddie Jones,USA
Eddie Johnson,USA
Ed Pinckney,USA
Chris Jent,USA
Chris Mills,USA
Chris Morris,USA
Chris Mullin,USA
Chris Robinson,USA
Chris Webber,USA
Chris Whitney,USA
Christian Laettner,USA
Chucky Brown,USA
Chris Gatling,USA
Clar. Weatherspoon,USA
Clifford Rozier,USA
Clyde Drexler,USA
Corie Blount,USA
Corliss Williamson,USA
Cory Alexander,USA
Craig Ehlo,USA
Cuonzo Martin,USA
Dale Davis,USA
Dale Ellis,USA
Clifford Robinson,USA
Chris Dudley,USA
Chris Childs,USA
Chris Carr,USA
Brian Evans,USA
Brian Grant,USA
Brian Shaw,USA
Brooks Thompson,USA
Bruce Bowen,USA
Bryant Reeves,USA
Bryant Stith,USA
Bryon Russell,USA
Buck Williams,USA
Byron Scott,USA
Calbert Cheaney,USA
Carl Herrera,USA
Carl Thomas,USA
Carlos Rogers,USA
Cedric Ceballos,USA
Charles Barkley,USA
Charles Jones,USA
Charles Oakley,USA
Charles Smith,USA
Charlie Ward,USA
Cherokee Parks,USA
Damon Stoudamire,USA
Dan Majerle,USA
Dan Schayes,USA
Dana Barros,USA
Dexter Boney,USA
Dickey Simpkins,USA
Dikembe Mutombo,Congo
Dino Radja,USA
Dominique Wilkins,USA
Don MacLean,USA
Don Reid,USA
Donald Royal,USA
Donald Whiteside,USA
Donnie Boyce,USA
Donny Marshall,USA
Dontonio Wingfield,USA
Donyell Marshall,USA
Doug Christie,USA
Doug Overton,USA
Doug West,USA
Duane Causwell,USA
Duane Ferrell,USA
Dwayne Schintzius,USA
Earl Cureton,USA
Ed O'Bannon,USA
Devin Gray,USA
Jud Buechler,USA
Detlef Schrempf,USA
Derrick Coleman,USA
Danny Ferry,USA
Danny Manning,USA
Darrell Armstrong,USA
Darrick Martin,USA
Darrin Hancock,USA
Darvin Ham,USA
David Robinson,USA
David Vaughn,USA
David Wesley,USA
David Wingate,USA
David Wood,USA
Dean Garrett,USA
Dee Brown,USA
Dell Curry,USA
Dell Demps,USA
Dennis Rodman,USA
Dennis Scott,USA
Derek Fisher,USA
Derek Harper,USA
Derek Strong,USA
Derrick Alston,USA
Derrick McKey,USA
Brett Szabo,USA
Juwan Howard,USA
Keith Askins,USA
Scott Burrell,USA
Scott Williams,USA
Scottie Pippen,USA
Sean Elliott,USA
Sean Rooks,USA
Sedale Threatt,USA
Shandon Anderson,USA
Shane Heal,USA
Shaquille O'Neal,USA
Scott Brooks,USA
Shareef Abdur-Rahim,USA
Shawn Bradley,USA
Shawn Kemp,USA
Shawn Respert,USA
Shawnelle Scott,USA
Sherman Douglas,USA
Stacey Augmon,USA
Stacey King,USA
Stanley Roberts,USA
Stephen Howard,USA
Sharone Wright,USA
Sasha Danilovic,USA
Sarunas Marciulionis,USA
Samaki Walker,USA
Rex Walters,USA
Richard Manning,USA
Rick Fox,Canada
Rick Mahorn,USA
Ricky Pierce,USA
Rik Smits,USA
Robert Horry,USA
Robert Pack,USA
Robert Parish,USA
Robert Werdann,USA
Rod Strickland,USA
Rodney Rogers,USA
Ron Harper,USA
Rony Seikaly,USA
Roy Rogers,USA
Ruben Nembhard,USA
Rumeal Robinson,USA
Sam Cassell,USA
Sam Mack,USA
Sam Mitchell,USA
Sam Perkins,USA
Stephon Marbury,USA
Rex Chapman,USA
Steve Hamer,USA
Steve Nash,Canada
Willie Anderson,USA
Will Perdue,USA
Wesley Person,USA
Wayman Tisdale,USA
Walter McCarty,USA
Walt Williams,USA
Voshon Lenard,USA
Vlade Divac,Serbia and Montenegro
Vitaly Potapenko,Ukraine
Willie Burton,USA
Vinny Del Negro,USA
Vin Baker,USA
Vernon Maxwell,USA
Tyus Edney,USA
Tyrone Hill,USA
Tyrone Corbin,USA
Travis Knight,USA
Travis Best,USA
Tracy Murray,USA
Tracy Moore,USA
Vincent Askew,USA
Xavier McDaniel,USA
Yinka Dare,USA
Zan Tabak,USA
Steve Scheffler,USA
Steven Smith,USA
Stevin Smith,USA
Stojko Vrankovic,USA
Terrell Brandon,USA
Terry Cummings,USA
Terry Dehere,USA
Terry Mills,USA
Terry Porter,USA
Theo Ratliff,USA
Tim Hardaway,USA
Tim Kempton,USA
Tim Legler,USA
Todd Day,USA
Todd Fuller,USA
Tom Chambers,USA
Tom Gugliotta,USA
Tom Hammonds,USA
Toni Kukoc,Croatia
Tony Delk,USA
Tony Dumas,USA
Steve Kerr,USA
Reggie Williams,USA
Reggie Slater,USA
Reggie Miller,USA
Lindsey Hunter,USA
Lionel Simmons,USA
Litterial Green,USA
Tony Smith,USA
Loren Meyer,USA
Lorenzen Wright,USA
Lorenzo Williams,USA
Lou Roe,USA
Loy Vaught,USA
Lee Mayberry,USA
Luc Longley,USA
Mahmoud Abdul-Rauf,USA
Malik Rose,USA
Malik Sealy,USA
Marcus Brown,USA
Marcus Camby,USA
Mario Elie,USA
Mark Bradtke,USA
Mark Bryant,USA
Mark Davis,USA
Lucious Harris,USA
Lawrence Moten,USA
Latrell Sprewell,USA
Larry Stewart,USA
Keith Tower,USA
Ken Norman,USA
Kendall Gill,USA
Kenny Anderson,USA
Kenny Smith,USA
Kerry Kittles,USA
Kevin Duckworth,USA
Kevin Edwards,USA
Kevin Gamble,USA
Kevin Garnett,USA
Kevin Johnson,USA
Kevin Salvadori,USA
Kevin Willis,USA
Khalid Reeves,USA
Kobe Bryant,USA
Kurt Thomas,USA
LaPhonso Ellis,USA
LaSalle Thompson,USA
Lamond Murray,USA
Larry Johnson,USA
Larry Krystkowiak,USA
Mark Hendrickson,USA
Mark Jackson,USA
Mark Price,USA
Mark Strickland,USA
Nick Anderson,USA
Nick Van Exel,USA
Olden Polynice,USA
Oliver Miller,USA
Othella Harrington,USA
Otis Thorpe,USA
P.J. Brown,USA
Patrick Ewing,Jamaica
Pervis Ellison,USA
Pete Chilcutt,USA
Pooh Richardson,USA
Popeye Jones,USA
Priest Lauderdale,USA
Rafael Addison,USA
Randolph Childress,USA
Randy Brown,USA
Rasheed Wallace,USA
Ray Allen,USA
Ray Owes,USA
Reggie Geary,USA
Reggie Jordan,USA
Nate McMillan,USA
Karl Malone,USA
Nate Driggers,USA
Mookie Blaylock,USA
Mark West,USA
Martin Lewis,USA
Martin Muursepp,USA
Marty Conlon,USA
Matt Bullard,USA
Matt Fish,USA
Matt Geiger,USA
Matt Maloney,USA
Matt Steigenga,USA
Melvin Booker,USA
Michael Cage,USA
Michael Curry,USA
Michael Finley,USA
Michael Hawkins,USA
Michael Jordan,USA
Michael Smith,USA
Mike Brown,USA
Mitch Richmond,USA
Mitchell Butler,USA
Monty Williams,USA
Moochie Norris,USA
Muggsy Bogues,USA
Brent Scott,USA
Lloyd Daniels,USA
Tony Massenburg,USA
Antonio McDyess,USA
Armen Gilliam,USA
Arvydas Sabonis,Lithuania
Ashraf Amaya,USA
Avery Johnson,USA
B.J. Armstrong,USA
Ben Davis,USA
Ben Wallace,USA
Benoit Benjamin,USA
Antonio Lang,USA
Bill Wennington,USA
Bimbo Coles,USA
Bison Dele,USA
Blue Edwards,USA
Bo Outlaw,USA
Bob Sura,USA
Bobby Hurley,USA
Bobby Phills,USA
Brad Lohaus,USA
Brent Price,USA
Billy Owens,USA
Antonio Harvey,USA
Brent Barry,USA
Antoine Walker,USA
A.C. Green,USA
Aaron McKie,USA
Aaron Williams,USA
Acie Earl,USA
Adam Keefe,USA
Adrian Caldwell,USA
Antonio Davis,USA
Aleksandar Djordjevic,USA
Allan Houston,USA
Allen Iverson,USA
Alan Henderson,USA
Alton Lister,USA
Antoine Carr,USA
Alonzo Mourning,USA
Anthony Miller,USA
Anthony Mason,USA
Anthony Goldwire,USA
Anthony Peeler,USA
Andrew Lang,USA
Andrew DeClercq,USA
Amal McCaskill,USA
Anfernee Hardaway,USA
Nick Van Exel,USA
Nick Anderson,USA
Nate McMillan,USA
Muggsy Bogues,USA
Mookie Blaylock,USA
Monty Williams,USA
Mitchell Butler,USA
Mitch Richmond,USA
Micheal Williams,USA
Matt Geiger,USA
Michael Smith,USA
Michael McDonald,USA
Michael Jordan,USA
Michael Finley,USA
Michael Curry,USA
Michael Cage,USA
Maurice Taylor,USA
Matt Maloney,USA
Olden Polynice,USA
Matt Bullard,USA
Michael Stewart,USA
Oliver Miller,USA
Randy Livingston,USA
Otis Thorpe,USA
Rick Fox,Canada
Marty Conlon,USA
Rick Brunson,USA
Rex Walters,USA
Rex Chapman,USA
Reggie Slater,USA
Reggie Miller,USA
Reggie Jordan,USA
Reggie Hanson,USA
Reggie Geary,USA
Ray Allen,USA
Rasheed Wallace,USA
Randy Brown,USA
Priest Lauderdale,USA
Popeye Jones,USA
Pooh Richardson,USA
Pete Myers,USA
Pete Chilcutt,USA
Pervis Ellison,USA
Patrick Ewing,Jamaica
P.J. Brown,USA
Othella Harrington,USA
Martin Muursepp,USA
Lee Mayberry,USA
Mark West,USA
Latrell Sprewell,USA
Larry Robinson,USA
Larry Johnson,USA
Lamond Murray,USA
LaPhonso Ellis,USA
Kurt Thomas,USA
Kobe Bryant,USA
Kiwane Garris,USA
Khalid Reeves,USA
Kevin Willis,USA
Kevin Salvadori,USA
Kevin Ollie,USA
Kevin Johnson,USA
Kevin Garnett,USA
Kevin Edwards,USA
Kerry Kittles,USA
Kenny Anderson,USA
Kendall Gill,USA
Kelvin Cato,USA
Keith Van Horn,USA
Keith Closs,USA
Lawrence Funderburke,USA
Marko Milic,Slovenia
Lawrence Moten,USA
Rick Mahorn,USA
Mark Strickland,USA
Mark Price,USA
Mark Pope,USA
Mark Jackson,USA
Mark Hendrickson,USA
Mark Davis,USA
Mark Bryant,USA
Mario Elie,USA
Mario Bennett,USA
Marcus Camby,USA
Malik Sealy,USA
Malik Rose,USA
Mahmoud Abdul-Rauf,USA
Lucious Harris,USA
Luc Longley,USA
Loy Vaught,USA
Lorenzo Williams,USA
Lorenzen Wright,USA
Lloyd Daniels,USA
Litterial Green,USA
Lindsey Hunter,USA
Ledell Eackles,USA
Ricky Pierce,USA
Sean Higgins,USA
Robert Horry,USA
Tracy Murray,USA
Tracy McGrady,USA
Tony Smith,USA
Tony Massenburg,USA
Tony Farmer,USA
Tony Dumas,USA
Tony Delk,USA
Tony Battie,USA
Toni Kukoc,Croatia
Travis Best,USA
Tom Hammonds,USA
Tom Chambers,USA
Todd Fuller,USA
Todd Day,USA
Tim Thomas,USA
Tim Legler,USA
Tim Kempton,USA
Tim Hardaway,USA
Tim Duncan,US Virgin Islands
Tim Breaux,USA
Tom Gugliotta,USA
Travis Knight,USA
Travis Williams,USA
Troy Hudson,USA
Chuck Person,USA
Zydrunas Ilgauskas,Lithuania
Zan Tabak,USA
Yinka Dare,USA
Xavier McDaniel,USA
Willie Burton,USA
William Cunningham,USA
Will Perdue,USA
Wesley Person,USA
Walter McCarty,USA
Walt Williams,USA
Voshon Lenard,USA
Vlade Divac,Serbia and Montenegro
Vitaly Potapenko,Ukraine
Vinny Del Negro,USA
Vincent Askew,USA
Vin Baker,USA
Vernon Maxwell,USA
Tyus Edney,USA
Tyrone Hill,USA
Tyrone Corbin,USA
Theo Ratliff,USA
Terry Porter,USA
Terry Mills,USA
Terry Dehere,USA
Keith Booth,USA
Sean Elliott,USA
Scottie Pippen,USA
Scott Williams,USA
Scott Burrell,USA
Scott Brooks,USA
Scot Pollard,USA
Samaki Walker,USA
Sam Perkins,USA
Sam Mitchell,USA
Sam Mack,USA
Sam Cassell,USA
Rusty LaRue,USA
Roy Rogers,USA
Rony Seikaly,USA
Ron Mercer,USA
Ron Harper,USA
Rodrick Rhodes,USA
Rodney Rogers,USA
Rod Strickland,USA
Robert Pack,USA
Sean Rooks,USA
Rik Smits,USA
Shandon Anderson,USA
Shareef Abdur-Rahim,USA
Terry Davis,USA
Terry Cummings,USA
Terrell Brandon,USA
Tariq Abdul-Wahad,France
Stojko Vrankovic,USA
Steven Smith,USA
Steve Nash,Canada
Steve Kerr,USA
Steve Henson,USA
Stephon Marbury,USA
Stephen Howard,USA
Stanley Roberts,USA
Stacey Augmon,USA
Spud Webb,USA
Sherman Douglas,USA
Shea Seals,USA
Shawnelle Scott,USA
Shawn Respert,USA
Shawn Kemp,USA
Shawn Bradley,USA
Sharone Wright,USA
Shaquille O'Neal,USA
Keith Askins,USA
Christian Laettner,USA
Karl Malone,USA
Adam Keefe,USA
Adonal Foyle,St. Vincent & Grenadines
Adrian Caldwell,USA
Alan Henderson,USA
Allan Houston,USA
Allen Iverson,USA
Alonzo Mourning,USA
Alton Lister,USA
Alvin Williams,USA
Andrew DeClercq,USA
Andrew Lang,USA
Anfernee Hardaway,USA
Aaron Williams,USA
Anthony Bowie,USA
Anthony Johnson,USA
Anthony Mason,USA
Anthony Miller,USA
Anthony Parker,USA
Anthony Peeler,USA
Antoine Carr,USA
Antoine Walker,USA
Antonio Daniels,USA
Antonio Davis,USA
Antonio Lang,USA
Antonio McDyess,USA
Armen Gilliam,USA
Anthony Goldwire,USA
Aaron McKie,USA
A.C. Green,USA
Chucky Brown,USA
DeJuan Wheat,USA
David Wingate,USA
David Wesley,USA
David Vaughn,USA
David Robinson,USA
David Benoit,USA
Darvin Ham,USA
Darrick Martin,USA
Darrell Armstrong,USA
Danny Manning,USA
Danny Fortson,USA
Danny Ferry,USA
Dana Barros,USA
Dan Schayes,USA
Chris Whitney,USA
Dan Majerle,USA
Damon Stoudamire,USA
Dale Ellis,USA
Dale Davis,USA
Cory Alexander,USA
Corliss Williamson,USA
Corie Blount,USA
Corey Beck,USA
Clyde Drexler,USA
Clifford Rozier,USA
Clifford Robinson,USA
Clar. Weatherspoon,USA
Arvydas Sabonis,Lithuania
Dean Garrett,USA
Austin Croshere,USA
B.J. Armstrong,USA
Chauncey Billups,USA
Charlie Ward,USA
Charles Smith,USA
Charles Oakley,USA
Charles O'Bannon,USA
Charles Barkley,USA
Cedric Henderson,USA
Cedric Ceballos,USA
Carlos Rogers,USA
Carl Thomas,USA
Carl Herrera,USA
Calbert Cheaney,USA
Cherokee Parks,USA
Buck Williams,USA
Bryon Russell,USA
Bryant Stith,USA
Bryant Reeves,USA
Bruce Bowen,USA
Brooks Thompson,USA
Brian Shaw,USA
Brian Oliver,USA
Brian Grant,USA
Brian Evans,USA
Brevin Knight,USA
Brent Price,USA
Kebu Stewart,USA
Bubba Wells,USA
Chris Anstey,USA
Chris Carr,USA
Chris Childs,USA
Ben Davis,USA
Ben Wallace,USA
Benoit Benjamin,USA
Bill Curley,USA
Bill Wennington,USA
Billy Owens,USA
Bimbo Coles,USA
Bison Dele,USA
Blue Edwards,USA
Bo Outlaw,USA
Bob McCann,USA
Bob Sura,USA
Bobby Hurley,USA
Bobby Jackson,USA
Bobby Phills,USA
Brad Lohaus,USA
Brandon Williams,USA
Brent Barry,USA
Chris Webber,USA
Chris Robinson,USA
Chris Mullin,USA
Chris Morris,USA
Chris Mills,USA
Chris Gatling,USA
Chris Garner,USA
Chris Dudley,USA
Chris Crawford,USA
Avery Johnson,USA
Dee Brown,USA
Charles Jones,USA
Dennis Rodman,USA
Jamie Feick,USA
James Robinson,USA
James Cotton,USA
James Collins,USA
Jamal Mashburn,USA
Jalen Rose,USA
Jacque Vaughn,USA
Jack Haley,USA
J.R. Reid,USA
Ivano Newbill,USA
Isaiah Rider,USA
Ike Austin,USA
Jaren Jackson,USA
Hubert Davis,USA
Hot Rod Williams,USA
Horacio Llamas,USA
Horace Grant,USA
Hersey Hawkins,USA
Herb Williams,USA
Henry James,USA
Harvey Grant,USA
Harold Ellis,USA
Hakeem Olajuwon,Nigeria
Greg Ostertag,USA
Greg Minor,USA
Greg Graham,USA
Howard Eisley,USA
Jason Caffey,USA
Jason Kidd,USA
Jason Lawson,USA
Juwan Howard,USA
Dell Curry,USA
Jud Buechler,USA
Jon Barry,USA
Johnny Taylor,USA
Johnny Newman,USA
John Wallace,USA
John Thomas,USA
John Stockton,USA
John Starks,USA
John Crotty,USA
Joe Wolf,USA
Joe Smith,USA
Joe Kleine,USA
Joe Dumars,USA
Jimmy Oliver,USA
Jim McIlvaine,USA
Jim Jackson,USA
Jerry Stackhouse,USA
Jerome Williams,USA
Jerome Kersey,USA
Jermaine O'Neal,USA
Jerald Honeycutt,USA
Jeff Nordgaard,USA
Jeff Hornacek,USA
Jeff Grayer,USA
Jayson Williams,USA
Greg Foster,USA
Greg Anthony,USA
Joe Stephens,USA
Grant Long,USA
Ed Stokes,USA
Ed Gray,USA
Duane Ferrell,USA
Duane Causwell,USA
Drew Barry,USA
Doug West,USA
Doug Overton,USA
Doug Christie,USA
Donyell Marshall,USA
Dontonio Wingfield,USA
Dontae' Jones,USA
Donald Whiteside,USA
Eddie Johnson,USA
Donald Royal,USA
Don MacLean,USA
Dikembe Mutombo,Congo
Dickey Simpkins,USA
Detlef Schrempf,USA
Derrick McKey,USA
Derek Strong,USA
Derek Harper,USA
Derek Grimm,USA
Greg Anderson,USA
Derek Fisher,USA
Derek Anderson,USA
Dennis Scott,USA
Don Reid,USA
Eddie Jones,USA
Derrick Coleman,USA
Eldridge Recasner,USA
Glenn Robinson,USA
Elden Campbell,USA
God Shammgod,USA
Gerald Wilkins,USA
Gerald Madkins,USA
Glen Rice,USA
Grant Hill,USA
George McCloud,USA
George Lynch,USA
Gary Trent,USA
Gary Payton,USA
Gary Grant,USA
Fred Hoiberg,USA
Felton Spencer,USA
George Zidek,USA
Ervin Johnson,USA
Elliot Perry,USA
Etdrick Bohannon,USA
Eric Montross,USA
Eric Piatkowski,USA
Eric Riley,USA
Eric Murdock,USA
Eric Washington,USA
Eric Williams,USA
Erick Dampier,USA
Erick Strickland,USA
Eric Snow,USA
Emanual Davis,USA
Derek Strong,USA
Dirk Nowitzki,Germany
Derrick Coleman,USA
Derrick McKey,USA
Detlef Schrempf,USA
Dickey Simpkins,USA
Dikembe Mutombo,Congo
Derek Harper,USA
Doug Overton,USA
Don MacLean,USA
Don Reid,USA
Donyell Marshall,USA
Doug Christie,USA
Doug West,USA
Drew Barry,USA
Duane Causwell,USA
Duane Ferrell,USA
Earl Boykins,USA
Dwayne Schintzius,USA
Dominique Wilkins,USA
Derek Fisher,USA
Darrick Martin,USA
Dennis Scott,USA
Cory Carr,USA
Cuttino Mobley,USA
Ed Gray,USA
Dale Davis,USA
Dale Ellis,USA
Damon Jones,USA
Damon Stoudamire,USA
Dan Majerle,USA
Dan Schayes,USA
Dana Barros,USA
Danny Ferry,USA
Danny Fortson,USA
Danny Manning,USA
Darrell Armstrong,USA
David Robinson,USA
David Vaughn,USA
David Wesley,USA
David Wingate,USA
DeJuan Wheat,USA
Dean Garrett,USA
Dee Brown,USA
Dell Curry,USA
Dennis Rodman,USA
Derek Anderson,USA
Eddie Johnson,USA
Gerard King,USA
Elden Campbell,USA
Glenn Robinson,USA
Grant Hill,USA
Grant Long,USA
Greg Anthony,USA
Greg Foster,USA
Greg Minor,USA
Greg Ostertag,USA
Hakeem Olajuwon,Nigeria
Harvey Grant,USA
Haywoode Workman,USA
Herb Williams,USA
Hersey Hawkins,USA
Horace Grant,USA
Hot Rod Williams,USA
Howard Eisley,USA
Hubert Davis,USA
Ike Austin,USA
Isaiah Rider,USA
J.R. Henderson,USA
Cory Alexander,USA
J.R. Reid,USA
Glen Rice,USA
Eddie Jones,USA
Gheorghe Muresan,USA
Gerald Brown,USA
Eldridge Recasner,USA
Elliot Perry,USA
Eric Montross,USA
Eric Murdock,USA
Eric Piatkowski,USA
Eric Riley,USA
Eric Snow,USA
Eric Washington,USA
Eric Williams,USA
Erick Dampier,USA
Erick Strickland,USA
Ervin Johnson,USA
Etdrick Bohannon,USA
Felipe Lopez,Dominican Republic
Felton Spencer,USA
Fred Hoiberg,USA
Gary Grant,USA
Gary Payton,USA
Gary Trent,USA
George Lynch,USA
George McCloud,USA
Gerald Wilkins,USA
Corliss Williamson,USA
Billy Owens,USA
Corey Benjamin,USA
Antoine Carr,USA
Antoine Walker,USA
Antonio Daniels,USA
Antonio Davis,USA
Antonio Lang,USA
Antonio McDyess,USA
Armen Gilliam,USA
Arvydas Sabonis,Lithuania
Austin Croshere,USA
Avery Johnson,USA
B.J. Armstrong,USA
Ben Davis,USA
Ben Wallace,USA
Benoit Benjamin,USA
Bill Curley,USA
Bill Wennington,USA
Bimbo Coles,USA
Bison Dele,USA
Blue Edwards,USA
Bo Outlaw,USA
Bob Sura,USA
Anthony Peeler,USA
Bobby Jackson,USA
Anthony Parker,USA
Anthony Johnson,USA
Jacque Vaughn,USA
A.C. Green,USA
Aaron McKie,USA
Aaron Williams,USA
Adam Keefe,USA
Adonal Foyle,St. Vincent & Grenadines
Adonis Jordan,USA
Al Harrington,USA
Alan Henderson,USA
Allan Houston,USA
Allen Iverson,USA
Alonzo Mourning,USA
Alvin Sims,USA
Alvin Williams,USA
Andrae Patterson,USA
Andrew DeClercq,USA
Andrew Gaze,USA
Andrew Lang,USA
Anfernee Hardaway,USA
Antawn Jamison,USA
Anthony Avent,USA
Anthony Miller,USA
Bobby Phills,USA
Bonzi Wells,USA
Brad Miller,USA
Charlie Ward,USA
Chauncey Billups,USA
Cherokee Parks,USA
Chris Anstey,USA
Chris Carr,USA
Chris Childs,USA
Chris Crawford,USA
Chris Dudley,USA
Chris Gatling,USA
Chris King,USA
Chris Mills,USA
Chris Morris,USA
Chris Mullin,USA
Chris Webber,USA
Chris Whitney,USA
Christian Laettner,USA
Chuck Person,USA
Chucky Brown,USA
Clar. Weatherspoon,USA
Clifford Robinson,USA
Corey Beck,USA
Charles Smith,USA
Charles Shackleford,USA
Charles R. Jones,USA
Charles Oakley,USA
Brandon Williams,USA
Brent Barry,USA
Brent Price,USA
Brevin Knight,USA
Brian Evans,USA
Brian Grant,USA
Brian Shaw,USA
Brian Skinner,USA
Bruce Bowen,USA
Bruno Sundov,Croatia
Corie Blount,USA
Bryant Reeves,USA
Bryce Drew,USA
Bryon Russell,USA
Calbert Cheaney,USA
Carl Herrera,USA
Carlos Rogers,USA
Casey Shaw,USA
Cedric Ceballos,USA
Cedric Henderson,USA
Charles Barkley,USA
Charles O'Bannon,USA
Bryant Stith,USA
Jahidi White,USA
Kelvin Cato,USA
Jamal Mashburn,USA
Rod Strickland,USA
Rodney Rogers,USA
Rodrick Rhodes,USA
Ron Harper,USA
Ron Mercer,USA
Rony Seikaly,USA
Roshown McLeod,USA
Ruben Patterson,USA
Rusty LaRue,USA
Ryan Stack,USA
Sam Cassell,USA
Sam Jacobson,USA
Robert Traylor,USA
Sam Mack,USA
Sam Perkins,USA
Samaki Walker,USA
Scott Burrell,USA
Scott Williams,USA
Scottie Pippen,USA
Sean Elliott,USA
Sean Marks,New Zealand
Sean Rooks,USA
Jalen Rose,USA
Shandon Anderson,USA
Shaquille O'Neal,USA
Shareef Abdur-Rahim,USA
Sam Mitchell,USA
Shawn Bradley,USA
Robert Pack,USA
Rik Smits,USA
Pat Garrity,USA
Patrick Ewing,Jamaica
Paul Grant,USA
Paul Pierce,USA
Peja Stojakovic,Serbia and Montenegro
Pete Chilcutt,USA
Peter Aluma,USA
Pooh Richardson,USA
Popeye Jones,USA
Raef LaFrentz,USA
Randell Jackson,USA
Randy Brown,USA
Robert Horry,USA
Randy Livingston,USA
Rasheed Wallace,USA
Rasho Nesterovic,Slovenia
Ray Allen,USA
Reggie Jordan,USA
Reggie Miller,USA
Reggie Slater,USA
Rex Chapman,USA
Rex Walters,USA
Rick Brunson,USA
Rick Fox,Canada
Rick Mahorn,USA
Ricky Davis,USA
Rashard Lewis,USA
P.J. Brown,USA
Shawn Kemp,USA
Sherman Douglas,USA
Tracy Murray,USA
Travis Best,USA
Travis Knight,USA
Travis Williams,USA
Trevor Winter,USA
Troy Hudson,USA
Tyrone Corbin,USA
Tyrone Hill,USA
Tyrone Nesby,USA
Tyronn Lue,USA
Tyson Wheeler,USA
Vernon Maxwell,USA
Tracy McGrady,USA
Vin Baker,USA
Vinny Del Negro,USA
Vitaly Potapenko,Ukraine
Vlade Divac,Serbia and Montenegro
Vladimir Stepania,Georgia
Voshon Lenard,USA
Walt Williams,USA
Walter McCarty,USA
Wesley Person,USA
Will Perdue,USA
William Cunningham,USA
Willie Burton,USA
Zydrunas Ilgauskas,Lithuania
Vince Carter,USA
Shawn Respert,USA
Tony Massenburg,USA
Tony Battie,USA
Stacey Augmon,USA
Stanley Roberts,USA
Stephon Marbury,USA
Steve Henson,USA
Steve Kerr,USA
Steve Nash,Canada
Steven Smith,USA
Stojko Vrankovic,USA
Tariq Abdul-Wahad,France
Terrell Brandon,USA
Terry Cummings,USA
Terry Davis,USA
Tony Delk,USA
Terry Dehere,USA
Terry Porter,USA
Theo Ratliff,USA
Thurl Bailey,USA
Tim Duncan,US Virgin Islands
Tim Hardaway,USA
Tim Legler,USA
Tim Thomas,USA
Toby Bailey,USA
Todd Fuller,USA
Tom Gugliotta,USA
Tom Hammonds,USA
Toni Kukoc,Croatia
Terry Mills,USA
Otis Thorpe,USA
Shammond Williams,USA
Oliver Miller,USA
John Stockton,USA
John Thomas,USA
John Wallace,USA
Johnny Newman,USA
Johnny Taylor,USA
Jon Barry,USA
Jonathan Kerner,USA
Jud Buechler,USA
Othella Harrington,USA
Juwan Howard,USA
Karl Malone,USA
Keith Askins,USA
John Starks,USA
Keith Booth,USA
Keith Van Horn,USA
Kelly McCarty,USA
Kendall Gill,USA
Kenny Anderson,USA
Keon Clark,USA
Kerry Kittles,USA
Kevin Garnett,USA
Kevin Ollie,USA
Kevin Willis,USA
Khalid Reeves,USA
Kobe Bryant,USA
Korleone Young,USA
Keith Closs,USA
Kornel David,USA
John Crotty,USA
Joe Wolf,USA
James Cotton,USA
James Robinson,USA
Jamie Feick,USA
Jamie Watson,USA
Jaren Jackson,USA
Jason Caffey,USA
Jason Kidd,USA
Jason Sasser,USA
Jason Williams,USA
Jayson Williams,USA
Jeff Hornacek,USA
Jeff McInnis,USA
John Coker,USA
Jeff Sheppard,USA
Jerald Honeycutt,USA
Jermaine O'Neal,USA
Jerome James,USA
Jerome Kersey,USA
Jerome Williams,USA
Jerry Stackhouse,USA
Jim Jackson,USA
Jim McIlvaine,USA
Jimmy Oliver,USA
Joe Dumars,USA
Joe Kleine,USA
Joe Smith,USA
Jelani McCoy,USA
Kurt Thomas,USA
Scot Pollard,USA
Lamond Murray,USA
Mikki Moore,USA
Mike Bibby,USA
Micheal Williams,USA
Michael Stewart,USA
Michael Smith,USA
Michael Olowokandi,Nigeria
Michael Hawkins,USA
Michael Finley,USA
Michael Doleac,USA
Michael Dickerson,USA
Michael Curry,USA
Maurice Taylor,USA
Matt Maloney,USA
Matt Harpring,USA
Matt Bullard,USA
Marty Conlon,USA
Marlon Garnett,USA
Marko Milic,Slovenia
Mark West,USA
Mark Strickland,USA
Mark Bryant,USA
Mark Pope,USA
Mark Macon,USA
Mark Jackson,USA
Mark Hendrickson,USA
Mark Davis,USA
LaPhonso Ellis,USA
Miles Simon,USA
Mitch Richmond,USA
Matt Geiger,USA
Monty Williams,USA
Larry Hughes,USA
Mitchell Butler,USA
Larry Johnson,USA
Latrell Sprewell,USA
Lawrence Funderburke,USA
Lee Mayberry,USA
Lindsey Hunter,USA
Litterial Green,USA
Lorenzen Wright,USA
Loy Vaught,USA
Luc Longley,USA
Lucious Harris,USA
Malik Rose,USA
Loren Meyer,USA
Nick Anderson,USA
Mookie Blaylock,USA
Malik Sealy,USA
Muggsy Bogues,USA
Nazr Mohammed,USA
Negele Knight,USA
Nick Van Exel,USA
Moochie Norris,USA
Mark Baker,USA
Mario Elie,USA
Mario Bennett,USA
Marcus Camby,USA
Olden Polynice,USA
Michael Smith,USA
Michael Finley,USA
Michael Stewart,USA
Michael Ruffin,USA
Michael Olowokandi,Nigeria
Michael Hawkins,USA
Maurice Taylor,USA
Metta World Peace,USA
Michael Dickerson,USA
Michael Curry,USA
Michael Cage,USA
Mike Bibby,USA
Matt Maloney,USA
Michael Doleac,USA
Mikki Moore,USA
Othella Harrington,USA
Mirsad Turkcan,USA
Jeff Hornacek,USA
Matt Harpring,USA
P.J. Brown,USA
Otis Thorpe,USA
Oliver Miller,USA
Olden Polynice,USA
Obinna Ekezie,Nigeria
Nick Van Exel,USA
Nick Anderson,USA
Nazr Mohammed,USA
Muggsy Bogues,USA
Mookie Blaylock,USA
Moochie Norris,USA
Monty Williams,USA
Mitch Richmond,USA
Milt Palacio,Belize
Matt Geiger,USA
Mario Bennett,USA
Marty Conlon,USA
Johnny Newman,USA
Johnny Taylor,USA
Jon Barry,USA
Jonathan Bender,USA
Jud Buechler,USA
Jumaine Jones,USA
John Wallace,USA
Juwan Howard,USA
Keith Closs,USA
Keith Van Horn,USA
Kelvin Cato,USA
Kendall Gill,USA
Kenny Anderson,USA
Kenny Thomas,USA
Karl Malone,USA
John Thomas,USA
John Stockton,USA
John Starks,USA
Jeff McInnis,USA
Jelani McCoy,USA
Jermaine O'Neal,USA
Jerome Kersey,USA
Jerome Williams,USA
Jerry Stackhouse,USA
Jim Jackson,USA
Jim McIlvaine,USA
Joe Kleine,USA
Joe Smith,USA
Joe Stephens,USA
John Amaechi,England
John Celestand,USA
John Crotty,USA
John Salley,USA
Keon Clark,USA
Matt Bullard,USA
Kevin Garnett,USA
Kevin Ollie,USA
Loy Vaught,USA
Luc Longley,USA
Lucious Harris,USA
Malik Rose,USA
Malik Sealy,USA
Marcus Brown,USA
Lorenzo Williams,USA
Marcus Camby,USA
Mark Bryant,USA
Mark Davis,USA
Mark Hendrickson,USA
Mark Jackson,USA
Mark Strickland,USA
Mark West,USA
Mario Elie,USA
Lorenzen Wright,USA
Lindsey Hunter,USA
Lazaro Borrell,USA
Kevin Willis,USA
Khalid Reeves,USA
Kiwane Garris,USA
Kobe Bryant,USA
Kornel David,USA
Kurt Thomas,USA
LaPhonso Ellis,USA
Lamar Odom,USA
Lamond Murray,USA
Lari Ketner,USA
Laron Profit,USA
Larry Hughes,USA
Larry Johnson,USA
Latrell Sprewell,USA
Lawrence Funderburke,USA
Kevin Johnson,USA
Kerry Kittles,USA
Jermaine Jackson,USA
Patrick Ewing,Jamaica
Tony Battie,USA
Toni Kukoc,Croatia
Tom Hammonds,USA
Todd MacCulloch,Canada
Todd Fuller,USA
Todd Day,USA
Toby Bailey,USA
Tim Young,USA
Tim Thomas,USA
Tim Legler,USA
Tim James,USA
Tim Hardaway,USA
Tim Duncan,US Virgin Islands
Thomas Hamilton,USA
Theo Ratliff,USA
Terry Porter,USA
Terry Mills,USA
Terry Cummings,USA
Terrell Brandon,USA
Tariq Abdul-Wahad,France
Steven Smith,USA
Steve Nash,Canada
Steve Kerr,USA
Steve Francis,USA
Stephon Marbury,USA
Stanley Roberts,USA
Stacey Augmon,USA
Tony Delk,USA
Sherman Douglas,USA
Tony Farmer,USA
Tracy McGrady,USA
Jeff Foster,USA
Zan Tabak,USA
William Avery,USA
Will Perdue,USA
Wesley Person,USA
Wayne Turner,USA
Walter McCarty,USA
Walt Williams,USA
Wally Szczerbiak,USA
Voshon Lenard,USA
Vonteego Cummings,USA
Vladimir Stepania,Georgia
Vlade Divac,Serbia and Montenegro
Vitaly Potapenko,Ukraine
Vinny Del Negro,USA
Vince Carter,USA
Vin Baker,USA
Vernon Maxwell,USA
Tyronn Lue,USA
Tyrone Nesby,USA
Tyrone Hill,USA
Tyrone Corbin,USA
Troy Hudson,USA
Travis Knight,USA
Travis Best,USA
Trajan Langdon,USA
Tracy Murray,USA
Tony Massenburg,USA
Shawn Marion,USA
Shawn Kemp,USA
Shawn Bradley,USA
Robert Pack,USA
Robert Horry,USA
Rik Smits,USA
Ricky Davis,USA
Rick Hughes,USA
Rick Fox,Canada
Rick Brunson,USA
Richard Hamilton,USA
Rex Walters,USA
Rex Chapman,USA
Reggie Miller,USA
Reggie Jordan,USA
Ray Allen,USA
Rasho Nesterovic,Slovenia
Rasheed Wallace,USA
Rashard Lewis,USA
Randy Livingston,USA
Randy Brown,USA
Randell Jackson,USA
Rafer Alston,USA
Raef LaFrentz,USA
Quincy Lewis,USA
Popeye Jones,USA
Pete Chilcutt,USA
Pervis Ellison,USA
Peja Stojakovic,Serbia and Montenegro
Paul Pierce,USA
Robert Traylor,USA
Rod Strickland,USA
Rodney Buford,USA
Rodney Rogers,USA
Shareef Abdur-Rahim,USA
Shaquille O'Neal,USA
Shandon Anderson,USA
Shammond Williams,USA
Sean Rooks,USA
Sean Marks,New Zealand
Sean Elliott,USA
Scottie Pippen,USA
Scott Williams,USA
Scott Padgett,USA
Scott Burrell,USA
Scot Pollard,USA
Samaki Walker,USA
Pat Garrity,USA
Sam Perkins,USA
Sam Mack,USA
Sam Jacobson,USA
Sam Cassell,USA
Ryan Stack,USA
Ryan Robertson,USA
Ryan Bowen,USA
Rusty LaRue,USA
Ruben Patterson,USA
Roy Rogers,USA
Roshown McLeod,USA
Ron Mercer,USA
Ron Harper,USA
Rodrick Rhodes,USA
Sam Mitchell,USA
Jason Williams,USA
Tom Gugliotta,USA
Jason Miskiri,USA
Charles Oakley,USA
Charles Barkley,USA
Cedric Henderson,USA
Cedric Ceballos,USA
Carlos Rogers,USA
Calvin Booth,USA
Calbert Cheaney,USA
Cal Bowdler,USA
Bryon Russell,USA
Bryce Drew,USA
Bryant Stith,USA
Bryant Reeves,USA
Bruno Sundov,Croatia
Bruce Bowen,USA
Brian Skinner,USA
Brian Shaw,USA
Brian Grant,USA
Brevin Knight,USA
Brent Price,USA
Brent Barry,USA
Brad Miller,USA
Charles R. Jones,USA
Charlie Ward,USA
Chauncey Billups,USA
Cherokee Parks,USA
Cory Alexander,USA
Corliss Williamson,USA
Corie Blount,USA
Corey Maggette,USA
Corey Benjamin,USA
Clifford Robinson,USA
Clar. Weatherspoon,USA
Chucky Brown,USA
Chucky Atkins,USA
Chuck Person,USA
Bonzi Wells,USA
Christian Laettner,USA
Chris Webber,USA
Chris Mullin,USA
Chris Mills,USA
Chris Herren,USA
Chris Gatling,USA
Chris Dudley,USA
Chris Crawford,USA
Chris Childs,USA
Chris Carr,USA
Chris Anstey,USA
Chris Whitney,USA
Bobby Phills,USA
Bobby Jackson,USA
Bob Sura,USA
Anthony Carter,USA
Anthony Avent,USA
Antawn Jamison,USA
Anfernee Hardaway,USA
Andrew Lang,USA
Andrew DeClercq,USA
Andre Miller,USA
Andrae Patterson,USA
Alvin Williams,USA
Alonzo Mourning,USA
Anthony Johnson,USA
Allen Iverson,USA
Aleksandar Radojevic,USA
Alan Henderson,USA
Al Harrington,USA
Adrian Griffin,USA
Adonal Foyle,St. Vincent & Grenadines
Adam Keefe,USA
Aaron Williams,USA
Aaron McKie,USA
A.J. Bramlett,USA
A.C. Green,USA
Allan Houston,USA
Cuttino Mobley,USA
Anthony Mason,USA
Anthony Parker,USA
Bo Outlaw,USA
Bimbo Coles,USA
Billy Owens,USA
Bill Wennington,USA
Bill Curley,USA
Benoit Benjamin,USA
Ben Wallace,USA
Ben Davis,USA
Baron Davis,USA
B.J. Armstrong,USA
Anthony Miller,USA
Avery Johnson,USA
Arvydas Sabonis,Lithuania
Armen Gilliam,USA
Antonio McDyess,USA
Antonio Lang,USA
Antonio Harvey,USA
Antonio Davis,USA
Antonio Daniels,USA
Antoine Walker,USA
Antoine Carr,USA
Anthony Peeler,USA
Austin Croshere,USA
Dale Davis,USA
Jason Terry,USA
Damon Jones,USA
Glenn Robinson,USA
Glen Rice,USA
Gheorghe Muresan,USA
Gerard King,USA
George McCloud,USA
George Lynch,USA
Gary Trent,USA
Gary Payton,USA
Gary Grant,USA
Fred Vinson,USA
Fred Hoiberg,USA
Felton Spencer,USA
Felipe Lopez,Dominican Republic
Evan Eschmeyer,USA
Etdrick Bohannon,USA
Ervin Johnson,USA
Erick Strickland,USA
Erick Dampier,USA
Eric Williams,USA
Eric Snow,USA
Eric Piatkowski,USA
Grant Hill,USA
Grant Long,USA
Greg Anthony,USA
Greg Buckner,USA
Dale Ellis,USA
Jason Kidd,USA
Jason Caffey,USA
Jaren Jackson,USA
Jamie Feick,USA
James Posey,USA
Jamal Mashburn,USA
Jalen Rose,USA
Jahidi White,USA
Jacque Vaughn,USA
Eric Murdock,USA
J.R. Reid,USA
Ike Austin,USA
Hubert Davis,USA
Howard Eisley,USA
Horace Grant,USA
Hersey Hawkins,USA
Haywoode Workman,USA
Harold Jamison,USA
Hakeem Olajuwon,Nigeria
Greg Ostertag,USA
Greg Foster,USA
Isaiah Rider,USA
Eric Montross,USA
Ira Bowman,USA
Elton Brand,USA
Derek Hood,USA
Derek Fisher,USA
Derek Anderson,USA
Dennis Scott,USA
Dennis Rodman,USA
Dell Curry,USA
Dee Brown,USA
Dedric Willoughby,USA
Dean Garrett,USA
DeMarco Johnson,USA
Derek Strong,USA
David Wingate,USA
David Robinson,USA
Darvin Ham,USA
Darrick Martin,USA
Danny Manning,USA
Danny Fortson,USA
Danny Ferry,USA
Dana Barros,USA
Dan Majerle,USA
Damon Stoudamire,USA
Emanual Davis,USA
David Wesley,USA
Derrick Coleman,USA
Darrell Armstrong,USA
Derrick McKey,USA
Elden Campbell,USA
Eddie Robinson,USA
Eddie Jones,USA
Earl Boykins,USA
Eldridge Recasner,USA
Duane Causwell,USA
Elliot Perry,USA
Drew Barry,USA
Doug West,USA
Doug Christie,USA
Donyell Marshall,USA
Doug Overton,USA
Donny Marshall,USA
Detlef Schrempf,USA
Devean George,USA
Devin Gray,USA
Dikembe Mutombo,Congo
Dickey Simpkins,USA
Dirk Nowitzki,Germany
Don MacLean,USA
Don Reid,USA
Dion Glover,USA
Derrick Dial,USA
Jermaine O'Neal,USA
Jerome Kersey,USA
Jason Williams,USA
Jelani McCoy,USA
Jeff McInnis,USA
Jeff Foster,USA
Jaren Jackson,USA
Jason Kidd,USA
Jason Hart,USA
Jason Collier,USA
Jason Caffey,USA
Jerome Moiso,France
Jamie Feick,USA
James Robinson,USA
James Posey,USA
Jason Terry,USA
Jerome Williams,USA
John Stockton,USA
Jim Jackson,USA
Karl Malone,USA
Jamel Thomas,USA
Juwan Howard,USA
Jumaine Jones,USA
Jud Buechler,USA
Jonathan Bender,USA
Jon Barry,USA
Jerry Stackhouse,USA
Johnny Newman,USA
John Starks,USA
John Crotty,USA
John Coker,USA
John Amaechi,England
Joel Przybilla,USA
Joe Smith,USA
Jim McIlvaine,USA
John Wallace,USA
Jamal Robinson,USA
Greg Anthony,USA
Jamal Crawford,USA
Greg Foster,USA
Greg Buckner,USA
Grant Long,USA
Grant Hill,USA
Glenn Robinson,USA
Glen Rice,USA
Gerard King,USA
Greg Ostertag,USA
George McCloud,USA
Gary Trent,USA
Gary Payton,USA
Gary Grant,USA
Garth Joseph,USA
Fred Hoiberg,USA
Felton Spencer,USA
Keith Van Horn,USA
George Lynch,USA
Jamal Mashburn,USA
Hakeem Olajuwon,Nigeria
Hedo Turkoglu,Turkey
Jamaal Magloire,Canada
Jalen Rose,USA
Jake Voskuhl,USA
Jake Tsakalidis,Greece
Jahidi White,USA
Jacque Vaughn,USA
Jabari Smith,USA
Hanno Mottola,Finland
J.R. Reid,USA
Ira Newble,USA
Ira Bowman,USA
Ike Austin,USA
Hubert Davis,USA
Howard Eisley,USA
Horace Grant,USA
Hersey Hawkins,USA
Isaiah Rider,USA
Kelvin Cato,USA
Metta World Peace,USA
Kenny Anderson,USA
Michael Redd,USA
Michael Olowokandi,Nigeria
Michael Hawkins,USA
Michael Finley,USA
Michael Doleac,USA
Michael Dickerson,USA
Michael Curry,USA
Michael Ruffin,USA
Felipe Lopez,Dominican Republic
Matt Maloney,USA
Matt Harpring,USA
Matt Geiger,USA
Matt Bullard,USA
Mateen Cleaves,USA
Mark Strickland,USA
Mark Pope,USA
Maurice Taylor,USA
Mark Madsen,USA
Michael Smith,USA
Mike Bibby,USA
Olumide Oyedeji,Nigeria
Olden Polynice,USA
Obinna Ekezie,Nigeria
Nick Van Exel,USA
Nick Anderson,USA
Nazr Mohammed,USA
Muggsy Bogues,USA
Michael Stewart,USA
Morris Peterson,USA
Moochie Norris,USA
Monty Williams,USA
Mitch Richmond,USA
Mikki Moore,USA
Mike Smith,USA
Mike Penberthy,USA
Mike Miller,USA
Mookie Blaylock,USA
Kendall Gill,USA
Mark Jackson,USA
Mark Blount,USA
Lari Ketner,USA
Lamond Murray,USA
Lamar Odom,USA
LaPhonso Ellis,USA
Kurt Thomas,USA
Kornel David,USA
Kobe Bryant,USA
Laron Profit,USA
Khalid El-Amin,USA
Kevin Willis,USA
Kevin Ollie,USA
Kevin Garnett,USA
Kevin Edwards,USA
Keon Clark,USA
Kenyon Martin,USA
Kenny Thomas,USA
Keyon Dooling,USA
Mark Bryant,USA
Larry Hughes,USA
Larry Robinson,USA
Mario Elie,USA
Marcus Fizer,USA
Marcus Camby,USA
Marc Jackson,USA
Mamadou N'diaye,Senegal
Malik Rose,USA
Mahmoud Abdul-Rauf,USA
Larry Johnson,USA
Lucious Harris,USA
Loy Vaught,USA
Lorenzen Wright,USA
Lindsey Hunter,USA
Lee Nailon,USA
Lawrence Funderburke,USA
Lavor Postell,USA
Latrell Sprewell,USA
Luc Longley,USA
Evan Eschmeyer,USA
David Robinson,USA
Ervin Johnson,USA
Bryon Russell,USA
Bryce Drew,USA
Bryant Stith,USA
Bryant Reeves,USA
Bruno Sundov,Croatia
Bruce Bowen,USA
Brian Skinner,USA
Cal Bowdler,USA
Brian Shaw,USA
Brian Cardinal,USA
Brevin Knight,USA
Brent Price,USA
Brent Barry,USA
Brad Miller,USA
Bonzi Wells,USA
Bobby Jackson,USA
Brian Grant,USA
Bob Sura,USA
Calbert Cheaney,USA
Carlos Rogers,USA
Chris Mullin,USA
Chris Mills,USA
Chris Mihm,USA
Chris Herren,USA
Chris Gatling,USA
Chris Garner,USA
Chris Dudley,USA
Calvin Booth,USA
Chris Crawford,USA
Chris Carr,USA
Cherokee Parks,USA
Chauncey Billups,USA
Charlie Ward,USA
Charles Oakley,USA
Cedric Henderson,USA
Cedric Ceballos,USA
Chris Childs,USA
Chris Porter,USA
Bo Outlaw,USA
Billy Owens,USA
Andy Panko,USA
Andrew DeClercq,USA
Andre Miller,USA
Alvin Williams,USA
Alonzo Mourning,USA
Allen Iverson,USA
Allan Houston,USA
Anfernee Hardaway,USA
Alan Henderson,USA
Adrian Griffin,USA
Adonal Foyle,St. Vincent & Grenadines
Adam Keefe,USA
Aaron Williams,USA
Aaron McKie,USA
A.J. Guyton,USA
A.C. Green,USA
Al Harrington,USA
Bimbo Coles,USA
Antawn Jamison,USA
Anthony Goldwire,USA
Bill Curley,USA
Ben Wallace,USA
Baron Davis,USA
Avery Johnson,USA
Austin Croshere,USA
Arvydas Sabonis,Lithuania
Art Long,USA
Anthony Carter,USA
Antonio McDyess,USA
Antonio Davis,USA
Antonio Daniels,USA
Antoine Walker,USA
Anthony Peeler,USA
Anthony Miller,USA
Anthony Mason,USA
Anthony Johnson,USA
Antonio Harvey,USA
Etdrick Bohannon,USA
Chris Webber,USA
Christian Laettner,USA
Doug West,USA
Doug Overton,USA
Doug Christie,USA
Donyell Marshall,USA
Donnell Harvey,USA
Don Reid,USA
Don MacLean,USA
Dragan Tarlac,USA
Dirk Nowitzki,Germany
Dikembe Mutombo,Congo
Devean George,USA
Detlef Schrempf,USA
Desmond Mason,USA
Derrick McKey,USA
Derrick Dial,USA
Derrick Coleman,USA
Dion Glover,USA
Derek Strong,USA
Duane Causwell,USA
Eddie Gill,USA
Erick Strickland,USA
Erick Dampier,USA
Erick Barkley,USA
Eric Williams,USA
Eric Snow,USA
Eric Piatkowski,USA
Eric Montross,USA
Earl Boykins,USA
Emanual Davis,USA
Elliot Perry,USA
Eldridge Recasner,USA
Elden Campbell,USA
Eduardo Najera,Mexico
Eddie Robinson,USA
Eddie Jones,USA
Eddie House,USA
Elton Brand,USA
Chris Whitney,USA
Derek Fisher,USA
DerMarr Johnson,USA
Dan Langhi,USA
Damon Stoudamire,USA
Damon Jones,USA
Dalibor Bagaric,Croatia
Dale Davis,USA
Cuttino Mobley,USA
Courtney Alexander,USA
Dan Majerle,USA
Cory Alexander,USA
Corie Blount,USA
Corey Maggette,USA
Corey Benjamin,USA
Clifford Robinson,USA
Clar. Weatherspoon,USA
Chucky Brown,USA
Chucky Atkins,USA
Corliss Williamson,USA
Derek Anderson,USA
Dan McClintock,USA
Daniel Santiago,Puerto Rico
Dell Curry,USA
Dee Brown,USA
Dean Garrett,USA
DeShawn Stevenson,USA
David Wingate,USA
David Wesley,USA
David Vanterpool,USA
Dana Barros,USA
Othella Harrington,USA
Darvin Ham,USA
Darrick Martin,USA
Darrell Armstrong,USA
Darius Miles,USA
Danny Manning,USA
Danny Fortson,USA
Danny Ferry,USA
David Benoit,USA
Otis Thorpe,USA
Milt Palacio,Belize
Pat Garrity,USA
Tony Massenburg,USA
Tony Delk,USA
Tony Battie,USA
Toni Kukoc,Croatia
Tom Hammonds,USA
Tom Gugliotta,USA
Todd MacCulloch,Canada
Todd Fuller,USA
Todd Day,USA
Tim Thomas,USA
Tim James,USA
Tim Hardaway,USA
Tim Duncan,US Virgin Islands
Theo Ratliff,USA
Terry Porter,USA
Terry Mills,USA
Terry Davis,USA
Terrell Brandon,USA
Terrance Roberson,USA
Tariq Abdul-Wahad,France
Stromile Swift,USA
Steven Smith,USA
Steve Nash,Canada
Steve Kerr,USA
Steve Goodrich,USA
Steve Francis,USA
Stephon Marbury,USA
Tony Smith,USA
Tracy McGrady,USA
Tracy Murray,USA
Trajan Langdon,USA
P.J. Brown,USA
Zydrunas Ilgauskas,Lithuania
Zendon Hamilton,USA
Zan Tabak,USA
William Avery,USA
Will Perdue,USA
Wesley Person,USA
Wang Zhi-zhi,China
Walter McCarty,USA
Walt Williams,USA
Wally Szczerbiak,USA
Voshon Lenard,USA
Vonteego Cummings,USA
Stephen Jackson,USA
Vladimir Stepania,Georgia
Vitaly Potapenko,Ukraine
Vinny Del Negro,USA
Vince Carter,USA
Vin Baker,USA
Vernon Maxwell,USA
Tyus Edney,USA
Tyronn Lue,USA
Tyrone Nesby,USA
Tyrone Hill,USA
Tyrone Corbin,USA
Troy Hudson,USA
Travis Knight,USA
Travis Best,USA
Vlade Divac,Serbia and Montenegro
Stacey Augmon,USA
Ruben Wolkowyski,Argentina
Slava Medvedenko,Ukraine
Robert Traylor,USA
Robert Pack,USA
Robert Horry,USA
Ricky Davis,USA
Rick Fox,Canada
Rick Brunson,USA
Richard Hamilton,USA
Reggie Slater,USA
Reggie Miller,USA
Ray Allen,USA
Rasho Nesterovic,Slovenia
Rasheed Wallace,USA
Rashard Lewis,USA
Randy Livingston,USA
Randy Brown,USA
Rafer Alston,USA
Raef LaFrentz,USA
Quincy Lewis,USA
Quentin Richardson,USA
Popeye Jones,USA
Pervis Ellison,USA
Pepe Sanchez,Argentina
Peja Stojakovic,Serbia and Montenegro
Paul Pierce,USA
Paul McPherson,USA
Patrick Ewing,Jamaica
Soumaila Samake,Mali
Rod Strickland,USA
Rodney Buford,USA
Raja Bell,U.S. Virgin Islands
Ron Harper,USA
Sherman Douglas,USA
Rodney Rogers,USA
Shawn Marion,USA
Shawn Kemp,USA
Shawn Bradley,USA
Shareef Abdur-Rahim,USA
Shaquille O'Neal,USA
Shammond Williams,USA
Sean Rooks,USA
Sean Elliott,USA
Sean Colson,USA
Scottie Pippen,USA
Scott Williams,USA
Shandon Anderson,USA
Scott Burrell,USA
Ron Mercer,USA
Roshown McLeod,USA
Scott Padgett,USA
Ruben Garces,USA
Ruben Patterson,USA
Ryan Bowen,USA
Sam Cassell,USA
Shawnelle Scott,USA
Sam Jacobson,USA
Sam Mitchell,USA
Sam Perkins,USA
Samaki Walker,USA
Scot Pollard,USA
Ratko Varda,Yugoslavia
Rasho Nesterovic,Slovenia
Rasheed Wallace,USA
Rashard Lewis,USA
Randy Livingston,USA
Randy Brown,USA
Rafer Alston,USA
Ray Allen,USA
Raef LaFrentz,USA
Popeye Jones,USA
Quincy Lewis,USA
Quentin Richardson,USA
Predrag Drobnjak,Yugoslavia
Peja Stojakovic,Serbia and Montenegro
Raja Bell,U.S. Virgin Islands
Primoz Brezec,Slovenia
Rodney White,USA
Reggie Slater,USA
Ryan Bowen,USA
Paul Pierce,USA
Rusty LaRue,USA
Ruben Patterson,USA
Ruben Boumtje-Boumtje,USA
Ron Mercer,USA
Rodney Rogers,USA
Rodney Buford,USA
Rod Strickland,USA
Robert Traylor,USA
Robert Pack,USA
Robert Horry,USA
Ricky Davis,USA
Rick Fox,Canada
Rick Brunson,USA
Richard Jefferson,USA
Richard Hamilton,USA
Reggie Miller,USA
Pau Gasol,Spain
Michael Dickerson,USA
Pat Garrity,USA
Michael Redd,USA
Michael Olowokandi,Nigeria
Michael Jordan,USA
Michael Finley,USA
Michael Doleac,USA
Sam Cassell,USA
Michael Curry,USA
Michael Ruffin,USA
Michael Bradley,USA
Mengke Bateer,China
Maurice Evans,USA
Matt Harpring,USA
Matt Geiger,USA
Matt Bullard,USA
Mateen Cleaves,USA
Mark Strickland,USA
Metta World Peace,USA
Michael Stewart,USA
Mike Bibby,USA
Mike James,USA
P.J. Brown,USA
Othella Harrington,USA
Oscar Torres,Venezuela
Olumide Oyedeji,Nigeria
Obinna Ekezie,Nigeria
Norman Richardson,USA
Nazr Mohammed,USA
Morris Peterson,USA
Mookie Blaylock,USA
Moochie Norris,USA
Monty Williams,USA
Mitchell Butler,USA
Mitch Richmond,USA
Milt Palacio,Belize
Mikki Moore,USA
Mike Penberthy,USA
Mike Miller,USA
Patrick Ewing,Jamaica
Sam Mack,USA
Steven Smith,USA
Samaki Walker,USA
Tyronn Lue,USA
Tyrone Nesby,USA
Tyrone Hill,USA
Troy Murphy,USA
Troy Hudson,USA
Trenton Hassell,USA
Tremaine Fowlkes,USA
Tyson Chandler,USA
Travis Knight,USA
Trajan Langdon,USA
Tracy Murray,USA
Tracy McGrady,USA
Tony Parker,France
Tony Massenburg,USA
Tony Delk,USA
Tony Battie,USA
Travis Best,USA
Victor Alexander,USA
Vin Baker,USA
Vince Carter,USA
Zendon Hamilton,USA
Zeljko Rebraca,Yugoslavia
Zach Randolph,USA
William Avery,USA
Will Solomon,USA
Wesley Person,USA
Wang Zhi-zhi,China
Walter McCarty,USA
Walt Williams,USA
Wally Szczerbiak,USA
Voshon Lenard,USA
Vonteego Cummings,USA
Vladimir Stepania,Georgia
Vladimir Radmanovic,Serbia
Vlade Divac,Serbia and Montenegro
Vitaly Potapenko,Ukraine
Vinny Del Negro,USA
Toni Kukoc,Croatia
Tom Gugliotta,USA
Todd MacCulloch,Canada
Tim Thomas,USA
Slava Medvedenko,Ukraine
Shawnelle Scott,USA
Shawn Marion,USA
Shawn Kemp,USA
Shawn Bradley,USA
Shareef Abdur-Rahim,USA
Shaquille O'Neal,USA
Shane Battier,USA
Shandon Anderson,USA
Shammond Williams,USA
Sean Rooks,USA
Sean Marks,New Zealand
Scottie Pippen,USA
Scott Williams,USA
Scott Padgett,USA
Scot Pollard,USA
Samuel Dalembert,Haiti
Speedy Claxton,USA
Sam Mitchell,USA
Stacey Augmon,USA
Stephon Marbury,USA
Tim James,USA
Tim Hardaway,USA
Tim Duncan,US Virgin Islands
Tierre Brown,USA
Theo Ratliff,USA
Terry Porter,USA
Terrell Brandon,USA
Terence Morris,USA
Tariq Abdul-Wahad,France
Tang Hamilton,USA
Stromile Swift,USA
Mark Pope,USA
Steven Hunter,USA
Steve Nash,Canada
Steve Kerr,USA
Steve Goodrich,USA
Steve Francis,USA
Stephen Jackson,USA
Mark Madsen,USA
Kevin Ollie,USA
Mark Bryant,USA
Greg Anthony,USA
Grant Long,USA
Grant Hill,USA
Glenn Robinson,USA
Glen Rice,USA
Gilbert Arenas,USA
Gerald Wallace,USA
Greg Buckner,USA
George McCloud,USA
Gary Trent,USA
Gary Payton,USA
Fred Hoiberg,USA
Felton Spencer,USA
Felipe Lopez,Dominican Republic
Evan Eschmeyer,USA
Etan Thomas,USA
George Lynch,USA
Greg Foster,USA
Greg Ostertag,USA
Hakeem Olajuwon,Nigeria
Jalen Rose,USA
Jake Voskuhl,USA
Jake Tsakalidis,Greece
Jahidi White,USA
Jacque Vaughn,USA
Jabari Smith,USA
Isaiah Rider,USA
Ira Newble,USA
Ira Bowman,USA
Ike Fontaine,USA
Ike Austin,USA
Hubert Davis,USA
Howard Eisley,USA
Horace Grant,USA
Hedo Turkoglu,Turkey
Harold Jamison,USA
Hanno Mottola,Finland
Ervin Johnson,USA
Jamaal Magloire,Canada
Ernest Brown,USA
Erick Dampier,USA
Donyell Marshall,USA
Donny Marshall,USA
Donnell Harvey,USA
Don Reid,USA
Dirk Nowitzki,Germany
Dion Glover,USA
Dikembe Mutombo,Congo
Doug Christie,USA
Dickey Simpkins,USA
Desmond Mason,USA
Derrick McKey,USA
Derrick Dial,USA
Derrick Coleman,USA
Derek Fisher,USA
Derek Anderson,USA
Zydrunas Ilgauskas,Lithuania
Devean George,USA
Doug Overton,USA
Earl Boykins,USA
Earl Watson,USA
Erick Barkley,USA
Eric Williams,USA
Eric Snow,USA
Eric Piatkowski,USA
Eric Montross,USA
Emanual Davis,USA
Elton Brand,USA
Elliot Perry,USA
Eldridge Recasner,USA
Elden Campbell,USA
Eduardo Najera,Mexico
Eddy Curry,USA
Eddie Robinson,USA
Eddie Jones,USA
Eddie House,USA
Eddie Griffin,USA
Eddie Gill,USA
Erick Strickland,USA
Mark Jackson,USA
Jamaal Tinsley,USA
Jamal Mashburn,USA
Kwame Brown,USA
Kurt Thomas,USA
Kobe Bryant,USA
Kirk Haston,USA
Keyon Dooling,USA
Kevin Willis,USA
Kevin Garnett,USA
LaPhonso Ellis,USA
Kerry Kittles,USA
Kenyon Martin,USA
Kenny Thomas,USA
Kenny Satterfield,USA
Kenny Anderson,USA
Kendall Gill,USA
Kelvin Cato,USA
Keith Van Horn,USA
Keon Clark,USA
Lamar Odom,USA
Lamond Murray,USA
Larry Hughes,USA
Mark Blount,USA
Marcus Fizer,USA
Marcus Camby,USA
Marc Jackson,USA
Mamadou N'diaye,Senegal
Malik Rose,USA
Malik Allen,USA
Lucious Harris,USA
Lorenzen Wright,USA
Loren Woods,USA
Lindsey Hunter,USA
Leon Smith,USA
Lee Nailon,USA
Lawrence Funderburke,USA
Lavor Postell,USA
Latrell Sprewell,USA
Larry Robinson,USA
Kedrick Brown,USA
Jamal Crawford,USA
Karl Malone,USA
Jumaine Jones,USA
Jelani McCoy,USA
Jeff Trepagnier,USA
Jeff McInnis,USA
Jeff Foster,USA
Jason Williams,USA
Jason Terry,USA
Jason Richardson,USA
Jermaine Jackson,USA
Jason Kidd,USA
Jason Collins,USA
Jason Collier,USA
Jason Caffey,USA
Jarron Collins,USA
Jaren Jackson,USA
Jamison Brewer,USA
James Posey,USA
Jason Hart,USA
Jermaine O'Neal,USA
Jerome James,USA
Jerome Moiso,France
Jud Buechler,USA
Joseph Forte,USA
Jonathan Bender,USA
Jon Barry,USA
Johnny Newman,USA
John Wallace,USA
John Stockton,USA
John Starks,USA
John Crotty,USA
John Amaechi,England
Joel Przybilla,USA
Joe Smith,USA
Joe Johnson,USA
Joe Crispin,USA
Jim Jackson,USA
Jeryl Sasser,USA
Jerry Stackhouse,USA
Juwan Howard,USA
Jerome Williams,USA
Nick Van Exel,USA
Chris Whitney,USA
Carlos Rogers,USA
Cedric Henderson,USA
Charles Oakley,USA
Charles Smith,USA
Charlie Bell,USA
Charlie Ward,USA
Carlos Arroyo,Puerto Rico
Chauncey Billups,USA
Chris Andersen,USA
Chris Childs,USA
Chris Crawford,USA
Chris Dudley,USA
Chris Gatling,USA
Chris Mihm,USA
Cherokee Parks,USA
Chris Mills,USA
Calvin Booth,USA
Cal Bowdler,USA
Brandon Armstrong,USA
Brendan Haywood,USA
Brent Barry,USA
Brent Price,USA
Brevin Knight,USA
Brian Cardinal,USA
Calbert Cheaney,USA
Brian Grant,USA
Brian Skinner,USA
Bruce Bowen,USA
Bruno Sundov,Croatia
Bryant Stith,USA
Bryce Drew,USA
Bryon Russell,USA
Brian Scalabrine,USA
Chris Webber,USA
Christian Laettner,USA
Chucky Atkins,USA
Danny Manning,USA
Darius Miles,USA
Darrell Armstrong,USA
Darrick Martin,USA
Darvin Ham,USA
David Robinson,USA
Danny Fortson,USA
David Wesley,USA
DeShawn Stevenson,USA
Dean Garrett,USA
Dean Oliver,USA
Dee Brown,USA
Dell Curry,USA
DerMarr Johnson,USA
DeSagana Diop,Senegal
Danny Ferry,USA
Daniel Santiago,Puerto Rico
Dana Barros,USA
Chucky Brown,USA
Clar. Weatherspoon,USA
Clifford Robinson,USA
Corey Maggette,USA
Corie Blount,USA
Corliss Williamson,USA
Courtney Alexander,USA
Cuttino Mobley,USA
Dale Davis,USA
Dalibor Bagaric,Croatia
Damon Jones,USA
Damon Stoudamire,USA
Damone Brown,USA
Dan Langhi,USA
Dan Majerle,USA
Brad Miller,USA
Bonzi Wells,USA
Brian Shaw,USA
Bobby Jackson,USA
Andrew DeClercq,USA
Andrei Kirilenko,Russia
Andre Miller,USA
Amal McCaskill,USA
Alvin Williams,USA
Alvin Jones,USA
Alton Ford,USA
Alonzo Mourning,USA
Anfernee Hardaway,USA
Allen Iverson,USA
Al Harrington,USA
Adrian Griffin,USA
Adonal Foyle,St. Vincent & Grenadines
Aaron Williams,USA
Aaron McKie,USA
A.J. Guyton,USA
Bobby Simmons,USA
Nick Anderson,USA
Alan Henderson,USA
Ansu Sesay,USA
Allan Houston,USA
Anthony Carter,USA
Bo Outlaw,USA
Antawn Jamison,USA
Bimbo Coles,USA
Ben Wallace,USA
Baron Davis,USA
Avery Johnson,USA
Austin Croshere,USA
Art Long,USA
Bob Sura,USA
Antonio McDyess,USA
Antonio Harvey,USA
Antonio Davis,USA
Antonio Daniels,USA
Antoine Walker,USA
Anthony Peeler,USA
Antonis Fotsis,Greece
Anthony Johnson,USA
Anthony Mason,USA
Popeye Jones,USA
Michael Doleac,USA
Michael Finley,USA
Michael Jordan,USA
Predrag Savovic,Yugoslavia
Michael Redd,USA
Michael Dickerson,USA
Predrag Drobnjak,Yugoslavia
Michael Olowokandi,Nigeria
Michael Curry,USA
Matt Harpring,USA
Metta World Peace,USA
Mengke Bateer,China
Melvin Ely,USA
Mehmet Okur,Turkey
Maurice Taylor,USA
Matt Maloney,USA
Mateen Cleaves,USA
Marko Jaric,Serbia
Mark Strickland,USA
Mark Madsen,USA
Pepe Sanchez,Argentina
Michael Bradley,USA
Peja Stojakovic,Serbia and Montenegro
Mike Wilks,USA
Paul Pierce,USA
Mark Jackson,USA
Michael Stewart,USA
Mike Batiste,USA
Mike Bibby,USA
Mike Dunleavy,USA
Mike James,USA
Mike Miller,USA
Mikki Moore,USA
Milt Palacio,Belize
Monty Williams,USA
Moochie Norris,USA
Paul Shirley,USA
Morris Peterson,USA
Nazr Mohammed,USA
Nene,Brazil
Nick Van Exel,USA
Nikoloz Tskitishvili,Georgia
Olumide Oyedeji,Nigeria
Oscar Torres,Venezuela
Othella Harrington,USA
P.J. Brown,USA
Pat Burke,Ireland
Pat Garrity,USA
Pau Gasol,Spain
Nate Huffman,USA
Mark Bryant,USA
Stephen Jackson,USA
Marcus Haislip,USA
Kevin Ollie,USA
Kevin Garnett,USA
Kerry Kittles,USA
Keon Clark,USA
Kenyon Martin,USA
Kenny Thomas,USA
Kenny Satterfield,USA
Kenny Anderson,USA
Kendall Gill,USA
Ken Johnson,USA
Kelvin Cato,USA
Keith Van Horn,USA
Kedrick Brown,USA
Karl Malone,USA
Kareem Rush,USA
Juwan Howard,USA
Junior Harrington,USA
Jumaine Jones,USA
Juaquin Hawkins,USA
Juan Dixon,USA
Joseph Forte,USA
Jonathan Bender,USA
Jon Barry,USA
Kevin Willis,USA
Mark Blount,USA
Keyon Dooling,USA
Kobe Bryant,USA
Marcus Fizer,USA
Marcus Camby,USA
Marc Jackson,USA
Manu Ginobili,Argentina
Mamadou N'diaye,Senegal
Malik Rose,USA
Malik Allen,USA
Maceo Baston,USA
Lucious Harris,USA
Lorenzen Wright,USA
Loren Woods,USA
Lonny Baxter,USA
Lindsey Hunter,USA
Lee Nailon,USA
Lawrence Funderburke,USA
Lavor Postell,USA
Latrell Sprewell,USA
Larry Hughes,USA
Lamar Odom,USA
Primoz Brezec,Slovenia
LaPhonso Ellis,USA
Kwame Brown,USA
Kurt Thomas,USA
Kirk Haston,USA
Quentin Richardson,USA
Stacey Augmon,USA
Raef LaFrentz,USA
Sam Cassell,USA
Samaki Walker,USA
Scot Pollard,USA
Scott Padgett,USA
Scott Williams,USA
Scottie Pippen,USA
Sean Lampley,USA
Sean Marks,New Zealand
Sean Rooks,USA
Shammond Williams,USA
Shandon Anderson,USA
Shane Battier,USA
Shaquille O'Neal,USA
Shareef Abdur-Rahim,USA
Shawn Bradley,USA
Shawn Kemp,USA
Shawn Marion,USA
Slava Medvedenko,Ukraine
Smush Parker,USA
Soumaila Samake,Mali
Speedy Claxton,USA
John Stockton,USA
Raja Bell,U.S. Virgin Islands
Ryan Humphrey,USA
Stephon Marbury,USA
Ryan Bowen,USA
Ruben Patterson,USA
Rashard Lewis,USA
Rasheed Wallace,USA
Rasho Nesterovic,Slovenia
Rasual Butler,USA
Ray Allen,USA
Reggie Evans,USA
Reggie Miller,USA
Reggie Slater,USA
Richard Hamilton,USA
Richard Jefferson,USA
Rick Brunson,USA
Rick Fox,Canada
Ricky Davis,USA
Robert Archibald,Scotland
Robert Horry,USA
Robert Pack,USA
Robert Traylor,USA
Rod Strickland,USA
Rodney Rogers,USA
Rodney White,USA
Roger Mason Jr.,USA
Ron Mercer,USA
Ruben Boumtje-Boumtje,USA
Ruben Wolkowyski,Argentina
Qyntel Woods,USA
Steve Francis,USA
Steve Nash,Canada
Troy Murphy,USA
Tyrone Hill,USA
Tyronn Lue,USA
Tyson Chandler,USA
Vin Baker,USA
Vince Carter,USA
Vincent Yarbrough,USA
Vitaly Potapenko,Ukraine
Vlade Divac,Serbia and Montenegro
Vladimir Radmanovic,Serbia
Vladimir Stepania,Georgia
Voshon Lenard,USA
Wally Szczerbiak,USA
Walt Williams,USA
Walter McCarty,USA
Wang Zhi-zhi,China
Wesley Person,USA
Yao Ming,China
Zach Randolph,USA
Zeljko Rebraca,Yugoslavia
Zendon Hamilton,USA
Zydrunas Ilgauskas,Lithuania
Rafer Alston,USA
Troy Hudson,USA
Steve Kerr,USA
Trenton Hassell,USA
Travis Knight,USA
Steven Hunter,USA
Steven Smith,USA
Stromile Swift,USA
Tamar Slay,USA
Tariq Abdul-Wahad,France
Tayshaun Prince,USA
Terence Morris,USA
Theo Ratliff,USA
Tierre Brown,USA
Tim Duncan,US Virgin Islands
Tim Hardaway,USA
Tim Thomas,USA
Tito Maddox,USA
Todd MacCulloch,Canada
Tom Gugliotta,USA
Toni Kukoc,Croatia
Tony Battie,USA
Tony Delk,USA
Tony Massenburg,USA
Tony Parker,France
Tracy McGrady,USA
Tracy Murray,USA
Travis Best,USA
Tremaine Fowlkes,USA
John Salmons,USA
Glen Rice,USA
John Amaechi,England
Chris Mihm,USA
Chris Jefferies,USA
Chris Dudley,USA
Chris Crawford,USA
Chris Childs,USA
Chris Andersen,USA
Cherokee Parks,USA
Chauncey Billups,USA
Charlie Ward,USA
Charles Smith,USA
Chris Mills,USA
Charles Oakley,USA
Casey Jacobsen,USA
Caron Butler,USA
Carlos Boozer,USA
Carlos Arroyo,Puerto Rico
Calvin Booth,USA
Calbert Cheaney,USA
Bryon Russell,USA
Bryce Drew,USA
Bruno Sundov,Croatia
Bruce Bowen,USA
Cezary Trybanski,Poland
Chris Owens,USA
Chris Webber,USA
Chris Whitney,USA
Danny Manning,USA
Danny Fortson,USA
Danny Ferry,USA
Dan Langhi,USA
Dan Gadzuric,Netherlands
Dan Dickau,USA
Damone Brown,USA
Damon Stoudamire,USA
Damon Jones,USA
Dalibor Bagaric,Croatia
Dale Davis,USA
Dajuan Wagner,USA
Cuttino Mobley,USA
Courtney Alexander,USA
Corliss Williamson,USA
Corie Blount,USA
Corey Maggette,USA
Corey Benjamin,USA
Clifford Robinson,USA
Clar. Weatherspoon,USA
Chucky Atkins,USA
Christian Laettner,USA
Chris Wilcox,USA
Brian Skinner,USA
Brian Shaw,USA
Brian Scalabrine,USA
Brian Grant,USA
Anthony Johnson,USA
Anthony Goldwire,USA
Anthony Carter,USA
Antawn Jamison,USA
Ansu Sesay,USA
Anfernee Hardaway,USA
Andrew DeClercq,USA
Andrei Kirilenko,Russia
Andre Miller,USA
Amar'e Stoudemire,USA
Amal McCaskill,USA
Alvin Williams,USA
Alton Ford,USA
Allen Iverson,USA
Allan Houston,USA
Alan Henderson,USA
Al Harrington,USA
Adrian Griffin,USA
Adonal Foyle,St. Vincent & Grenadines
Adam Harrington,USA
Aaron Williams,USA
Aaron McKie,USA
A.J. Guyton,USA
Anthony Mason,USA
Darius Miles,USA
Anthony Peeler,USA
Antoine Walker,USA
Brian Cardinal,USA
Brevin Knight,USA
Brent Barry,USA
Brendan Haywood,USA
Brandon Williams,USA
Brandon Armstrong,USA
Brad Miller,USA
Bostjan Nachbar,Slovenia
Bonzi Wells,USA
Bobby Simmons,USA
Bobby Jackson,USA
Bob Sura,USA
Bo Outlaw,USA
Bimbo Coles,USA
Ben Wallace,USA
Baron Davis,USA
Avery Johnson,USA
Austin Croshere,USA
Arvydas Sabonis,Lithuania
Art Long,USA
Antonio Harvey,USA
Antonio Davis,USA
Antonio Daniels,USA
Antoine Rigaudeau,USA
John Crotty,USA
Darrell Armstrong,USA
David Robinson,USA
Jamison Brewer,USA
James Posey,USA
Jamal Sampson,USA
Jamal Mashburn,USA
Jamal Crawford,USA
Jamaal Tinsley,USA
Jamaal Magloire,Canada
Jalen Rose,USA
Jake Voskuhl,USA
Jake Tsakalidis,Greece
Jannero Pargo,USA
Jahidi White,USA
J.R. Bremer,USA
Ira Newble,USA
Igor Rakocevic,Serbia and Montenegro
Hubert Davis,USA
Howard Eisley,USA
Horace Grant,USA
Hedo Turkoglu,Turkey
Guy Rucker,USA
Greg Ostertag,USA
Greg Foster,USA
Jacque Vaughn,USA
Jared Jeffries,USA
Jarron Collins,USA
Jason Caffey,USA
Joel Przybilla,USA
Joe Smith,USA
Joe Johnson,USA
Jiri Welsch,Czech Republic
Jim Jackson,USA
Jeryl Sasser,USA
Jerry Stackhouse,USA
Jerome Williams,USA
Jerome Moiso,France
Jerome James,USA
Jermaine O'Neal,USA
Jermaine Jackson,USA
Jelani McCoy,USA
Jeff Trepagnier,USA
Jeff McInnis,USA
Jeff Foster,USA
Jay Williams,USA
Jason Williams,USA
Jason Terry,USA
Jason Richardson,USA
Jason Kidd,USA
Jason Collins,USA
Jason Collier,USA
Greg Buckner,USA
Darvin Ham,USA
Grant Long,USA
Gordan Giricek,Croatia
Eddie House,USA
Eddie Griffin,USA
Earl Watson,USA
Earl Boykins,USA
Drew Gooden,USA
Doug Christie,USA
Donyell Marshall,USA
Donny Marshall,USA
Donnell Harvey,USA
Don Reid,USA
Dirk Nowitzki,Germany
Dion Glover,USA
Dikembe Mutombo,Congo
Devin Brown,USA
Devean George,USA
Desmond Mason,USA
Derrick Coleman,USA
Derek Fisher,USA
Derek Anderson,USA
Dean Oliver,USA
DeShawn Stevenson,USA
DeSagana Diop,Senegal
David Wesley,USA
Eddie Jones,USA
Grant Hill,USA
Eddie Robinson,USA
Eduardo Najera,Mexico
Glenn Robinson,USA
Randy Livingston,USA
Gilbert Arenas,USA
Gerald Wallace,USA
George Lynch,USA
Gary Trent,USA
Gary Payton,USA
Fred Jones,USA
Fred Hoiberg,USA
Frank Williams,USA
Eddy Curry,USA
Flip Murray,USA
Etan Thomas,USA
Ervin Johnson,USA
Erick Strickland,USA
Erick Dampier,USA
Eric Williams,USA
Eric Snow,USA
Eric Piatkowski,USA
Emanual Davis,USA
Elton Brand,USA
Elden Campbell,USA
Efthimios Rentzias,Greece
Evan Eschmeyer,USA
Randy Brown,USA
Brevin Knight,USA
Jumaine Jones,USA
Zydrunas Ilgauskas,Lithuania
Chris Wilcox,USA
Chris Whitney,USA
Chris Webber,USA
Chris Mihm,USA
Chris Kaman,USA
Chris Jefferies,USA
Chris Crawford,USA
Chris Bosh,USA
Chris Andersen,USA
Cherokee Parks,USA
Chauncey Billups,USA
Charlie Ward,USA
Charles Oakley,USA
Cezary Trybanski,Poland
Casey Jacobsen,USA
Caron Butler,USA
Carmelo Anthony,USA
Carlos Boozer,USA
Carlos Arroyo,Puerto Rico
Calvin Booth,USA
Calbert Cheaney,USA
Bryon Russell,USA
Bryce Drew,USA
Christian Laettner,USA
Chucky Atkins,USA
Clar. Weatherspoon,USA
Clifford Robinson,USA
David Wesley,USA
Darvin Ham,USA
Darrick Martin,USA
Darrell Armstrong,USA
Darko Milicic,Serbia
Darius Songaila,Lithuania
Darius Miles,USA
Danny Fortson,USA
Daniel Santiago,Puerto Rico
Dana Barros,USA
Dan Langhi,USA
Bruno Sundov,Croatia
Dan Gadzuric,Netherlands
Damone Brown,USA
Damon Stoudamire,USA
Damon Jones,USA
Dale Davis,USA
Dajuan Wagner,USA
Dahntay Jones,USA
Cuttino Mobley,USA
Curtis Borchardt,USA
Corliss Williamson,USA
Corie Blount,USA
Corey Maggette,USA
Dan Dickau,USA
David West,USA
Bruce Bowen,USA
Brian Skinner,USA
Antonio Daniels,USA
Antonio Davis,USA
Antonio McDyess,USA
Austin Croshere,USA
Avery Johnson,USA
Baron Davis,USA
Ben Handlogten,USA
Ben Wallace,USA
Bimbo Coles,USA
Bo Outlaw,USA
Bob Sura,USA
Bobby Jackson,USA
Bobby Simmons,USA
Bonzi Wells,USA
Boris Diaw,France
Bostjan Nachbar,Slovenia
Brad Miller,USA
Brandon Armstrong,USA
Brandon Hunter,USA
Brendan Haywood,USA
Brent Barry,USA
Kareem Rush,USA
Karl Malone,USA
Antoine Walker,USA
Anthony Peeler,USA
Anthony Johnson,USA
Anthony Goldwire,USA
Brian Scalabrine,USA
Brian Grant,USA
Brian Cook,USA
Aaron McKie,USA
Aaron Williams,USA
Adonal Foyle,St. Vincent & Grenadines
Adrian Griffin,USA
Al Harrington,USA
Alan Henderson,USA
Alex Garcia,USA
Allan Houston,USA
Britton Johnsen,USA
Allen Iverson,USA
Alton Ford,USA
Alvin Williams,USA
Amal McCaskill,USA
Amar'e Stoudemire,USA
Andre Miller,USA
Andrei Kirilenko,Russia
Andrew DeClercq,USA
Anfernee Hardaway,USA
Ansu Sesay,USA
Antawn Jamison,USA
Anthony Carter,USA
Alonzo Mourning,USA
Kedrick Brown,USA
DeSagana Diop,Senegal
DerMarr Johnson,USA
Jason Collins,USA
Jason Collier,USA
Jarvis Hayes,USA
Jarron Collins,USA
Jared Jeffries,USA
Jannero Pargo,USA
Jamison Brewer,USA
James Posey,USA
James Jones,USA
Jamal Sampson,USA
Jamal Mashburn,USA
Jamal Crawford,USA
Jamaal Tinsley,USA
Jamaal Magloire,Canada
Jalen Rose,USA
Jake Voskuhl,USA
Jake Tsakalidis,Greece
Jahidi White,USA
Jacque Vaughn,USA
Jabari Smith,USA
J.R. Bremer,USA
Ira Newble,USA
Ime Udoka,USA
Jason Hart,USA
Jason Kapono,USA
Jason Kidd,USA
Jason Richardson,USA
Juan Dixon,USA
Josh Howard,USA
Josh Davis,USA
Jonathan Bender,USA
Kaniel Dickens,USA
John Wallace,USA
John Salmons,USA
Joel Przybilla,USA
Joe Smith,USA
Joe Johnson,USA
Jiri Welsch,Czech Republic
Hubert Davis,USA
Jim Jackson,USA
Jerome Williams,USA
Jerome Moiso,France
Jerome James,USA
Jerome Beasley,USA
Jermaine O'Neal,USA
Jelani McCoy,USA
Jeff Trepagnier,USA
Jeff McInnis,USA
Jeff Foster,USA
Jason Williams,USA
Jason Terry,USA
Jerry Stackhouse,USA
DeShawn Stevenson,USA
Howard Eisley,USA
Hiram Fuller,USA
Eddie Jones,USA
Eddie House,USA
Eddie Gill,USA
Earl Watson,USA
Earl Boykins,USA
Dwyane Wade,USA
Drew Gooden,USA
Doug Overton,USA
Doug Christie,USA
Donyell Marshall,USA
Donnell Harvey,USA
Dirk Nowitzki,Germany
Dion Glover,USA
Dikembe Mutombo,Congo
Devin Brown,USA
Devean George,USA
Desmond Penigar,USA
Desmond Mason,USA
Desmond Ferguson,USA
Derrick Dial,USA
Derrick Coleman,USA
Derek Fisher,USA
Derek Anderson,USA
Eddie Robinson,USA
Eddy Curry,USA
Eduardo Najera,Mexico
Elden Campbell,USA
Hedo Turkoglu,Turkey
Greg Ostertag,USA
Greg Buckner,USA
Gordan Giricek,Croatia
Glenn Robinson,USA
Glen Rice,USA
Gilbert Arenas,USA
Gerald Wallace,USA
George Lynch,USA
Gary Trent,USA
Gary Payton,USA
Horace Grant,USA
Fred Jones,USA
Frank Williams,USA
Francisco Elson,Netherlands
Flip Murray,USA
Etan Thomas,USA
Ervin Johnson,USA
Erick Strickland,USA
Erick Dampier,USA
Eric Williams,USA
Eric Snow,USA
Eric Piatkowski,USA
Elton Brand,USA
Fred Hoiberg,USA
Juwan Howard,USA
Keith Bogans,USA
Keith Van Horn,USA
Sam Cassell,USA
Samaki Walker,USA
Samuel Dalembert,Haiti
Sasha Pavlovic,Montenegro
Scot Pollard,USA
Scott Padgett,USA
Scott Williams,USA
Scottie Pippen,USA
Sean Lampley,USA
Sean Rooks,USA
Shammond Williams,USA
Shandon Anderson,USA
Shane Battier,USA
Shane Heal,USA
Shaquille O'Neal,USA
Shareef Abdur-Rahim,USA
Shawn Bradley,USA
Shawn Marion,USA
Slava Medvedenko,Ukraine
Slavko Vranes,USA
Speedy Claxton,USA
Stacey Augmon,USA
Stephen Jackson,USA
Ryan Humphrey,USA
Ryan Bowen,USA
Rusty LaRue,USA
Ruben Patterson,USA
Rasual Butler,USA
Raul Lopez,Spain
Ray Allen,USA
Reece Gaines,USA
Reggie Evans,USA
Reggie Miller,USA
Richard Hamilton,USA
Richard Jefferson,USA
Richie Frahm,USA
Rick Brunson,USA
Rick Fox,Canada
Stephon Marbury,USA
Ricky Davis,USA
Robert Horry,USA
Robert Pack,USA
Robert Traylor,USA
Rod Strickland,USA
Rodney Buford,USA
Rodney Rogers,USA
Rodney White,USA
Roger Mason Jr.,USA
Ron Mercer,USA
Ronald Dupree,USA
Ruben Boumtje-Boumtje,USA
Robert Archibald,Scotland
Rasho Nesterovic,Slovenia
Steve Blake,USA
Steve Nash,Canada
Tyrone Hill,USA
Tyronn Lue,USA
Tyson Chandler,USA
Udonis Haslem,USA
Vin Baker,USA
Vince Carter,USA
Vitaly Potapenko,Ukraine
Vlade Divac,Serbia and Montenegro
Vladimir Radmanovic,Serbia
Vladimir Stepania,Georgia
Voshon Lenard,USA
Wally Szczerbiak,USA
Walter McCarty,USA
Wang Zhi-zhi,China
Wesley Person,USA
Willie Green,USA
Yao Ming,China
Zach Randolph,USA
Zarko Cabarkapa,Serbia and Montenegro
Zaza Pachulia,Georgia
Zeljko Rebraca,Yugoslavia
Zendon Hamilton,USA
Zoran Planinic,Croatia
Troy Murphy,USA
Troy Hudson,USA
Troy Bell,USA
Trenton Hassell,USA
Steven Hunter,USA
Steven Smith,USA
Stromile Swift,USA
T.J. Ford,USA
Tamar Slay,USA
Tayshaun Prince,USA
Theo Ratliff,USA
Theron Smith,USA
Tierre Brown,USA
Tim Duncan,US Virgin Islands
Tim Thomas,USA
Steve Francis,USA
Tom Gugliotta,USA
Tony Battie,USA
Tony Delk,USA
Tony Massenburg,USA
Tony Parker,France
Torraye Braggs,USA
Tracy McGrady,USA
Tracy Murray,USA
Travis Best,USA
Travis Hansen,USA
Travis Outlaw,USA
Tremaine Fowlkes,USA
Toni Kukoc,Croatia
Keith McLeod,USA
Rasheed Wallace,USA
Randy Livingston,USA
Lonny Baxter,USA
Loren Woods,USA
Lorenzen Wright,USA
Lucious Harris,USA
Luke Ridnour,USA
Luke Walton,USA
Maciej Lampe,Poland
Malik Allen,USA
Malik Rose,USA
Mamadou N'diaye,Senegal
Manu Ginobili,Argentina
Marc Jackson,USA
Marcus Banks,USA
Marcus Camby,USA
Marcus Fizer,USA
Marcus Haislip,USA
Mark Blount,USA
Mark Jackson,USA
Mark Madsen,USA
Mark Pope,USA
Marko Jaric,Serbia
Marquis Daniels,USA
Mateen Cleaves,USA
Linton Johnson,USA
Lindsey Hunter,USA
Leon Smith,USA
Lee Nailon,USA
Kelvin Cato,USA
Kendall Gill,USA
Kendrick Perkins,USA
Kenny Anderson,USA
Kenny Thomas,USA
Kenyon Martin,USA
Keon Clark,USA
Kerry Kittles,USA
Kevin Garnett,USA
Kevin Ollie,USA
Kevin Willis,USA
Matt Barnes,USA
Keyon Dooling,USA
Kirk Penney,USA
Kobe Bryant,USA
Kurt Thomas,USA
Kwame Brown,USA
Kyle Korver,USA
Lamar Odom,USA
Lamond Murray,USA
Larry Hughes,USA
Latrell Sprewell,USA
LeBron James,USA
Leandro Barbosa,Brazil
Kirk Hinrich,USA
Rashard Lewis,USA
Matt Carroll,USA
Maurice Carter,USA
Nene,Brazil
Nick Van Exel,USA
Nikoloz Tskitishvili,Georgia
Olden Polynice,USA
Oliver Miller,USA
Omar Cook,USA
Othella Harrington,USA
P.J. Brown,USA
Pat Garrity,USA
Pau Gasol,Spain
Paul Grant,USA
Paul Pierce,USA
Paul Shirley,USA
Peja Stojakovic,Serbia and Montenegro
Popeye Jones,USA
Predrag Drobnjak,Yugoslavia
Primoz Brezec,Slovenia
Quentin Richardson,USA
Quincy Lewis,USA
Qyntel Woods,USA
Raef LaFrentz,USA
Rafer Alston,USA
Raja Bell,U.S. Virgin Islands
Ndudi Ebi,USA
Nazr Mohammed,USA
Morris Peterson,USA
Moochie Norris,USA
Maurice Taylor,USA
Mehmet Okur,Turkey
Melvin Ely,USA
Mengke Bateer,China
Metta World Peace,USA
Michael Bradley,USA
Michael Curry,USA
Michael Doleac,USA
Michael Finley,USA
Michael Olowokandi,Nigeria
Michael Redd,USA
Matt Harpring,USA
Michael Ruffin,USA
Michael Sweetney,USA
Mickael Pietrus,France
Mike Bibby,USA
Mike Dunleavy,USA
Mike James,USA
Mike Miller,USA
Mike Wilks,USA
Mikki Moore,USA
Milt Palacio,Belize
Mitchell Butler,USA
Mo Williams,USA
Michael Stewart,USA
Jon Barry,USA
Brian Cardinal,USA
Aaron McKie,USA
Michael Redd,USA
Michael Olowokandi,Nigeria
Michael Finley,USA
Michael Doleac,USA
Michael Curry,USA
Michael Bradley,USA
Metta World Peace,USA
Melvin Ely,USA
Mehmet Okur,Turkey
Maurice Taylor,USA
Maurice Evans,USA
Maurice Baker,USA
Matt Harpring,USA
Matt Freije,USA
Matt Carroll,USA
Matt Bonner,USA
Matt Barnes,USA
Mateen Cleaves,USA
Marquis Daniels,USA
Marko Jaric,Serbia
Mark Pope,USA
Mark Madsen,USA
Mark Jones,USA
Mark Blount,USA
Mario Kasun,Croatia
Michael Ruffin,USA
Marcus Haislip,USA
Michael Stewart,USA
Mickael Pietrus,France
Paul Pierce,USA
Pau Gasol,Spain
Pat Garrity,USA
Pape Sow,Senegal
P.J. Brown,USA
Othella Harrington,USA
Omar Cook,USA
Obinna Ekezie,Nigeria
Nikoloz Tskitishvili,Georgia
Nick Van Exel,USA
Nick Collison,USA
Nene,Brazil
Nenad Krstic,Serbia and Montenegro
Ndudi Ebi,USA
Nazr Mohammed,USA
Morris Peterson,USA
Moochie Norris,USA
Mo Williams,USA
Milt Palacio,Belize
Mikki Moore,USA
Mike Wilks,USA
Mike Miller,USA
Mike James,USA
Mike Dunleavy,USA
Mike Bibby,USA
Michael Sweetney,USA
Paul Shirley,USA
Marcus Fizer,USA
Marcus Banks,USA
Kurt Thomas,USA
Kris Humphries,USA
Kobe Bryant,USA
Kirk Snyder,USA
Kirk Penney,USA
Kirk Hinrich,USA
Keyon Dooling,USA
Kevin Willis,USA
Kevin Ollie,USA
Kevin Martin,USA
Kevin Garnett,USA
Kerry Kittles,USA
Kenyon Martin,USA
Kenny Thomas,USA
Kenny Anderson,USA
Kendrick Perkins,USA
Kendall Gill,USA
Kelvin Cato,USA
Keith Van Horn,USA
Keith McLeod,USA
Keith Bogans,USA
Kedrick Brown,USA
Kareem Rush,USA
Kaniel Dickens,USA
Juwan Howard,USA
Kwame Brown,USA
Marcus Camby,USA
Kyle Korver,USA
Lamond Murray,USA
Marc Jackson,USA
Manu Ginobili,Argentina
Mamadou N'diaye,Senegal
Malik Rose,USA
Malik Allen,USA
Maciej Lampe,Poland
Luol Deng,United Kingdom
Luke Walton,USA
Luke Ridnour,USA
Luke Jackson,USA
Luis Flores,USA
Lucious Harris,USA
Lorenzen Wright,USA
Loren Woods,USA
Lonny Baxter,USA
Lionel Chalmers,USA
Linton Johnson,USA
Lindsey Hunter,USA
Lee Nailon,USA
Leandro Barbosa,Brazil
LeBron James,USA
Lawrence Funderburke,USA
Latrell Sprewell,USA
Larry Hughes,USA
Laron Profit,USA
Lamar Odom,USA
Pavel Podkolzin,Russia
Peja Stojakovic,Serbia and Montenegro
Peter John Ramos,Puerto Rico
Travis Outlaw,USA
Travis Best,USA
Tracy McGrady,USA
Torraye Braggs,USA
Tony Parker,France
Tony Massenburg,USA
Tony Delk,USA
Tony Bobbitt,USA
Tony Battie,USA
Tony Allen,USA
Toni Kukoc,Croatia
Tom Gugliotta,USA
Tim Thomas,USA
Tim Duncan,US Virgin Islands
Tierre Brown,USA
Theron Smith,USA
Theo Ratliff,USA
Tayshaun Prince,USA
Tamar Slay,USA
Stromile Swift,USA
Steven Smith,USA
Steven Hunter,USA
Steve Nash,Canada
Steve Francis,USA
Steve Blake,USA
Tremaine Fowlkes,USA
Stephon Marbury,USA
Trenton Hassell,USA
Troy Hudson,USA
Wally Szczerbiak,USA
Walter McCarty,USA
Wang Zhi-zhi,China
Wesley Person,USA
Willie Green,USA
Yao Ming,China
Yuta Tabuse,USA
Zach Randolph,USA
Zarko Cabarkapa,Serbia and Montenegro
Zaza Pachulia,Georgia
Zeljko Rebraca,Yugoslavia
Zendon Hamilton,USA
Zoran Planinic,Croatia
Zydrunas Ilgauskas,Lithuania
Voshon Lenard,USA
Vladimir Radmanovic,Serbia
Vlade Divac,Serbia and Montenegro
Vitaly Potapenko,Ukraine
Vince Carter,USA
Vin Baker,USA
Viktor Khryapa,Russia
Udonis Haslem,USA
Tyson Chandler,USA
Tyronn Lue,USA
Troy Murphy,USA
Trevor Ariza,USA
Stephen Jackson,USA
Stacey Augmon,USA
Speedy Claxton,USA
Robert Swift,USA
Robert Horry,USA
Ricky Davis,USA
Rick Brunson,USA
Richie Frahm,USA
Richard Hamilton,USA
Reggie Miller,USA
Reggie Evans,USA
Reece Gaines,USA
Ray Allen,USA
Raul Lopez,Spain
Rasual Butler,USA
Rasho Nesterovic,Slovenia
Rasheed Wallace,USA
Rashard Lewis,USA
Randy Livingston,USA
Raja Bell,U.S. Virgin Islands
Rafer Alston,USA
Rafael Araujo,Brazil
Raef LaFrentz,USA
Qyntel Woods,USA
Quinton Ross,USA
Quentin Richardson,USA
Primoz Brezec,Slovenia
Predrag Drobnjak,Yugoslavia
Robert Traylor,USA
Rod Strickland,USA
Rodney Buford,USA
Rodney Rogers,USA
Smush Parker,USA
Slava Medvedenko,Ukraine
Shawn Marion,USA
Shawn Bradley,USA
Shaun Livingston,USA
Shareef Abdur-Rahim,USA
Shaquille O'Neal,USA
Shane Battier,USA
Shandon Anderson,USA
Sebastian Telfair,USA
Sean Marks,New Zealand
Scott Williams,USA
Justin Reed,USA
Scott Padgett,USA
Sasha Vujacic,Slovenia
Sasha Pavlovic,Montenegro
Samuel Dalembert,Haiti
Samaki Walker,USA
Sam Cassell,USA
Ryan Humphrey,USA
Ryan Bowen,USA
Ruben Patterson,USA
Royal Ivey,USA
Ronald Dupree,USA
Ron Mercer,USA
Rodney White,USA
Scot Pollard,USA
Junior Harrington,USA
Richard Jefferson,USA
Juan Dixon,USA
Christian Laettner,USA
Chris Wilcox,USA
Chris Webber,USA
Chris Mihm,USA
Chris Kaman,USA
Chris Duhon,USA
Chris Bosh,USA
Chris Andersen,USA
Chauncey Billups,USA
Charlie Ward,USA
Casey Jacobsen,USA
Caron Butler,USA
Carmelo Anthony,USA
Carlos Delfino,Argentina
Carlos Boozer,USA
Carlos Arroyo,Puerto Rico
Calvin Booth,USA
Calbert Cheaney,USA
Bryon Russell,USA
Bruno Sundov,Croatia
Bruce Bowen,USA
Britton Johnsen,USA
Brian Skinner,USA
Brian Scalabrine,USA
Brian Grant,USA
Chucky Atkins,USA
Brian Cook,USA
Clar. Weatherspoon,USA
Corey Maggette,USA
David Wesley,USA
David Harrison,USA
Darvin Ham,USA
Darrick Martin,USA
Darrell Armstrong,USA
Darko Milicic,Serbia
Darius Songaila,Lithuania
Darius Miles,USA
Danny Fortson,USA
Daniel Santiago,Puerto Rico
Dan Gadzuric,Netherlands
Dan Dickau,USA
Damone Brown,USA
Damon Stoudamire,USA
Damon Jones,USA
Damien Wilkins,USA
Dale Davis,USA
Dajuan Wagner,USA
Dahntay Jones,USA
DJ Mbenga,Democratic Republic of the Congo
Cuttino Mobley,USA
Curtis Borchardt,USA
Cory Alexander,USA
Corsley Edwards,USA
Corliss Williamson,USA
Clifford Robinson,USA
David West,USA
Brian Cardinal,USA
Brent Barry,USA
Antawn Jamison,USA
Ansu Sesay,USA
Anfernee Hardaway,USA
Andris Biedrins,Latvia
Andrew DeClercq,USA
Andres Nocioni,Argentina
Andrei Kirilenko,Russia
Andre Miller,USA
Andre Iguodala,USA
Andre Emmett,USA
Jumaine Jones,USA
Aaron Williams,USA
Adonal Foyle,St. Vincent & Grenadines
Adrian Griffin,USA
Al Harrington,USA
Al Jefferson,USA
Alan Henderson,USA
Aleksandar Radojevic,USA
Alex Garcia,USA
Allan Houston,USA
Allen Iverson,USA
Alonzo Mourning,USA
Amar'e Stoudemire,USA
Anderson Varejao,Brazil
Andre Barrett,USA
Anthony Carter,USA
Brevin Knight,USA
Anthony Goldwire,USA
Anthony Miller,USA
Brendan Haywood,USA
Brandon Hunter,USA
Brandin Knight,USA
Bostjan Nachbar,Slovenia
Boris Diaw,France
Bonzi Wells,USA
Bobby Simmons,USA
Bobby Jackson,USA
Bob Sura,USA
Bo Outlaw,USA
Billy Thomas,USA
Bernard Robinson,USA
Beno Udrih,Slovenia
Ben Wallace,USA
Ben Handlogten,USA
Ben Gordon,USA
Baron Davis,USA
Awvee Storey,USA
Austin Croshere,USA
Antonio McDyess,USA
Antonio Davis,USA
Antonio Daniels,USA
Antonio Burks,USA
Antoine Walker,USA
Anthony Peeler,USA
Anthony Johnson,USA
DeSagana Diop,Senegal
Brad Miller,USA
Delonte West,USA
Jason Collier,USA
Jarvis Hayes,USA
Jarron Collins,USA
Jared Reiner,USA
Jared Jeffries,USA
Jannero Pargo,USA
Jamison Brewer,USA
James Thomas,USA
James Posey,USA
James Jones,USA
Jameer Nelson,USA
Jamal Sampson,USA
Jamal Crawford,USA
Jamaal Tinsley,USA
Jamaal Magloire,Canada
Jalen Rose,USA
Jake Voskuhl,USA
Jake Tsakalidis,Greece
Jahidi White,USA
Jacque Vaughn,USA
Jackson Vroman,USA
Jackie Butler,USA
Jabari Smith,USA
JR Smith,USA
Ira Newble,USA
Jason Collins,USA
Jason Hart,USA
Jason Kapono,USA
Jason Richardson,USA
Josh Smith,USA
Josh Howard,USA
Josh Davis,USA
Josh Childress,USA
Jonathan Bender,USA
Jon Barry,USA
John Thomas,USA
John Salmons,USA
John Edwards,USA
Joel Przybilla,USA
Joe Smith,USA
Joe Johnson,USA
Ibrahim Kutluay,USA
Jiri Welsch,Czech Republic
Jerry Stackhouse,USA
DeShawn Stevenson,USA
Jerome Williams,USA
Jerome Moiso,France
Jerome James,USA
Jermaine O'Neal,USA
Jermaine Jackson,USA
Jelani McCoy,USA
Jeff McInnis,USA
Jeff Foster,USA
Jason Williams,USA
Jason Terry,USA
Jim Jackson,USA
Howard Eisley,USA
Jason Kidd,USA
Hedo Turkoglu,Turkey
Eddy Curry,USA
Eddie Jones,USA
Eddie House,USA
Eddie Griffin,USA
Eddie Gill,USA
Earl Watson,USA
Earl Boykins,USA
Dwight Howard,USA
Drew Gooden,USA
DerMarr Johnson,USA
Derek Anderson,USA
Derek Fisher,USA
Derrick Coleman,USA
Desmond Mason,USA
Devean George,USA
Horace Jenkins,USA
Devin Brown,USA
Devin Harris,USA
Dikembe Mutombo,Congo
Doug Christie,USA
Dion Glover,USA
Dirk Nowitzki,Germany
Donnell Harvey,USA
Donta Smith,USA
Donyell Marshall,USA
Eduardo Najera,Mexico
Elden Campbell,USA
Dwyane Wade,USA
Emeka Okafor,USA
Ha Ha,South Korea
Greg Ostertag,USA
Greg Buckner,USA
Grant Hill,USA
Gordan Giricek,Croatia
Glenn Robinson,USA
Gilbert Arenas,USA
Gerald Wallace,USA
George Lynch,USA
Geno Carlisle,USA
Gary Payton,USA
Fred Jones,USA
Fred Hoiberg,USA
Elton Brand,USA
Francisco Elson,Netherlands
Frank Williams,USA
Erick Strickland,USA
Eric Piatkowski,USA
Eric Snow,USA
Eric Williams,USA
Erick Dampier,USA
Erik Daniels,USA
Ervin Johnson,USA
Etan Thomas,USA
Flip Murray,USA
Dorell Wright,USA
Tyronn Lue,USA
T.J. Ford,USA
Tayshaun Prince,USA
Terence Morris,USA
Theo Ratliff,USA
Tim Duncan,US Virgin Islands
Tim Thomas,USA
Toni Kukoc,Croatia
Tony Allen,USA
Tony Battie,USA
Viktor Khryapa,Russia
Trenton Hassell,USA
Travis Outlaw,USA
Travis Diener,USA
Vin Baker,USA
Tracy McGrady,USA
Troy Hudson,USA
Tony Parker,France
Udonis Haslem,USA
Tony Delk,USA
Stromile Swift,USA
Troy Murphy,USA
Tyson Chandler,USA
Trevor Ariza,USA
Shandon Anderson,USA
Steve Nash,Canada
Scott Padgett,USA
Scot Pollard,USA
Sasha Vujacic,Slovenia
Sasha Pavlovic,Montenegro
Sarunas Jasikevicius,USSR
Samuel Dalembert,Haiti
Samaki Walker,USA
Sean Marks,New Zealand
Sam Cassell,USA
Ryan Gomes,USA
Ryan Bowen,USA
Ruben Patterson,USA
Royal Ivey,USA
Ronnie Price,USA
Vince Carter,USA
Ronny Turiaf,France
Salim Stoudamire,USA
Steven Hunter,USA
Sean May,USA
Sergei Monia,Russia
Steve Francis,USA
Steve Blake,USA
Stephon Marbury,USA
Stephen Jackson,USA
Stephen Graham,USA
Stacey Augmon,USA
Speedy Claxton,USA
Sebastian Telfair,USA
Smush Parker,USA
Shawn Marion,USA
Shavlik Randolph,USA
Shaun Livingston,USA
Sharrod Ford,USA
Shareef Abdur-Rahim,USA
Shaquille O'Neal,USA
Shane Battier,USA
Slava Medvedenko,Ukraine
Vitaly Potapenko,Ukraine
Jarron Collins,USA
Von Wafer,USA
Jason Maxiell,USA
Jason Kidd,USA
Jason Kapono,USA
Jason Hart,USA
Jason Collins,USA
Jarvis Hayes,USA
Jarrett Jack,USA
Jared Jeffries,USA
Jannero Pargo,USA
James Thomas,USA
James Singleton,USA
James Posey,USA
James Jones,USA
Jameer Nelson,USA
Jamal Sampson,USA
Jamal Crawford,USA
Jamaal Tinsley,USA
Jamaal Magloire,Canada
Jalen Rose,USA
Jake Voskuhl,USA
Jake Tsakalidis,Greece
Jacque Vaughn,USA
Jackson Vroman,USA
Jackie Butler,USA
JR Smith,USA
Ira Newble,USA
Ime Udoka,USA
Ronald Dupree,USA
Ike Diogu,USA
Jason Richardson,USA
Jason Terry,USA
Jason Williams,USA
Jeff Foster,USA
Voshon Lenard,USA
Wally Szczerbiak,USA
Walter McCarty,USA
Wayne Simien,USA
Will Bynum,USA
Willie Green,USA
Yao Ming,China
Yaroslav Korolev,Russia
Zach Randolph,USA
Zarko Cabarkapa,Serbia and Montenegro
Zaza Pachulia,Georgia
Zeljko Rebraca,Yugoslavia
Zendon Hamilton,USA
Zoran Planinic,Croatia
Vladimir Radmanovic,Serbia
Zydrunas Ilgauskas,Lithuania
John Lucas III,USA
John Edwards,USA
Johan Petro,France
Joey Graham,USA
Joel Przybilla,USA
Joe Smith,USA
Joe Johnson,USA
Jiri Welsch,Czech Republic
Jim Jackson,USA
Jerry Stackhouse,USA
Jerome James,USA
Jermaine O'Neal,USA
Jermaine Jackson,USA
Jeff McInnis,USA
John Salmons,USA
Robert Whaley,USA
LeBron James,USA
Robert Horry,USA
Luke Walton,USA
Luke Schenscher,USA
Luke Ridnour,USA
Luke Jackson,USA
Lou Williams,USA
Lorenzen Wright,USA
Luol Deng,United Kingdom
Loren Woods,USA
Linton Johnson,USA
Lindsey Hunter,USA
Linas Kleiza,Lithuania
Lee Nailon,USA
Leandro Barbosa,Brazil
Lawrence Roberts,USA
Lonny Baxter,USA
Larry Hughes,USA
Luther Head,USA
Malik Allen,USA
Marvin Williams,USA
Martynas Andriuskevicius,Lithuania
Martell Webster,USA
Marquis Daniels,USA
Marko Jaric,Serbia
Mark Madsen,USA
Maciej Lampe,Poland
Mark Blount,USA
Marcus Fizer,USA
Marcus Camby,USA
Marcus Banks,USA
Marc Jackson,USA
Manu Ginobili,Argentina
Malik Rose,USA
Mario Kasun,Croatia
Laron Profit,USA
Lamond Murray,USA
Lamar Odom,USA
Kareem Rush,USA
Juwan Howard,USA
Justin Reed,USA
Jumaine Jones,USA
Julius Hodge,USA
Juan Dixon,USA
Keith Bogans,USA
Josh Smith,USA
Josh Howard,USA
Josh Davis,USA
Josh Childress,USA
Jose Calderon,Spain
Jonathan Bender,USA
Howard Eisley,USA
Josh Powell,USA
Keith McLeod,USA
Keith Van Horn,USA
Kelvin Cato,USA
Kyle Korver,USA
Kwame Brown,USA
Kurt Thomas,USA
Kris Humphries,USA
Kobe Bryant,USA
Kirk Snyder,USA
Kirk Hinrich,USA
Keyon Dooling,USA
Kevin Ollie,USA
Kevin Martin,USA
Kevin Garnett,USA
Kevin Burleson,USA
Kenyon Martin,USA
Kenny Thomas,USA
Kendrick Perkins,USA
Mateen Cleaves,USA
Matt Barnes,USA
Matt Bonner,USA
Matt Carroll,USA
Rafael Araujo,Brazil
Raef LaFrentz,USA
Qyntel Woods,USA
Quinton Ross,USA
Quentin Richardson,USA
Primoz Brezec,Slovenia
Rafer Alston,USA
Peja Stojakovic,Serbia and Montenegro
Paul Pierce,USA
Pau Gasol,Spain
Pat Garrity,USA
Pat Burke,Ireland
Pape Sow,Senegal
P.J. Brown,USA
Pavel Podkolzin,Russia
Raja Bell,U.S. Virgin Islands
Randy Holcomb,USA
Randy Livingston,USA
Ricky Davis,USA
Rick Brunson,USA
Richie Frahm,USA
Richard Jefferson,USA
Richard Hamilton,USA
Reggie Evans,USA
Reece Gaines,USA
Raymond Felton,USA
Ray Allen,USA
Rawle Marshall,USA
Rasual Butler,USA
Rasho Nesterovic,Slovenia
Rasheed Wallace,USA
Rashard Lewis,USA
Rashad McCants,USA
Othella Harrington,USA
Robert Swift,USA
Orien Greene,USA
Nikoloz Tskitishvili,Georgia
Michael Ruffin,USA
Michael Redd,USA
Michael Olowokandi,Nigeria
Michael Finley,USA
Michael Doleac,USA
Michael Bradley,USA
Michael Sweetney,USA
Metta World Peace,USA
Melvin Ely,USA
Mehmet Okur,Turkey
Maurice Taylor,USA
Maurice Evans,USA
Matt Walsh,USA
Matt Harpring,USA
Melvin Sanders,USA
Mickael Pietrus,France
Mike Bibby,USA
Mike Dunleavy,USA
Nick Van Exel,USA
Nick Collison,USA
Nene,Brazil
Nenad Krstic,Serbia and Montenegro
Nazr Mohammed,USA
Nate Robinson,USA
Morris Peterson,USA
Moochie Norris,USA
Monta Ellis,USA
Mo Williams,USA
Milt Palacio,Belize
Mikki Moore,USA
Mike Wilks,USA
Mike Miller,USA
Mike James,USA
Noel Felix,USA
Hedo Turkoglu,Turkey
John Thomas,USA
Ha Ha,South Korea
Brevin Knight,USA
Brent Barry,USA
Brendan Haywood,USA
Brandon Bass,USA
Brad Miller,USA
Bracey Wright,USA
Bostjan Nachbar,Slovenia
Boris Diaw,France
Brian Cardinal,USA
Bonzi Wells,USA
Bobby Simmons,USA
Bobby Jackson,USA
Bo Outlaw,USA
Billy Thomas,USA
Bernard Robinson,USA
Beno Udrih,Slovenia
Ben Wallace,USA
Ben Gordon,USA
Boniface Ndong,Senegal
Brian Cook,USA
Brian Grant,USA
Brian Scalabrine,USA
Chris Duhon,USA
Chris Bosh,USA
Chris Andersen,USA
Chauncey Billups,USA
Charlie Villanueva,USA
Charlie Bell,USA
Charles Smith,USA
Channing Frye,USA
Caron Butler,USA
Carmelo Anthony,USA
Carlos Delfino,Argentina
Carlos Boozer,USA
Carlos Arroyo,Puerto Rico
Calvin Booth,USA
Calbert Cheaney,USA
CJ Miles,USA
Bryon Russell,USA
Bruce Bowen,USA
Brian Skinner,USA
Baron Davis,USA
Chris Kaman,USA
Awvee Storey,USA
Arvydas Macijauskas,Lithuania
Anderson Varejao,Brazil
Amir Johnson,USA
Amar'e Stoudemire,USA
Alvin Williams,USA
Alonzo Mourning,USA
Allen Iverson,USA
Alex Scales,USA
Alex Acker,USA
Andray Blatche,USA
Alan Henderson,USA
Al Jefferson,USA
Al Harrington,USA
Adrian Griffin,USA
Adonal Foyle,St. Vincent & Grenadines
Aaron Williams,USA
Aaron Miles,USA
Aaron McKie,USA
Jon Barry,USA
Alan Anderson,USA
Andre Barrett,USA
Andre Iguodala,USA
Andre Miller,USA
Antonio McDyess,USA
Antonio Davis,USA
Antonio Daniels,USA
Antonio Burks,USA
Antoine Wright,USA
Antoine Walker,USA
Anthony Roberson,USA
Anthony Johnson,USA
Anthony Grundy,USA
Hakim Warrick,USA
Anthony Carter,USA
Antawn Jamison,USA
Anfernee Hardaway,USA
Andris Biedrins,Latvia
Andrew Bynum,USA
Andrew Bogut,Australia
Andres Nocioni,Argentina
Andrei Kirilenko,Russia
Andre Owens,USA
Austin Croshere,USA
Chris Mihm,USA
Anthony Goldwire,USA
Chris Taft,USA
Eduardo Najera,Mexico
Eddy Curry,USA
Eddie Jones,USA
Eddie House,USA
Eddie Griffin,USA
Eddie Gill,USA
Eddie Basden,USA
Earl Watson,USA
Elton Brand,USA
Earl Boykins,USA
Dwyane Wade,USA
Dwight Howard,USA
Dwayne Jones,USA
Drew Gooden,USA
Doug Christie,USA
Dorell Wright,USA
Donyell Marshall,USA
Donta Smith,USA
Earl Barron,USA
Emeka Okafor,USA
Eric Piatkowski,USA
Eric Snow,USA
Greg Ostertag,USA
Chris Paul,USA
Greg Buckner,USA
Grant Hill,USA
Gordan Giricek,Croatia
Gilbert Arenas,USA
Gerald Wallace,USA
Gerald Green,USA
Gerald Fitch,USA
Gary Payton,USA
Fred Jones,USA
Francisco Garcia,Dominican Republic
Francisco Elson,Netherlands
Flip Murray,USA
Fabricio Oberto,Argentina
Etan Thomas,USA
Ervin Johnson,USA
Erick Dampier,USA
Eric Williams,USA
Donell Taylor,USA
Dirk Nowitzki,Germany
Esteban Batista,Uruguay
Dijon Thompson,USA
Danny Granger,USA
Danny Fortson,USA
Daniel Ewing,USA
Dan Gadzuric,Netherlands
Dan Dickau,USA
Damon Stoudamire,USA
Damon Jones,USA
Damien Wilkins,USA
Dale Davis,USA
DJ Mbenga,Democratic Republic of the Congo
Cuttino Mobley,USA
Corliss Williamson,USA
Corey Maggette,USA
Clifford Robinson,USA
Chucky Atkins,USA
Chuck Hayes,USA
Dikembe Mutombo,Congo
Chris Webber,USA
Chris Wilcox,USA
Darius Miles,USA
Darius Songaila,Lithuania
Dahntay Jones,USA
Darrell Armstrong,USA
Devin Green,USA
Devin Brown,USA
Darko Milicic,Serbia
Devean George,USA
Desmond Mason,USA
Derrick Zimmerman,USA
Derek Fisher,USA
Derek Anderson,USA
DerMarr Johnson,USA
Deron Williams,USA
Devin Harris,USA
Delonte West,USA
DeShawn Stevenson,USA
DeSagana Diop,Senegal
David West,USA
David Wesley,USA
Darrick Martin,USA
David Harrison,USA
Deng Gai,Sudan (UK)
David Lee,USA
Chauncey Billups,USA
Chris Bosh,USA
Chris Duhon,USA
Chris Wilcox,USA
Chris McCray,USA
Chris Quinn,USA
Chris Webber,USA
Chuck Hayes,USA
Charlie Villanueva,USA
Chris Kaman,USA
Chris Paul,USA
Carlos Boozer,USA
Channing Frye,USA
Cedric Simmons,USA
Cedric Bozeman,USA
Caron Butler,USA
Carmelo Anthony,USA
Carlos Delfino,Argentina
Carlos Arroyo,Puerto Rico
Calvin Booth,USA
CJ Miles,USA
Bruce Bowen,USA
Chucky Atkins,USA
Brian Skinner,USA
Charlie Bell,USA
Clifford Robinson,USA
Darrell Armstrong,USA
Corliss Williamson,USA
Brian Scalabrine,USA
DeSagana Diop,Senegal
David West,USA
David Wesley,USA
David Noel,USA
David Lee,USA
David Harrison,USA
Darrick Martin,USA
Darko Milicic,Serbia
Darius Songaila,Lithuania
Danny Granger,USA
Danny Fortson,USA
Corey Maggette,USA
Daniel Gibson,USA
Dan Gadzuric,Netherlands
Dan Dickau,USA
Damon Stoudamire,USA
Damon Jones,USA
Damir Markota,USA
Damien Wilkins,USA
Dale Davis,USA
Dajuan Wagner,USA
Dahntay Jones,USA
DJ Mbenga,Democratic Republic of the Congo
Cuttino Mobley,USA
Craig Smith,USA
Daniel Ewing,USA
Brian Cook,USA
Amar'e Stoudemire,USA
Brevin Knight,USA
Andres Nocioni,Argentina
Andrei Kirilenko,Russia
Andreas Glyniadakis,USA
Andrea Bargnani,Italy
Andre Miller,USA
Andre Iguodala,USA
Andre Brown,USA
Andre Barrett,USA
Andray Blatche,USA
Anderson Varejao,Brazil
Amir Johnson,USA
Alvin Williams,USA
Alonzo Mourning,USA
Allen Iverson,USA
Allan Ray,USA
Alexander Johnson,USA
Alan Henderson,USA
Alan Anderson,USA
Al Jefferson,USA
Al Harrington,USA
Adrian Griffin,USA
Adonal Foyle,St. Vincent & Grenadines
Adam Morrison,USA
Aaron Williams,USA
Aaron McKie,USA
Andrew Bogut,Australia
Brian Cardinal,USA
Andrew Bynum,USA
Antawn Jamison,USA
Brent Barry,USA
Brendan Haywood,USA
Brandon Roy,USA
Brandon Bass,USA
Brad Miller,USA
Bracey Wright,USA
Bostjan Nachbar,Slovenia
Boris Diaw,France
Bonzi Wells,USA
Bobby Jackson,USA
Bo Outlaw,USA
Bernard Robinson,USA
Beno Udrih,Slovenia
Ben Wallace,USA
Ben Gordon,USA
Baron Davis,USA
Austin Croshere,USA
Antonio McDyess,USA
Antonio Daniels,USA
Antoine Wright,USA
Antoine Walker,USA
Anthony Roberson,USA
Anthony Parker,USA
Anthony Johnson,USA
Anthony Carter,USA
Andris Biedrins,Latvia
Bobby Jones,USA
Johan Petro,France
DerMarr Johnson,USA
Raja Bell,U.S. Virgin Islands
Rafer Alston,USA
Rafael Araujo,Brazil
Raef LaFrentz,USA
Quinton Ross,USA
Quincy Douby,USA
Quentin Richardson,USA
Primoz Brezec,Slovenia
Pops Mensah-Bonsu,USA
Peja Stojakovic,Serbia and Montenegro
Paul Pierce,USA
Paul Millsap,USA
Paul Davis,USA
Pau Gasol,Spain
Patrick O'Bryant,USA
Pat Garrity,USA
Pat Burke,Ireland
Rajon Rondo,USA
Randolph Morris,USA
Randy Foye,USA
Randy Livingston,USA
Roger Mason Jr.,USA
Rodney Carney,USA
Robert Horry,USA
Robert Hite,USA
Ricky Davis,USA
Richard Jefferson,USA
Richard Hamilton,USA
Renaldo Major,USA
Pape Sow,Senegal
Renaldo Balkman,USA
Raymond Felton,USA
Ray Allen,USA
Rawle Marshall,USA
Rasual Butler,USA
Rasho Nesterovic,Slovenia
Rasheed Wallace,USA
Rashard Lewis,USA
Rashad McCants,USA
Reggie Evans,USA
Roger Powell,USA
PJ Tucker,USA
Othella Harrington,USA
Michael Redd,USA
Michael Olowokandi,Nigeria
Michael Finley,USA
Michael Doleac,USA
Metta World Peace,USA
Melvin Ely,USA
Mehmet Okur,Turkey
Maurice Taylor,USA
Maurice Evans,USA
Maurice Ager,USA
Matt Harpring,USA
Matt Freije,USA
Matt Carroll,USA
Matt Bonner,USA
Matt Barnes,USA
Marvin Williams,USA
Martell Webster,USA
Michael Ruffin,USA
Michael Sweetney,USA
Mickael Gelabale,USA
Mickael Pietrus,France
Orien Greene,USA
Nick Collison,USA
Nene,Brazil
Nenad Krstic,Serbia and Montenegro
Nazr Mohammed,USA
Nate Robinson,USA
Mouhamed Sene,Senegal
Morris Peterson,USA
P.J. Brown,USA
Monta Ellis,USA
Mile Ilic,USA
Mikki Moore,USA
Mike Wilks,USA
Mike Miller,USA
Mike James,USA
Mike Hall,USA
Mike Dunleavy,USA
Mike Bibby,USA
Mo Williams,USA
Marquis Daniels,USA
Ronald Dupree,USA
Ronnie Price,USA
Tyronn Lue,USA
Troy Murphy,USA
Troy Hudson,USA
Trevor Ariza,USA
Trenton Hassell,USA
Travis Outlaw,USA
Travis Diener,USA
Tracy McGrady,USA
Tony Parker,France
Tony Battie,USA
Tony Allen,USA
Tim Thomas,USA
Tim Duncan,US Virgin Islands
Theo Ratliff,USA
Thabo Sefolosha,Switzerland
Tayshaun Prince,USA
Tarence Kinsey,USA
Tyrus Thomas,USA
Tyson Chandler,USA
Udonis Haslem,USA
Uros Slokar,USA
Zydrunas Ilgauskas,Lithuania
Zaza Pachulia,Georgia
Zach Randolph,USA
Yaroslav Korolev,Russia
Yao Ming,China
Yakhouba Diawara,USA
Willie Green,USA
Will Conroy,USA
T.J. Ford,USA
Will Blalock,USA
Walter Herrmann,USA
Wally Szczerbiak,USA
Von Wafer,USA
Vladimir Radmanovic,Serbia
Vitaly Potapenko,Ukraine
Vince Carter,USA
Viktor Khryapa,Russia
Vassilis Spanoulis,USA
Wayne Simien,USA
Ronnie Brewer,USA
Stromile Swift,USA
Steven Hunter,USA
Sebastian Telfair,USA
Sean May,USA
Sean Marks,New Zealand
Scott Padgett,USA
Scot Pollard,USA
Sasha Vujacic,Slovenia
Sasha Pavlovic,Montenegro
Sarunas Jasikevicius,USSR
Samuel Dalembert,Haiti
Sam Cassell,USA
Salim Stoudamire,USA
Ryan Hollins,USA
Ryan Gomes,USA
Rudy Gay,USA
Ruben Patterson,USA
Royal Ivey,USA
Ronny Turiaf,France
Sergio Rodriguez,Spain
Shammond Williams,USA
Shane Battier,USA
Shannon Brown,USA
Steve Novak,USA
Steve Nash,Canada
Steve Francis,USA
Steve Blake,USA
Stephon Marbury,USA
Stephen Jackson,USA
Stephen Graham,USA
Speedy Claxton,USA
Steven Smith,USA
Solomon Jones,USA
Slava Medvedenko,Ukraine
Shelden Williams,USA
Shawne Williams,USA
Shawn Marion,USA
Shavlik Randolph,USA
Shaun Livingston,USA
Shareef Abdur-Rahim,USA
Shaquille O'Neal,USA
Smush Parker,USA
Delonte West,USA
Marko Jaric,Serbia
Mark Blount,USA
Jackie Butler,USA
JR Smith,USA
JJ Redick,USA
J.J. Barea,Puerto Rico
Ivan McFarlin,USA
Ira Newble,USA
Ime Udoka,USA
Ike Diogu,USA
Hilton Armstrong,USA
Hedo Turkoglu,Turkey
Hassan Adams,USA
Hakim Warrick,USA
Greg Buckner,USA
Grant Hill,USA
Gordan Giricek,Croatia
Gilbert Arenas,USA
Gerald Wallace,USA
Jacque Vaughn,USA
Jake Tsakalidis,Greece
Jake Voskuhl,USA
Jalen Rose,USA
Jason Collins,USA
Jarvis Hayes,USA
Jarron Collins,USA
Jarrett Jack,USA
Jared Reiner,USA
Jared Jeffries,USA
Jannero Pargo,USA
James White,USA
Gerald Green,USA
James Singleton,USA
James Lang,USA
James Jones,USA
James Augustine,USA
Jameer Nelson,USA
Jamal Sampson,USA
Jamal Crawford,USA
Jamaal Tinsley,USA
Jamaal Magloire,Canada
James Posey,USA
Jason Hart,USA
Gary Payton,USA
Francisco Garcia,Dominican Republic
Dwayne Jones,USA
Drew Gooden,USA
Doug Christie,USA
Dorell Wright,USA
Donyell Marshall,USA
Donell Taylor,USA
Dirk Nowitzki,Germany
Dikembe Mutombo,Congo
Dijon Thompson,USA
Devin Harris,USA
Devin Brown,USA
Devean George,USA
Desmond Mason,USA
Desmon Farmer,USA
Deron Williams,USA
Derek Fisher,USA
Derek Anderson,USA
Dwight Howard,USA
Dwyane Wade,USA
Earl Barron,USA
Earl Boykins,USA
Francisco Elson,Netherlands
Flip Murray,USA
Fabricio Oberto,Argentina
Etan Thomas,USA
Esteban Batista,Uruguay
Ersan Ilyasova,Turkey
Erick Dampier,USA
Eric Williams,USA
Fred Jones,USA
Eric Snow,USA
Emeka Okafor,USA
Elton Brand,USA
Eduardo Najera,Mexico
Eddy Curry,USA
Eddie Jones,USA
Eddie House,USA
Eddie Griffin,USA
Earl Watson,USA
Eric Piatkowski,USA
Jason Kapono,USA
Jason Kidd,USA
Jason Maxiell,USA
Linas Kleiza,Lithuania
Leon Powe,USA
Leandro Barbosa,Brazil
LeBron James,USA
Lawrence Roberts,USA
Larry Hughes,USA
Lamar Odom,USA
LaMarcus Aldridge,USA
Kyle Lowry,USA
Kyle Korver,USA
Kwame Brown,USA
Kurt Thomas,USA
Kris Humphries,USA
Kobe Bryant,USA
Kirk Snyder,USA
Kirk Hinrich,USA
Keyon Dooling,USA
Lindsey Hunter,USA
Linton Johnson,USA
Lorenzen Wright,USA
Lou Amundson,USA
Mardy Collins,USA
Marcus Williams,USA
Marcus Vinicius,USA
Marcus Camby,USA
Marcus Banks,USA
Marc Jackson,USA
Manu Ginobili,Argentina
Malik Rose,USA
Kevinn Pinkney,USA
Malik Allen,USA
Lynn Greer,USA
Luther Head,USA
Luol Deng,United Kingdom
Luke Walton,USA
Luke Schenscher,USA
Luke Ridnour,USA
Luke Jackson,USA
Lou Williams,USA
Maceo Baston,USA
Kevin Willis,USA
Kevin Ollie,USA
Kevin Martin,USA
Jorge Garbajosa,USA
Jordan Farmar,USA
John Salmons,USA
John Lucas III,USA
DeShawn Stevenson,USA
Joey Graham,USA
Joel Przybilla,USA
Joe Smith,USA
Jose Calderon,Spain
Joe Johnson,USA
Jerome James,USA
Jermaine O'Neal,USA
Jeremy Richardson,USA
Jeff McInnis,USA
Jeff Foster,USA
Jason Williams,USA
Jason Terry,USA
Jason Richardson,USA
Jerry Stackhouse,USA
Mark Madsen,USA
Josh Boone,USA
Josh Howard,USA
Kevin Garnett,USA
Kenyon Martin,USA
Kenny Thomas,USA
Kendrick Perkins,USA
Kelvin Cato,USA
Kelenna Azubuike,England
Keith McLeod,USA
Keith Bogans,USA
Josh Childress,USA
Juwan Howard,USA
Justin Reed,USA
Junior Harrington,USA
Jumaine Jones,USA
Julius Hodge,USA
Juan Dixon,USA
Josh Smith,USA
Josh Powell,USA
Justin Williams,USA
Dee Brown,USA
Jason Maxiell,USA
Jason Richardson,USA
Bobby Simmons,USA
Earl Watson,USA
Eddie Gill,USA
Eddie House,USA
Eddie Jones,USA
Eddy Curry,USA
Eduardo Najera,Mexico
Elton Brand,USA
Emeka Okafor,USA
Eric Piatkowski,USA
Eric Snow,USA
Erick Dampier,USA
Earl Boykins,USA
Fabricio Oberto,Argentina
Francisco Elson,Netherlands
Francisco Garcia,Dominican Republic
Fred Jones,USA
Gabe Pruitt,USA
Gerald Green,USA
Gerald Wallace,USA
Gilbert Arenas,USA
Glen Davis,USA
Gordan Giricek,Croatia
Grant Hill,USA
Greg Buckner,USA
Flip Murray,USA
Guillermo Diaz,USA
Earl Barron,USA
Dwight Howard,USA
Darrell Armstrong,USA
Darrick Martin,USA
Darryl Watkins,USA
David Harrison,USA
David Lee,USA
David West,USA
DeSagana Diop,Senegal
DeShawn Stevenson,USA
Delonte West,USA
Demetris Nichols,USA
DerMarr Johnson,USA
Dwyane Wade,USA
Derek Anderson,USA
Deron Williams,USA
Desmond Mason,USA
Devean George,USA
Devin Brown,USA
Devin Harris,USA
Dikembe Mutombo,Congo
Dirk Nowitzki,Germany
Dominic McGuire,USA
Donyell Marshall,USA
Dorell Wright,USA
Drew Gooden,USA
Derek Fisher,USA
Darko Milicic,Serbia
Hakim Warrick,USA
Hilton Armstrong,USA
Zaza Pachulia,Georgia
Zach Randolph,USA
Yi Jianlian,USA
Yao Ming,China
Yakhouba Diawara,USA
Wilson Chandler,USA
Willie Green,USA
Walter Herrmann,USA
Wally Szczerbiak,USA
Von Wafer,USA
Vladimir Radmanovic,Serbia
Zydrunas Ilgauskas,Lithuania
Vince Carter,USA
Udonis Haslem,USA
Tyson Chandler,USA
Tyrus Thomas,USA
Tyronn Lue,USA
Troy Murphy,USA
Troy Hudson,USA
Trevor Ariza,USA
Trenton Hassell,USA
Travis Outlaw,USA
Travis Diener,USA
Tracy McGrady,USA
Viktor Khryapa,Russia
Hedo Turkoglu,Turkey
Jason Kidd,USA
Jason Hart,USA
Ian Mahinmi,France
Ike Diogu,USA
Ime Udoka,USA
Ira Newble,USA
J.J. Barea,Puerto Rico
JJ Redick,USA
JR Smith,USA
Jacque Vaughn,USA
Jake Voskuhl,USA
Jamaal Magloire,Canada
Jamaal Tinsley,USA
Jason Kapono,USA
Jamal Crawford,USA
Jameer Nelson,USA
James Augustine,USA
James Jones,USA
James Posey,USA
Jannero Pargo,USA
Jared Dudley,USA
Jared Jeffries,USA
Jarrett Jack,USA
Jarron Collins,USA
Jarvis Hayes,USA
Jason Collins,USA
Jamario Moon,USA
Darius Washington,USA
Darius Songaila,Lithuania
Danny Granger,USA
Andris Biedrins,Latvia
Anfernee Hardaway,USA
Antawn Jamison,USA
Anthony Carter,USA
Anthony Johnson,USA
Anthony Parker,USA
Antoine Walker,USA
Antoine Wright,USA
Antonio Daniels,USA
Antonio McDyess,USA
Arron Afflalo,USA
Andrew Bynum,USA
Austin Croshere,USA
Baron Davis,USA
Ben Gordon,USA
Ben Wallace,USA
Beno Udrih,Slovenia
Billy Thomas,USA
Blake Ahearn,USA
Bo Outlaw,USA
Bobby Jackson,USA
Bobby Jones,USA
Bonzi Wells,USA
Boris Diaw,France
Awvee Storey,USA
Bostjan Nachbar,Slovenia
Andrew Bogut,Australia
Andrei Kirilenko,Russia
Aaron Williams,USA
Aaron Gray,USA
Aaron Brooks,USA
Acie Law,USA
Adonal Foyle,St. Vincent & Grenadines
Adrian Griffin,USA
Al Harrington,USA
Al Horford,Dominican Republic
Al Jefferson,USA
Al Thornton,USA
Alando Tucker,USA
Andres Nocioni,Argentina
Alexander Johnson,USA
Alonzo Mourning,USA
Amar'e Stoudemire,USA
Amir Johnson,USA
Anderson Varejao,Brazil
Andray Blatche,USA
Andre Barrett,USA
Andre Brown,USA
Andre Iguodala,USA
Andre Miller,USA
Andre Owens,USA
Andrea Bargnani,Italy
Allen Iverson,USA
Brad Miller,USA
Brandan Wright,USA
Brandon Bass,USA
Chris Mihm,USA
Chris Paul,USA
Chris Quinn,USA
Chris Richard,USA
Chris Webber,USA
Chris Wilcox,USA
Chuck Hayes,USA
Chucky Atkins,USA
Coby Karl,USA
Corey Brewer,USA
Corey Maggette,USA
Chris Kaman,USA
Courtney Sims,USA
Cuttino Mobley,USA
DJ Mbenga,Democratic Republic of the Congo
DJ Strawberry,USA
Daequan Cook,USA
Dahntay Jones,USA
Damien Wilkins,USA
Damon Jones,USA
Damon Stoudamire,USA
Dan Dickau,USA
Dan Gadzuric,Netherlands
Daniel Gibson,USA
Craig Smith,USA
Chris Duhon,USA
Chris Bosh,USA
Chris Andersen,USA
Brandon Roy,USA
Brendan Haywood,USA
Brent Barry,USA
Brevin Knight,USA
Brian Cardinal,USA
Brian Cook,USA
Brian Scalabrine,USA
Brian Skinner,USA
Bruce Bowen,USA
C.J. Watson,USA
CJ Miles,USA
Calvin Booth,USA
Carl Landry,USA
Carlos Arroyo,Puerto Rico
Carlos Boozer,USA
Carlos Delfino,Argentina
Carmelo Anthony,USA
Caron Butler,USA
Casey Jacobsen,USA
Cedric Simmons,USA
Channing Frye,USA
Charlie Bell,USA
Charlie Villanueva,USA
Chauncey Billups,USA
Cheikh Samb,USA
Tony Parker,France
Tony Allen,USA
Dwayne Jones,USA
Tim Duncan,US Virgin Islands
Malik Allen,USA
Maceo Baston,USA
Luther Head,USA
Luol Deng,United Kingdom
Luke Walton,USA
Luke Ridnour,USA
Luke Jackson,USA
Luis Scola,Argentina
Lou Williams,USA
Lou Amundson,USA
Lorenzen Wright,USA
Malik Rose,USA
Loren Woods,USA
Lindsey Hunter,USA
Linas Kleiza,Lithuania
Leon Powe,USA
Leandro Barbosa,Brazil
LeBron James,USA
Larry Hughes,USA
Lance Allred,USA
Lamar Odom,USA
LaMarcus Aldridge,USA
Kyrylo Fesenko,Ukraine
Kyle Lowry,USA
Linton Johnson,USA
Kyle Korver,USA
Manu Ginobili,Argentina
Marco Belinelli,Italy
Michael Finley,USA
Michael Doleac,USA
Metta World Peace,USA
Melvin Ely,USA
Mehmet Okur,Turkey
Maurice Evans,USA
Maurice Ager,USA
Matt Harpring,USA
Matt Carroll,USA
Matt Bonner,USA
Matt Barnes,USA
Marcin Gortat,Poland
Marvin Williams,USA
Marquis Daniels,USA
Marko Jaric,Serbia
Mark Madsen,USA
Mark Blount,USA
Mario West,USA
Mardy Collins,USA
Marcus Williams,USA
Marcus Williams,USA
Marcus Vinicius,USA
Marcus Camby,USA
Marcus Banks,USA
Martell Webster,USA
Kwame Brown,USA
Kurt Thomas,USA
Kris Humphries,USA
Jose Calderon,Spain
Jorge Garbajosa,USA
Jordan Farmar,USA
John Salmons,USA
Johan Petro,France
Joey Graham,USA
Joel Przybilla,USA
Joel Anthony,Canada
Joe Smith,USA
Joe Johnson,USA
Joakim Noah,USA
Josh Boone,USA
Jerry Stackhouse,USA
Jermareo Davidson,USA
Jermaine O'Neal,USA
Jeremy Richardson,USA
Jelani McCoy,USA
Jeff McInnis,USA
Jeff Green,USA
Jeff Foster,USA
Javaris Crittenton,USA
Jason Williams,USA
Jason Terry,USA
Jason Smith,USA
Jerome James,USA
Josh Childress,USA
Tim Thomas,USA
Josh McRoberts,USA
Kosta Perovic,USA
Kobe Bryant,USA
Kirk Snyder,USA
Kirk Hinrich,USA
Keyon Dooling,USA
Kevin Ollie,USA
Kevin Martin,USA
Kevin Garnett,USA
Kevin Durant,USA
Kenyon Martin,USA
Kenny Thomas,USA
Kendrick Perkins,USA
Kelenna Azubuike,England
Keith Langford,USA
Keith Bogans,USA
Kasib Powell,USA
Kareem Rush,USA
Kaniel Dickens,USA
Juwan Howard,USA
Justin Williams,USA
Julian Wright,USA
Juan Dixon,USA
Juan Carlos Navarro,Spain
Josh Smith,USA
Josh Powell,USA
Michael Redd,USA
Michael Ruffin,USA
Josh Howard,USA
Mickael Pietrus,France
Sergio Rodriguez,Spain
Sebastian Telfair,USA
Sean Williams,USA
Sean Marks,New Zealand
Scot Pollard,USA
Sasha Vujacic,Slovenia
Sasha Pavlovic,Montenegro
Samuel Dalembert,Haiti
Sam Cassell,USA
Salim Stoudamire,USA
Ryan Hollins,USA
Shane Battier,USA
Ryan Gomes,USA
Rudy Gay,USA
Ruben Patterson,USA
Royal Ivey,USA
Ronny Turiaf,France
Ronnie Price,USA
Ronnie Brewer,USA
Ronald Dupree,USA
Roger Mason Jr.,USA
Rodney Stuckey,USA
Rodney Carney,USA
Robert Swift,USA
Ryan Bowen,USA
Shannon Brown,USA
Shaquille O'Neal,USA
Shareef Abdur-Rahim,USA
Thomas Gardner,USA
Mickael Gelabale,USA
Theo Ratliff,USA
Thaddeus Young,USA
Thabo Sefolosha,Switzerland
Tayshaun Prince,USA
Taurean Green,USA
Tarence Kinsey,USA
T.J. Ford,USA
Stromile Swift,USA
Steven Hunter,USA
Steve Novak,USA
Steve Nash,Canada
Steve Francis,USA
Steve Blake,USA
Stephen Jackson,USA
Stephen Graham,USA
Stephane Lasme,Gabon
Spencer Hawes,USA
Solomon Jones,USA
Smush Parker,USA
Shelden Williams,USA
Shawne Williams,USA
Shawn Marion,USA
Shavlik Randolph,USA
Robert Horry,USA
Ricky Davis,USA
Stephon Marbury,USA
Richard Jefferson,USA
P.J. Brown,USA
Othella Harrington,USA
Orien Greene,USA
Oleksiy Pecherov,Ukraine
Nick Young,USA
Nick Fazekas,USA
Nick Collison,USA
Nene,Brazil
Nenad Krstic,Serbia and Montenegro
Nazr Mohammed,USA
Nate Robinson,USA
Pat Garrity,USA
Mouhamed Sene,Senegal
Morris Almond,USA
Monta Ellis,USA
Mikki Moore,USA
Mike Wilks,USA
Mike Miller,USA
Mike James,USA
Mike Harris,USA
Mike Dunleavy,USA
Richie Frahm,USA
Mike Conley,USA
Mike Bibby,USA
Morris Peterson,USA
Patrick O'Bryant,USA
Mo Williams,USA
Paul Davis,USA
Reggie Evans,USA
Pau Gasol,Spain
Renaldo Balkman,USA
Richard Hamilton,USA
Raymond Felton,USA
Ray Allen,USA
Rasual Butler,USA
Rasheed Wallace,USA
Rashard Lewis,USA
Rashad McCants,USA
Randy Foye,USA
Randolph Morris,USA
Ramon Sessions,USA
Rasho Nesterovic,Slovenia
Paul Pierce,USA
Rajon Rondo,USA
Peja Stojakovic,Serbia and Montenegro
Primoz Brezec,Slovenia
Quincy Douby,USA
Quentin Richardson,USA
Paul Millsap,USA
Raef LaFrentz,USA
Rafer Alston,USA
Raja Bell,U.S. Virgin Islands
Quinton Ross,USA
Jerry Stackhouse,USA
Joe Johnson,USA
Jerryd Bayless,USA
Joakim Noah,USA
Joe Alexander,USA
Joe Crawford,USA
Joe Smith,USA
Jose Calderon,Spain
Joel Anthony,Canada
Joel Przybilla,USA
Joey Dorsey,USA
Joey Graham,USA
Johan Petro,France
John Salmons,USA
Jerome James,USA
Jordan Farmar,USA
Josh Boone,USA
Jermareo Davidson,USA
Jason Kidd,USA
Jeremy Richardson,USA
James White,USA
Jared Dudley,USA
Josh Howard,USA
James Singleton,USA
Jared Jeffries,USA
Jarrett Jack,USA
Jarron Collins,USA
Jarvis Hayes,USA
Jason Collins,USA
Jason Hart,USA
Jason Kapono,USA
Jason Maxiell,USA
Jason Richardson,USA
Jason Terry,USA
Jason Thompson,USA
Javaris Crittenton,USA
Jawad Williams,USA
Jeff Foster,USA
Jeff Green,USA
Jermaine O'Neal,USA
Josh McRoberts,USA
Kyle Lowry,USA
Josh Smith,USA
Kyle Weaver,USA
Kyrylo Fesenko,Ukraine
LaMarcus Aldridge,USA
Lamar Odom,USA
Larry Hughes,USA
LeBron James,USA
Leandro Barbosa,Brazil
Leon Powe,USA
Kyle Korver,USA
Linas Kleiza,Lithuania
Linton Johnson,USA
Lorenzen Wright,USA
Lou Amundson,USA
Lou Williams,USA
Luc Mbah a Moute,Cameroon
James Posey,USA
Luke Ridnour,USA
Luis Scola,Argentina
Lindsey Hunter,USA
Josh Powell,USA
Kwame Brown,USA
Kris Humphries,USA
Juan Dixon,USA
Julian Wright,USA
Juwan Howard,USA
Kareem Rush,USA
Keith Bogans,USA
Kelenna Azubuike,England
Kendrick Perkins,USA
Kenny Thomas,USA
Kurt Thomas,USA
Kenyon Martin,USA
Kevin Garnett,USA
Kevin Love,USA
Kevin Martin,USA
Kevin Ollie,USA
Keyon Dooling,USA
Kirk Hinrich,USA
Kobe Bryant,USA
Kosta Koufos,USA
Kevin Durant,USA
James Jones,USA
Dirk Nowitzki,Germany
Jamario Moon,USA
Delonte West,USA
Demetris Nichols,USA
Derek Fisher,USA
Deron Williams,USA
Derrick Rose,USA
Desmon Farmer,USA
Desmond Mason,USA
Devean George,USA
Dee Brown,USA
Devin Brown,USA
Dikembe Mutombo,Congo
Dominic McGuire,USA
Donte Greene,USA
Dontell Jefferson,USA
Donyell Marshall,USA
Dorell Wright,USA
Drew Gooden,USA
Dwayne Jones,USA
Devin Harris,USA
Dwight Howard,USA
DeShawn Stevenson,USA
DeMarcus Nelson,USA
Luke Walton,USA
DJ White,USA
Daequan Cook,USA
Dahntay Jones,USA
Damien Wilkins,USA
Damon Jones,USA
Dan Gadzuric,Netherlands
Daniel Gibson,USA
DeSagana Diop,Senegal
Danilo Gallinari,Italy
Darius Miles,USA
Darius Songaila,Lithuania
Darko Milicic,Serbia
Darnell Jackson,USA
Darrell Arthur,USA
David Lee,USA
David West,USA
DeAndre Jordan,USA
Danny Granger,USA
Dwyane Wade,USA
Earl Watson,USA
Eddie Gill,USA
Hakim Warrick,USA
Hamed Haddadi,Iran
Hassan Adams,USA
Hedo Turkoglu,Turkey
Henry Walker,USA
Hilton Armstrong,USA
Ike Diogu,USA
Ime Udoka,USA
Greg Oden,USA
J.J. Barea,Puerto Rico
JJ Hickson,USA
JJ Redick,USA
JR Smith,USA
JaVale McGee,USA
Jacque Vaughn,USA
Jake Voskuhl,USA
Jamaal Magloire,Canada
Jamal Crawford,USA
J.R. Giddens,USA
Greg Buckner,USA
Grant Hill,USA
Goran Dragic,Slovenia
Eddie House,USA
Eddy Curry,USA
Eduardo Najera,Mexico
Elton Brand,USA
Emeka Okafor,USA
Eric Gordon,USA
Erick Dampier,USA
Etan Thomas,USA
Fabricio Oberto,Argentina
Flip Murray,USA
Francisco Elson,Netherlands
Francisco Garcia,Dominican Republic
Fred Jones,USA
Gabe Pruitt,USA
George Hill,USA
Gerald Green,USA
Gerald Wallace,USA
Gilbert Arenas,USA
Glen Davis,USA
Jameer Nelson,USA
Luol Deng,United Kingdom
Nazr Mohammed,USA
Maceo Baston,USA
Sergio Rodriguez,Spain
Shane Battier,USA
Shannon Brown,USA
Shaquille O'Neal,USA
Shaun Livingston,USA
Shavlik Randolph,USA
Shawn Marion,USA
Shawne Williams,USA
Sebastian Telfair,USA
Shelden Williams,USA
Sonny Weems,USA
Speedy Claxton,USA
Spencer Hawes,USA
Stephen Graham,USA
Stephen Jackson,USA
Stephon Marbury,USA
Steve Blake,USA
Steve Nash,Canada
Solomon Jones,USA
Steve Novak,USA
Sean Williams,USA
Sean May,USA
Roger Mason Jr.,USA
Roko Ukic,USA
Ronnie Brewer,USA
Ronnie Price,USA
Ronny Turiaf,France
Roy Hibbert,USA
Royal Ivey,USA
Rudy Fernandez,Spain
Sean Singletary,USA
Rudy Gay,USA
Ryan Anderson,USA
Ryan Bowen,USA
Ryan Gomes,USA
Ryan Hollins,USA
Samuel Dalembert,Haiti
Sasha Pavlovic,Montenegro
Sasha Vujacic,Slovenia
Sean Marks,New Zealand
Russell Westbrook,USA
Rodney Stuckey,USA
Steven Hill,USA
Sun Sun,USA
Udonis Haslem,USA
Vince Carter,USA
Vladimir Radmanovic,Serbia
Von Wafer,USA
Wally Szczerbiak,USA
Walter Herrmann,USA
Walter Sharpe,USA
Will Bynum,USA
Tyson Chandler,USA
Will Solomon,USA
Wilson Chandler,USA
Yakhouba Diawara,USA
Yao Ming,China
Yi Jianlian,USA
Zach Randolph,USA
Zaza Pachulia,Georgia
Zydrunas Ilgauskas,Lithuania
DJ Mbenga,Democratic Republic of the Congo
Willie Green,USA
Stromile Swift,USA
Tyrus Thomas,USA
Troy Murphy,USA
T.J. Ford,USA
Tarence Kinsey,USA
Tayshaun Prince,USA
Thabo Sefolosha,Switzerland
Thaddeus Young,USA
Theo Ratliff,USA
Thomas Gardner,USA
Tim Duncan,US Virgin Islands
Tyronn Lue,USA
Tim Thomas,USA
Tony Battie,USA
Tony Parker,France
Tracy McGrady,USA
Travis Diener,USA
Travis Outlaw,USA
Trenton Hassell,USA
Trevor Ariza,USA
Trey Johnson,USA
Tony Allen,USA
Rodney Carney,USA
Robin Lopez,USA
Robert Swift,USA
Matt Carroll,USA
Matt Harpring,USA
Maurice Ager,USA
Maurice Evans,USA
Mehmet Okur,Turkey
Melvin Ely,USA
Metta World Peace,USA
Michael Beasley,USA
Matt Bonner,USA
Michael Finley,USA
Michael Ruffin,USA
Mickael Pietrus,France
Mike Bibby,USA
Mike Conley,USA
Mike Dunleavy,USA
Mike James,USA
Mike Miller,USA
Mike Taylor,USA
Michael Redd,USA
Mikki Moore,USA
Matt Barnes,USA
Martell Webster,USA
Malik Allen,USA
Malik Hairston,USA
Malik Rose,USA
Manu Ginobili,Argentina
Marc Gasol,Spain
Marcin Gortat,Poland
Marco Belinelli,Italy
Marcus Banks,USA
Marvin Williams,USA
Marcus Camby,USA
Marcus Williams,USA
Mardy Collins,USA
Mario Chalmers,USA
Mario West,USA
Mark Blount,USA
Mark Madsen,USA
Marko Jaric,Serbia
Marquis Daniels,USA
Marcus Williams,USA
Mo Williams,USA
Monta Ellis,USA
Morris Almond,USA
Raja Bell,U.S. Virgin Islands
Rajon Rondo,USA
Ramon Sessions,USA
Randolph Morris,USA
Randy Foye,USA
Rashad McCants,USA
Rashard Lewis,USA
Rasheed Wallace,USA
Rafer Alston,USA
Rasho Nesterovic,Slovenia
Ray Allen,USA
Raymond Felton,USA
Reggie Evans,USA
Renaldo Balkman,USA
Richard Hamilton,USA
Richard Jefferson,USA
Ricky Davis,USA
Rob Kurz,USA
Rasual Butler,USA
Quinton Ross,USA
Quincy Douby,USA
Quentin Richardson,USA
Morris Peterson,USA
Mouhamed Sene,Senegal
Nate Robinson,USA
Nathan Jawai,Australia
Nenad Krstic,Serbia and Montenegro
Nene,Brazil
Nick Collison,USA
Nick Young,USA
Nicolas Batum,France
O.J. Mayo,USA
Oleksiy Pecherov,Ukraine
Othello Hunter,USA
Patrick O'Bryant,USA
Pau Gasol,Spain
Paul Davis,USA
Paul Millsap,USA
Paul Pierce,USA
Peja Stojakovic,Serbia and Montenegro
Pops Mensah-Bonsu,USA
Luther Head,USA
D.J. Augustin,USA
Marreese Speights,USA
Adam Morrison,USA
Bruce Bowen,USA
Brook Lopez,USA
Brian Scalabrine,USA
Brian Cook,USA
Brian Cardinal,USA
Brevin Knight,USA
Brent Barry,USA
Brendan Haywood,USA
Brandon Rush,USA
Brandon Roy,USA
Brandon Bass,USA
Brandan Wright,USA
C.J. Watson,USA
Brad Miller,USA
Bobby Simmons,USA
Bobby Jackson,USA
Bobby Brown,USA
Blake Ahearn,USA
Beno Udrih,Slovenia
Ben Wallace,USA
Ben Gordon,USA
Baron Davis,USA
Austin Croshere,USA
Arron Afflalo,USA
Antonio McDyess,USA
Antonio Daniels,USA
Boris Diaw,France
CJ Miles,USA
Calvin Booth,USA
Carl Landry,USA
Cuttino Mobley,USA
Craig Smith,USA
Courtney Sims,USA
Courtney Lee,USA
Corey Maggette,USA
Corey Brewer,USA
Chucky Atkins,USA
Chuck Hayes,USA
Chris Wilcox,USA
Chris Quinn,USA
Chris Paul,USA
Chris Mihm,USA
Chris Kaman,USA
Chris Duhon,USA
Chris Douglas-Roberts,USA
Chris Bosh,USA
Chris Andersen,USA
Cheikh Samb,USA
Chauncey Billups,USA
Charlie Villanueva,USA
Charlie Bell,USA
Channing Frye,USA
Cedric Simmons,USA
Cartier Martin,USA
Caron Butler,USA
Carmelo Anthony,USA
Carlos Boozer,USA
Antoine Wright,USA
Anthony Tolliver,USA
Brian Skinner,USA
Anthony Randolph,USA
Anthony Roberson,USA
Aaron Brooks,USA
Aaron Gray,USA
Acie Law,USA
Adonal Foyle,St. Vincent & Grenadines
Al Harrington,USA
Al Horford,Dominican Republic
Al Thornton,USA
Alando Tucker,USA
Alex Acker,USA
Alexis Ajinca,France
Allen Iverson,USA
Amar'e Stoudemire,USA
Amir Johnson,USA
Anderson Varejao,Brazil
Al Jefferson,USA
Andre Brown,USA
Anthony Parker,USA
Andray Blatche,USA
Anthony Morrow,USA
Anthony Johnson,USA
Anthony Carter,USA
Antawn Jamison,USA
Andrew Bynum,USA
Andris Biedrins,Latvia
Andrew Bogut,Australia
Andres Nocioni,Argentina
Andrei Kirilenko,Russia
Andrea Bargnani,Italy
Andre Miller,USA
Andre Iguodala,USA
Sam Young,USA
Russell Westbrook,USA
Ryan Gomes,USA
Ryan Bowen,USA
Ryan Anderson,USA
Ryan Hollins,USA
Rudy Gay,USA
Roko Ukic,USA
Royal Ivey,USA
Roy Hibbert,USA
Ronny Turiaf,France
Ronnie Price,USA
Ronnie Brewer,USA
Roger Mason Jr.,USA
Rodrigue Beaubois,France
Samuel Dalembert,Haiti
Rudy Fernandez,Spain
Sasha Pavlovic,Montenegro
Brandon Bass,USA
Sean Marks,New Zealand
Bobby Brown,USA
Bobby Simmons,USA
Boris Diaw,France
Brad Miller,USA
Rodney Stuckey,USA
Brandon Jennings,USA
Brandon Roy,USA
Brandon Rush,USA
Brendan Haywood,USA
Brian Cardinal,USA
Brian Cook,USA
Brian Scalabrine,USA
Brian Skinner,USA
Brook Lopez,USA
Sebastian Telfair,USA
Sean Williams,USA
Sean May,USA
Sasha Vujacic,Slovenia
Rodney Carney,USA
Nick Young,USA
Ricky Davis,USA
Patty Mills,Australia
Pau Gasol,Spain
Paul Davis,USA
Paul Millsap,USA
Paul Pierce,USA
Peja Stojakovic,Serbia and Montenegro
Pops Mensah-Bonsu,USA
Primoz Brezec,Slovenia
Quentin Richardson,USA
Quinton Ross,USA
Rafer Alston,USA
Raja Bell,U.S. Virgin Islands
Rajon Rondo,USA
Ramon Sessions,USA
Randolph Morris,USA
Randy Foye,USA
Beno Udrih,Slovenia
Patrick O'Bryant,USA
Robin Lopez,USA
Othyus Jeffers,USA
Omri Casspi,Israel
Richard Jefferson,USA
Richard Hamilton,USA
Renaldo Balkman,USA
Reggie Williams,USA
Reggie Evans,USA
Raymond Felton,USA
Ray Allen,USA
Rasual Butler,USA
Rasho Nesterovic,Slovenia
Rasheed Wallace,USA
Rashard Lewis,USA
Nene,Brazil
Nick Collison,USA
Nicolas Batum,France
O.J. Mayo,USA
Oleksiy Pecherov,Ukraine
Oliver Lafayette,USA
Othello Hunter,USA
Ben Wallace,USA
Shawn Marion,USA
Baron Davis,USA
Taj Gibson,USA
T.J. Ford,USA
Sundiata Gaines,USA
Steven Hunter,USA
Steve Novak,USA
Steve Nash,Canada
Steve Blake,USA
Stephen Jackson,USA
Stephen Graham,USA
Stephen Curry,USA
Spencer Hawes,USA
Sonny Weems,USA
Solomon Jones,USA
Shelden Williams,USA
Nenad Krstic,Serbia and Montenegro
Shavlik Randolph,USA
Shaun Livingston,USA
Taylor Griffin,USA
Shaquille O'Neal,USA
Tayshaun Prince,USA
Thabo Sefolosha,Switzerland
Tyler Hansbrough,USA
Ty Lawson,USA
Troy Murphy,USA
Trey Gilder,USA
Trevor Ariza,USA
Trenton Hassell,USA
Travis Outlaw,USA
Travis Diener,USA
Tracy McGrady,USA
Tony Parker,France
Tony Battie,USA
Tony Allen,USA
Toney Douglas,USA
Tim Thomas,USA
Tim Duncan,US Virgin Islands
Theo Ratliff,USA
Thaddeus Young,USA
Terrence Williams,USA
Ben Gordon,USA
Shannon Brown,USA
Sergio Rodriguez,Spain
Andrei Kirilenko,Russia
Andres Nocioni,Argentina
Andrew Bogut,Australia
Andrew Bynum,USA
Andris Biedrins,Latvia
Antawn Jamison,USA
Anthony Carter,USA
Anthony Johnson,USA
Anthony Morrow,USA
Anthony Parker,USA
Anthony Randolph,USA
Anthony Tolliver,USA
Antoine Wright,USA
Antonio Anderson,USA
Antonio McDyess,USA
Arron Afflalo,USA
Austin Daye,USA
Andrea Bargnani,Italy
Shane Battier,USA
Andre Miller,USA
Andray Blatche,USA
Serge Ibaka,Democratic Republic of the Congo
AJ Price,USA
Aaron Brooks,USA
Aaron Gray,USA
Acie Law,USA
Adam Morrison,USA
Al Harrington,USA
Al Horford,Dominican Republic
Al Jefferson,USA
Al Thornton,USA
Alando Tucker,USA
Alexis Ajinca,France
Allen Iverson,USA
Alonzo Gee,USA
Amar'e Stoudemire,USA
Amir Johnson,USA
Anderson Varejao,Brazil
Andre Iguodala,USA
Tyreke Evans,USA
Nazr Mohammed,USA
Nate Robinson,USA
Garrett Temple,USA
Francisco Garcia,Dominican Republic
Francisco Elson,Netherlands
Flip Murray,USA
Fabricio Oberto,Argentina
Etan Thomas,USA
Ersan Ilyasova,Turkey
Erick Dampier,USA
Eric Maynor,USA
Eric Gordon,USA
Emeka Okafor,USA
Elton Brand,USA
Eduardo Najera,Mexico
George Hill,USA
Eddy Curry,USA
Earl Watson,USA
Earl Clark,USA
Earl Boykins,USA
Earl Barron,USA
Dwyane Wade,USA
Dwight Howard,USA
Dwayne Jones,USA
Drew Gooden,USA
Dorell Wright,USA
Donte Greene,USA
Dominic McGuire,USA
Dirk Nowitzki,Germany
Devin Harris,USA
Eddie House,USA
Devin Brown,USA
Gerald Henderson,USA
Gilbert Arenas,USA
James Singleton,USA
James Posey,USA
James Jones,USA
James Johnson,USA
James Harden,USA
Jameer Nelson,USA
Jamario Moon,USA
Jamal Crawford,USA
Jamaal Tinsley,USA
Jamaal Magloire,Canada
JaVale McGee,USA
JR Smith,USA
JJ Redick,USA
Gerald Wallace,USA
JJ Hickson,USA
J.J. Barea,Puerto Rico
Ime Udoka,USA
Ian Mahinmi,France
Hilton Armstrong,USA
Henry Walker,USA
Hedo Turkoglu,Turkey
Hasheem Thabeet,Tanzania
Hamed Haddadi,Iran
Hakim Warrick,USA
Greg Oden,USA
Grant Hill,USA
Goran Dragic,Slovenia
Glen Davis,USA
J.R. Giddens,USA
Devean George,USA
Desmond Mason,USA
Derrick Rose,USA
Corey Maggette,USA
Corey Brewer,USA
Coby Karl,USA
Chucky Atkins,USA
Chuck Hayes,USA
Chris Wilcox,USA
Chris Richard,USA
Chris Quinn,USA
Chris Paul,USA
Chris Kaman,USA
Chris Hunter,USA
Chris Duhon,USA
Chris Douglas-Roberts,USA
Courtney Lee,USA
Chris Bosh,USA
Chauncey Billups,USA
Chase Budinger,USA
Charlie Villanueva,USA
Charlie Bell,USA
Channing Frye,USA
Cedric Jackson,USA
Cartier Martin,USA
Caron Butler,USA
Carmelo Anthony,USA
Carlos Delfino,Argentina
Carlos Boozer,USA
Carlos Arroyo,Puerto Rico
Carl Landry,USA
Chris Andersen,USA
Craig Smith,USA
D.J. Augustin,USA
DJ Mbenga,Democratic Republic of the Congo
Derrick Brown,USA
Deron Williams,USA
Derek Fisher,USA
Delonte West,USA
DeShawn Stevenson,USA
DeSagana Diop,Senegal
DeMarre Carroll,USA
DeMar DeRozan,USA
DeJuan Blair,USA
DeAndre Jordan,USA
David West,USA
David Lee,USA
David Andersen,USA
Darren Collison,USA
Darrell Arthur,USA
Darnell Jackson,USA
Darko Milicic,Serbia
Darius Songaila,Lithuania
Dante Cunningham,USA
Danny Green,USA
Danny Granger,USA
Danilo Gallinari,Italy
Daniel Gibson,USA
Dan Gadzuric,Netherlands
Damien Wilkins,USA
Dahntay Jones,USA
Daequan Cook,USA
DaJuan Summers,USA
DJ White,USA
JamesOn Curry,USA
Jannero Pargo,USA
Jared Dudley,USA
Jared Jeffries,USA
Marcus Banks,USA
Marco Belinelli,Italy
Marcin Gortat,Poland
Marc Gasol,Spain
Manu Ginobili,Argentina
Malik Hairston,USA
Malik Allen,USA
Luther Head,USA
Luol Deng,United Kingdom
Luke Walton,USA
Luke Ridnour,USA
Luis Scola,Argentina
Luc Mbah a Moute,Cameroon
Marcus Camby,USA
Lou Williams,USA
Lindsey Hunter,USA
Lester Hudson,USA
Leon Powe,USA
Leandro Barbosa,Brazil
LeBron James,USA
Larry Hughes,USA
Lamar Odom,USA
LaMarcus Aldridge,USA
Kyrylo Fesenko,Ukraine
Kyle Weaver,USA
Kyle Lowry,USA
Kyle Korver,USA
Kwame Brown,USA
Lou Amundson,USA
Marcus Haislip,USA
Marcus Landry,USA
Marcus Thornton,USA
Morris Peterson,USA
Monta Ellis,USA
Mo Williams,USA
Mikki Moore,USA
Mike Wilks,USA
Mike Miller,USA
Mike James,USA
Mike Harris,USA
Mike Dunleavy,USA
Mike Conley,USA
Mike Bibby,USA
Mickael Pietrus,France
Michael Redd,USA
Michael Finley,USA
Michael Beasley,USA
Metta World Peace,USA
Mehmet Okur,Turkey
Maurice Evans,USA
Byron Mullens,USA
Matt Bonner,USA
Matt Barnes,USA
Marvin Williams,USA
Martell Webster,USA
Marreese Speights,USA
Marquis Daniels,USA
Mario West,USA
Mario Chalmers,USA
Mardy Collins,USA
Marcus Williams,USA
Kurt Thomas,USA
Nathan Jawai,Australia
Kris Humphries,USA
Kobe Bryant,USA
Joel Anthony,Canada
Joe Smith,USA
Joe Johnson,USA
Joe Alexander,USA
Jodie Meeks,USA
Joakim Noah,USA
Jerryd Bayless,USA
Jerry Stackhouse,USA
Jermaine Taylor,USA
Jermaine O'Neal,USA
Jeff Teague,USA
Jeff Green,USA
Jeff Foster,USA
Joel Przybilla,USA
Jeff Ayres,USA
Jason Williams,USA
Jason Thompson,USA
Jason Terry,USA
Jason Smith,USA
Jason Richardson,USA
Jason Maxiell,USA
Jason Kidd,USA
Jason Kapono,USA
Jason Hart,USA
Jason Collins,USA
Jarvis Hayes,USA
Jarron Collins,USA
Jarrett Jack,USA
Jawad Williams,USA
Joey Dorsey,USA
Joey Graham,USA
Johan Petro,France
Kirk Hinrich,USA
Keyon Dooling,USA
Kevin Ollie,USA
Kevin Martin,USA
Kevin Love,USA
Kevin Garnett,USA
Kevin Durant,USA
Kenyon Martin,USA
Kenny Thomas,USA
Kendrick Perkins,USA
Kelenna Azubuike,England
Keith Bogans,USA
Kareem Rush,USA
Juwan Howard,USA
Julian Wright,USA
Jrue Holiday,USA
Josh Smith,USA
Josh Powell,USA
Josh McRoberts,USA
Josh Howard,USA
Josh Boone,USA
Jose Calderon,Spain
Jordan Hill,USA
Jordan Farmar,USA
Jonny Flynn,USA
Jonathan Bender,USA
Jonas Jerebko,Sweden
Jon Brockman,USA
John Salmons,USA
Kosta Koufos,USA
Tyrus Thomas,USA
Matt Carroll,USA
Udonis Haslem,USA
Tyson Chandler,USA
CJ Miles,USA
Zydrunas Ilgauskas,Lithuania
Zaza Pachulia,Georgia
Zach Randolph,USA
Yi Jianlian,USA
Yakhouba Diawara,USA
C.J. Watson,USA
Willie Green,USA
Vince Carter,USA
Wilson Chandler,USA
Wayne Ellington,USA
Vladimir Radmanovic,Serbia
Will Bynum,USA
Will Conroy,USA
Wesley Matthews,USA
JR Smith,USA
JaVale McGee,USA
Jamaal Magloire,Canada
James Posey,USA
Jamario Moon,USA
Jameer Nelson,USA
James Anderson,USA
James Harden,USA
James Johnson,USA
James Jones,USA
Jamal Crawford,USA
Jarrett Jack,USA
Jared Jeffries,USA
JJ Redick,USA
Jarron Collins,USA
Jason Collins,USA
Jason Kapono,USA
Jason Kidd,USA
Jason Maxiell,USA
Jason Richardson,USA
Jason Smith,USA
Jason Terry,USA
Jason Thompson,USA
Jared Dudley,USA
JJ Hickson,USA
Ike Diogu,USA
Ish Smith,USA
Gary Forbes,Panama
Gary Neal,USA
George Hill,USA
Gerald Henderson,USA
Gerald Wallace,USA
Gilbert Arenas,USA
Glen Davis,USA
Goran Dragic,Slovenia
Gordon Hayward,USA
Grant Hill,USA
Greg Monroe,USA
Greivis Vasquez,Venezuela
Hakim Warrick,USA
Hamady Ndiaye,Senegal
Hamed Haddadi,Iran
Hasheem Thabeet,Tanzania
Hassan Whiteside,USA
Hedo Turkoglu,Turkey
Henry Walker,USA
Hilton Armstrong,USA
Ian Mahinmi,France
Jason Williams,USA
Ime Udoka,USA
J.J. Barea,Puerto Rico
Jawad Williams,USA
Jeff Teague,USA
Jeff Foster,USA
Josh Howard,USA
Josh McRoberts,USA
Josh Powell,USA
Josh Smith,USA
Jrue Holiday,USA
Julian Wright,USA
Juwan Howard,USA
Keith Bogans,USA
Kendrick Perkins,USA
Kenyon Martin,USA
Kevin Durant,USA
Kevin Garnett,USA
Kevin Love,USA
Kevin Martin,USA
Kevin Seraphin,France
Keyon Dooling,USA
Kirk Hinrich,USA
Kobe Bryant,USA
Kosta Koufos,USA
Kris Humphries,USA
Kurt Thomas,USA
Kwame Brown,USA
Kyle Korver,USA
Josh Childress,USA
Jeff Adrien,USA
Jose Calderon,Spain
Jordan Farmar,USA
Jeff Green,USA
Garrett Temple,USA
Jeremy Evans,USA
Jeremy Lin,USA
Jermaine O'Neal,USA
Jermaine Taylor,USA
Jerry Stackhouse,USA
Jerryd Bayless,USA
Joakim Noah,USA
Jodie Meeks,USA
Joe Johnson,USA
Joe Smith,USA
Joel Anthony,Canada
Joel Przybilla,USA
Joey Dorsey,USA
Joey Graham,USA
Johan Petro,France
John Lucas III,USA
John Salmons,USA
John Wall,USA
Jon Brockman,USA
Jonny Flynn,USA
Jordan Crawford,USA
Jordan Hill,USA
Garret Siler,USA
Francisco Elson,Netherlands
Francisco Garcia,Dominican Republic
Chris Johnson,USA
Chris Kaman,USA
Chris Paul,USA
Chris Quinn,USA
Chris Wilcox,USA
Christian Eyenga,Congo
Chuck Hayes,USA
Cole Aldrich,USA
Corey Brewer,USA
Corey Maggette,USA
Courtney Lee,USA
Craig Brackins,USA
Craig Smith,USA
D.J. Augustin,USA
DJ Mbenga,Democratic Republic of the Congo
DJ White,USA
DaJuan Summers,USA
Daequan Cook,USA
Dahntay Jones,USA
Damien Wilkins,USA
Damion James,USA
Dan Gadzuric,Netherlands
Daniel Gibson,USA
Chris Duhon,USA
Chris Douglas-Roberts,USA
Chris Bosh,USA
Chris Andersen,USA
Brandon Jennings,USA
Brandon Roy,USA
Brandon Rush,USA
Brendan Haywood,USA
Brian Cardinal,USA
Brian Cook,USA
Brian Scalabrine,USA
Brian Skinner,USA
Brook Lopez,USA
Byron Mullens,USA
C.J. Watson,USA
Danilo Gallinari,Italy
CJ Miles,USA
Carlos Arroyo,Puerto Rico
Carlos Boozer,USA
Carlos Delfino,Argentina
Carmelo Anthony,USA
Caron Butler,USA
Cartier Martin,USA
Channing Frye,USA
Charlie Bell,USA
Charlie Villanueva,USA
Chase Budinger,USA
Chauncey Billups,USA
Carl Landry,USA
Danny Granger,USA
Danny Green,USA
Dante Cunningham,USA
Donte Greene,USA
Dorell Wright,USA
Drew Gooden,USA
Dwight Howard,USA
Dwyane Wade,USA
Earl Barron,USA
Earl Boykins,USA
Earl Clark,USA
Earl Watson,USA
Ed Davis,USA
Eddie House,USA
Dominique Jones,USA
Eduardo Najera,Mexico
Elton Brand,USA
Emeka Okafor,USA
Eric Bledsoe,USA
Eric Gordon,USA
Eric Maynor,USA
Erick Dampier,USA
Ersan Ilyasova,Turkey
Etan Thomas,USA
Evan Turner,USA
Fabricio Oberto,Argentina
Kyle Lowry,USA
Ekpe Udoh,USA
Gani Lawal,USA
Dominic McGuire,USA
Dexter Pittman,USA
Darius Songaila,Lithuania
Darko Milicic,Serbia
Darnell Jackson,USA
Darrell Arthur,USA
Darren Collison,USA
David Andersen,USA
David Lee,USA
David West,USA
DeAndre Jordan,USA
DeJuan Blair,USA
DeMar DeRozan,USA
Dirk Nowitzki,Germany
DeMarcus Cousins,USA
DeSagana Diop,Senegal
DeShawn Stevenson,USA
Delonte West,USA
Derek Fisher,USA
Deron Williams,USA
Derrick Brown,USA
Derrick Caracter,USA
Derrick Favors,USA
Derrick Rose,USA
Devin Ebanks,USA
Devin Harris,USA
DeMarre Carroll,USA
Kyle Weaver,USA
Lance Stephenson,USA
LaMarcus Aldridge,USA
Steve Nash,Canada
Steve Novak,USA
Sundiata Gaines,USA
T.J. Ford,USA
Taj Gibson,USA
Tayshaun Prince,USA
Terrence Williams,USA
Thabo Sefolosha,Switzerland
Thaddeus Young,USA
Theo Ratliff,USA
Tiago Splitter,Brazil
Tim Duncan,US Virgin Islands
Timofey Mozgov,Russia
Toney Douglas,USA
Tony Allen,USA
Tony Battie,USA
Tony Parker,France
Tracy McGrady,USA
Travis Outlaw,USA
Trevor Ariza,USA
Trevor Booker,USA
Andray Blatche,USA
Andre Iguodala,USA
Steve Blake,USA
Andre Miller,USA
Stephen Jackson,USA
Stephen Curry,USA
Ryan Gomes,USA
Ryan Hollins,USA
Sam Young,USA
Samardo Samuels,Jamaica
Samuel Dalembert,Haiti
Sasha Pavlovic,Montenegro
Sasha Vujacic,Slovenia
Sean Marks,New Zealand
Sebastian Telfair,USA
Semih Erden,Turkey
Serge Ibaka,Democratic Republic of the Congo
Shane Battier,USA
Shannon Brown,USA
Shaquille O'Neal,USA
Shaun Livingston,USA
Shawn Marion,USA
Shawne Williams,USA
Shelden Williams,USA
Sherron Collins,USA
Solomon Alabi,Nigeria
Solomon Jones,USA
Sonny Weems,USA
Spencer Hawes,USA
Stephen Graham,USA
Andrea Bargnani,Italy
Andrei Kirilenko,Russia
Andres Nocioni,Argentina
Udonis Haslem,USA
Vince Carter,USA
Vladimir Radmanovic,Serbia
Von Wafer,USA
Wayne Ellington,USA
Wesley Johnson,USA
Wesley Matthews,USA
Will Bynum,USA
Willie Green,USA
Willie Warren,USA
Wilson Chandler,USA
Xavier Henry,USA
Yao Ming,China
Yi Jianlian,USA
Zabian Dowdell,USA
Zach Randolph,USA
Zaza Pachulia,Georgia
Zydrunas Ilgauskas,Lithuania
Brad Miller,USA
Boris Diaw,France
Bobby Simmons,USA
Blake Griffin,USA
Beno Udrih,Slovenia
Tyson Chandler,USA
Tyrus Thomas,USA
Tyreke Evans,USA
Tyler Hansbrough,USA
Andrew Bogut,Australia
Andrew Bynum,USA
Andris Biedrins,Latvia
Andy Rautins,USA
Antawn Jamison,USA
Anthony Carter,USA
Anthony Morrow,USA
Anthony Parker,USA
Anthony Randolph,USA
Anthony Tolliver,USA
Antoine Wright,USA
Ryan Anderson,USA
Antonio Daniels,USA
Armon Johnson,USA
Arron Afflalo,USA
Austin Daye,USA
Avery Bradley,USA
Baron Davis,USA
Ben Gordon,USA
Ben Uzoh,USA
Ben Wallace,USA
Trey Johnson,USA
Troy Murphy,USA
Ty Lawson,USA
Antonio McDyess,USA
Russell Westbrook,USA
Rudy Gay,USA
Rudy Fernandez,Spain
Marcus Thornton,USA
Mario Chalmers,USA
Mario West,USA
Marquis Daniels,USA
Marreese Speights,USA
Martell Webster,USA
Marvin Williams,USA
Matt Barnes,USA
Matt Bonner,USA
Matt Carroll,USA
Maurice Ager,USA
Maurice Evans,USA
Mehmet Okur,Turkey
Melvin Ely,USA
Metta World Peace,USA
Michael Beasley,USA
Michael Redd,USA
Mickael Pietrus,France
Mike Bibby,USA
Mike Conley,USA
Mike Dunleavy,USA
Mike Harris,USA
Mike Miller,USA
Marcus Cousin,USA
Marcus Camby,USA
Marcus Banks,USA
Marco Belinelli,Italy
Lamar Odom,USA
Landry Fields,USA
Larry Owens,USA
Larry Sanders,USA
LeBron James,USA
Leandro Barbosa,Brazil
Leon Powe,USA
Lester Hudson,USA
Linas Kleiza,Lithuania
Lou Amundson,USA
Lou Williams,USA
Mo Williams,USA
Luc Mbah a Moute,Cameroon
Luke Babbitt,USA
Luke Harangody,USA
Luke Ridnour,USA
Luke Walton,USA
Luol Deng,United Kingdom
Luther Head,USA
Malik Allen,USA
Manny Harris,USA
Manu Ginobili,Argentina
Marc Gasol,Spain
Marcin Gortat,Poland
Luis Scola,Argentina
Kyrylo Fesenko,Ukraine
Monta Ellis,USA
Mustafa Shakur,USA
Rajon Rondo,USA
Ramon Sessions,USA
Randy Foye,USA
Rashard Lewis,USA
Rasual Butler,USA
Ray Allen,USA
Raymond Felton,USA
Reggie Evans,USA
Reggie Williams,USA
Renaldo Balkman,USA
Richard Hamilton,USA
Richard Jefferson,USA
Robin Lopez,USA
Rodney Carney,USA
Rodney Stuckey,USA
Rodrigue Beaubois,France
Roger Mason Jr.,USA
Ronald Dupree,USA
Ronnie Brewer,USA
Ronnie Price,USA
Ronny Turiaf,France
Roy Hibbert,USA
Royal Ivey,USA
Raja Bell,U.S. Virgin Islands
Quinton Ross,USA
Quincy Pondexter,USA
Quentin Richardson,USA
Nate Robinson,USA
Nazr Mohammed,USA
Nenad Krstic,Serbia and Montenegro
Nene,Brazil
Nick Collison,USA
Nick Young,USA
Nicolas Batum,France
Nikola Pekovic,Montenegro
O.J. Mayo,USA
Omer Asik,Turkey
Omri Casspi,Israel
Morris Peterson,USA
Orien Greene,USA
Pape Sy,France
Patrick Ewing,USA
Patrick Patterson,USA
Patty Mills,Australia
Pau Gasol,Spain
Paul George,USA
Paul Millsap,USA
Paul Pierce,USA
Peja Stojakovic,Serbia and Montenegro
Pooh Jeter,USA
Pops Mensah-Bonsu,USA
Othyus Jeffers,USA
Lazar Hayward,USA
Brandan Wright,USA
Amir Johnson,USA
AJ Price,USA
Aaron Brooks,USA
Aaron Gray,USA
Brandon Bass,USA
Acie Law,USA
Al Harrington,USA
Al Horford,Dominican Republic
Al Jefferson,USA
Al Thornton,USA
Al-Farouq Aminu,USA
Alexis Ajinca,France
Alonzo Gee,USA
Amar'e Stoudemire,USA
Anderson Varejao,Brazil
Jimmer Fredette,USA
AJ Price,USA
Jimmy Butler,USA
Joakim Noah,USA
Jodie Meeks,USA
Joe Johnson,USA
Joel Anthony,Canada
Joel Przybilla,USA
Johan Petro,France
John Lucas III,USA
John Salmons,USA
John Wall,USA
Jon Brockman,USA
Jon Leuer,USA
Jonas Jerebko,Sweden
Jonny Flynn,USA
Jerryd Bayless,USA
Jerry Stackhouse,USA
Jerry Smith,USA
Jerome Jordan,Jamaica
Dahntay Jones,USA
Daequan Cook,USA
DaJuan Summers,USA
DJ White,USA
D.J. Kennedy,USA
D.J. Augustin,USA
Craig Smith,USA
Craig Brackins,USA
Courtney Lee,USA
Courtney Fortson,USA
Cory Joseph,Canada
Cory Higgins,USA
Corey Maggette,USA
Corey Brewer,USA
Jason Richardson,USA
Jason Smith,USA
Jason Terry,USA
Jason Thompson,USA
Jeff Adrien,USA
Jeff Ayres,USA
Jeff Foote,USA
Jeff Foster,USA
Jeff Teague,USA
Jeremy Evans,USA
Jeremy Lin,USA
Jeremy Pargo,USA
Jeremy Tyler,USA
Jermaine O'Neal,USA
Jerome Dyson,USA
Jordan Crawford,USA
Damien Wilkins,USA
Jordan Farmar,USA
Jordan Hill,USA
Kwame Brown,USA
Kyle Korver,USA
Kyle Lowry,USA
Kyrie Irving,Australia
Kyrylo Fesenko,Ukraine
LaMarcus Aldridge,USA
Lamar Odom,USA
Lance Stephenson,USA
Lance Thomas,USA
Landry Fields,USA
Larry Hughes,USA
Larry Owens,USA
Larry Sanders,USA
Lavoy Allen,USA
Lazar Hayward,USA
LeBron James,USA
Leandro Barbosa,Brazil
Lester Hudson,USA
Linas Kleiza,Lithuania
Lou Amundson,USA
Lou Williams,USA
Luc Mbah a Moute,Cameroon
Luis Scola,Argentina
Luke Babbitt,USA
Luke Harangody,USA
Luke Ridnour,USA
Luke Walton,USA
Luol Deng,United Kingdom
Malcolm Lee,USA
Kurt Thomas,USA
Kris Humphries,USA
Kosta Koufos,USA
Kobe Bryant,USA
Jordan Williams,USA
Jose Calderon,Spain
Josh Childress,USA
Josh Davis,USA
Josh Harrellson,USA
Josh Howard,USA
Josh McRoberts,USA
Josh Selby,USA
Josh Smith,USA
Jrue Holiday,USA
Julyan Stone,USA
Justin Dentmon,USA
Justin Harper,USA
Juwan Howard,USA
Jordan Hamilton,USA
Kawhi Leonard,USA
Keith Bogans,USA
Kelenna Azubuike,England
Kemba Walker,USA
Kendrick Perkins,USA
Kenneth Faried,USA
Kenyon Martin,USA
Kevin Durant,USA
Kevin Garnett,USA
Kevin Love,USA
Kevin Martin,USA
Kevin Seraphin,France
Keyon Dooling,USA
Kirk Hinrich,USA
Klay Thompson,USA
Keith Benson,USA
Damion James,USA
Dante Cunningham,USA
Daniel Gibson,USA
Hedo Turkoglu,Turkey
Hassan Whiteside,USA
Hasheem Thabeet,Tanzania
Hamed Haddadi,Iran
Hamady Ndiaye,Senegal
Hakim Warrick,USA
Gustavo Ayon,Mexico
Greivis Vasquez,Venezuela
Greg Stiemsma,USA
Greg Smith,USA
Greg Monroe,USA
Grant Hill,USA
Henry Walker,USA
Gordon Hayward,USA
Glen Davis,USA
Gilbert Arenas,USA
Gerald Wallace,USA
Gerald Henderson,USA
Gerald Green,USA
George Hill,USA
Gary Neal,USA
Gary Forbes,Panama
Francisco Garcia,Dominican Republic
Francisco Elson,Netherlands
Evan Turner,USA
Ersan Ilyasova,Turkey
Goran Dragic,Slovenia
Erick Dampier,USA
Ian Mahinmi,France
Iman Shumpert,USA
Jason Kapono,USA
Jason Collins,USA
Jarrett Jack,USA
Jared Jeffries,USA
Jared Dudley,USA
Jannero Pargo,USA
Jan Vesely,Czech Republic
James Singleton,USA
James Jones,USA
James Johnson,USA
James Harden,USA
James Anderson,USA
Ike Diogu,USA
Jameer Nelson,USA
Jamal Crawford,USA
Jamaal Tinsley,USA
Jamaal Magloire,Canada
JaVale McGee,USA
JaJuan Johnson,USA
JR Smith,USA
JJ Redick,USA
JJ Hickson,USA
J.J. Barea,Puerto Rico
Ivan Johnson,USA
Ish Smith,USA
Isaiah Thomas,USA
Jamario Moon,USA
Dan Gadzuric,Netherlands
Eric Maynor,USA
Eric Dawson,USA
Derrick Byars,USA
Derrick Brown,USA
Deron Williams,USA
Derek Fisher,USA
Dennis Horner,USA
Delonte West,USA
DeShawn Stevenson,USA
DeSagana Diop,Senegal
DeMarre Carroll,USA
DeMarcus Cousins,USA
DeMar DeRozan,USA
DeJuan Blair,USA
Derrick Favors,USA
DeAndre Liggins,USA
David West,USA
David Lee,USA
Darryl Watkins,USA
Darren Collison,USA
Darko Milicic,Serbia
Darius Morris,USA
Darington Hobson,USA
Malcolm Thomas,USA
Danny Green,USA
Danny Granger,USA
Danilo Gallinari,Italy
Daniel Orton,USA
DeAndre Jordan,USA
Eric Gordon,USA
Derrick Rose,USA
Devin Ebanks,USA
Eric Bledsoe,USA
Enes Kanter,Turkey
Emeka Okafor,USA
Elton Brand,USA
Elliot Williams,USA
Ekpe Udoh,USA
Edwin Ubiles,Puerto Rico
Eduardo Najera,Mexico
Eddy Curry,USA
Ed Davis,USA
Earl Watson,USA
Earl Clark,USA
Derrick Williams,USA
Earl Boykins,USA
E'Twaun Moore,USA
Dwyane Wade,USA
Dwight Howard,USA
Drew Gooden,USA
Dorell Wright,USA
Donte Greene,USA
Donald Sloan,USA
Dominique Jones,USA
Dominic McGuire,USA
Dirk Nowitzki,Germany
Dexter Pittman,USA
Devin Harris,USA
Earl Barron,USA
Manny Harris,USA
Marcus Thornton,USA
MarShon Brooks,USA
Xavier Henry,USA
Xavier Silas,USA
Yi Jianlian,USA
Zach Randolph,USA
Zaza Pachulia,Georgia
Cole Aldrich,USA
Chuck Hayes,USA
Christian Eyenga,Congo
Chris Wright,USA
Chris Wilcox,USA
Chris Singleton,USA
Chris Paul,USA
Wilson Chandler,USA
Chris Kaman,USA
Chris Duhon,USA
Chris Bosh,USA
Chris Andersen,USA
Chauncey Billups,USA
Chase Budinger,USA
Charlie Villanueva,USA
Charles Jenkins,USA
Channing Frye,USA
Chandler Parsons,USA
Cartier Martin,USA
Caron Butler,USA
Carmelo Anthony,USA
Chris Johnson,USA
Carlos Delfino,Argentina
Willie Green,USA
Wesley Matthews,USA
Tony Allen,USA
Tony Battie,USA
Tony Parker,France
Tracy McGrady,USA
Travis Leslie,USA
Travis Outlaw,USA
Trevor Ariza,USA
Trevor Booker,USA
Trey Johnson,USA
Trey Thompkins,USA
Tristan Thompson,Canada
Troy Murphy,USA
Will Bynum,USA
Ty Lawson,USA
Tyler Honeycutt,USA
Tyreke Evans,USA
Tyrus Thomas,USA
Tyson Chandler,USA
Udonis Haslem,USA
Vernon Macklin,USA
Vince Carter,USA
Vladimir Radmanovic,Serbia
Von Wafer,USA
Walker Russell,USA
Wayne Ellington,USA
Wesley Johnson,USA
Tyler Hansbrough,USA
Toney Douglas,USA
Carlos Boozer,USA
Carl Landry,USA
Anthony Randolph,USA
Anthony Parker,USA
Anthony Morrow,USA
Anthony Carter,USA
Antawn Jamison,USA
Andris Biedrins,Latvia
Andrew Goudelock,USA
Andrew Bynum,USA
Andrew Bogut,Australia
Andres Nocioni,Argentina
Andrea Bargnani,Italy
Andre Miller,USA
Anthony Tolliver,USA
Andre Iguodala,USA
Andray Blatche,USA
Anderson Varejao,Brazil
Amir Johnson,USA
Amar'e Stoudemire,USA
Alonzo Gee,USA
Alec Burks,USA
Alan Anderson,USA
Al-Farouq Aminu,USA
Al Jefferson,USA
Al Horford,Dominican Republic
Al Harrington,USA
Aaron Gray,USA
Andre Emmett,USA
Carldell Johnson,USA
Armon Johnson,USA
Austin Daye,USA
CJ Miles,USA
C.J. Watson,USA
Byron Mullens,USA
Brook Lopez,USA
Brian Skinner,USA
Brian Scalabrine,USA
Brian Cook,USA
Brian Cardinal,USA
Brendan Haywood,USA
Brandon Rush,USA
Brandon Knight,USA
Brandon Jennings,USA
Arron Afflalo,USA
Brandon Bass,USA
Brad Miller,USA
Boris Diaw,France
Bobby Simmons,USA
Blake Griffin,USA
Blake Ahearn,USA
Bismack Biyombo,Democratic Republic of the Congo
Beno Udrih,Slovenia
Ben Wallace,USA
Ben Uzoh,USA
Ben Gordon,USA
Baron Davis,USA
Avery Bradley,USA
Brandan Wright,USA
Manu Ginobili,Argentina
Tobias Harris,USA
Tim Duncan,US Virgin Islands
Morris Almond,USA
Mychel Thompson,USA
Nate Robinson,USA
Nazr Mohammed,USA
Nene,Brazil
Nick Collison,USA
Nick Young,USA
Nicolas Batum,France
Nikola Pekovic,Montenegro
Nikola Vucevic,Montenegro
Nolan Smith,USA
Norris Cole,USA
Monta Ellis,USA
O.J. Mayo,USA
Omri Casspi,Israel
Patrick Patterson,USA
Patty Mills,Australia
Pau Gasol,Spain
Paul George,USA
Paul Millsap,USA
Paul Pierce,USA
Quentin Richardson,USA
Quincy Pondexter,USA
Raja Bell,U.S. Virgin Islands
Rajon Rondo,USA
Ramon Sessions,USA
Omer Asik,Turkey
Randy Foye,USA
Mo Williams,USA
Mike Miller,USA
Marc Gasol,Spain
Marcin Gortat,Poland
Marco Belinelli,Italy
Marcus Camby,USA
Marcus Morris,USA
Jason Maxiell,USA
Mario Chalmers,USA
Markieff Morris,USA
Marquis Daniels,USA
Marreese Speights,USA
Martell Webster,USA
Marvin Williams,USA
Mikki Moore,USA
Matt Barnes,USA
Matt Carroll,USA
Maurice Evans,USA
Mehmet Okur,Turkey
Metta World Peace,USA
Michael Beasley,USA
Michael Redd,USA
Mickael Pietrus,France
Mickell Gladness,USA
Mike Bibby,USA
Mike Conley,USA
Mike Dunleavy,USA
Mike James,USA
Matt Bonner,USA
Timofey Mozgov,Russia
Rashard Lewis,USA
Ray Allen,USA
Semih Erden,Turkey
Serge Ibaka,Democratic Republic of the Congo
Shane Battier,USA
Shannon Brown,USA
Shaun Livingston,USA
Shawn Marion,USA
Shawne Williams,USA
Shelden Williams,USA
Shelvin Mack,USA
Solomon Alabi,Nigeria
Solomon Jones,USA
Spencer Hawes,USA
Sebastian Telfair,USA
Stephen Curry,USA
Steve Blake,USA
Steve Nash,Canada
Steve Novak,USA
Sundiata Gaines,USA
T.J. Ford,USA
Taj Gibson,USA
Tayshaun Prince,USA
Terrel Harris,USA
Terrence Williams,USA
Thabo Sefolosha,Switzerland
Thaddeus Young,USA
Tiago Splitter,Brazil
Stephen Jackson,USA
Rasual Butler,USA
Sean Williams,USA
Samuel Dalembert,Haiti
Raymond Felton,USA
Reggie Evans,USA
Reggie Jackson,USA
Reggie Williams,USA
Renaldo Balkman,USA
Richard Hamilton,USA
Richard Jefferson,USA
Ricky Rubio,Spain
Robin Lopez,USA
Rodney Stuckey,USA
Rodrigue Beaubois,France
Roger Mason Jr.,USA
Sasha Pavlovic,Montenegro
Ronnie Brewer,USA
Ronny Turiaf,France
Roy Hibbert,USA
Royal Ivey,USA
Rudy Fernandez,Spain
Rudy Gay,USA
Russell Westbrook,USA
Ryan Anderson,USA
Ryan Gomes,USA
Ryan Hollins,USA
Ryan Reid,USA
Sam Young,USA
Samardo Samuels,Jamaica
Ronnie Price,USA
Jason Kidd,USA
Earl Barron,USA
Aaron Brooks,USA
Tristan Thompson,Canada
Trevor Booker,USA
Trevor Ariza,USA
Travis Outlaw,USA
Tornike Shengelia,Georgia
Tony Wroten,USA
Tony Parker,France
Tony Allen,USA
Toney Douglas,USA
Tobias Harris,USA
Timofey Mozgov,Russia
Troy Murphy,USA
Tim Ohlbrecht,Germany
Tiago Splitter,Brazil
Thomas Robinson,USA
Thaddeus Young,USA
Thabo Sefolosha,Switzerland
Terrence Williams,USA
Terrence Ross,USA
Terrence Jones,USA
Terrel Harris,USA
Tayshaun Prince,USA
Taj Gibson,USA
Steve Novak,USA
Tim Duncan,US Virgin Islands
Steve Nash,Canada
Ty Lawson,USA
Tyler Honeycutt,USA
Drew Gooden,USA
Dwight Howard,USA
Dwyane Wade,USA
Zaza Pachulia,Georgia
Zach Randolph,USA
Xavier Henry,USA
Wilson Chandler,USA
Willie Green,USA
Will Conroy,USA
Will Bynum,USA
Will Barton,USA
Tyler Hansbrough,USA
Wesley Matthews,USA
Wayne Ellington,USA
Vladimir Radmanovic,Serbia
Vince Carter,USA
Victor Claver,Spain
Viacheslav Kravtsov,Ukraine
Udonis Haslem,USA
Tyson Chandler,USA
Tyshawn Taylor,USA
Tyrus Thomas,USA
Tyreke Evans,USA
Tyler Zeller,USA
Wesley Johnson,USA
Draymond Green,USA
Steve Blake,USA
Stephen Curry,USA
Robert Sacre,Canada
Ricky Rubio,Spain
Richard Jefferson,USA
Richard Hamilton,USA
Reggie Williams,USA
Reggie Jackson,USA
Reggie Evans,USA
Raymond Felton,USA
Ray Allen,USA
Rasheed Wallace,USA
Rashard Lewis,USA
Robin Lopez,USA
AJ Price,USA
Rajon Rondo,USA
Quincy Pondexter,USA
Quincy Miller,USA
Quincy Acy,USA
Quentin Richardson,USA
Perry Jones III,USA
Paul Pierce,USA
Paul Millsap,USA
Paul George,USA
Pau Gasol,Spain
Patty Mills,Australia
Ramon Sessions,USA
Stephen Jackson,USA
Rodney Stuckey,USA
Roger Mason Jr.,USA
Spencer Hawes,USA
Solomon Jones,USA
Shelvin Mack,USA
Shawn Marion,USA
Shavlik Randolph,USA
Shaun Livingston,USA
Shannon Brown,USA
Shane Battier,USA
Serge Ibaka,Democratic Republic of the Congo
Sebastian Telfair,USA
Scott Machado,USA
Rodrigue Beaubois,France
Sasha Pavlovic,Montenegro
Samardo Samuels,Jamaica
Sam Young,USA
Ryan Hollins,USA
Ryan Anderson,USA
Russell Westbrook,USA
Rudy Gay,USA
Royal Ivey,USA
Roy Hibbert,USA
Ronny Turiaf,France
Ronnie Price,USA
Ronnie Brewer,USA
Samuel Dalembert,Haiti
Patrick Patterson,USA
Doron Lamb,USA
Donatas Motiejunas,Lithuania
Brian Roberts,USA
Brook Lopez,USA
Byron Mullens,USA
C.J. Watson,USA
CJ Miles,USA
Carl Landry,USA
Carlos Boozer,USA
Carlos Delfino,Argentina
Carmelo Anthony,USA
Caron Butler,USA
Cartier Martin,USA
Brendan Haywood,USA
Chandler Parsons,USA
Charlie Villanueva,USA
Chase Budinger,USA
Chauncey Billups,USA
Chris Andersen,USA
Chris Bosh,USA
Chris Copeland,USA
Chris Douglas-Roberts,USA
Chris Duhon,USA
Chris Johnson,USA
Chris Johnson,USA
Chris Kaman,USA
Charles Jenkins,USA
Chris Paul,USA
Brandon Rush,USA
Brandon Knight,USA
Andrew Nicholson,Canada
Andris Biedrins,Latvia
Antawn Jamison,USA
Anthony Davis,USA
Anthony Morrow,USA
Anthony Randolph,USA
Anthony Tolliver,USA
Arnett Moultrie,USA
Aron Baynes,Australia
Arron Afflalo,USA
Austin Daye,USA
Brandon Roy,USA
Austin Rivers,USA
Ben Gordon,USA
Ben Hansbrough,USA
Beno Udrih,Slovenia
Bernard James,USA
Bismack Biyombo,Democratic Republic of the Congo
Blake Griffin,USA
Boris Diaw,France
Bradley Beal,USA
Brandan Wright,USA
Brandon Bass,USA
Brandon Jennings,USA
Avery Bradley,USA
Dorell Wright,USA
Chris Quinn,USA
Chris Wilcox,USA
David Lee,USA
David West,USA
DeAndre Jordan,USA
DeAndre Liggins,USA
DeJuan Blair,USA
DeMar DeRozan,USA
DeMarcus Cousins,USA
DeMarre Carroll,USA
DeQuan Jones,USA
DeSagana Diop,Senegal
DeShawn Stevenson,USA
Darren Collison,USA
Derek Fisher,USA
Derrick Favors,USA
Derrick Williams,USA
Devin Ebanks,USA
Devin Harris,USA
Dexter Pittman,USA
Diante Garrett,USA
Dion Waiters,USA
Dirk Nowitzki,Germany
Dominic McGuire,USA
Dominique Jones,USA
Donald Sloan,USA
Deron Williams,USA
Chris Singleton,USA
Darrell Arthur,USA
Darius Morris,USA
Chris Wright,USA
Chuck Hayes,USA
Cole Aldrich,USA
Corey Brewer,USA
Corey Maggette,USA
Cory Higgins,USA
Cory Joseph,Canada
Courtney Lee,USA
D.J. Augustin,USA
DJ White,USA
DaJuan Summers,USA
Darko Milicic,Serbia
Daequan Cook,USA
Damian Lillard,USA
Damien Wilkins,USA
Damion James,USA
Daniel Gibson,USA
Daniel Orton,USA
Danilo Gallinari,Italy
Danny Granger,USA
Danny Green,USA
Dante Cunningham,USA
Darius Johnson-Odom,USA
Darius Miller,USA
Dahntay Jones,USA
Patrick Beverley,USA
Pablo Prigioni,Argentina
PJ Tucker,USA
Jeremy Lin,USA
Jeremy Lamb,USA
Jeremy Evans,USA
Jeffery Taylor,Sweden
Jeff Teague,USA
Jeff Green,USA
Jeff Ayres,USA
Jeff Adrien,USA
Jason Thompson,USA
Jason Terry,USA
Jason Smith,USA
Jeremy Pargo,USA
Jason Richardson,USA
Jason Kidd,USA
Jason Collins,USA
Jarvis Varnado,USA
Jarrett Jack,USA
Jared Sullinger,USA
Jared Jeffries,USA
Jared Dudley,USA
Jared Cunningham,USA
Jannero Pargo,USA
Jan Vesely,Czech Republic
James White,USA
Jason Maxiell,USA
James Jones,USA
Jeremy Tyler,USA
Jerry Stackhouse,USA
Josh Childress,USA
Josh Akognon,USA
Jose Calderon,Spain
Jordan Hill,USA
Jordan Hamilton,USA
Jordan Crawford,USA
Jonas Valanciunas,Lithuania
Jonas Jerebko,Sweden
Jon Leuer,USA
John Wall,USA
John Salmons,USA
Jermaine O'Neal,USA
John Lucas III,USA
John Henson,USA
Johan Petro,France
Joel Przybilla,USA
Joel Freeland,Great Britain
Joel Anthony,Canada
Joe Johnson,USA
Jodie Meeks,USA
Joakim Noah,USA
Jimmy Butler,USA
Jimmer Fredette,USA
Jerryd Bayless,USA
John Jenkins,USA
Josh Harrellson,USA
James Johnson,USA
James Anderson,USA
Glen Davis,USA
Gerald Wallace,USA
Gerald Henderson,USA
Gerald Green,USA
George Hill,USA
Gary Neal,USA
Garrett Temple,USA
Francisco Garcia,Dominican Republic
Festus Ezeli,Nigeria
Fab Melo,Brazil
Evan Turner,USA
Goran Dragic,Slovenia
Evan Fournier,France
Eric Maynor,USA
Eric Gordon,USA
Eric Bledsoe,USA
Enes Kanter,Turkey
Emeka Okafor,USA
Elton Brand,USA
Ekpe Udoh,USA
Eddy Curry,USA
Ed Davis,USA
Earl Watson,USA
Earl Clark,USA
Ersan Ilyasova,Turkey
James Harden,USA
Gordon Hayward,USA
Greg Monroe,USA
Jameer Nelson,USA
Jamal Crawford,USA
Jamaal Tinsley,USA
Jae Crowder,USA
JaVale McGee,USA
JR Smith,USA
JJ Redick,USA
JJ Hickson,USA
J.J. Barea,Puerto Rico
Ivan Johnson,USA
Ish Smith,USA
Grant Hill,USA
Isaiah Thomas,USA
Ian Mahinmi,France
Henry Sims,USA
Hedo Turkoglu,Turkey
Hasheem Thabeet,Tanzania
Harrison Barnes,USA
Hamed Haddadi,Iran
Hakim Warrick,USA
Gustavo Ayon,Mexico
Greivis Vasquez,Venezuela
Greg Stiemsma,USA
Greg Smith,USA
Iman Shumpert,USA
Josh Howard,USA
Josh McRoberts,USA
Josh Selby,USA
Meyers Leonard,USA
Metta World Peace,USA
Maurice Harkless,USA
Matt Carroll,USA
Matt Bonner,USA
Matt Barnes,USA
Marvin Williams,USA
Martell Webster,USA
Marreese Speights,USA
Marquis Teague,USA
Marquis Daniels,USA
Michael Beasley,USA
Markieff Morris,USA
Marcus Thornton,USA
Marcus Morris,USA
Marcus Camby,USA
Marco Belinelli,Italy
Marcin Gortat,Poland
Marc Gasol,Spain
MarShon Brooks,USA
Manu Ginobili,Argentina
Malcolm Thomas,USA
Malcolm Lee,USA
Maalik Wayns,USA
Mario Chalmers,USA
Luol Deng,United Kingdom
Michael Kidd-Gilchrist,USA
Mickael Pietrus,France
Orlando Johnson,USA
Omri Casspi,Israel
Omer Asik,Turkey
O.J. Mayo,USA
Norris Cole,USA
Nolan Smith,USA
Nikola Vucevic,Montenegro
Nikola Pekovic,Montenegro
Nicolas Batum,France
Nick Young,USA
Nick Collison,USA
Mickael Gelabale,USA
Nene,Brazil
Nate Robinson,USA
Nando De Colo,France
Monta Ellis,USA
Mo Williams,USA
Mirza Teletovic,Bosnia
Miles Plumlee,USA
Mike Scott,USA
Mike Miller,USA
Mike James,USA
Mike Dunleavy,USA
Mike Conley,USA
Nazr Mohammed,USA
Luke Zeller,USA
Luke Walton,USA
Luke Ridnour,USA
Kim English,USA
Khris Middleton,USA
Keyon Dooling,USA
Kevin Seraphin,France
Kevin Murphy,USA
Kevin Martin,USA
Kevin Love,USA
Kevin Jones,USA
Kevin Garnett,USA
Kevin Durant,USA
Kenyon Martin,USA
Kirk Hinrich,USA
Kent Bazemore,USA
Kendrick Perkins,USA
Kendall Marshall,USA
Kemba Walker,USA
Keith Bogans,USA
Kawhi Leonard,USA
Juwan Howard,USA
Justin Holiday,USA
Justin Dentmon,USA
Julyan Stone,USA
Jrue Holiday,USA
Josh Smith,USA
Kenneth Faried,USA
Klay Thompson,USA
Kobe Bryant,USA
Kosta Koufos,USA
Luke Babbitt,USA
Luis Scola,Argentina
Luc Mbah a Moute,Cameroon
Lou Williams,USA
Lou Amundson,USA
Linas Kleiza,Lithuania
Leandro Barbosa,Brazil
LeBron James,USA
Lazar Hayward,USA
Lavoy Allen,USA
Larry Sanders,USA
Landry Fields,USA
Lance Thomas,USA
Lance Stephenson,USA
Lamar Odom,USA
LaMarcus Aldridge,USA
Kyrie Irving,Australia
Kyle Singler,USA
Kyle O'Quinn,USA
Kyle Lowry,USA
Kyle Korver,USA
Kwame Brown,USA
Kurt Thomas,USA
Kris Joseph,USA
Kris Humphries,USA
Andrew Goudelock,USA
Andrew Bogut,Australia
Randy Foye,USA
Al Jefferson,USA
Andrei Kirilenko,Russia
Andrea Bargnani,Italy
Andre Miller,USA
Andre Drummond,USA
Andray Blatche,USA
Anderson Varejao,Brazil
Amir Johnson,USA
Amar'e Stoudemire,USA
Andre Iguodala,USA
Alexey Shved,Russia
Alec Burks,USA
Alan Anderson,USA
Al-Farouq Aminu,USA
E'Twaun Moore,USA
Al Horford,Dominican Republic
Al Harrington,USA
Aaron Gray,USA
Alonzo Gee,USA
Hedo Turkoglu,Turkey
Hasheem Thabeet,Tanzania
Harrison Barnes,USA
Hamady Ndiaye,Senegal
Gustavo Ayon,Mexico
Greg Oden,USA
Greg Stiemsma,USA
Greg Smith,USA
Greg Monroe,USA
Henry Sims,USA
Greivis Vasquez,Venezuela
Hilton Armstrong,USA
JJ Redick,USA
Ian Clark,USA
Ian Mahinmi,France
Iman Shumpert,USA
Isaiah Canaan,USA
Isaiah Thomas,USA
Ish Smith,USA
J.J. Barea,Puerto Rico
JJ Hickson,USA
Gorgui Dieng,Senegal
JR Smith,USA
JaVale McGee,USA
Jae Crowder,USA
Hollis Thompson,USA
Gordon Hayward,USA
George Hill,USA
Glen Rice,USA
Earl Watson,USA
Ed Davis,USA
Ekpe Udoh,USA
Elias Harris,Germany
Elliot Williams,USA
Elton Brand,USA
Enes Kanter,Turkey
Eric Bledsoe,USA
Eric Gordon,USA
Eric Maynor,USA
Erik Murphy,USA
Ersan Ilyasova,Turkey
Evan Fournier,France
Evan Turner,USA
Francisco Garcia,Dominican Republic
Gal Mekel,Israel
Garrett Temple,USA
Gary Neal,USA
Jamaal Franklin,USA
Gerald Green,USA
Gerald Henderson,USA
Gerald Wallace,USA
Giannis Antetokounmpo,Greece
Gigi Datome,Italy
Glen Davis,USA
Goran Dragic,Slovenia
Jamaal Tinsley,USA
Jan Vesely,Czech Republic
Jameer Nelson,USA
Jerryd Bayless,USA
Jimmer Fredette,USA
Jimmy Butler,USA
Joakim Noah,USA
Jodie Meeks,USA
Joe Johnson,USA
Joel Anthony,Canada
Joel Freeland,Great Britain
John Henson,USA
John Jenkins,USA
John Lucas III,USA
John Salmons,USA
John Wall,USA
Jon Leuer,USA
Jonas Jerebko,Sweden
Jonas Valanciunas,Lithuania
Jordan Crawford,USA
Jordan Farmar,USA
Jordan Hamilton,USA
Jordan Hill,USA
Jorge Gutierrez,Mexico
Jose Calderon,Spain
Josh Childress,USA
Josh Harrellson,USA
Josh McRoberts,USA
Jermaine O'Neal,USA
Jamal Crawford,USA
Jeremy Tyler,USA
Jeremy Lamb,USA
James Anderson,USA
James Harden,USA
James Johnson,USA
James Jones,USA
James Nunnally,USA
James Southerland,USA
Earl Clark,USA
Jannero Pargo,USA
Jared Cunningham,USA
Jared Dudley,USA
Jared Sullinger,USA
Jarrett Jack,USA
Jarvis Varnado,USA
Jason Collins,USA
Jason Maxiell,USA
Jason Smith,USA
Jason Terry,USA
Jason Thompson,USA
Jeff Adrien,USA
Jeff Ayres,USA
Jeff Green,USA
Jeff Teague,USA
Jeff Withey,USA
Jeffery Taylor,Sweden
Jeremy Evans,USA
Jeremy Lin,USA
E'Twaun Moore,USA
Donald Sloan,USA
Dwight Howard,USA
Brandan Wright,USA
Brandon Bass,USA
Brandon Davies,USA
Brandon Jennings,USA
Brandon Knight,USA
Brandon Rush,USA
Brian Roberts,USA
Brook Lopez,USA
Byron Mullens,USA
C.J. Watson,USA
CJ McCollum,USA
CJ Miles,USA
Carl Landry,USA
Carlos Boozer,USA
Carmelo Anthony,USA
Caron Butler,USA
Carrick Felix,USA
Cartier Martin,USA
Casper Ware,USA
Chandler Parsons,USA
Channing Frye,USA
Charlie Villanueva,USA
Chase Budinger,USA
Chauncey Billups,USA
Chris Andersen,USA
Bradley Beal,USA
Chris Babb,USA
Boris Diaw,France
Bismack Biyombo,Democratic Republic of the Congo
Andre Miller,USA
Andre Roberson,USA
Andrea Bargnani,Italy
Andrei Kirilenko,Russia
Andrew Bogut,Australia
Andrew Bynum,USA
Andrew Nicholson,Canada
Andris Biedrins,Latvia
Antawn Jamison,USA
Anthony Bennett,Canada
Anthony Davis,USA
Anthony Morrow,USA
Anthony Tolliver,USA
Archie Goodwin,USA
Arinze Onuaku,USA
Arnett Moultrie,USA
Aron Baynes,Australia
Arron Afflalo,USA
Austin Daye,USA
Austin Rivers,USA
Avery Bradley,USA
Ben Gordon,USA
Ben McLemore,USA
Beno Udrih,Slovenia
Bernard James,USA
Blake Griffin,USA
Dwyane Wade,USA
Chris Bosh,USA
Chris Douglas-Roberts,USA
DeAndre Liggins,USA
DeJuan Blair,USA
DeMar DeRozan,USA
DeMarcus Cousins,USA
DeMarre Carroll,USA
Dennis Schroder,Germany
Derek Fisher,USA
Deron Williams,USA
Derrick Favors,USA
Derrick Rose,USA
Derrick Williams,USA
Devin Harris,USA
Dewayne Dedmon,USA
Dexter Pittman,USA
Diante Garrett,USA
Dion Waiters,USA
Dionte Christmas,USA
Dirk Nowitzki,Germany
Josh Powell,USA
Donatas Motiejunas,Lithuania
Dorell Wright,USA
Doron Lamb,USA
Draymond Green,USA
Drew Gooden,USA
Dwight Buycks,USA
DeAndre Jordan,USA
Chris Copeland,USA
David West,USA
Darren Collison,USA
Chris Johnson,USA
Chris Kaman,USA
Chris Paul,USA
Chris Singleton,USA
Chris Smith,USA
Chris Wright,USA
Chuck Hayes,USA
Cody Zeller,USA
Cole Aldrich,USA
Corey Brewer,USA
Cory Joseph,Canada
Courtney Lee,USA
D.J. Augustin,USA
DJ Stephens,USA
DJ White,USA
Damian Lillard,USA
Damion James,USA
Daniel Orton,USA
Danny Granger,USA
Danny Green,USA
Dante Cunningham,USA
Darius Johnson-Odom,USA
Darius Miller,USA
Darius Morris,USA
Darrell Arthur,USA
David Lee,USA
Josh Smith,USA
Kendrick Perkins,USA
Julyan Stone,USA
Royce White,USA
Rudy Gay,USA
Rudy Gobert,France
Russell Westbrook,USA
Ryan Anderson,USA
Ryan Gomes,USA
Ryan Hollins,USA
Ryan Kelly,USA
Samuel Dalembert,Haiti
Sasha Vujacic,Slovenia
Scotty Hopson,USA
Serge Ibaka,Democratic Republic of the Congo
Sergey Karasev,Russia
Seth Curry,USA
Shabazz Muhammad,USA
Shane Battier,USA
Shane Edwards,USA
Shane Larkin,USA
Shannon Brown,USA
Shaun Livingston,USA
Shavlik Randolph,USA
Shawn Marion,USA
Shawne Williams,USA
Shelvin Mack,USA
Solomon Hill,USA
Royal Ivey,USA
Solomon Jones,USA
Roy Hibbert,USA
Ronnie Price,USA
Quincy Acy,USA
Quincy Miller,USA
Quincy Pondexter,USA
Rajon Rondo,USA
Ramon Sessions,USA
Randy Foye,USA
Rashard Lewis,USA
Rasual Butler,USA
Ray Allen,USA
Ray McCallum,USA
Raymond Felton,USA
Reggie Bullock,USA
Reggie Evans,USA
Reggie Jackson,USA
Reggie Williams,USA
Richard Jefferson,USA
Ricky Ledo,USA
Ricky Rubio,Spain
Robbie Hummel,USA
Robert Covington,USA
Robert Sacre,Canada
Robin Lopez,USA
Rodney Stuckey,USA
Roger Mason Jr.,USA
Ronnie Brewer,USA
Ronny Turiaf,France
Phil Pressey,USA
Spencer Hawes,USA
Stephen Jackson,USA
Tristan Thompson,Canada
Troy Daniels,USA
Ty Lawson,USA
Tyler Hansbrough,USA
Tyler Zeller,USA
Tyreke Evans,USA
Tyshawn Taylor,USA
Tyson Chandler,USA
Udonis Haslem,USA
Vander Blue,USA
Viacheslav Kravtsov,Ukraine
Victor Claver,Spain
Victor Oladipo,USA
Vince Carter,USA
Vitor Faverani,Brazil
Wayne Ellington,USA
Wesley Johnson,USA
Wesley Matthews,USA
Will Barton,USA
Will Bynum,USA
Willie Green,USA
Wilson Chandler,USA
Xavier Henry,USA
Zach Randolph,USA
Zaza Pachulia,Georgia
Trey Burke,USA
Stephen Curry,USA
Trevor Booker,USA
Travis Outlaw,USA
Steve Blake,USA
Steve Nash,Canada
Steve Novak,USA
Steven Adams,New Zealand
Taj Gibson,USA
Tayshaun Prince,USA
Terrence Jones,USA
Terrence Ross,USA
Thabo Sefolosha,Switzerland
Thaddeus Young,USA
Thomas Robinson,USA
Tiago Splitter,Brazil
Tim Duncan,US Virgin Islands
Tim Hardaway Jr.,USA
Timofey Mozgov,Russia
Tobias Harris,USA
Toney Douglas,USA
Tony Allen,USA
Tony Mitchell,USA
Tony Mitchell,USA
Tony Parker,France
Tony Snell,USA
Tony Wroten,USA
Tornike Shengelia,Georgia
Toure' Murry,USA
Trevor Ariza,USA
Jrue Holiday,USA
Peyton Siva,USA
Pero Antic,Macedonia
Lance Thomas,USA
Landry Fields,USA
Larry Sanders,USA
Lavoy Allen,USA
LeBron James,USA
Leandro Barbosa,Brazil
Lorenzo Brown,USA
Lou Amundson,USA
Lou Williams,USA
Luc Mbah a Moute,Cameroon
Luis Scola,Argentina
Luke Babbitt,USA
Luke Ridnour,USA
Luol Deng,United Kingdom
Maalik Wayns,USA
Malcolm Thomas,USA
Manny Harris,USA
Manu Ginobili,Argentina
MarShon Brooks,USA
Marc Gasol,Spain
Marcin Gortat,Poland
Marco Belinelli,Italy
Marcus Morris,USA
Marcus Thornton,USA
Mario Chalmers,USA
Lance Stephenson,USA
Markieff Morris,USA
LaMarcus Aldridge,USA
Kyle Singler,USA
Justin Hamilton,USA
Kawhi Leonard,USA
Keith Bogans,USA
Kelly Olynyk,Canada
Kemba Walker,USA
Kendall Marshall,USA
Andre Iguodala,USA
Kenneth Faried,USA
Kent Bazemore,USA
Kentavious Caldwell-Pope,USA
Kenyon Martin,USA
Kevin Durant,USA
Kevin Garnett,USA
Kevin Love,USA
Kevin Martin,USA
Kevin Seraphin,France
Khris Middleton,USA
Kirk Hinrich,USA
Klay Thompson,USA
Kobe Bryant,USA
Kosta Koufos,USA
Kris Humphries,USA
Kyle Korver,USA
Kyle Lowry,USA
Kyle O'Quinn,USA
Kyrie Irving,Australia
Perry Jones III,USA
Marquis Teague,USA
Martell Webster,USA
Nemanja Nedovic,Serbia
Nene,Brazil
Nick Calathes,USA
Nick Collison,USA
Nick Young,USA
Nicolas Batum,France
Nikola Pekovic,Montenegro
Nikola Vucevic,Montenegro
Norris Cole,USA
O.J. Mayo,USA
Ognjen Kuzmic,Bosnia
Omer Asik,Turkey
Omri Casspi,Israel
Orlando Johnson,USA
Othyus Jeffers,USA
Otto Porter Jr.,USA
PJ Tucker,USA
Pablo Prigioni,Argentina
Patrick Beverley,USA
Patrick Patterson,USA
Patty Mills,Australia
Pau Gasol,Spain
Paul George,USA
Paul Millsap,USA
Paul Pierce,USA
Nazr Mohammed,USA
Marreese Speights,USA
Nate Wolters,USA
Nando De Colo,France
Marvin Williams,USA
Mason Plumlee,USA
Matt Barnes,USA
Matt Bonner,USA
Matthew Dellavedova,Australia
Maurice Harkless,USA
Melvin Ely,USA
Metta World Peace,USA
Meyers Leonard,USA
Michael Beasley,USA
Michael Carter-Williams,USA
Michael Kidd-Gilchrist,USA
Mike Conley,USA
Mike Dunleavy,USA
Mike Harris,USA
Mike James,USA
Mike Miller,USA
Mike Muscala,USA
Mike Scott,USA
Miles Plumlee,USA
Miroslav Raduljica,Serbia
Mirza Teletovic,Bosnia
Mo Williams,USA
Monta Ellis,USA
Mustafa Shakur,USA
Nate Robinson,USA
Andre Drummond,USA
Anthony Randolph,USA
Anderson Varejao,Brazil
Andray Blatche,USA
AJ Price,USA
Aaron Brooks,USA
Aaron Gray,USA
Al Harrington,USA
Al Horford,Dominican Republic
Al Jefferson,USA
Al-Farouq Aminu,USA
Adonis Thomas,USA
Alec Burks,USA
Alex Len,Ukraine
Alexey Shved,Russia
Alexis Ajinca,France
Allen Crabbe,USA
Alonzo Gee,USA
Amar'e Stoudemire,USA
Alan Anderson,USA
Amir Johnson,USA
Patrick Patterson,USA
Patty Mills,Australia
Pau Gasol,Spain
Paul George,USA
Paul Millsap,USA
Phil Pressey,USA
Pero Antic,Macedonia
Perry Jones III,USA
Quincy Acy,USA
Patrick Christopher,USA
Quincy Miller,USA
Paul Pierce,USA
Patrick Beverley,USA
O.J. Mayo,USA
PJ Tucker,USA
PJ Hairston,USA
Otto Porter Jr.,USA
Omri Casspi,Israel
Omer Asik,Turkey
Ognjen Kuzmic,Bosnia
Quincy Pondexter,USA
Norris Cole,USA
Noah Vonleh,USA
Nikola Vucevic,Montenegro
Nikola Pekovic,Montenegro
Nikola Mirotic,Montenegro
Pablo Prigioni,Argentina
Rajon Rondo,USA
Richard Jefferson,USA
Randy Foye,USA
Samuel Dalembert,Haiti
Ryan Kelly,USA
Ryan Hollins,USA
Ryan Anderson,USA
Russell Westbrook,USA
Russ Smith,USA
Rudy Gobert,France
Rudy Gay,USA
Roy Hibbert,USA
Ronny Turiaf,France
Ronnie Price,USA
Rodney Stuckey,USA
Rodney Hood,USA
Robin Lopez,USA
Robert Sacre,Canada
Robert Covington,USA
Robbie Hummel,USA
Ricky Rubio,Spain
Ricky Ledo,USA
Nik Stauskas,Canada
Reggie Williams,USA
Reggie Jackson,USA
Reggie Evans,USA
Reggie Bullock,USA
Raymond Felton,USA
Ray McCallum,USA
Rasual Butler,USA
Ramon Sessions,USA
Nicolas Batum,France
Monta Ellis,USA
Nick Johnson,USA
Markel Brown,USA
Mario Chalmers,USA
Marcus Thornton,USA
Marcus Smart,USA
Marcus Morris,USA
Marco Belinelli,Italy
Marcin Gortat,Poland
Marc Gasol,Spain
Manu Ginobili,Argentina
Malcolm Thomas,USA
Malcolm Lee,USA
Luol Deng,United Kingdom
Luke Ridnour,USA
Luke Babbitt,USA
Luis Scola,Argentina
Lucas Nogueira,Brazil
Luc Mbah a Moute,Cameroon
Lou Williams,USA
Lou Amundson,USA
Lorenzo Brown,USA
Lester Hudson,USA
Leandro Barbosa,Brazil
LeBron James,USA
Lavoy Allen,USA
Larry Sanders,USA
Larry Drew II,USA
Langston Galloway,USA
Markieff Morris,USA
Nick Young,USA
Marreese Speights,USA
Marvin Williams,USA
Nick Collison,USA
Nick Calathes,USA
Nerlens Noel,USA
Nene,Brazil
Nazr Mohammed,USA
Nate Wolters,USA
Nate Robinson,USA
Sean Kilpatrick,USA
Mo Williams,USA
Mitch McGary,USA
Mirza Teletovic,Bosnia
Miroslav Raduljica,Serbia
Miles Plumlee,USA
Mike Scott,USA
Mike Muscala,USA
Mike Miller,USA
Mike Dunleavy,USA
Mike Conley,USA
Michael Kidd-Gilchrist,USA
Michael Carter-Williams,USA
Michael Beasley,USA
Meyers Leonard,USA
Maurice Harkless,USA
Matthew Dellavedova,Australia
Matt Bonner,USA
Matt Barnes,USA
Mason Plumlee,USA
Martell Webster,USA
Sebastian Telfair,USA
Shavlik Randolph,USA
Sergey Karasev,Russia
Arron Afflalo,USA
Austin Daye,USA
Austin Rivers,USA
Avery Bradley,USA
Ben Gordon,USA
Ben McLemore,USA
Beno Udrih,Slovenia
Bernard James,USA
Bismack Biyombo,Democratic Republic of the Congo
Blake Griffin,USA
Bojan Bogdanovic,Croatia
Boris Diaw,France
Bradley Beal,USA
Brandan Wright,USA
Brandon Bass,USA
Tyreke Evans,USA
Tyrus Thomas,USA
Tyson Chandler,USA
Udonis Haslem,USA
Vander Blue,USA
Andre Miller,USA
Andre Iguodala,USA
Andre Drummond,USA
Andre Dawkins,USA
Anderson Varejao,Brazil
Amir Johnson,USA
Amar'e Stoudemire,USA
Aron Baynes,Australia
Alonzo Gee,USA
Arinze Onuaku,USA
Anthony Tolliver,USA
Tobias Harris,USA
Toney Douglas,USA
Tony Allen,USA
Tony Parker,France
Tony Snell,USA
Tony Wroten,USA
Toure' Murry,USA
Travis Wear,USA
Trevor Ariza,USA
Trevor Booker,USA
Trey Burke,USA
Tristan Thompson,Canada
Troy Daniels,USA
Ty Lawson,USA
Tyler Ennis,Canada
Tyler Hansbrough,USA
Tyler Johnson,USA
Tyler Zeller,USA
Andre Roberson,USA
Andrea Bargnani,Italy
Andrei Kirilenko,Russia
Andrew Bogut,Australia
Andrew Nicholson,Canada
Andrew Wiggins,Canada
Anthony Bennett,Canada
Anthony Davis,USA
Anthony Morrow,USA
Archie Goodwin,USA
Serge Ibaka,Democratic Republic of the Congo
Allen Crabbe,USA
Alexey Shved,Russia
Thaddeus Young,USA
Thabo Sefolosha,Switzerland
Terrence Ross,USA
Terrence Jones,USA
Tayshaun Prince,USA
Tarik Black,USA
Taj Gibson,USA
TJ Warren,USA
Steven Adams,New Zealand
Steve Novak,USA
Steve Blake,USA
Stephen Curry,USA
Spencer Hawes,USA
Spencer Dinwiddie,USA
Solomon Hill,USA
Sim Bhullar,Canada
Shelvin Mack,USA
Shayne Whittington,USA
Shawne Williams,USA
Shawn Marion,USA
Landry Fields,USA
Shaun Livingston,USA
Shannon Brown,USA
Shane Larkin,USA
Shabazz Napier,USA
Shabazz Muhammad,USA
Seth Curry,USA
Thomas Robinson,USA
Alexis Ajinca,France
Tiago Splitter,Brazil
Tim Frazier,USA
Alex Len,Ukraine
Alex Kirk,USA
Alec Burks,USA
Alan Anderson,USA
Al-Farouq Aminu,USA
Al Jefferson,USA
Al Horford,Dominican Republic
Adreian Payne,USA
Aaron Gordon,USA
Aaron Brooks,USA
AJ Price,USA
Victor Claver,Spain
Victor Oladipo,USA
Vince Carter,USA
Wayne Ellington,USA
Wesley Johnson,USA
Wesley Matthews,USA
Will Barton,USA
Will Bynum,USA
Will Cherry,USA
Willie Green,USA
Wilson Chandler,USA
Xavier Henry,USA
Zach LaVine,USA
Zach Randolph,USA
Zaza Pachulia,Georgia
Zoran Dragic,Slovenia
Tim Duncan,US Virgin Islands
Lance Thomas,USA
Kris Humphries,USA
LaMarcus Aldridge,USA
Ekpe Udoh,USA
Ed Davis,USA
Earl Clark,USA
Earl Barron,USA
E'Twaun Moore,USA
Dwyane Wade,USA
Dwight Powell,Canada
Dwight Howard,USA
Dwight Buycks,USA
Drew Gordon,USA
Drew Gooden,USA
Draymond Green,USA
Elfrid Payton,USA
Doug McDermott,USA
Donatas Motiejunas,Lithuania
Donald Sloan,USA
Dirk Nowitzki,Germany
Dion Waiters,USA
Dewayne Dedmon,USA
Devyn Marble,USA
Devin Harris,USA
Derrick Williams,USA
Derrick Rose,USA
Derrick Favors,USA
Deron Williams,USA
Dennis Schroder,Germany
Dorell Wright,USA
Elijah Millsap,USA
Elliot Williams,USA
Elton Brand,USA
Gorgui Dieng,Senegal
Gordon Hayward,USA
Goran Dragic,Slovenia
Glenn Robinson III,USA
Glen Rice,USA
Glen Davis,USA
Gigi Datome,Italy
Giannis Antetokounmpo,Greece
Gerald Wallace,USA
Gerald Henderson,USA
Gerald Green,USA
George Hill,USA
Gary Neal,USA
Gary Harris,USA
Garrett Temple,USA
Gal Mekel,Israel
Furkan Aldemir,Turkey
Francisco Garcia,Dominican Republic
Festus Ezeli,Nigeria
Evan Turner,USA
Evan Fournier,France
Ersan Ilyasova,Turkey
Erick Green,USA
Eric Moreland,USA
Eric Gordon,USA
Eric Bledsoe,USA
Enes Kanter,Turkey
DeMarre Carroll,USA
DeMarcus Cousins,USA
DeMar DeRozan,USA
DeJuan Blair,USA
Chris Copeland,USA
Chris Bosh,USA
Chris Andersen,USA
Chase Budinger,USA
Charlie Villanueva,USA
Channing Frye,USA
Chandler Parsons,USA
Cartier Martin,USA
Caron Butler,USA
Carmelo Anthony,USA
Carlos Boozer,USA
Carl Landry,USA
Cameron Bairstow,Australia
CJ Wilcox,USA
CJ Miles,USA
CJ McCollum,USA
C.J. Watson,USA
Bryce Cotton,USA
Bruno Caboclo,Brazil
Brook Lopez,USA
Brian Roberts,USA
Brendan Haywood,USA
Brandon Rush,USA
Brandon Knight,USA
Brandon Jennings,USA
Brandon Davies,USA
Tim Hardaway Jr.,USA
Chris Douglas-Roberts,USA
Grant Jerrett,USA
Chris Johnson,USA
Chris Paul,USA
DeAndre Jordan,USA
David West,USA
David Wear,USA
David Stockton,USA
David Lee,USA
Darren Collison,USA
Darrell Arthur,USA
Darius Morris,USA
Darius Miller,USA
Dante Exum,Australia
Dante Cunningham,USA
Danny Green,USA
Danny Granger,USA
Danilo Gallinari,Italy
Damjan Rudez,Croatia
Damian Lillard,USA
Dahntay Jones,USA
D.J. Augustin,USA
Courtney Lee,USA
Cory Joseph,Canada
Cory Jefferson,USA
Corey Brewer,USA
Cole Aldrich,USA
Cody Zeller,USA
Clint Capela,Switzerland
Cleanthony Early,USA
Chuck Hayes,USA
Chris Kaman,USA
Greg Monroe,USA
Greg Smith,USA
Greg Stiemsma,USA
Julius Randle,USA
Jrue Holiday,USA
Josh Smith,USA
Josh McRoberts,USA
Jose Calderon,Spain
Jorge Gutierrez,Mexico
Jordan Hill,USA
Jordan Hamilton,USA
Jordan Farmar,USA
Jordan Clarkson,USA
Jordan Adams,USA
Jonas Valanciunas,Lithuania
Jonas Jerebko,Sweden
Jon Leuer,USA
Johnny O'Bryant III,USA
John Wall,USA
John Salmons,USA
John Lucas III,USA
John Jenkins,USA
John Henson,USA
Joffrey Lauvergne,France
Joey Dorsey,USA
Joel Freeland,Great Britain
Joel Anthony,Canada
Joe Johnson,USA
Joe Ingles,Australia
Joe Harris,USA
Justin Hamilton,USA
Jodie Meeks,USA
Justin Holiday,USA
KJ McDaniels,USA
Kyrie Irving,Australia
Kyle Singler,USA
Kyle O'Quinn,USA
Kyle Lowry,USA
Kyle Korver,USA
Kyle Anderson,USA
Kostas Papanikolaou,Greece
Kosta Koufos,USA
Kobe Bryant,USA
Klay Thompson,USA
Kirk Hinrich,USA
Khris Middleton,USA
Kevin Seraphin,France
Kevin Martin,USA
Kevin Love,USA
Kevin Garnett,USA
Kevin Durant,USA
Kenyon Martin,USA
Kentavious Caldwell-Pope,USA
Kent Bazemore,USA
Kenneth Faried,USA
Kendrick Perkins,USA
Kendall Marshall,USA
Kemba Walker,USA
Kelly Olynyk,Canada
Kawhi Leonard,USA
Kalin Lucas,USA
Jusuf Nurkic,Bosnia & Herzegovina
Lance Stephenson,USA
Joakim Noah,USA
Jimmer Fredette,USA
Jameer Nelson,USA
Jamal Crawford,USA
Jamaal Franklin,USA
Jae Crowder,USA
Jack Cooley,USA
Jabari Parker,USA
Jabari Brown,USA
JaVale McGee,USA
JaMychal Green,USA
JaKarr Sampson,USA
JR Smith,USA
JJ Redick,USA
JJ Hickson,USA
J.J. Barea,Puerto Rico
Ish Smith,USA
Isaiah Thomas,USA
Isaiah Canaan,USA
Iman Shumpert,USA
Ian Mahinmi,France
Ian Clark,USA
Hollis Thompson,USA
Henry Walker,USA
Henry Sims,USA
Hedo Turkoglu,Turkey
Hassan Whiteside,USA
Harrison Barnes,USA
Greivis Vasquez,Venezuela
James Ennis III,USA
Jimmy Butler,USA
James Harden,USA
James Jones,USA
Jerryd Bayless,USA
Jerrelle Benimon,USA
Jerome Jordan,Jamaica
Jeremy Lin,USA
Jeremy Lamb,USA
Jeremy Evans,USA
Jerel McNeal,USA
Jerami Grant,USA
Jeffery Taylor,Sweden
Jeff Withey,USA
Jeff Teague,USA
Jeff Green,USA
Jeff Ayres,USA
Jeff Adrien,USA
Jason Thompson,USA
Jason Terry,USA
Jason Smith,USA
Jason Richardson,USA
Jason Maxiell,USA
Jarrett Jack,USA
Jarnell Stokes,USA
Jared Sullinger,USA
Jared Dudley,USA
Jared Cunningham,USA
Jannero Pargo,USA
James Young,USA
James Michael McAdoo,USA
James Johnson,USA
Timofey Mozgov,Russia
Hollis Thompson,USA
Zach Randolph,USA
Garrett Temple,USA
Gary Harris,USA
Gary Neal,USA
George Hill,USA
Gerald Green,USA
Gerald Henderson,USA
Giannis Antetokounmpo,Greece
Glenn Robinson III,USA
Goran Dragic,Slovenia
Gordon Hayward,USA
Gorgui Dieng,Senegal
Greg Monroe,USA
Greg Smith,USA
Greivis Vasquez,Venezuela
Harrison Barnes,USA
Hassan Whiteside,USA
Henry Sims,USA
Zaza Pachulia,Georgia
Ian Clark,USA
Ian Mahinmi,France
Iman Shumpert,USA
Isaiah Canaan,USA
Isaiah Thomas,USA
Ish Smith,USA
J.J. Barea,Puerto Rico
Frank Kaminsky,USA
Festus Ezeli,Nigeria
Evan Turner,USA
Evan Fournier,France
Dewayne Dedmon,USA
Dion Waiters,USA
Dirk Nowitzki,Germany
Donald Sloan,USA
Donatas Motiejunas,Lithuania
Doug McDermott,USA
Draymond Green,USA
Drew Gooden,USA
Duje Dukan,Croatia
Dwight Howard,USA
Dwight Powell,Canada
Dwyane Wade,USA
JJ Hickson,USA
E'Twaun Moore,USA
Edy Tavares,Cabo Verde
Elfrid Payton,USA
Elijah Millsap,USA
Elliot Williams,USA
Elton Brand,USA
Emmanuel Mudiay,Democratic Republic of the Congo
Enes Kanter,Turkey
Eric Bledsoe,USA
Eric Gordon,USA
Eric Moreland,USA
Erick Green,USA
Ersan Ilyasova,Turkey
Ed Davis,USA
JJ O'Brien,USA
JJ Redick,USA
JR Smith,USA
Jeremy Evans,USA
Jeremy Lamb,USA
Jeremy Lin,USA
Jerian Grant,USA
Jerryd Bayless,USA
Jimmer Fredette,USA
Jimmy Butler,USA
Joakim Noah,USA
Jodie Meeks,USA
Joe Harris,USA
Joe Ingles,Australia
Joe Johnson,USA
Jerami Grant,USA
Joe Young,USA
Joffrey Lauvergne,France
John Henson,USA
John Jenkins,USA
John Wall,USA
Johnny O'Bryant III,USA
Jon Leuer,USA
Jonas Jerebko,Sweden
Jonas Valanciunas,Lithuania
Jonathon Simmons,USA
Jordan Adams,USA
Jordan Clarkson,USA
Jordan Farmar,USA
Joel Anthony,Canada
Devyn Marble,USA
Jeff Withey,USA
Jeff Green,USA
JaKarr Sampson,USA
JaMychal Green,USA
JaVale McGee,USA
Jabari Parker,USA
Jae Crowder,USA
Jahlil Okafor,USA
Jamal Crawford,USA
Jameer Nelson,USA
James Anderson,USA
James Ennis III,USA
James Harden,USA
James Johnson,USA
Jeff Teague,USA
James Jones,USA
James Young,USA
Jared Cunningham,USA
Jared Dudley,USA
Jared Sullinger,USA
Jarell Eddie,USA
Jarell Martin,USA
Jarnell Stokes,USA
Jarrett Jack,USA
Jason Smith,USA
Jason Terry,USA
Jason Thompson,USA
Jeff Ayres,USA
James Michael McAdoo,USA
Jordan Hamilton,USA
Devin Harris,USA
Derrick Rose,USA
Anthony Morrow,USA
Anthony Tolliver,USA
Archie Goodwin,USA
Aron Baynes,Australia
Arron Afflalo,USA
Austin Rivers,USA
Avery Bradley,USA
Axel Toupane,France
Ben McLemore,USA
Beno Udrih,Slovenia
Bismack Biyombo,Democratic Republic of the Congo
Blake Griffin,USA
Boban Marjanovic,Serbia
Bobby Portis,USA
Bojan Bogdanovic,Croatia
Boris Diaw,France
Bradley Beal,USA
Brandan Wright,USA
Branden Dawson,USA
Brandon Bass,USA
Brandon Jennings,USA
Brandon Knight,USA
Brandon Rush,USA
Brian Roberts,USA
Briante Weber,USA
Anthony Davis,USA
Anthony Brown,USA
Anthony Bennett,Canada
Andrew Wiggins,Canada
Aaron Brooks,USA
Aaron Gordon,USA
Aaron Harrison,USA
Adreian Payne,USA
Al Horford,Dominican Republic
Al Jefferson,USA
Al-Farouq Aminu,USA
Alan Anderson,USA
Alan Williams,USA
Alec Burks,USA
Alex Len,Ukraine
Alex Stepheson,USA
Brook Lopez,USA
Alexis Ajinca,France
Alonzo Gee,USA
Amar'e Stoudemire,USA
Amir Johnson,USA
Anderson Varejao,Brazil
Andre Drummond,USA
Andre Iguodala,USA
Andre Miller,USA
Andre Roberson,USA
Andrea Bargnani,Italy
Andrew Bogut,Australia
Andrew Goudelock,USA
Andrew Nicholson,Canada
Allen Crabbe,USA
Bruno Caboclo,Brazil
Bryce Cotton,USA
Bryce Dejean-Jones,USA
Coty Clarke,USA
Courtney Lee,USA
Cristiano Felicio,Brazil
D'Angelo Russell,USA
D.J. Augustin,USA
Dahntay Jones,USA
Damian Lillard,USA
Damien Inglis,France
Damjan Rudez,Croatia
Danilo Gallinari,Italy
Danny Green,USA
Dante Cunningham,USA
Cory Joseph,Canada
Darrell Arthur,USA
Darrun Hilliard,USA
David Lee,USA
David West,USA
DeAndre Jordan,USA
DeJuan Blair,USA
DeMar DeRozan,USA
DeMarcus Cousins,USA
DeMarre Carroll,USA
Delon Wright,USA
Dennis Schroder,Germany
Deron Williams,USA
Derrick Favors,USA
Darren Collison,USA
Devin Booker,USA
Cory Jefferson,USA
Cole Aldrich,USA
C.J. Watson,USA
CJ McCollum,USA
CJ Miles,USA
CJ Wilcox,USA
Cameron Bairstow,Australia
Cameron Payne,USA
Carl Landry,USA
Carmelo Anthony,USA
Caron Butler,USA
Chandler Parsons,USA
Channing Frye,USA
Charlie Villanueva,USA
Corey Brewer,USA
Chase Budinger,USA
Chris Bosh,USA
Chris Copeland,USA
Chris Johnson,USA
Chris Kaman,USA
Chris McCullough,USA
Chris Paul,USA
Christian Wood,USA
Chuck Hayes,USA
Cleanthony Early,USA
Cliff Alexander,USA
Clint Capela,Switzerland
Cody Zeller,USA
Chris Andersen,USA
Jordan Hill,USA
Derrick Williams,USA
Jordan Mickey,USA
Robin Lopez,USA
Rodney Hood,USA
Rodney Stuckey,USA
Rondae Hollis-Jefferson,USA
Ronnie Price,USA
Roy Hibbert,USA
Rudy Gay,USA
Rudy Gobert,France
Russ Smith,USA
Russell Westbrook,USA
Ryan Anderson,USA
Ryan Hollins,USA
Ryan Kelly,USA
Salah Mejri,Tunisia
Sam Dekker,USA
Sasha Kaun,Russia
Sasha Vujacic,Slovenia
Sean Kilpatrick,USA
Serge Ibaka,Democratic Republic of the Congo
Sergey Karasev,Russia
Seth Curry,USA
Shabazz Muhammad,USA
Shabazz Napier,USA
Shane Larkin,USA
Shaun Livingston,USA
Robert Sacre,Canada
Robert Covington,USA
Ricky Rubio,Spain
Richaun Holmes,USA
PJ Hairston,USA
PJ Tucker,USA
Pablo Prigioni,Argentina
Pat Connaughton,USA
Patrick Beverley,USA
Patrick Patterson,USA
Patty Mills,Australia
Pau Gasol,Spain
Paul George,USA
Paul Millsap,USA
Paul Pierce,USA
Phil Pressey,USA
Shayne Whittington,USA
Quincy Acy,USA
Rajon Rondo,USA
Rakeem Christmas,USA
Ramon Sessions,USA
Randy Foye,USA
Rashad Vaughn,USA
Rasual Butler,USA
Raul Neto,Brazil
Ray McCallum,USA
Raymond Felton,USA
Reggie Bullock,USA
Reggie Jackson,USA
Richard Jefferson,USA
RJ Hunter,USA
Solomon Hill,USA
Sonny Weems,USA
Spencer Dinwiddie,USA
Trevor Ariza,USA
Trevor Booker,USA
Trey Burke,USA
Trey Lyles,USA
Tristan Thompson,Canada
Troy Daniels,USA
Ty Lawson,USA
Tyler Ennis,Canada
Tyler Hansbrough,USA
Tyler Johnson,USA
Tyler Zeller,USA
Tyreke Evans,USA
Tony Wroten,USA
Tyson Chandler,USA
Udonis Haslem,USA
Victor Oladipo,USA
Vince Carter,USA
Wayne Ellington,USA
Wesley Johnson,USA
Wesley Matthews,USA
Will Barton,USA
Willie Cauley-Stein,USA
Willie Reed,USA
Xavier Munford,USA
Zach LaVine,USA
Jordan McRae,USA
Tyus Jones,USA
Otto Porter Jr.,USA
Tony Snell,USA
Tony Allen,USA
Spencer Hawes,USA
Stanley Johnson,USA
Stephen Curry,USA
Steve Blake,USA
Steve Novak,USA
Steven Adams,New Zealand
T.J. McConnell,USA
TJ Warren,USA
Taj Gibson,USA
Tarik Black,USA
Tayshaun Prince,USA
Terrence Jones,USA
Tony Parker,France
Terrence Ross,USA
Thabo Sefolosha,Switzerland
Thaddeus Young,USA
Thanasis Antetokounmpo,Greece
Thomas Robinson,USA
Tiago Splitter,Brazil
Tibor Pleiss,Germany
Tim Duncan,US Virgin Islands
Tim Frazier,USA
Tim Hardaway Jr.,USA
Timofey Mozgov,Russia
Tobias Harris,USA
Toney Douglas,USA
Terry Rozier,USA
Orlando Johnson,USA
Shelvin Mack,USA
Omer Asik,Turkey
Khris Middleton,USA
Kirk Hinrich,USA
Klay Thompson,USA
Kobe Bryant,USA
Kosta Koufos,USA
Kostas Papanikolaou,Greece
Kris Humphries,USA
Kristaps Porzingis,Latvia
Kyle Anderson,USA
Kyle Korver,USA
Kyle Lowry,USA
Kyle O'Quinn,USA
Kevin Seraphin,France
Kyle Singler,USA
LaMarcus Aldridge,USA
Lamar Patterson,USA
Lance Stephenson,USA
Lance Thomas,USA
Langston Galloway,USA
Larry Nance Jr.,USA
Lavoy Allen,USA
LeBron James,USA
Leandro Barbosa,Brazil
Lorenzo Brown,USA
Lou Amundson,USA
Lou Williams,USA
Kyrie Irving,Australia
Kevin Martin,USA
Kevin Love,USA
Kevin Garnett,USA
Jorge Gutierrez,Mexico
Omri Casspi,Israel
Jose Calderon,Spain
Josh Huestis,USA
Josh McRoberts,USA
Josh Richardson,USA
Josh Smith,USA
Jrue Holiday,USA
Julius Randle,USA
Justin Anderson,USA
Justin Harper,USA
Justin Holiday,USA
Justise Winslow,USA
Jusuf Nurkic,Bosnia & Herzegovina
KJ McDaniels,USA
Karl-Anthony Towns,USA
Kawhi Leonard,USA
Keith Appling,USA
Kelly Olynyk,Canada
Kelly Oubre Jr.,USA
Kemba Walker,USA
Kendall Marshall,USA
Kendrick Perkins,USA
Kenneth Faried,USA
Kent Bazemore,USA
Kentavious Caldwell-Pope,USA
Kevin Durant,USA
Luc Mbah a Moute,Cameroon
Lucas Nogueira,Brazil
Kevon Looney,USA
Luis Montero,Dominican Republic
Mike Miller,USA
Mike Muscala,USA
Mike Scott,USA
Miles Plumlee,USA
Mirza Teletovic,Bosnia
Mitch McGary,USA
Mo Williams,USA
Monta Ellis,USA
Montrezl Harrell,USA
Myles Turner,USA
Nate Robinson,USA
Nazr Mohammed,USA
Mike Dunleavy,USA
Nemanja Bjelica,Serbia
Nerlens Noel,USA
Nick Collison,USA
Nick Young,USA
Nicolas Batum,France
Nik Stauskas,Canada
Nikola Jokic,Serbia
Nikola Mirotic,Montenegro
Nikola Pekovic,Montenegro
Nikola Vucevic,Montenegro
Noah Vonleh,USA
Norman Powell,USA
Norris Cole,USA
Nene,Brazil
Mike Conley,USA
O.J. Mayo,USA
Marco Belinelli,Italy
Luis Scola,Argentina
Luke Babbitt,USA
Luol Deng,United Kingdom
Manu Ginobili,Argentina
Marc Gasol,Spain
Marcelo Huertas,Brazil
Marcin Gortat,Poland
Michael Kidd-Gilchrist,USA
Marcus Morris,USA
Marcus Smart,USA
Marcus Thornton,USA
Mario Hezonja,Croatia
Mario Chalmers,USA
Markieff Morris,USA
Michael Carter-Williams,USA
Michael Beasley,USA
Meyers Leonard,USA
Metta World Peace,USA
Markel Brown,USA
Matthew Dellavedova,Australia
Maurice Harkless,USA
Matt Barnes,USA
Mason Plumlee,USA
Marvin Williams,USA
Marreese Speights,USA
Matt Bonner,USA
Metta World Peace,USA
Matthew Dellavedova,Australia
Maurice Harkless,USA
Maurice Ndour,Senegal
Meyers Leonard,USA
Marc Gasol,Spain
Michael Carter-Williams,USA
Michael Gbinije,USA
Michael Kidd-Gilchrist,USA
Mike Conley,USA
Mike Dunleavy,USA
Michael Beasley,USA
Matt Barnes,USA
Marcelo Huertas,Brazil
Marvin Williams,USA
Marshall Plumlee,USA
Marreese Speights,USA
Marquese Chriss,USA
Markieff Morris,USA
Mario Hezonja,Croatia
Marcus Thornton,USA
Marcus Smart,USA
Marcus Morris,USA
Marcus Georges-Hunt,USA
Marco Belinelli,Italy
Marcin Gortat,Poland
Mike Miller,USA
Mason Plumlee,USA
Mike Muscala,USA
Nicolas Batum,France
Mike Tobey,USA
PJ Tucker,USA
Otto Porter Jr.,USA
Pascal Siakam,Cameroon
Omri Casspi,Israel
Omer Asik,Turkey
Okaro White,USA
Norris Cole,USA
Norman Powell,USA
Noah Vonleh,USA
Nikola Vucevic,Montenegro
Nikola Mirotic,Montenegro
Nikola Jokic,Serbia
Mike Scott,USA
Nik Stauskas,Canada
Nicolas Brussino,Argentina
Nick Young,USA
Nick Collison,USA
Nerlens Noel,USA
Nene,Brazil
Nemanja Bjelica,Serbia
Myles Turner,USA
Montrezl Harrell,USA
Monta Ellis,USA
Mirza Teletovic,Bosnia
Mindaugas Kuzminskas,Lithuania
Miles Plumlee,USA
Nicolas Laprovittola,Argentina
Manu Ginobili,Argentina
Josh McRoberts,USA
Malik Beasley,USA
Kevon Looney,USA
Kevin Seraphin,France
Kevin Love,USA
Kevin Durant,USA
Kentavious Caldwell-Pope,USA
Kent Bazemore,USA
Kenneth Faried,USA
Kemba Walker,USA
Kelly Oubre Jr.,USA
Kelly Olynyk,Canada
Kay Felder,USA
Kawhi Leonard,USA
Khris Middleton,USA
Karl-Anthony Towns,USA
Jusuf Nurkic,Bosnia & Herzegovina
Justise Winslow,USA
Justin Holiday,USA
Justin Harper,USA
Justin Hamilton,USA
Justin Anderson,USA
Julius Randle,USA
Juancho Hernangomez,Spain
Jrue Holiday,USA
Josh Richardson,USA
Pat Connaughton,USA
Josh Huestis,USA
KJ McDaniels,USA
Klay Thompson,USA
Kosta Koufos,USA
Kris Dunn,USA
Malcolm Delaney,USA
Malcolm Brogdon,USA
Malachi Richardson,USA
Luol Deng,United Kingdom
Luke Babbitt,USA
Luis Scola,Argentina
Lucas Nogueira,Brazil
Luc Mbah a Moute,Cameroon
Lou Williams,USA
Leandro Barbosa,Brazil
LeBron James,USA
Lavoy Allen,USA
Larry Sanders,USA
Larry Nance Jr.,USA
Langston Galloway,USA
Lance Thomas,USA
Lance Stephenson,USA
Lamar Patterson,USA
LaMarcus Aldridge,USA
Kyrie Irving,Australia
Kyle Wiltjer,Canada
Kyle Singler,USA
Kyle O'Quinn,USA
Kyle Lowry,USA
Kyle Korver,USA
Kyle Anderson,USA
Kristaps Porzingis,Latvia
Manny Harris,USA
Patricio Garino,Argentina
Zach LaVine,USA
Patrick McCaw,USA
Trevor Ariza,USA
Treveon Graham,USA
Tony Snell,USA
Tony Parker,France
Tony Allen,USA
Toney Douglas,USA
Tomas Satoransky,Czech Republic
Tobias Harris,USA
Timothe Luwawu-Cabarrot,France
Timofey Mozgov,Russia
Tim Quarterman,USA
Tim Hardaway Jr.,USA
Trevor Booker,USA
Tim Frazier,USA
Thon Maker,South Sudan
Thomas Robinson,USA
Thaddeus Young,USA
Thabo Sefolosha,Switzerland
Terry Rozier,USA
Terrence Ross,USA
Terrence Jones,USA
Taurean Prince,USA
Tarik Black,USA
Taj Gibson,USA
TJ Warren,USA
T.J. McConnell,USA
Tiago Splitter,Brazil
Trey Burke,USA
Trey Lyles,USA
Tristan Thompson,Canada
Jose Calderon,Spain
Zaza Pachulia,Georgia
Zach Randolph,USA
Yogi Ferrell,USA
Wilson Chandler,USA
Willy Hernangomez,Spain
Willie Reed,USA
Willie Cauley-Stein,USA
Will Barton,USA
Wesley Matthews,USA
Wesley Johnson,USA
Wayne Selden,USA
Wayne Ellington,USA
Wade Baldwin IV,USA
Vince Carter,USA
Victor Oladipo,USA
Udonis Haslem,USA
Tyus Jones,USA
Tyson Chandler,USA
Tyreke Evans,USA
Tyler Zeller,USA
Tyler Ulis,USA
Tyler Johnson,USA
Tyler Ennis,Canada
Ty Lawson,USA
Troy Williams,USA
Troy Daniels,USA
Steven Adams,New Zealand
Patrick Beverley,USA
Steve Novak,USA
Stephen Curry,USA
Robin Lopez,USA
Robert Covington,USA
Ricky Rubio,Spain
Richaun Holmes,USA
Richard Jefferson,USA
Reggie Williams,USA
Reggie Jackson,USA
Reggie Bullock,USA
Raymond Felton,USA
Raul Neto,Brazil
Rashad Vaughn,USA
Randy Foye,USA
Rodney Hood,USA
Ramon Sessions,USA
Rajon Rondo,USA
RJ Hunter,USA
Quinn Cook,USA
Quincy Acy,USA
Pierre Jackson,USA
Paul Zipser,Germany
Paul Pierce,USA
Paul Millsap,USA
Paul George,USA
Pau Gasol,Spain
Patty Mills,Australia
Patrick Patterson,USA
Rakeem Christmas,USA
Rodney McGruder,USA
Rodney Stuckey,USA
Ron Baker,USA
Stanley Johnson,USA
Spencer Hawes,USA
Spencer Dinwiddie,USA
Solomon Hill,USA
Skal Labissiere,Haiti
Shelvin Mack,USA
Sheldon Mac,USA
Shawn Long,USA
Shaun Livingston,USA
Shabazz Napier,USA
Shabazz Muhammad,USA
Seth Curry,USA
Sergio Rodriguez,Spain
Serge Ibaka,Democratic Republic of the Congo
Semaj Christon,USA
Sean Kilpatrick,USA
Sasha Vujacic,Slovenia
Sam Dekker,USA
Salah Mejri,Tunisia
Ryan Kelly,USA
Ryan Anderson,USA
Russell Westbrook,USA
Rudy Gobert,France
Rudy Gay,USA
Roy Hibbert,USA
Ronnie Price,USA
Rondae Hollis-Jefferson,USA
Stephen Zimmerman,USA
Jordan Mickey,USA
Kris Humphries,USA
Jordan Hill,USA
Dahntay Jones,USA
D.J. Augustin,USA
D'Angelo Russell,USA
Cristiano Felicio,Brazil
Courtney Lee,USA
Cory Joseph,Canada
Corey Brewer,USA
Cole Aldrich,USA
Cody Zeller,USA
Clint Capela,Switzerland
Christian Wood,USA
Chris Paul,USA
Damian Jones,USA
Chris McCullough,USA
Chinanu Onuaku,USA
Cheick Diallo,Mali
Chasson Randle,USA
Channing Frye,USA
Chandler Parsons,USA
Carmelo Anthony,USA
Caris LeVert,USA
Cameron Payne,USA
CJ Wilcox,USA
CJ Miles,USA
CJ McCollum,USA
C.J. Watson,USA
Chris Andersen,USA
Damian Lillard,USA
Damjan Rudez,Croatia
Daniel Ochefu,USA
Derrick Jones Jr.,USA
Derrick Favors,USA
Deron Williams,USA
Denzel Valentine,USA
Dennis Schroder,Germany
Demetrius Jackson,USA
Delon Wright,USA
Dejounte Murray,USA
DeMarre Carroll,USA
DeMarcus Cousins,USA
DeMar DeRozan,USA
DeAndre' Bembry,USA
DeAndre Liggins,USA
DeAndre Jordan,USA
Davis Bertans,Latvia
David West,USA
David Nwaba,USA
David Lee,USA
Darrun Hilliard,USA
Darren Collison,USA
Darrell Arthur,USA
Dario Saric,Croatia
Danuel House,USA
Dante Exum,Australia
Dante Cunningham,USA
Danny Green,USA
Danilo Gallinari,Italy
Buddy Hield,Bahamas
Bryn Forbes,USA
Bruno Caboclo,Brazil
Brook Lopez,USA
Andrew Wiggins,Canada
Andrew Nicholson,Canada
Andrew Harrison,USA
Andrew Bogut,Australia
Andre Roberson,USA
Andre Iguodala,USA
Andre Drummond,USA
Anderson Varejao,Brazil
Amir Johnson,USA
Alonzo Gee,USA
Allen Crabbe,USA
Alexis Ajinca,France
Alex Poythress,USA
Alex Len,Ukraine
Alex Abrines,Spain
Alec Burks,USA
Alan Williams,USA
Alan Anderson,USA
Al-Farouq Aminu,USA
Al Jefferson,USA
Al Horford,Dominican Republic
Adreian Payne,USA
Aaron Harrison,USA
Aaron Gordon,USA
Aaron Brooks,USA
AJ Hammons,USA
Jordan McRae,USA
Anthony Bennett,Canada
Derrick Rose,USA
Anthony Brown,USA
Anthony Morrow,USA
Brice Johnson,USA
Briante Weber,USA
Brandon Rush,USA
Brandon Knight,USA
Brandon Jennings,USA
Brandon Ingram,USA
Brandon Bass,USA
Brandan Wright,USA
Bradley Beal,USA
Boris Diaw,France
Bojan Bogdanovic,Croatia
Bobby Portis,USA
Bobby Brown,USA
Boban Marjanovic,Serbia
Blake Griffin,USA
Bismack Biyombo,Democratic Republic of the Congo
Beno Udrih,Slovenia
Ben McLemore,USA
Ben Bentil,Ghana
Axel Toupane,France
Avery Bradley,USA
Austin Rivers,USA
Arron Afflalo,USA
Aron Baynes,Australia
Arinze Onuaku,USA
Archie Goodwin,USA
Anthony Tolliver,USA
Anthony Davis,USA
Derrick Williams,USA
Brian Roberts,USA
Devin Harris,USA
Jeff Green,USA
Jaylen Brown,USA
Jason Terry,USA
Jason Smith,USA
Jarrod Uthoff,USA
Jarrett Jack,USA
Jarnell Stokes,USA
Jarell Martin,USA
Jarell Eddie,USA
Jared Sullinger,USA
Jared Dudley,USA
James Young,USA
Jeff Teague,USA
James Michael McAdoo,USA
James Johnson,USA
James Harden,USA
James Ennis III,USA
Jameer Nelson,USA
Jamal Murray,Canada
Jamal Crawford,USA
Jakob Poeltl,Austria
Jake Layman,USA
Jahlil Okafor,USA
Jae Crowder,USA
Jabari Parker,USA
JaVale McGee,USA
James Jones,USA
Jerami Grant,USA
Jeremy Lamb,USA
Jeremy Lin,USA
Jordan Crawford,USA
Jordan Farmar,USA
Devin Booker,USA
Jordan Clarkson,USA
Jonathon Simmons,USA
Jonathan Gibson,USA
Jonas Valanciunas,Lithuania
Jonas Jerebko,Sweden
Jon Leuer,USA
Johnny O'Bryant III,USA
John Wall,USA
John Lucas III,USA
John Jenkins,USA
John Henson,USA
Joffrey Lauvergne,France
Joel Embiid,Cameroon
Joel Bolomboy,Ukraine
Joel Anthony,Canada
Joe Young,USA
Joe Johnson,USA
Joe Ingles,Australia
Joe Harris,USA
Jodie Meeks,USA
Joakim Noah,USA
Jimmy Butler,USA
Jerryd Bayless,USA
Jerian Grant,USA
JaMychal Green,USA
JR Smith,USA
Jeff Withey,USA
J.J. Barea,Puerto Rico
Fred VanVleet,USA
Frank Kaminsky,USA
Evan Turner,USA
Evan Fournier,France
Ersan Ilyasova,Turkey
Eric Gordon,USA
Eric Bledsoe,USA
Enes Kanter,Turkey
Emmanuel Mudiay,Democratic Republic of the Congo
Elijah Millsap,USA
Elfrid Payton,USA
Ed Davis,USA
E'Twaun Moore,USA
Garrett Temple,USA
Dwyane Wade,USA
Dwight Howard,USA
Draymond Green,USA
Dragan Bender,Croatia
Doug McDermott,USA
Dorian Finney-Smith,USA
Donatas Motiejunas,Lithuania
Domantas Sabonis,Lithuania
Dirk Nowitzki,Germany
Dion Waiters,USA
JJ Redick,USA
Diamond Stone,USA
Deyonta Davis,USA
Dewayne Dedmon,USA
Dwight Powell,Canada
Gary Harris,USA
Edy Tavares,Cabo Verde
Ian Clark,USA
Isaiah Whitehead,USA
Ivica Zubac,Croatia
Isaiah Thomas,USA
Isaiah Taylor,USA
Isaiah Canaan,USA
Iman Shumpert,USA
Ian Mahinmi,France
Ish Smith,USA
Hollis Thompson,USA
Henry Ellenson,USA
Hassan Whiteside,USA
Harrison Barnes,USA
Greg Monroe,USA
Greivis Vasquez,Venezuela
Georgios Papagiannis,Greece
Gary Neal,USA
Gordon Hayward,USA
Goran Dragic,Slovenia
Glenn Robinson III,USA
Giannis Antetokounmpo,Greece
Gerald Henderson,USA
Gerald Green,USA
Gorgui Dieng,Senegal
Georges Niang,USA
George Hill,USA
Gary Payton II,USA
Marreese Speights,USA
Marquese Chriss,USA
Markieff Morris,USA
Marquis Teague,USA
Marshall Plumlee,USA
Malik Beasley,USA
Mason Plumlee,USA
Matt Costello,USA
Matt Williams Jr.,USA
Matthew Dellavedova,Australia
Markelle Fultz,USA
Maurice Harkless,USA
Marvin Williams,USA
Markel Brown,USA
MarShon Brooks,USA
Mario Chalmers,USA
Marcus Smart,USA
Marcus Paige,USA
Marcus Morris Sr.,USA
Marcus Georges-Hunt,USA
Marco Belinelli,Italy
Malcolm Miller,USA
Marcin Gortat,Poland
Marc Gasol,Spain
Malik Monk,USA
Manu Ginobili,Argentina
Mangok Mathiang,Australia
Maxi Kleber,Germany
Mario Hezonja,Croatia
Meyers Leonard,USA
Nik Stauskas,Canada
Michael Carter-Williams,USA
Norman Powell,USA
Noah Vonleh,USA
Malcolm Delaney,USA
Nikola Vucevic,Montenegro
Nikola Mirotic,Montenegro
Nikola Jokic,Serbia
Nigel Hayes,USA
Nicolas Brussino,Argentina
Nicolas Batum,France
Nick Young,USA
Nick Collison,USA
Nerlens Noel,USA
Nene,Brazil
Nemanja Bjelica,Serbia
Michael Beasley,USA
Naz Mitrou-Long,Canada
Myles Turner,USA
Myke Henry,USA
Montrezl Harrell,USA
Monte Morris,USA
Mirza Teletovic,Bosnia and Herzegovina
Mindaugas Kuzminskas,Lithuania
Milton Doyle,USA
Milos Teodosic,Serbia
Miles Plumlee,USA
Mike Scott,USA
Mike Muscala,USA
Mike James,USA
Mike Conley,USA
Michael Kidd-Gilchrist,USA
Nate Wolters,USA
Malcolm Brogdon,USA
Jrue Holiday,USA
Luol Deng,United Kingdom
Kevin Love,USA
Kevin Durant,USA
Kentavious Caldwell-Pope,USA
Kent Bazemore,USA
Kenneth Faried,USA
Kendrick Perkins,USA
Kemba Walker,USA
Kelly Oubre Jr.,USA
Kelly Olynyk,Canada
Kay Felder,USA
Kawhi Leonard,USA
Karl-Anthony Towns,USA
Kadeem Allen,USA
Jusuf Nurkic,Bosnia and Herzegovina
Kevon Looney,USA
Justise Winslow,USA
Justin Jackson,USA
Justin Holiday,USA
Justin Anderson,USA
Julyan Stone,USA
Julius Randle,USA
Juancho Hernangomez,Spain
Josh Smith,USA
Josh Richardson,USA
Josh McRoberts,USA
Josh Magette,USA
Josh Jackson,USA
Josh Huestis,USA
Josh Hart,USA
OG Anunoby,United Kingdom
Justin Patton,USA
Malachi Richardson,USA
Khem Birch,Canada
Klay Thompson,USA
Luke Kornet,USA
Luke Kennard,USA
Luke Babbitt,USA
Luis Montero,Dominican Republic
Lucas Nogueira,Brazil
Luc Mbah a Moute,Cameroon
Lou Williams,USA
Lorenzo Brown,USA
Lonzo Ball,USA
London Perrantes,USA
LeBron James,USA
Lauri Markkanen,Finland
Larry Nance Jr.,USA
Larry Drew II,USA
Khris Middleton,USA
Langston Galloway,USA
Lance Stephenson,USA
LaMarcus Aldridge,USA
Kyrie Irving,Australia
Kyle Singler,USA
Kyle O'Quinn,USA
Kyle Lowry,USA
Kyle Kuzma,USA
Kyle Korver,USA
Kyle Collinsworth,USA
Kyle Anderson,USA
Kristaps Porzingis,Latvia
Kris Dunn,USA
Kosta Koufos,USA
Kobi Simmons,USA
Lance Thomas,USA
Okaro White,USA
Wes Iwundu,USA
Omer Asik,Turkey
Tyler Cavanaugh,USA
Troy Williams,USA
Troy Daniels,USA
Tristan Thompson,Canada
Trey McKinney-Jones,USA
Trey Lyles,USA
Trey Burke,USA
Trevor Booker,USA
Trevor Ariza,USA
Treveon Graham,USA
Travis Wear,USA
Torrey Craig,USA
Tony Snell,USA
Tony Parker,France
Tyler Dorsey,USA
Tony Bradley,USA
Tomas Satoransky,Czech Republic
Tobias Harris,USA
Timothe Luwawu-Cabarrot,France
Timofey Mozgov,Russia
Tim Quarterman,USA
Tim Hardaway Jr.,USA
Tim Frazier,USA
Thon Maker,South Sudan
Thomas Bryant,USA
Thaddeus Young,USA
Thabo Sefolosha,Switzerland
Terry Rozier,USA
Terrence Ross,USA
Terrance Ferguson,USA
Tony Allen,USA
Taurean Prince,USA
Tyler Ennis,Canada
Tyler Lydon,USA
Zach Randolph,USA
Zach LaVine,USA
Zach Collins,USA
Yogi Ferrell,USA
Xavier Silas,USA
Xavier Rathan-Mayes,Canada
Xavier Munford,USA
Wilson Chandler,USA
Willy Hernangomez,Spain
Willie Reed,USA
Willie Cauley-Stein,USA
Will Barton,USA
Wesley Matthews,USA
Wesley Johnson,USA
Tyler Johnson,USA
Josh Gray,USA
Wayne Ellington,USA
Walt Lemon Jr.,USA
Wade Baldwin IV,USA
Vincent Hunter,USA
Vince Carter,USA
Victor Oladipo,USA
Vander Blue,USA
Udonis Haslem,USA
Tyus Jones,USA
Tyson Chandler,USA
Tyrone Wallace,USA
Tyreke Evans,USA
Tyler Zeller,USA
Tyler Ulis,USA
Wayne Selden,USA
Omari Johnson,Jamaica
Tarik Black,USA
TJ Leaf,USA
Robert Covington,USA
Ricky Rubio,Spain
Richaun Holmes,USA
Richard Jefferson,USA
Reggie Jackson,USA
Reggie Hearn,USA
Reggie Bullock,USA
Raymond Felton,USA
Raul Neto,Brazil
Rashad Vaughn,USA
Ramon Sessions,USA
Rajon Rondo,USA
RJ Hunter,USA
Quinn Cook,USA
Robin Lopez,USA
Quincy Pondexter,USA
Paul Zipser,Germany
Paul Millsap,USA
Paul George,USA
Pau Gasol,Spain
Patty Mills,Australia
Patrick Patterson,USA
Patrick McCaw,USA
Patrick Beverley,USA
Pat Connaughton,USA
Pascal Siakam,Cameroon
PJ Dozier,USA
P.J. Tucker,USA
Otto Porter Jr.,USA
Omri Casspi,Israel
Quincy Acy,USA
Taj Gibson,USA
Rodney Hood,USA
Rodney Purvis,USA
T.J. Warren,USA
T.J. McConnell,USA
Steven Adams,New Zealand
Sterling Brown,USA
Stephen Curry,USA
Stanley Johnson,USA
Spencer Dinwiddie,USA
Solomon Hill,USA
Skal Labissiere,Haiti
Sindarius Thornwell,USA
Shelvin Mack,USA
Shaun Livingston,USA
Shaquille Harrison,USA
Shane Larkin,USA
Rodney McGruder,USA
Shabazz Napier,USA
Serge Ibaka,Democratic Republic of the Congo
Semi Ojeleye,USA
Sean Kilpatrick,USA
Scotty Hopson,USA
Sam Dekker,USA
Salah Mejri,Tunisia
Ryan Arcidiacono,USA
Ryan Anderson,USA
Russell Westbrook,USA
Rudy Gobert,France
Rudy Gay,USA
Royce O'Neale,USA
Rondae Hollis-Jefferson,USA
Ron Baker,USA
Shabazz Muhammad,USA
Jose Calderon,Spain
Edmond Sumner,USA
Jordan Crawford,USA
Dante Exum,Australia
Dante Cunningham,USA
Danny Green,USA
Danilo Gallinari,Italy
Daniel Theis,Germany
Daniel Hamilton,USA
Damyean Dotson,USA
Damion Lee,USA
Damien Wilkins,USA
Damian Lillard,USA
Damian Jones,USA
Dakari Johnson,USA
D.J. Wilson,USA
D.J. Augustin,USA
D'Angelo Russell,USA
Cristiano Felicio,Brazil
Courtney Lee,USA
Cory Joseph,Canada
Corey Brewer,USA
Cole Aldrich,USA
Cody Zeller,USA
Clint Capela,Switzerland
Chris Paul,USA
Chris McCullough,USA
Chris Boucher,Canada
Chinanu Onuaku,USA
Cheick Diallo,Mali
Charles Cooke,USA
Channing Frye,USA
Danuel House Jr.,USA
Dario Saric,Croatia
Darius Miller,USA
Darrell Arthur,USA
Dewayne Dedmon,USA
Devin Robinson,USA
Devin Harris,USA
Devin Booker,USA
Derrick Williams,USA
Derrick White,USA
Derrick Walton Jr.,USA
Derrick Rose,USA
Derrick Jones Jr.,USA
Derrick Favors,USA
Denzel Valentine,USA
Dennis Smith Jr.,USA
Dennis Schroder,Germany
Demetrius Jackson,USA
Chandler Parsons,USA
Delon Wright,USA
DeMarre Carroll,USA
DeMarcus Cousins,USA
DeMar DeRozan,USA
DeAndre' Bembry,USA
DeAndre Liggins,USA
DeAndre Jordan,USA
De'Aaron Fox,USA
Davon Reed,USA
Davis Bertans,Latvia
David West,USA
David Stockton,USA
David Nwaba,USA
Darrun Hilliard,USA
Darren Collison,USA
Dejounte Murray,USA
Cedi Osman,Turkey
Carmelo Anthony,USA
Caris LeVert,USA
Anthony Brown,USA
Ante Zizic,Croatia
Andrew Wiggins,Canada
Andrew White III,USA
Andrew Harrison,USA
Andrew Bogut,Australia
Andre Roberson,USA
Andre Ingram,USA
Andre Iguodala,USA
Andre Drummond,USA
Amir Johnson,USA
Allen Crabbe,USA
Alfonzo McKinnie,USA
Alex Poythress,USA
Anthony Davis,USA
Alex Len,Ukraine
Alex Abrines,Spain
Alec Peters,USA
Alec Burks,USA
Alan Williams,USA
Al-Farouq Aminu,USA
Al Jefferson,USA
Al Horford,Dominican Republic
Adreian Payne,USA
Abdel Nader,Egypt
Aaron Jackson,USA
Aaron Harrison,USA
Aaron Gordon,USA
Aaron Brooks,USA
Zaza Pachulia,Georgia
Alex Caruso,USA
Deyonta Davis,USA
Anthony Tolliver,USA
Antonius Cleveland,USA
Cameron Payne,USA
Caleb Swanigan,USA
CJ Miles,USA
CJ McCollum,USA
C.J. Williams,USA
Buddy Hield,Bahamas
Bryn Forbes,USA
Bruno Caboclo,Brazil
Brook Lopez,USA
Brice Johnson,USA
Briante Weber,USA
Brandon Paul,USA
Brandon Jennings,USA
Brandon Ingram,USA
Antonio Blakeney,USA
Brandan Wright,USA
Bojan Bogdanovic,Croatia
Bogdan Bogdanovic,Serbia
Bobby Portis,USA
Bobby Brown,USA
Boban Marjanovic,Serbia
Blake Griffin,USA
Bismack Biyombo,Democratic Republic of the Congo
Ben Simmons,Australia
Ben Moore,USA
Ben McLemore,USA
Avery Bradley,USA
Austin Rivers,USA
Arron Afflalo,USA
Aron Baynes,Australia
Bradley Beal,USA
Dillon Brooks,Canada
Dion Waiters,USA
Dirk Nowitzki,Germany
Jaylen Morris,USA
Jaylen Brown,USA
Jawun Evans,USA
Jason Terry,USA
Jason Smith,USA
Jarrett Jack,USA
Jarrett Allen,USA
Jarell Martin,USA
Jarell Eddie,USA
Jared Dudley,USA
Jamil Wilson,USA
James Young,USA
James Webb III,USA
James Michael McAdoo,USA
Jayson Tatum,USA
James Johnson,USA
James Ennis III,USA
Jamel Artis,USA
Jameer Nelson,USA
Jameel Warney,USA
Jamal Murray,Canada
Jamal Crawford,USA
Jalen Jones,USA
Jakob Poeltl,Austria
Jake Layman,USA
Jahlil Okafor,USA
Jae Crowder,USA
Jacob Wiley,USA
Jacob Pullen,USA
Jack Cooley,USA
James Harden,USA
Jabari Parker,USA
Jeff Green,USA
Jeff Withey,USA
Jordan Clarkson,USA
Jordan Bell,USA
Jonathon Simmons,USA
Jonathan Isaac,USA
Jonathan Gibson,USA
Jonas Valanciunas,Lithuania
Jonas Jerebko,Sweden
Jon Leuer,USA
Johnny O'Bryant III,USA
Johnathan Motley,USA
John Wall,USA
John Holland,USA
John Henson,USA
John Collins,USA
Jeff Teague,USA
Joffrey Lauvergne,France
Joel Bolomboy,Ukraine
Joe Young,USA
Joe Johnson,USA
Joe Ingles,Australia
Joe Harris,USA
Jodie Meeks,USA
Joakim Noah,USA
Jimmy Butler,USA
Jerryd Bayless,USA
Jerian Grant,USA
Jeremy Lin,USA
Jeremy Lamb,USA
Jeremy Evans,USA
Jerami Grant,USA
Joel Embiid,Cameroon
Jordan Mickey,USA
Jabari Bird,USA
JaMychal Green,USA
Furkan Korkmaz,Turkey
Fred VanVleet,USA
Frank Ntilikina,France
Frank Mason,USA
Frank Kaminsky,USA
Evan Turner,USA
Evan Fournier,France
Ersan Ilyasova,Turkey
Erik McCree,USA
Eric Moreland,USA
Eric Gordon,USA
Eric Bledsoe,USA
Enes Kanter,Turkey
Emmanuel Mudiay,Democratic Republic of the Congo
Garrett Temple,USA
Emeka Okafor,USA
Ekpe Udoh,USA
Ed Davis,USA
E'Twaun Moore,USA
Dwyane Wade,USA
Dwight Powell,Canada
Dwight Howard,USA
Dwight Buycks,USA
Dwayne Bacon,USA
Draymond Green,USA
Dragan Bender,Croatia
Doug McDermott,USA
Dorian Finney-Smith,USA
Donovan Mitchell,USA
Domantas Sabonis,Lithuania
Elfrid Payton,USA
JaVale McGee,USA
Gary Harris,USA
George Hill,USA
JaKarr Sampson,USA
JR Smith,USA
JJ Redick,USA
J.J. Barea,Puerto Rico
Ivica Zubac,Croatia
Ivan Rabb,USA
Ish Smith,USA
Isaiah Whitehead,USA
Isaiah Thomas,USA
Isaiah Taylor,USA
Isaiah Hicks,USA
Isaiah Canaan,USA
Iman Shumpert,USA
Ike Anigbogu,USA
Gary Payton II,USA
Ian Mahinmi,France
Henry Ellenson,USA
Hassan Whiteside,USA
Harrison Barnes,USA
Guerschon Yabusele,France
Greg Monroe,USA
Gorgui Dieng,Senegal
Gordon Hayward,USA
Goran Dragic,Slovenia
Glenn Robinson III,USA
Giannis Antetokounmpo,Greece
Gian Clavell,Puerto Rico
Gerald Green,USA
Georgios Papagiannis,Greece
Georges Niang,USA
Ian Clark,USA
Zhou Qi,China
Bam Adebayo,USA
Zhou Qi,China
Frank Mason,USA
Frank Ntilikina,France
Fred VanVleet,USA
Furkan Korkmaz,Turkey
Garrett Temple,USA
Gary Clark,USA
Gary Harris,USA
Gary Payton II,USA
Gary Trent Jr.,USA
George Hill,USA
George King,USA
Georges Niang,USA
Gerald Green,USA
Giannis Antetokounmpo,Greece
Glenn Robinson III,USA
Goran Dragic,Slovenia
Gordon Hayward,USA
Gorgui Dieng,Senegal
Grayson Allen,USA
Greg Monroe,USA
Guerschon Yabusele,France
Hamidou Diallo,USA
Harrison Barnes,USA
Harry Giles III,USA
Hassan Whiteside,USA
Haywood Highsmith,USA
Henry Ellenson,USA
Ian Clark,USA
Ian Mahinmi,France
Frank Kaminsky,USA
Ike Anigbogu,USA
Frank Jackson,USA
Evan Fournier,France
Donatas Motiejunas,Lithuania
Donovan Mitchell,USA
Donte DiVincenzo,USA
Donte Grantham,USA
Dorian Finney-Smith,USA
Doug McDermott,USA
Dragan Bender,Croatia
Draymond Green,USA
Drew Eubanks,USA
Duncan Robinson,USA
Dusty Hannahs,USA
Dwayne Bacon,USA
Dwight Howard,USA
Dwight Powell,Canada
Dwyane Wade,USA
Dzanan Musa,Bosnia and Herzegovina
E'Twaun Moore,USA
Ed Davis,USA
Edmond Sumner,USA
Ekpe Udoh,USA
Elfrid Payton,USA
Elie Okobo,France
Emanuel Terry,USA
Emmanuel Mudiay,Democratic Republic of the Congo
Enes Kanter,Turkey
Eric Bledsoe,USA
Eric Gordon,USA
Eric Moreland,USA
Ersan Ilyasova,Turkey
Evan Turner,USA
Iman Shumpert,USA
Isaac Bonga,Germany
Isaac Humphries,Australia
Jarred Vanderbilt,USA
Jarrett Allen,USA
Jason Smith,USA
Jawun Evans,USA
Jaylen Adams,USA
Jaylen Brown,USA
Jaylen Morris,USA
Jayson Tatum,USA
Jeff Green,USA
Jeff Teague,USA
Jemerrio Jones,USA
Jerami Grant,USA
Jeremy Lamb,USA
Jeremy Lin,USA
Jerian Grant,USA
Jerome Robinson,USA
Jerryd Bayless,USA
Jevon Carter,USA
Jimmer Fredette,USA
Jimmy Butler,USA
Joakim Noah,USA
Jodie Meeks,USA
Joe Chealey,USA
Joe Harris,USA
Joe Ingles,Australia
Joel Embiid,Cameroon
John Collins,USA
John Henson,USA
John Holland,USA
Jaron Blossomgame,USA
Jaren Jackson Jr.,USA
Jarell Martin,USA
Jared Terrell,USA
Isaiah Briscoe,USA
Isaiah Canaan,USA
Isaiah Hartenstein,Germany
Isaiah Hicks,USA
Isaiah Thomas,USA
Ish Smith,USA
Ivan Rabb,USA
Ivica Zubac,Croatia
J.J. Barea,Puerto Rico
J.P. Macura,USA
JJ Redick,USA
JR Smith,USA
JaKarr Sampson,USA
JaMychal Green,USA
Domantas Sabonis,Lithuania
JaVale McGee,USA
Jacob Evans,USA
Jae Crowder,USA
Jahlil Okafor,USA
Jake Layman,USA
Jakob Poeltl,Austria
Jalen Brunson,USA
Jalen Jones,USA
Jamal Crawford,USA
Jamal Murray,Canada
James Ennis III,USA
James Harden,USA
James Johnson,USA
James Nunnally,USA
Jared Dudley,USA
Jabari Parker,USA
John Jenkins,USA
Dirk Nowitzki,Germany
Dillon Brooks,Canada
BJ Johnson,USA
Bam Adebayo,USA
Ben McLemore,USA
Ben Simmons,Australia
Billy Garrett,USA
Bismack Biyombo,Democratic Republic of the Congo
Blake Griffin,USA
Boban Marjanovic,Serbia
Bobby Portis,USA
Bogdan Bogdanovic,Serbia
Bojan Bogdanovic,Croatia
Bonzie Colson,USA
Brad Wanamaker,USA
Bradley Beal,USA
Brandon Goodwin,USA
Brandon Ingram,USA
Brandon Knight,USA
Brandon Sampson,USA
Brook Lopez,USA
Bruce Brown,USA
Bruno Caboclo,Brazil
Bryn Forbes,USA
Buddy Hield,Bahamas
C.J. Williams,USA
CJ McCollum,USA
CJ Miles,USA
Caleb Swanigan,USA
Cameron Payne,USA
Cameron Reynolds,USA
Avery Bradley,USA
Caris LeVert,USA
Austin Rivers,USA
Antonio Blakeney,USA
Zhaire Smith,USA
Aaron Gordon,USA
Aaron Holiday,USA
Abdel Nader,Egypt
Al Horford,Dominican Republic
Al-Farouq Aminu,USA
Alan Williams,USA
Alec Burks,USA
Alex Abrines,Spain
Alex Caruso,USA
Alex Len,Ukraine
Alex Poythress,USA
Alfonzo McKinnie,USA
Alize Johnson,USA
Allen Crabbe,USA
Allonzo Trier,USA
Amile Jefferson,USA
Amir Johnson,USA
Andre Drummond,USA
Andre Iguodala,USA
Andre Ingram,USA
Andrew Bogut,Australia
Andrew Harrison,USA
Andrew Wiggins,Canada
Anfernee Simons,USA
Angel Delgado,Dominican Republic
Ante Zizic,Croatia
Anthony Davis,USA
Anthony Tolliver,USA
Aron Baynes,Australia
Carmelo Anthony,USA
Cedi Osman,Turkey
Chandler Hutchison,USA
Darren Collison,USA
David Nwaba,USA
Davis Bertans,Latvia
Davon Reed,USA
De'Aaron Fox,USA
De'Anthony Melton,USA
DeAndre Jordan,USA
DeAndre' Bembry,USA
DeMar DeRozan,USA
DeMarcus Cousins,USA
DeMarre Carroll,USA
DeVaughn Akoon-Purcell,Trinidad and Tobago
Deandre Ayton,Bahamas
Delon Wright,USA
Demetrius Jackson,USA
Deng Adel,South Sudan
Dennis Schroder,Germany
Dennis Smith Jr.,USA
Deonte Burton,USA
Derrick Favors,USA
Derrick Jones Jr.,USA
Derrick Rose,USA
Derrick White,USA
Devin Booker,USA
Devin Harris,USA
Devin Robinson,USA
Devonte' Graham,USA
Dewayne Dedmon,USA
Deyonta Davis,USA
Darius Miller,USA
Dario Saric,Croatia
Danuel House Jr.,USA
Dante Exum,Australia
Chandler Parsons,USA
Channing Frye,USA
Chasson Randle,USA
Cheick Diallo,Mali
Chimezie Metu,USA
Chris Boucher,Canada
Chris Chiozza,USA
Chris Paul,USA
Christian Wood,USA
Clint Capela,Switzerland
Cody Zeller,USA
Collin Sexton,USA
Corey Brewer,USA
Cory Joseph,Canada
Dion Waiters,USA
Courtney Lee,USA
D'Angelo Russell,USA
D.J. Augustin,USA
D.J. Wilson,USA
DJ Stephens,USA
Dairis Bertans,Latvia
Damian Jones,USA
Damian Lillard,USA
Damion Lee,USA
Damyean Dotson,USA
Daniel Hamilton,USA
Daniel Theis,Germany
Danilo Gallinari,Italy
Danny Green,USA
Dante Cunningham,USA
Cristiano Felicio,Brazil
John Wall,USA
Daryl Macon,USA
Johnathan Williams,USA
Rudy Gobert,France
Russell Westbrook,USA
Ryan Anderson,USA
Ryan Arcidiacono,USA
Ryan Broekhoff,Australia
Salah Mejri,Tunisia
Sam Dekker,USA
Scott Machado,USA
Semi Ojeleye,USA
Serge Ibaka,Democratic Republic of the Congo
Seth Curry,USA
Shabazz Napier,USA
Shai Gilgeous-Alexander,Canada
Shake Milton,USA
Shaquille Harrison,USA
Shaun Livingston,USA
Shelvin Mack,USA
Sindarius Thornwell,USA
Skal Labissiere,Haiti
Solomon Hill,USA
Spencer Dinwiddie,USA
Stanley Johnson,USA
Stephen Curry,USA
Sterling Brown,USA
Steven Adams,New Zealand
Svi Mykhailiuk,Ukraine
T.J. McConnell,USA
T.J. Warren,USA
TJ Leaf,USA
Rudy Gay,USA
Tahjere McCall,USA
Royce O'Neale,USA
Ron Baker,USA
PJ Dozier,USA
Pascal Siakam,Cameroon
Pat Connaughton,USA
Patrick Beverley,USA
Patrick McCaw,USA
Patrick Patterson,USA
Patty Mills,Australia
Pau Gasol,Spain
Paul George,USA
Paul Millsap,USA
Quincy Acy,USA
Quincy Pondexter,USA
Quinn Cook,USA
RJ Hunter,USA
Rajon Rondo,USA
Raul Neto,Brazil
Rawle Alkins,USA
Ray Spalding,USA
Raymond Felton,USA
Reggie Bullock,USA
Reggie Jackson,USA
Richaun Holmes,USA
Ricky Rubio,Spain
Robert Covington,USA
Robert Williams III,USA
Robin Lopez,USA
Rodions Kurucs,Latvia
Rodney Hood,USA
Rodney McGruder,USA
Rondae Hollis-Jefferson,USA
Taj Gibson,USA
Taurean Prince,USA
Terrance Ferguson,USA
Tyler Zeller,USA
Tyreke Evans,USA
Tyrone Wallace,USA
Tyson Chandler,USA
Tyus Jones,USA
Udonis Haslem,USA
Victor Oladipo,USA
Vince Carter,USA
Vincent Edwards,USA
Wade Baldwin IV,USA
Walt Lemon Jr.,USA
Wayne Ellington,USA
Wayne Selden,USA
Wendell Carter Jr.,USA
Wes Iwundu,USA
Wesley Johnson,USA
Wesley Matthews,USA
Will Barton,USA
Willie Cauley-Stein,USA
Willy Hernangomez,Spain
Wilson Chandler,USA
Yante Maten,USA
Yogi Ferrell,USA
Yuta Watanabe,Japan
Zach Collins,USA
Zach LaVine,USA
Zach Lofton,USA
Zaza Pachulia,Georgia
Johnathan Motley,USA
Tyler Ulis,USA
Tyler Lydon,USA
Tyler Johnson,USA
Tyler Dorsey,USA
Terrence Jones,USA
Terrence Ross,USA
Terry Rozier,USA
Thabo Sefolosha,Switzerland
Thaddeus Young,USA
Theo Pinson,USA
Thomas Bryant,USA
Thomas Welsh,USA
Thon Maker,South Sudan
Tim Frazier,USA
Tim Hardaway Jr.,USA
Timothe Luwawu-Cabarrot,France
Tomas Satoransky,Czech Republic
Tony Bradley,USA
P.J. Tucker,USA
Tony Parker,France
Torrey Craig,USA
Trae Young,USA
Treveon Graham,USA
Trevon Duval,USA
Trevor Ariza,USA
Trey Burke,USA
Trey Lyles,USA
Tristan Thompson,Canada
Troy Brown Jr.,USA
Troy Caupain,USA
Troy Daniels,USA
Troy Williams,USA
Tyler Cavanaugh,USA
Tyler Davis,USA
Tony Snell,USA
Otto Porter Jr.,USA
Tobias Harris,USA
Omari Spellman,USA
Kenneth Faried,USA
Kenrich Williams,USA
Kent Bazemore,USA
Kentavious Caldwell-Pope,USA
Kevin Durant,USA
Kevin Huerter,USA
Kevin Knox II,USA
Kevin Love,USA
Kevon Looney,USA
Khem Birch,Canada
Khris Middleton,USA
Khyri Thomas,USA
Klay Thompson,USA
Kobi Simmons,USA
Kosta Koufos,USA
Kostas Antetokounmpo,Greece
Kris Dunn,USA
Kyle Anderson,USA
Kyle Korver,USA
Kyle Kuzma,USA
Kyle Lowry,USA
Kyle O'Quinn,USA
Kyrie Irving,Australia
LaMarcus Aldridge,USA
Lance Stephenson,USA
Lance Thomas,USA
Landry Shamet,USA
Langston Galloway,USA
Larry Nance Jr.,USA
Kemba Walker,USA
Kelly Oubre Jr.,USA
Kelly Olynyk,Canada
Keita Bates-Diop,USA
Jon Leuer,USA
Omri Casspi,Israel
Jonah Bolden,Australia
Jonas Jerebko,Sweden
Jonas Valanciunas,Lithuania
Jonathan Isaac,USA
Jonathon Simmons,USA
Jordan Bell,USA
Jordan Clarkson,USA
Jordan Loyd,USA
Jordan McRae,USA
Jordan Sibert,USA
Jose Calderon,Spain
Josh Hart,USA
Lauri Markkanen,Finland
Josh Jackson,USA
Josh Richardson,USA
Jrue Holiday,USA
Juancho Hernangomez,Spain
Julian Washburn,USA
Julius Randle,USA
Justin Anderson,USA
Justin Holiday,USA
Justin Jackson,USA
Justin Patton,USA
Justise Winslow,USA
Jusuf Nurkic,Bosnia and Herzegovina
Kalin Lucas,USA
Karl-Anthony Towns,USA
Kawhi Leonard,USA
Josh Okogie,Nigeria
LeBron James,USA
Kadeem Allen,USA
Lonzo Ball,USA
Michael Kidd-Gilchrist,USA
Mikal Bridges,USA
Mike Conley,USA
Mike Muscala,USA
Mike Scott,USA
Miles Bridges,USA
Miles Plumlee,USA
Milos Teodosic,Serbia
Mitchell Creek,Australia
Mitchell Robinson,USA
Mo Bamba,USA
Monte Morris,USA
Montrezl Harrell,USA
Moritz Wagner,Germany
Naz Mitrou-Long,Canada
Nemanja Bjelica,Serbia
Nene,Brazil
Nerlens Noel,USA
Nick Young,USA
Nicolas Batum,France
Nik Stauskas,Canada
Nikola Jokic,Serbia
Nikola Mirotic,Montenegro
Nikola Vucevic,Montenegro
Noah Vonleh,USA
Norman Powell,USA
Lonnie Walker IV,USA
OG Anunoby,United Kingdom
Okaro White,USA
Michael Carter-Williams,USA
Michael Beasley,USA
Myles Turner,USA
Melvin Frazier Jr.,USA
Lou Williams,USA
Luc Mbah a Moute,Cameroon
Meyers Leonard,USA
Lorenzo Brown,USA
Luka Doncic,Slovenia
Luke Kennard,USA
Luke Kornet,USA
Luol Deng,United Kingdom
Malachi Richardson,USA
Malcolm Brogdon,USA
Malik Beasley,USA
Malik Monk,USA
MarShon Brooks,USA
Marc Gasol,Spain
Marcin Gortat,Poland
Malcolm Miller,USA
Marcus Derrickson,USA
Maxi Kleber,Germany
Maurice Harkless,USA
Marco Belinelli,Italy
Mason Plumlee,USA
Marvin Williams,USA
Marvin Bagley III,USA
Marquese Chriss,USA
Matthew Dellavedova,Australia
Markelle Fultz,USA
Mario Hezonja,Croatia
Marcus Smart,USA
Markieff Morris,USA
Marcus Morris Sr.,USA
Jared Dudley,USA
Jabari Parker,USA
James Johnson,USA
James Harden,USA
James Ennis III,USA
Jamal Murray,Canada
Jamal Crawford,USA
Jalen McDaniels,USA
Jalen Brunson,USA
Jakob Poeltl,Austria
Jake Layman,USA
JaMychal Green,USA
Jahlil Okafor,USA
Jae Crowder,USA
JaVale McGee,USA
Jacob Evans,USA
Jalen Lecque,USA
Jared Harper,USA
Jeff Green,USA
Jarred Vanderbilt,USA
Jeremy Pargo,USA
Jeremy Lamb,USA
JaKarr Sampson,USA
Jerian Grant,USA
Jeremiah Martin,USA
Jerami Grant,USA
Jeff Teague,USA
Jayson Tatum,USA
Jaylen Nowell,USA
Jaylen Hoard,France
Jaylen Brown,USA
Jaxson Hayes,USA
Javonte Green,USA
Jarrod Uthoff,USA
Jarrett Culver,USA
Jarrett Allen,USA
Jarrell Brantley,USA
Jaren Jackson Jr.,USA
Ja Morant,USA
Gary Payton II,USA
JJ Redick,USA
Goga Bitadze,Georgia
Glenn Robinson III,USA
Giannis Antetokounmpo,Greece
Georges Niang,USA
George Hill,USA
Gary Trent Jr.,USA
Gary Harris,USA
Goran Dragic,Slovenia
Gary Clark,USA
Garrett Temple,USA
Gabe Vincent,USA
Furkan Korkmaz,Turkey
Fred VanVleet,USA
Jerome Robinson,USA
Frank Mason,USA
Frank Ntilikina,France
Garrison Mathews,USA
Gordon Hayward,USA
Gorgui Dieng,Senegal
Grant Williams,USA
J.P. Macura,USA
J.J. Barea,Puerto Rico
Ivica Zubac,Croatia
Ish Smith,USA
Isaiah Thomas,USA
Isaiah Roby,USA
Isaiah Hartenstein,Germany
Isaac Bonga,Germany
Iman Shumpert,USA
Ignas Brazdeikis,Canada
Ian Mahinmi,France
Henry Ellenson,USA
Hassan Whiteside,USA
Harry Giles III,USA
Harrison Barnes,USA
Hamidou Diallo,USA
Grayson Allen,USA
JR Smith,USA
Jevon Carter,USA
Kostas Antetokounmpo,Greece
Joakim Noah,USA
Kevin Porter Jr.,USA
Kevin Love,USA
Kevin Knox II,USA
Kevin Huerter,USA
Kevin Hervey,USA
Kentavious Caldwell-Pope,USA
Kent Bazemore,USA
Kevon Looney,USA
Kenrich Williams,USA
Kemba Walker,USA
Kelly Oubre Jr.,USA
Kelly Olynyk,Canada
Keldon Johnson,USA
Kelan Martin,USA
Keita Bates-Diop,USA
Kawhi Leonard,USA
Kendrick Nunn,USA
Khem Birch,Canada
Khris Middleton,USA
Khyri Thomas,USA
Larry Nance Jr.,USA
Frank Kaminsky,USA
Langston Galloway,USA
Landry Shamet,USA
Lance Thomas,USA
LaMarcus Aldridge,USA
Kyrie Irving,Australia
Kyle O'Quinn,USA
Kyle Lowry,USA
Kyle Kuzma,USA
Kyle Korver,USA
Kyle Guy,USA
Kyle Anderson,USA
Kyle Alexander,Canada
Ky Bowman,USA
Kristaps Porzingis,Latvia
Kris Dunn,USA
Karl-Anthony Towns,USA
Kadeem Allen,USA
KZ Okpala,USA
Juwan Morgan,USA
Jordan McRae,USA
Jordan McLaughlin,USA
Jordan Clarkson,USA
Jordan Bone,USA
Jordan Bell,USA
Jonathan Isaac,USA
Jonas Valanciunas,Lithuania
Jonah Bolden,Australia
Johnathan Williams,USA
Johnathan Motley,USA
John Konchar,USA
John Henson,USA
John Collins,USA
Joel Embiid,Cameroon
Joe Ingles,Australia
Joe Harris,USA
Joe Chealey,USA
Jordan Poole,USA
Jimmy Butler,USA
Josh Gray,USA
Josh Jackson,USA
Jusuf Nurkic,Bosnia and Herzegovina
Justise Winslow,USA
Justin Wright-Foreman,USA
Justin Robinson,USA
Justin Patton,USA
Justin James,USA
Justin Jackson,USA
Justin Holiday,USA
Justin Anderson,USA
Julius Randle,USA
Juancho Hernangomez,Spain
Juan Toscano-Anderson,USA
Jrue Holiday,USA
Josh Richardson,USA
Josh Reaves,USA
Josh Okogie,Nigeria
Josh Magette,USA
Josh Hart,USA
Frank Jackson,USA
Bam Adebayo,USA
Evan Fournier,France
Caleb Martin,USA
CJ Miles,USA
CJ McCollum,USA
Buddy Hield,Bahamas
Bryn Forbes,USA
Bruno Fernando,Angola
Bruno Caboclo,Brazil
Caleb Swanigan,USA
Bruce Brown,USA
Brian Bowen II,USA
Brandon Knight,USA
Brandon Ingram,USA
Brandon Goodwin,USA
Brandon Clarke,Canada
Bradley Beal,USA
Brad Wanamaker,USA
Brook Lopez,USA
Cam Reddish,USA
Cameron Johnson,USA
Cameron Payne,USA
Clint Capela,Switzerland
Christian Wood,USA
Chris Silva,Gabon
Chris Paul,USA
Chris Clemons,USA
Chris Chiozza,USA
Chris Boucher,Saint Lucia
Chimezie Metu,USA
Cheick Diallo,Mali
Chasson Randle,USA
Charlie Brown Jr.,USA
Chandler Parsons,USA
Chandler Hutchison,USA
Cedi Osman,Turkey
Carsen Edwards,USA
Carmelo Anthony,USA
Caris LeVert,USA
Bol Bol,Sudan
Coby White,USA
Bojan Bogdanovic,Croatia
Bobby Portis,USA
Allonzo Trier,USA
Allen Crabbe,USA
Alize Johnson,USA
Alfonzo McKinnie,USA
Alex Len,Ukraine
Alex Caruso,USA
Alen Smailagic,Serbia
Amile Jefferson,USA
Alec Burks,USA
Al Horford,Dominican Republic
Admiral Schofield,United Kingdom
Adam Mokoka,France
Abdel Nader,Egypt
Aaron Holiday,USA
Aaron Gordon,USA
Lauri Markkanen,Finland
Al-Farouq Aminu,USA
Amir Coffey,USA
Andre Drummond,USA
Andre Iguodala,USA
Boban Marjanovic,Serbia
Blake Griffin,USA
Bismack Biyombo,DRC
Ben Simmons,Australia
Ben McLemore,USA
BJ Johnson,USA
Avery Bradley,USA
Austin Rivers,USA
Aron Baynes,Australia
Anzejs Pasecniks,Latvia
Antonius Cleveland,USA
Anthony Tolliver,USA
Anthony Davis,USA
Ante Zizic,Croatia
Anfernee Simons,USA
Andrew Wiggins,Canada
Andre Roberson,USA
Bogdan Bogdanovic,Serbia
Cody Martin,USA
Cody Zeller,USA
Collin Sexton,USA
Doug McDermott,USA
Dorian Finney-Smith,USA
Donte DiVincenzo,USA
Donta Hall,USA
Donovan Mitchell,USA
Domantas Sabonis,Lithuania
Dion Waiters,USA
Dragan Bender,Croatia
Dillon Brooks,Canada
Dewan Hernandez,USA
Devonte' Graham,USA
Devontae Cacok,USA
Devon Hall,USA
Devin Booker,USA
Derrick White,USA
Derrick Walton Jr.,USA
Dewayne Dedmon,USA
Draymond Green,USA
Drew Eubanks,USA
Duncan Robinson,USA
Ersan Ilyasova,Turkey
Eric Paschall,USA
Eric Mika,USA
Eric Gordon,USA
Eric Bledsoe,USA
Enes Kanter,Turkey
Emmanuel Mudiay,DRC
Elie Okobo,France
Elfrid Payton,USA
Edmond Sumner,USA
Ed Davis,USA
E'Twaun Moore,USA
Dzanan Musa,Bosnia and Herzegovina
Dwight Powell,Canada
Dwight Howard,USA
Dwayne Bacon,USA
Dusty Hannahs,USA
Derrick Rose,USA
Derrick Jones Jr.,USA
Derrick Favors,USA
Deonte Burton,USA
Dante Exum,Australia
Danny Green,USA
Danilo Gallinari,Italy
Daniel Theis,Germany
Daniel Gafford,USA
Damyean Dotson,USA
Damion Lee,USA
Damian Lillard,USA
Damian Jones,USA
DaQuan Jeffries,USA
D.J. Wilson,USA
D.J. Augustin,USA
D'Angelo Russell,USA
Cristiano Felicio,Brazil
Courtney Lee,USA
Cory Joseph,Canada
Corey Brewer,USA
Danuel House Jr.,USA
Evan Turner,USA
Dario Saric,Croatia
Darius Garland,USA
Denzel Valentine,USA
Dennis Smith Jr.,USA
Dennis Schroder,Germany
Delon Wright,USA
Dejounte Murray,USA
Deandre Ayton,Bahamas
Dean Wade,USA
DeMarre Carroll,USA
DeMar DeRozan,USA
DeAndre' Bembry,USA
DeAndre Jordan,USA
De'Anthony Melton,USA
De'Andre Hunter,USA
De'Aaron Fox,USA
Davis Bertans,Latvia
David Nwaba,USA
Daryl Macon,USA
Darius Bazley,USA
LeBron James,USA
Michael Kidd-Gilchrist,USA
Lonzo Ball,USA
Stephen Curry,USA
Sterling Brown,USA
Steven Adams,New Zealand
Svi Mykhailiuk,Ukraine
T.J. Leaf,USA
T.J. McConnell,USA
T.J. Warren,USA
Tacko Fall,Senegal
Taj Gibson,USA
Talen Horton-Tucker,USA
Tariq Owens,USA
Taurean Prince,USA
Terance Mann,USA
Terence Davis,USA
Terrance Ferguson,USA
Terrence Ross,USA
Terry Rozier,USA
Thabo Sefolosha,Switzerland
Thaddeus Young,USA
Thanasis Antetokounmpo,Greece
Theo Pinson,USA
Stanton Kidd,USA
Thomas Bryant,USA
Stanley Johnson,USA
Solomon Hill,USA
Romeo Langford,USA
Rondae Hollis-Jefferson,USA
Royce O'Neale,USA
Rudy Gay,USA
Rudy Gobert,France
Rui Hachimura,Japan
Russell Westbrook,USA
Ryan Anderson,USA
Ryan Arcidiacono,USA
Ryan Broekhoff,Australia
Sekou Doumbouya,France
Semi Ojeleye,USA
Serge Ibaka,Republic of the Congo
Seth Curry,USA
Shabazz Napier,USA
Shai Gilgeous-Alexander,Canada
Shake Milton,USA
Shamorie Ponds,USA
Shaquille Harrison,USA
Sindarius Thornwell,USA
Skal Labissiere,Haiti
Spencer Dinwiddie,USA
Thon Maker,South Sudan
Tim Frazier,USA
Tim Hardaway Jr.,USA
Vincent Poirier,France
Vlatko Cancar,Slovenia
Wayne Ellington,USA
Wendell Carter Jr.,USA
Wenyen Gabriel,South Sudan
Wes Iwundu,USA
Wesley Matthews,USA
Will Barton,USA
William Howard,France
Willie Cauley-Stein,USA
Willy Hernangomez,Spain
Wilson Chandler,USA
Yogi Ferrell,USA
Yuta Watanabe,Japan
Zach Collins,USA
Zach LaVine,USA
Zach Norvell Jr.,USA
Zhaire Smith,USA
Zion Williamson,USA
Zylan Cheatham,USA
Lonnie Walker IV,USA
Vince Carter,USA
Victor Oladipo,USA
Vic Law,USA
Udonis Haslem,USA
Timothe Luwawu-Cabarrot,France
Tobias Harris,USA
Tomas Satoransky,Czech Republic
Tony Bradley,USA
Tony Snell,USA
Torrey Craig,USA
Trae Young,USA
Tremont Waters,USA
Treveon Graham,USA
Trevor Ariza,USA
Rodney McGruder,USA
Trey Burke,USA
Tristan Thompson,Canada
Troy Daniels,USA
Ty Jerome,USA
Tyler Cook,USA
Tyler Herro,USA
Tyler Johnson,USA
Tyler Zeller,USA
Tyrone Wallace,USA
Tyson Chandler,USA
Tyus Jones,USA
Trey Lyles,Canada
Rodney Hood,USA
Troy Brown Jr.,USA
Robin Lopez,USA
Marvin Williams,USA
Mason Plumlee,USA
Matisse Thybulle,USA
Matt Mooney,USA
Matt Thomas,USA
Matthew Dellavedova,Australia
Maurice Harkless,USA
Max Strus,USA
Maxi Kleber,Germany
Melvin Frazier Jr.,USA
Meyers Leonard,USA
Mfiondu Kabengele,Canada
Michael Carter-Williams,USA
Michael Frazier II,USA
Michael Porter Jr.,USA
Mikal Bridges,USA
Mike Conley,USA
Mike Muscala,USA
Mike Scott,USA
Miles Bridges,USA
Mitchell Robinson,USA
Marvin Bagley III,USA
Miye Oni,USA
Marquese Chriss,USA
Marko Guduric,Serbia
Lou Williams,USA
Rodions Kurucs,Latvia
Louis King,USA
Luc Mbah a Moute,Cameroon
Luguentz Dort,Canada
Luka Doncic,Slovenia
Luka Samanic,Croatia
Luke Kennard,USA
Luke Kornet,USA
Malcolm Brogdon,USA
Malcolm Miller,USA
Malik Beasley,USA
Malik Monk,USA
Malik Newman,USA
Marc Gasol,Spain
Marco Belinelli,Italy
Marcus Morris Sr.,USA
Marcus Smart,USA
Marial Shayok,Canada
Markelle Fultz,USA
Markieff Morris,USA
Marques Bolden,USA
Mo Bamba,USA
Mario Hezonja,Croatia
Montrezl Harrell,USA
PJ Dozier,USA
Pascal Siakam,Cameroon
Pat Connaughton,USA
Patrick Beverley,USA
Patrick McCaw,USA
Patrick Patterson,USA
Patty Mills,Australia
Paul George,USA
Paul Millsap,USA
Paul Watson,USA
P.J. Washington,USA
Quinndary Weatherspoon,USA
Rajon Rondo,USA
Raul Neto,Brazil
Rayjon Tucker,USA
Reggie Bullock,USA
Reggie Jackson,USA
Richaun Holmes,USA
Ricky Rubio,Spain
Monte Morris,USA
Robert Williams III,USA
Robert Covington,USA
RJ Barrett,Canada
P.J. Tucker,USA
Quinn Cook,USA
Oshae Brissett,Canada
Moritz Wagner,Germany
Moses Brown,USA
Mychal Mulder,Canada
Otto Porter Jr.,USA
Myles Turner,USA
Nassir Little,USA
Naz Mitrou-Long,Canada
Naz Reid,USA
Nerlens Noel,USA
Nickeil Alexander-Walker,Canada
Nicolas Batum,France
Nemanja Bjelica,Serbia
Nicolo Melli,Italy
Omari Spellman,USA
Nigel Williams-Goss,USA
OG Anunoby,United Kingdom
Nikola Jokic,Serbia
Nikola Vucevic,Montenegro
Noah Vonleh,USA
Norvel Pelle,USA
Nicolas Claxton,USA
Norman Powell,USA
Freddie Gillespie,USA
Gary Trent Jr.,USA
Gary Payton II,USA
Gary Harris,USA
Gary Clark,USA
Gabriel Deck,Argentina
Garrett Temple,USA
Gabe Vincent,USA
Frank Ntilikina,France
George Hill,USA
Furkan Korkmaz,Turkey
Fred VanVleet,USA
Garrison Mathews,USA
Georges Niang,USA
Grayson Allen,USA
Glenn Robinson III,USA
Goga Bitadze,Georgia
Goran Dragic,Slovenia
Gordon Hayward,USA
Gorgui Dieng,Senegal
Grant Riller,USA
Grant Williams,USA
Greg Whittington,USA
Hamidou Diallo,USA
Harrison Barnes,USA
Henry Ellenson,USA
Frank Mason,USA
Hassan Whiteside,USA
Harry Giles III,USA
Giannis Antetokounmpo,Greece
Frank Kaminsky,USA
Dorian Finney-Smith,USA
Facundo Campazzo,Argentina
Devontae Cacok,USA
Devonte' Graham,USA
Ignas Brazdeikis,Canada
Dewayne Dedmon,USA
Didi Louzada,Brazil
Dillon Brooks,Canada
Domantas Sabonis,Lithuania
Donovan Mitchell,USA
Donta Hall,USA
Donte DiVincenzo,USA
Doug McDermott,USA
Draymond Green,USA
Drew Eubanks,USA
Duncan Robinson,USA
Frank Jackson,USA
Dwayne Bacon,USA
Dwight Powell,Canada
Dylan Windler,USA
E'Twaun Moore,USA
Ed Davis,USA
Edmond Sumner,USA
Elfrid Payton,USA
Elijah Bryant,USA
Elijah Hughes,USA
Enes Kanter,Turkey
Eric Bledsoe,USA
Eric Gordon,USA
Eric Paschall,USA
Ersan Ilyasova,Turkey
Evan Fournier,France
Dwight Howard,USA
Iman Shumpert,USA
Jayson Tatum,USA
Isaac Bonga,Germany
Jaren Jackson Jr.,USA
Jarred Vanderbilt,USA
Jarrell Brantley,USA
Jarrett Allen,USA
Jarrett Culver,USA
Javonte Green,USA
Jaxson Hayes,USA
Jay Scrubb,USA
Jaylen Adams,USA
Jaylen Brown,USA
Jaylen Hoard,France
Jaylen Nowell,USA
Jeff Green,USA
Jeff Teague,USA
Jared Harper,USA
Jerami Grant,USA
Jeremy Lamb,USA
Jerome Robinson,USA
Jevon Carter,USA
Jimmy Butler,USA
Joe Harris,USA
Joe Ingles,Australia
Joel Embiid,Cameroon
John Collins,USA
John Konchar,USA
John Wall,USA
Jonas Valanciunas,Lithuania
Jontay Porter,USA
Devon Dotson,USA
Jordan Bell,USA
Jeremiah Martin,USA
Immanuel Quickley,USA
Jared Dudley,USA
James Nunnally,USA
Isaac Okoro,USA
Isaiah Hartenstein,Germany
Isaiah Joe,USA
Isaiah Roby,USA
Isaiah Stewart,USA
Isaiah Thomas,USA
Ish Smith,USA
Ivica Zubac,Croatia
JJ Redick,USA
Ja Morant,USA
JaKarr Sampson,USA
JaMychal Green,USA
JaVale McGee,USA
Jabari Parker,USA
James Wiseman,USA
Jaden McDaniels,USA
Jae'Sean Tate,USA
Jahlil Okafor,USA
Jahmi'us Ramsey,USA
Jake Layman,USA
Jakob Poeltl,Austria
Jalen Brunson,USA
Jalen Harris,USA
Jalen Lecque,USA
Jalen McDaniels,USA
Jalen Smith,USA
Jamal Murray,Canada
James Ennis III,USA
James Harden,USA
James Johnson,USA
Jae Crowder,USA
Devin Vassell,USA
Bam Adebayo,USA
Devin Booker,USA
Axel Toupane,France
Jordan Bone,USA
Ben McLemore,USA
Ben Simmons,Australia
Bismack Biyombo,DRC
Blake Griffin,USA
Boban Marjanovic,Serbia
Bobby Portis,USA
Bogdan Bogdanovic,Serbia
Bojan Bogdanovic,Croatia
Bol Bol,Sudan
Brad Wanamaker,USA
Bradley Beal,USA
Brandon Clarke,Canada
Avery Bradley,USA
Brandon Goodwin,USA
Brian Bowen II,USA
Brodric Thomas,USA
Brook Lopez,USA
Bruce Brown,USA
Bruno Caboclo,Brazil
Bruno Fernando,Angola
Bryn Forbes,USA
Buddy Hield,Bahamas
CJ Elleby,USA
CJ McCollum,USA
Caleb Martin,USA
Cam Reddish,USA
Cameron Johnson,USA
Cameron Oliver,USA
Brandon Ingram,USA
Cameron Payne,USA
Austin Rivers,USA
Aron Baynes,Australia
Zion Williamson,USA
Aaron Gordon,USA
Aaron Holiday,USA
Aaron Nesmith,USA
Abdel Nader,Egypt
Adam Mokoka,France
Al Horford,Dominican Republic
Al-Farouq Aminu,USA
Alec Burks,USA
Aleksej Pokusevski,Serbia
Alen Smailagic,Serbia
Alex Caruso,USA
Alex Len,Ukraine
Alfonzo McKinnie,USA
Ashton Hagans,USA
Alize Johnson,USA
Amir Coffey,USA
Anderson Varejao,Brazil
Andre Drummond,USA
Andre Iguodala,USA
Andre Roberson,USA
Andrew Wiggins,Canada
Anfernee Simons,USA
Anthony Davis,USA
Anthony Edwards,USA
Anthony Gill,USA
Anthony Lamb,USA
Anthony Tolliver,USA
Anzejs Pasecniks,Latvia
Armoni Brooks,USA
Amida Brimah,USA
Cameron Reynolds,USA
Caris LeVert,USA
Carmelo Anthony,USA
Danny Green,USA
Dante Exum,Australia
Danuel House Jr.,USA
Dario Saric,Croatia
Darius Bazley,USA
Darius Garland,USA
Darius Miller,USA
David Nwaba,USA
Davis Bertans,Latvia
De'Aaron Fox,USA
De'Andre Hunter,USA
De'Anthony Melton,USA
DeAndre Jordan,USA
DeAndre' Bembry,USA
Danilo Gallinari,Italy
DeMar DeRozan,USA
Dean Wade,USA
Deandre Ayton,Bahamas
Deividas Sirvydis,Lithuania
Dejounte Murray,USA
Delon Wright,USA
Deni Avdija,Israel
Dennis Schroder,Germany
Dennis Smith Jr.,USA
Denzel Valentine,USA
Derrick Favors,USA
Derrick Jones Jr.,USA
Derrick Rose,USA
Derrick White,USA
Desmond Bane,USA
DeMarcus Cousins,USA
Daniel Theis,Germany
Daniel Oturu,USA
Daniel Gafford,USA
Carsen Edwards,USA
Cassius Stanley,USA
Cassius Winston,USA
Cedi Osman,Turkey
Chandler Hutchison,USA
Charlie Brown Jr.,USA
Chasson Randle,USA
Chimezie Metu,USA
Chris Boucher,Saint Lucia
Chris Chiozza,USA
Chris Paul,USA
Chris Silva,Gabon
Christian Wood,USA
Chuma Okeke,USA
Clint Capela,Switzerland
Coby White,USA
Cody Martin,USA
Damyean Dotson,USA
Damion Lee,USA
Damian Lillard,USA
Damian Jones,USA
Dakota Mathias,USA
DaQuan Jeffries,USA
Devin Cannady,USA
D.J. Wilson,USA
D'Angelo Russell,USA
Cristiano Felicio,Brazil
Cory Joseph,Canada
Collin Sexton,USA
Cole Anthony,USA
Cody Zeller,USA
D.J. Augustin,USA
Jordan Clarkson,USA
Marcus Smart,USA
Jordan Nwora,USA
Tristan Thompson,Canada
Trey Lyles,Canada
Trey Burke,USA
Trevor Ariza,USA
Trent Forrest,USA
Tremont Waters,USA
Tre Jones,USA
Trae Young,USA
Torrey Craig,USA
Tony Snell,USA
Tony Bradley,USA
Tomas Satoransky,Czech Republic
Tobias Harris,USA
Timothe Luwawu-Cabarrot,France
Tim Hardaway Jr.,USA
Tim Frazier,USA
Thon Maker,South Sudan
Thomas Bryant,USA
Theo Pinson,USA
Theo Maledon,France
Thanasis Antetokounmpo,Greece
Thaddeus Young,USA
Terry Rozier,USA
Terrence Ross,USA
Terrance Ferguson,USA
Terence Davis,USA
Terance Mann,USA
Taurean Prince,USA
Talen Horton-Tucker,USA
Troy Brown Jr.,USA
Ty Jerome,USA
Ty-Shon Alexander,USA
Tyler Bey,USA
Otto Porter Jr.,USA
P.J. Tucker,USA
P.J. Washington,USA
Zeke Nnaji,USA
Zach LaVine,USA
Yuta Watanabe,Japan
Yogi Ferrell,USA
Xavier Tillman,USA
Willy Hernangomez,Spain
Willie Cauley-Stein,USA
Will Magnay,Australia
Will Barton,USA
Wesley Matthews,USA
Wes Iwundu,USA
Taj Gibson,USA
Wenyen Gabriel,South Sudan
Wayne Ellington,USA
Vlatko Cancar,Slovenia
Vincent Poirier,France
Victor Oladipo,USA
Vernon Carey Jr.,USA
Udonis Haslem,USA
Udoka Azubuike,Nigeria
Tyus Jones,USA
Tyrese Maxey,USA
Tyrese Haliburton,USA
Tyrell Terry,USA
Tyler Johnson,USA
Tyler Herro,USA
Tyler Cook,USA
Jordan McLaughlin,USA
Tacko Fall,Senegal
T.J. Warren,USA
T.J. McConnell,USA
Robert Williams III,USA
Robert Franks,USA
Robert Covington,USA
Ricky Rubio,Spain
Richaun Holmes,USA
Reggie Perry,USA
Reggie Jackson,USA
Reggie Bullock,USA
Rayjon Tucker,USA
Ray Spalding,USA
Raul Neto,Brazil
Rajon Rondo,USA
RJ Barrett,Canada
R.J. Hampton,USA
Robert Woodard II,USA
Quinndary Weatherspoon,USA
Precious Achiuwa,Nigeria
Payton Pritchard,USA
Paul Watson,USA
Paul Reed,USA
Paul Millsap,USA
Paul George,USA
Patty Mills,Australia
Patrick Williams,USA
Patrick Patterson,USA
Patrick McCaw,USA
Patrick Beverley,USA
Pat Connaughton,USA
Pascal Siakam,Cameroon
PJ Dozier,USA
Quinn Cook,USA
Oshae Brissett,Canada
Robin Lopez,USA
Rodney Hood,USA
T.J. Leaf,USA
Svi Mykhailiuk,Ukraine
Steven Adams,New Zealand
Sterling Brown,USA
Stephen Curry,USA
Stanley Johnson,USA
Spencer Dinwiddie,USA
Solomon Hill,USA
Skylar Mays,USA
Sindarius Thornwell,USA
Shaquille Harrison,USA
Shake Milton,USA
Shai Gilgeous-Alexander,Canada
Seth Curry,USA
Rodions Kurucs,Latvia
Serge Ibaka,Republic of the Congo
Sekou Doumbouya,France
Sean McDermott,USA
Sam Merrill,USA
Saddiq Bey,USA
Saben Lee,USA
Ryan Arcidiacono,USA
Russell Westbrook,USA
Rui Hachimura,Japan
Rudy Gobert,France
Rudy Gay,USA
Royce O'Neale,USA
Rondae Hollis-Jefferson,USA
Romeo Langford,USA
Rodney McGruder,USA
Semi Ojeleye,USA
Onyeka Okongwu,USA
Wendell Carter Jr.,USA
OG Anunoby,United Kingdom
Kenyon Martin Jr.,USA
Kevin Durant,USA
Kevin Huerter,USA
Kevin Knox II,USA
Kevin Love,USA
Kevin Porter Jr.,USA
Kevon Looney,USA
Khem Birch,Canada
Khris Middleton,USA
Khyri Thomas,USA
Killian Hayes,France
Killian Tillie,France
Kira Lewis Jr.,USA
Kostas Antetokounmpo,Greece
Kentavious Caldwell-Pope,USA
Obi Toppin,USA
Kyle Anderson,USA
Kyle Guy,USA
Kyle Kuzma,USA
Kyle Lowry,USA
Kyrie Irving,Australia
LaMarcus Aldridge,USA
LaMelo Ball,USA
Lamar Stevens,USA
Landry Shamet,USA
Langston Galloway,USA
Larry Nance Jr.,USA
Lauri Markkanen,Finland
LeBron James,USA
Lonnie Walker IV,USA
Kristaps Porzingis,Latvia
Lonzo Ball,USA
Kent Bazemore,USA
Kendrick Nunn,USA
Jordan Poole,USA
Josh Green,Australia
Josh Hall,USA
Josh Hart,USA
Josh Jackson,USA
Josh Okogie,Nigeria
Josh Richardson,USA
Jrue Holiday,USA
Juan Toscano-Anderson,USA
Juancho Hernangomez,Spain
Julius Randle,USA
Justin Holiday,USA
Justin Jackson,USA
Justin James,USA
Kenrich Williams,USA
Justin Patton,USA
Justise Winslow,USA
Jusuf Nurkic,Bosnia and Herzegovina
Juwan Morgan,USA
KZ Okpala,USA
Karim Mane,Senegal
Karl-Anthony Towns,USA
Kawhi Leonard,USA
Keita Bates-Diop,USA
Kelan Martin,USA
Keldon Johnson,USA
Keljin Blevins,USA
Kelly Olynyk,Canada
Kelly Oubre Jr.,USA
Kemba Walker,USA
Justin Robinson,USA
Lou Williams,USA
Kris Dunn,USA
Luguentz Dort,Canada
Mike Scott,USA
Miles Bridges,USA
Mitchell Robinson,USA
Miye Oni,USA
Mo Bamba,USA
Monte Morris,USA
Montrezl Harrell,USA
Moritz Wagner,Germany
Moses Brown,USA
Mychal Mulder,Canada
Myles Turner,USA
Naji Marshall,USA
Nassir Little,USA
Nate Darling,Canada
Mike Muscala,USA
Nate Hinton,USA
Naz Reid,USA
Nemanja Bjelica,Serbia
Nerlens Noel,USA
Nick Richards,Jamaica
Nickeil Alexander-Walker,Canada
Nico Mannion,Italy
Nicolas Batum,France
Nicolas Claxton,USA
Nicolo Melli,Italy
Nikola Jokic,Serbia
Nikola Vucevic,Montenegro
Noah Vonleh,USA
Norman Powell,USA
Norvel Pelle,USA
Louis King,USA
Mike James,USA
Nathan Knight,USA
Mikal Bridges,USA
Mike Conley,USA
Luka Doncic,Slovenia
Luka Samanic,Croatia
Luke Kennard,USA
Luke Kornet,USA
Malachi Flynn,USA
Malcolm Brogdon,USA
Malik Fitts,USA
Malik Monk,USA
Mamadi Diakite,Guinea
Marc Gasol,Spain
Marcus Morris Sr.,USA
Markelle Fultz,USA
Markieff Morris,USA
Markus Howard,USA
Malik Beasley,USA
Marquese Chriss,USA
Michael Porter Jr.,USA
Marques Bolden,USA
Michael Carter-Williams,USA
Mfiondu Kabengele,Canada
Meyers Leonard,USA
Max Strus,USA
Maurice Harkless,USA
Maxi Kleber,Germany
Matthew Dellavedova,Australia
Matt Thomas,USA
Matisse Thybulle,USA
Mason Plumlee,USA
Mason Jones,USA
Marvin Bagley III,USA
Usman Garuba,Spain
Vlatko Cancar,Slovenia
Vit Krejci,Czech Republic
Victor Oladipo,USA
Vernon Carey Jr.,USA
Wayne Ellington,USA
Udonis Haslem,USA
Tyler Johnson,USA
Tyus Jones,USA
Tyrone Wallace,USA
Tyrese Maxey,USA
Tyrese Haliburton,USA
Tyrell Terry,USA
Tyler Herro,USA
Wayne Selden,USA
Udoka Azubuike,Nigeria
Wendell Carter Jr.,USA
Ziaire Williams,USA
Wes Iwundu,USA
Tyler Hall,USA
Zylan Cheatham,USA
Zeke Nnaji,USA
Zavier Simpson,USA
Zach LaVine,USA
Zach Collins,USA
Yves Pons,France
Yuta Watanabe,Japan
Xavier Tillman Sr.,USA
Xavier Sneed,USA
Xavier Moon,USA
Willy Hernangomez,Spain
Willie Cauley-Stein,USA
Will Barton,USA
Wesley Matthews,USA
Wenyen Gabriel,South Sudan
Tyler Cook,USA
Darius Bazley,USA
Troy Brown Jr.,USA
Evan Fournier,France
Evan Mobley,USA
Facundo Campazzo,Argentina
Feron Hunt,USA
Frank Jackson,USA
Frank Kaminsky,USA
Frank Ntilikina,France
Franz Wagner,Germany
Fred VanVleet,USA
Freddie Gillespie,USA
Furkan Korkmaz,Turkey
Gabe Vincent,USA
Gabe York,USA
Gabriel Deck,Argentina
Gabriel Lundberg,Denmark
Garrett Temple,USA
Garrison Mathews,USA
Gorgui Dieng,Senegal
Gordon Hayward,USA
Ty Jerome,USA
Goran Dragic,Slovenia
Goga Bitadze,Georgia
Giannis Antetokounmpo,Greece
Eugene Omoruyi,Nigeria
Georgios Kalaitzakis,Greece
George King,USA
George Hill,USA
Gary Trent Jr.,USA
Gary Payton II,USA
Gary Harris,USA
Gary Clark,USA
Georges Niang,USA
Eric Paschall,USA
Eric Gordon,USA
Eric Bledsoe,USA
Dillon Brooks,Canada
Didi Louzada,Brazil
Dewayne Dedmon,USA
Devonte' Graham,USA
Devontae Cacok,USA
Devon Dotson,USA
Domantas Sabonis,Lithuania
Devin Vassell,USA
Devin Booker,USA
Desmond Bane,USA
Derrick White,USA
Derrick Walton Jr.,USA
Derrick Rose,USA
Derrick Jones Jr.,USA
Devin Cannady,USA
Grant Williams,USA
Donovan Mitchell,USA
Dorian Finney-Smith,USA
Enes Freedom,Turkey
Emmanuel Mudiay,Democratic Republic of the Congo
Emanuel Terry,USA
Elijah Hughes,USA
Elfrid Payton,USA
Ed Davis,USA
Donte DiVincenzo,USA
Dylan Windler,USA
Dwight Howard,USA
Duncan Robinson,USA
Duane Washington Jr.,Germany
Drew Eubanks,USA
Draymond Green,USA
Doug McDermott,USA
Dwight Powell,Canada
Derrick Favors,USA
Grayson Allen,USA
Greg Monroe,USA
Jalen Green,USA
Jalen Johnson,USA
Jalen McDaniels,USA
Jalen Smith,USA
Jalen Suggs,USA
James Bouknight,USA
James Ennis III,USA
James Harden,USA
James Johnson,USA
Jamorko Pickett,USA
Jared Butler,USA
Jared Harper,USA
Jaren Jackson Jr.,USA
Jarred Vanderbilt,USA
Jarrett Allen,USA
Jarrett Culver,USA
Jarron Cumberland,USA
Jeff Green,USA
Jeff Dowtin,USA
Jayson Tatum,USA
Jaysean Paige,USA
Jaylen Nowell,USA
Jaylen Morris,USA
Jalen Brunson,USA
Jaylen Hoard,France
Jay Scrubb,USA
Jay Huff,USA
Jaxson Hayes,USA
Javonte Smart,USA
Javonte Green,USA
Javin DeLaurier,USA
Jaylen Brown,USA
Jakob Poeltl,Austria
Jake Layman,USA
Jaime Echenique,Colombia
Isaiah Livers,USA
Isaiah Joe,USA
Isaiah Jackson,USA
Isaiah Hartenstein,Germany
Isaac Okoro,USA
Isaac Bonga,Germany
Isaiah Roby,USA
Immanuel Quickley,USA
Herbert Jones,USA
Haywood Highsmith,USA
Hassani Gravett,USA
Hassan Whiteside,USA
Harrison Barnes,USA
Hamidou Diallo,USA
Ignas Brazdeikis,Canada
Greg Brown III,USA
Isaiah Stewart,USA
Isaiah Todd,USA
Jahmi'us Ramsey,USA
Jae'Sean Tate,USA
Jae Crowder,USA
Jaden Springer,USA
Jaden McDaniels,USA
Jabari Parker,USA
Isaiah Thomas,USA
JaVale McGee,USA
JaMychal Green,USA
Ja Morant,USA
JT Thor,USA
Ivica Zubac,Croatia
Ish Wainright,USA
Ish Smith,USA
JaQuori McLaughlin,USA
Denzel Valentine,USA
Dennis Smith Jr.,USA
Dennis Schroder,Germany
Charlie Brown Jr.,USA
Charles Bassey,Nigeria
Chandler Hutchison,USA
Cedi Osman,Turkey
Cat Barber,USA
Cassius Winston,USA
Cassius Stanley,USA
Carsen Edwards,USA
Carmelo Anthony,USA
Carlik Jones,USA
Caris LeVert,USA
Cameron Payne,USA
Cameron Oliver,USA
Cameron McGriff,USA
Cameron Johnson,USA
Cam Thomas,Japan
Cam Reddish,USA
Brandon Knight,USA
Brandon Williams,USA
Braxton Key,USA
Brodric Thomas,USA
Brook Lopez,USA
Bruce Brown,USA
Chaundee Brown Jr.,USA
Bruno Fernando,Angola
Buddy Hield,Bahamas
CJ Elleby,USA
CJ McCollum,USA
CJ Miles,USA
Cade Cunningham,USA
Caleb Martin,USA
Bryn Forbes,USA
Cheick Diallo,Mali
Chimezie Metu,USA
Chris Boucher,Saint Lucia
DaQuan Jeffries,USA
Daishen Nix,USA
Dakota Mathias,USA
Dalano Banton,Canada
Damian Jones,USA
Damian Lillard,USA
D.J. Wilson,USA
Damion Lee,USA
Daniel Gafford,USA
Daniel Oturu,USA
Daniel Theis,Germany
Danilo Gallinari,Italy
Danny Green,USA
Danuel House Jr.,USA
Damyean Dotson,USA
Brandon Ingram,USA
D.J. Augustin,USA
Craig Sword,USA
Chris Chiozza,USA
Chris Duarte,Dominican Republic
Chris Paul,USA
Chris Silva,Gabon
Christian Wood,USA
Chuma Okeke,USA
D'Angelo Russell,USA
Clint Capela,Switzerland
Cody Martin,USA
Cody Zeller,USA
Cole Anthony,USA
Collin Sexton,USA
Corey Kispert,USA
Cory Joseph,Canada
Coby White,USA
Brandon Goodwin,USA
Brandon Clarke,Canada
Brandon Boston,USA
David Nwaba,USA
David Johnson,USA
David Duke Jr.,USA
Darren Collison,USA
Aaron Gordon,USA
Aaron Henry,USA
Davion Mitchell,USA
Aaron Holiday,USA
Aaron Wiggins,USA
Abdel Nader,Egypt
Ade Murkey,USA
Admiral Schofield,United Kingdom
Ahmad Caver,USA
Al Horford,Dominican Republic
Aaron Nesmith,USA
Alec Burks,USA
Davis Bertans,Latvia
Day'Ron Sharpe,USA
Deni Avdija,Israel
Delon Wright,USA
Dejounte Murray,USA
Deividas Sirvydis,Lithuania
Deandre Ayton,Bahamas
Dean Wade,USA
Davon Reed,USA
DeMarcus Cousins,USA
DeJon Jarreau,USA
DeAndre' Bembry,USA
DeAndre Jordan,USA
De'Anthony Melton,USA
De'Andre Hunter,USA
De'Aaron Fox,USA
DeMar DeRozan,USA
Jemerrio Jones,USA
Aleem Ford,USA
Alex Caruso,USA
Ayo Dosunmu,USA
BJ Johnson,USA
Bam Adebayo,USA
Ben McLemore,USA
Bismack Biyombo,DRC
Blake Griffin,USA
Avery Bradley,USA
Boban Marjanovic,Serbia
Bogdan Bogdanovic,Serbia
Bojan Bogdanovic,Croatia
Bol Bol,Sudan
Bones Hyland,USA
Brad Wanamaker,USA
Bradley Beal,USA
Bobby Portis,USA
Alekesej Pokusevski,Serbia
Austin Rivers,USA
Arnoldas Kulboka,Lithuania
Alex Len,Ukraine
Alfonzo McKinnie,USA
Alize Johnson,USA
Alperen Sengun,Turkey
Amir Coffey,USA
Andre Drummond,USA
Austin Reaves,USA
Andre Iguodala,USA
Anfernee Simons,USA
Anthony Davis,USA
Anthony Edwards,USA
Anthony Gill,USA
Anthony Lamb,USA
Armoni Brooks,USA
Andrew Wiggins,Canada
Jerami Grant,USA
Jordan McLaughlin,USA
Jeremy Lamb,USA
P.J. Dozier,USA
Otto Porter Jr.,USA
Oshae Brissett,Canada
Onyeka Okongwu,USA
Omer Yurtseven,Turkey
Olivier Sarr,France
Obi Toppin,USA
OG Anunoby,United Kingdom
Norvel Pelle,USA
Norman Powell,USA
Nikola Vucevic,Montenegro
Nikola Jokic,Serbia
Nik Stauskas,Canada
Nicolas Batum,France
Nickeil Alexander-Walker,Canada
Nick Richards,Jamaica
Nic Claxton,USA
Moses Brown,USA
Moses Moody,USA
Moses Wright,USA
Mychal Mulder,Canada
Myles Powell,USA
Myles Turner,USA
P.J. Tucker,USA
Naji Marshall,USA
Nate Hinton,USA
Nathan Knight,USA
Naz Reid,USA
Neemias Queta,Portugal
Nemanja Bjelica,Serbia
Nerlens Noel,USA
Nassir Little,USA
P.J. Washington,USA
Paris Bass,USA
Pascal Siakam,Cameroon
Rayjon Tucker,USA
Reggie Bullock,USA
Reggie Jackson,USA
Reggie Perry,USA
Richaun Holmes,USA
Ricky Rubio,Spain
Raul Neto,Brazil
Rob Edwards,USA
Robert Williams III,USA
Robert Woodard II,USA
Robin Lopez,USA
Rodney Hood,USA
Rodney McGruder,USA
Romeo Langford,USA
Robert Covington,USA
Moritz Wagner,Germany
Rajon Rondo,USA
RJ Barrett,Canada
Pat Connaughton,USA
Patrick Beverley,USA
Patrick Williams,USA
Patty Mills,Australia
Paul George,USA
Paul Millsap,USA
RJ Nembhard Jr.,USA
Paul Reed,USA
Payton Pritchard,USA
Petr Cornelie,France
Precious Achiuwa,Nigeria
Quentin Grimes,USA
Quinndary Weatherspoon,USA
R.J. Hampton,USA
Paul Watson,USA
Royce O'Neale,USA
Montrezl Harrell,USA
Mo Bamba,USA
Mac McClung,USA
M.J. Walker,USA
Luke Kornet,USA
Luke Kennard,USA
Luka Garza,USA
Luka Doncic,Slovenia
Luguentz Dort,Canada
Louis King,USA
Lou Williams,USA
Lonzo Ball,USA
Lonnie Walker IV,USA
Lindy Waters III,USA
Lindell Wigginton,Canada
Leandro Bolmaro,Argentina
LeBron James,USA
Lauri Markkanen,Finland
Kris Dunn,USA
Jeremiah Robinson-Earl,USA
Kristaps Porzingis,Latvia
Kyle Anderson,USA
Kyle Guy,USA
Kyle Kuzma,USA
Kyle Lowry,USA
Malachi Flynn,USA
Kyrie Irving,Australia
LaMelo Ball,USA
Lamar Stevens,USA
Lance Stephenson,USA
Landry Shamet,USA
Langston Galloway,USA
Larry Nance Jr.,USA
LaMarcus Aldridge,USA
Malcolm Brogdon,USA
Malcolm Hill,USA
Malik Beasley,USA
Matt Thomas,USA
Maurice Harkless,USA
Max Strus,USA
Maxi Kleber,Germany
McKinley Wright IV,USA
Melvin Frazier Jr.,USA
Matt Ryan,USA
Michael Porter Jr.,USA
Mike Conley,USA
Mike Muscala,USA
Miles Bridges,USA
Miles McBride,USA
Mitchell Robinson,USA
Miye Oni,USA
Mikal Bridges,USA
Monte Morris,USA
Matt Mooney,USA
Mason Plumlee,USA
Malik Fitts,USA
Malik Monk,USA
Malik Newman,USA
Mamadi Diakite,Guinea
Marcus Garrett,USA
Marcus Morris Sr.,USA
Matisse Thybulle,USA
Marcus Smart,USA
Markieff Morris,USA
Marko Simonovic,Montenegro
Markus Howard,USA
Marquese Chriss,USA
Marvin Bagley III,USA
Mason Jones,USA
Markelle Fultz,USA
Rudy Gay,USA
Micah Potter,USA
Rui Hachimura,Japan
Justin Champagnie,USA
Justin Holiday,USA
Justin Jackson,USA
Justin Robinson,USA
Justise Winslow,USA
Jusuf Nurkic,Bosnia and Herzegovina
Juwan Morgan,USA
KZ Okpala,USA
Kai Jones,Bahamas
Karl-Anthony Towns,USA
Keifer Sykes,USA
Keita Bates-Diop,USA
Kelan Martin,USA
Keldon Johnson,USA
Keljin Blevins,USA
Kelly Olynyk,Canada
Kelly Oubre Jr.,USA
Kevon Looney,USA
Kevin Porter Jr.,USA
Kevin Pangos,Canada
Kevin Love,USA
Kevin Knox II,USA
Kevin Huerter,USA
Justin Anderson,USA
Kevin Durant,USA
Keon Johnson,USA
Kenyon Martin Jr.,USA
Kentavious Caldwell-Pope,USA
Kent Bazemore,USA
Kenrich Williams,USA
Kemba Walker,USA
Kessler Edwards,USA
Julius Randle,USA
Juancho Hernangomez,Spain
Juan Toscano-Anderson,USA
Jon Teske,USA
John Konchar,USA
John Collins,USA
Joel Embiid,Cameroon
Joel Ayayi,France
Joe Wieskamp,USA
Jonas Valanciunas,Lithuania
Joe Johnson,USA
Joe Harris,USA
Jock Landale,Australia
Jimmy Butler,USA
Jevon Carter,USA
Rudy Gobert,France
Jericho Sims,USA
Joe Ingles,Australia
Khem Birch,Canada
Jonathan Kuminga,DRC
Jordan Clarkson,USA
Jrue Holiday,USA
Josh Richardson,USA
Josh Okogie,Nigeria
Josh Jackson,USA
Josh Hart,USA
Josh Green,Australia
Jordan Bell,USA
Josh Giddey,Australia
Jose Alvarado,USA
Jordan Schakel,USA
Jordan Poole,USA
Jordan Nwora,USA
Darius Garland,USA
Jordan Goodwin,USA
Josh Christopher,USA
Khris Middleton,USA
Joshua Primo,Canada
Killian Tillie,France
Shaq Buchanan,USA
Shaquille Harrison,USA
Sharife Cooper,USA
Skylar Mays,USA
Solomon Hill,USA
Spencer Dinwiddie,USA
Shake Milton,USA
Stanley Johnson,USA
Sterling Brown,USA
Steven Adams,New Zealand
Svi Mykhailiuk,Ukraine
T.J. McConnell,USA
Tacko Fall,Senegal
Taj Gibson,USA
Stephen Curry,USA
Talen Horton-Tucker,USA
Seth Curry,USA
Semi Ojeleye,USA
Russell Westbrook,USA
Ryan Arcidiacono,USA
Killian Hayes,France
Saben Lee,USA
Saddiq Bey,USA
Sam Dekker,USA
Serge Ibaka,Republic of the Congo
Sam Hauser,USA
Sandro Mamukelashvili,Georgia
Santi Aldama,Spain
Scottie Barnes,USA
Scottie Lewis,USA
Scotty Hopson,USA
Sekou Doumbouya,France
Sam Merrill,USA
Taurean Prince,USA
Shai Gilgeous-Alexander,Canada
Terence Davis,USA
Tre Jones,USA
Tre Mann,USA
Tremont Waters,USA
Trendon Watford,USA
Kira Lewis Jr.,USA
Trevelin Queen,USA
Trayvon Palmer,USA
Trevon Scott,USA
Trey Burke,USA
Trey Lyles,Canada
Trey Murphy III,USA
Terance Mann,USA
Tristan Thompson,Canada
Klay Thompson,USA
Trevor Ariza,USA
Trae Young,USA
Trent Forrest,USA
Theo Maledon,France
Terrence Ross,USA
Terry Taylor,USA
Thaddeus Young,USA
Thanasis Antetokounmpo,Greece
Theo Pinson,USA
Thomas Bryant,USA
Torrey Craig,USA
Tim Frazier,USA
Tim Hardaway Jr.,USA
Timothe Luwawu-Cabarrot,France
Tobias Harris,USA
Tomas Satoransky,Czech Republic
Tony Bradley,USA
Tony Snell,USA
Terry Rozier,USA
Quentin Grimes,USA
Quenton Jackson,USA
Pat Connaughton,USA
RJ Barrett,Canada
Precious Achiuwa,Nigeria
RaiQuan Gray,USA
R.J. Hampton,USA
Peyton Watson,USA
Patrick Beverley,USA
Paul Reed,USA
Paul George,USA
Patty Mills,Australia
Pascal Siakam,Cameroon
Patrick Williams,USA
Patrick Baldwin,USA
Raul Neto,Brazil
Payton Pritchard,USA
Reggie Bullock,USA
Russell Westbrook,USA
Richaun Holmes,USA
Saddiq Bey,USA
Paolo Banchero,USA
Sam Hauser,USA
Saben Lee,USA
Ryan Rollins,USA
Ryan Arcidiacono,USA
Rui Hachimura,Japan
Rudy Gobert,France
Rudy Gay,USA
Royce O'Neale,USA
Ron Harper Jr.,USA
Romeo Langford,USA
Rodney McGruder,USA
Robin Lopez,USA
Robert Williams III,USA
Robert Covington,USA
Ricky Rubio,Spain
Reggie Jackson,USA
PJ Dozier,USA
Montrezl Harrell,USA
P.J. Tucker,USA
Naz Reid,USA
Nathan Knight,USA
Nassir Little,USA
Naji Marshall,USA
Myles Turner,USA
Moussa Diabate,France
Moses Moody,USA
Moses Brown,USA
Moritz Wagner,Germany
Monte Morris,USA
Mo Bamba,USA
Mitchell Robinson,USA
Miles McBride,USA
Mike Muscala,USA
Mike Conley,USA
Sam Merrill,USA
Mikal Bridges,USA
Neemias Queta,Portugal
P.J. Washington,USA
Nerlens Noel,USA
Nick Richards,Jamaica
Ousmane Dieng,France
Otto Porter Jr.,USA
Oshae Brissett,Canada
Orlando Robinson,USA
Onyeka Okongwu,USA
Omer Yurtseven,Turkey
Olivier Sarr,France
Ochai Agbaji,USA
Obi Toppin,USA
O.G. Anunoby,United Kingdom
Norman Powell,USA
Noah Vonleh,USA
Nikola Vucevic,Montenegro
Nikola Jovic,Serbia
Nikola Jokic,Serbia
Nicolas Batum,France
Nickeil Alexander-Walker,Canada
Nic Claxton,USA
Sandro Mamukelashvili,Georgia
Wesley Matthews,USA
Scottie Barnes,USA
Vernon Carey Jr.,USA
Usman Garuba,Spain
Udonis Haslem,USA
Udoka Azubuike,Nigeria
Tyus Jones,USA
Tyrese Maxey,USA
Tyrese Martin,USA
Tyrese Haliburton,USA
Tyler Herro,USA
Tyler Dorsey,USA
TyTy Washington Jr.,USA
Ty Jerome,USA
Troy Brown Jr.,USA
Trey Murphy III,USA
Trey Lyles,Canada
Trevor Keels,USA
Trevor Hudgins,USA
Victor Oladipo,USA
Trevelin Queen,USA
Vince Williams Jr.,USA
Vlatko Cancar,Slovenia
Michael Porter Jr.,USA
Zion Williamson,USA
Ziaire Williams,USA
Zeke Nnaji,USA
Zach LaVine,USA
Zach Collins,USA
Yuta Watanabe,Japan
Xavier Tillman,USA
Xavier Sneed,USA
Xavier Moon,USA
Xavier Cooks,Australia
Willy Hernangomez,Spain
Will Barton,USA
Wenyen Gabriel,South Sudan
Wendell Moore Jr.,USA
Wendell Carter Jr.,USA
Walker Kessler,USA
Vit Krejci,Czech Republic
Santi Aldama,Spain
Trent Forrest,USA
Tre Mann,USA
T.J. McConnell,USA
Svi Mykhailiuk,Ukraine
Steven Adams,New Zealand
Sterling Brown,USA
Stephen Curry,USA
Stanley Umude,USA
Stanley Johnson,USA
Spencer Dinwiddie,USA
Skylar Mays,USA
Simone Fontecchio,Italy
Shaquille Harrison,USA
Shake Milton,USA
Shai Gilgeous-Alexander,Canada
Shaedon Sharpe,Canada
Seth Curry,USA
Serge Ibaka,Democratic Republic of the Congo
Scotty Pippen Jr.,USA
T.J. Warren,USA
Trendon Watford,USA
Taj Gibson,USA
Tari Eason,USA
Tre Jones,USA
Trae Young,USA
Torrey Craig,USA
Tony Bradley,USA
Tobias Harris,USA
Tim Hardaway Jr.,USA
Thomas Bryant,USA
Theo Pinson,USA
Theo Maledon,France
Thanasis Antetokounmpo,Greece
Thaddeus Young,USA
Terry Taylor,USA
Terry Rozier,USA
Terrence Ross,USA
Terence Davis,USA
Terance Mann,USA
Taurean Prince,USA
Talen Horton-Tucker,USA
Michael Foster Jr.,USA
Lindell Wigginton,Canada
Micah Potter,USA
Dennis Smith Jr.,USA
Deonte Burton,USA
Dereon Seabron,USA
Derrick Jones Jr.,USA
Derrick Rose,USA
Derrick White,USA
Desmond Bane,USA
Devin Booker,USA
Devin Vassell,USA
Devon Dotson,USA
Devonte' Graham,USA
Dewayne Dedmon,USA
Dillon Brooks,Canada
Domantas Sabonis,Lithuania
Dominick Barlow,USA
Donovan Mitchell,USA
Donovan Williams,USA
Donte DiVincenzo,USA
Dorian Finney-Smith,USA
Dennis Schroder,Germany
Doug McDermott,USA
Deni Avdija,Israel
Dejounte Murray,USA
Danny Green,USA
Danuel House Jr.,USA
Dario Saric,Croatia
Darius Bazley,USA
Darius Days,USA
Darius Garland,USA
David Duke Jr.,USA
David Roddy,USA
Davion Mitchell,USA
Davis Bertans,Latvia
Davon Reed,USA
Day'Ron Sharpe,USA
De'Aaron Fox,USA
De'Andre Hunter,USA
De'Anthony Melton,USA
DeAndre Jordan,USA
DeMar DeRozan,USA
Dean Wade,USA
Deandre Ayton,Bahamas
Delon Wright,USA
Draymond Green,USA
Drew Eubanks,USA
Dru Smith,USA
George Hill,USA
Georges Niang,USA
Giannis Antetokounmpo,Greece
Goga Bitadze,Georgia
Goran Dragic,Slovenia
Gordon Hayward,USA
Gorgui Dieng,Senegal
Grant Williams,USA
Grayson Allen,USA
Greg Brown III,USA
Hamidou Diallo,USA
Harrison Barnes,USA
Haywood Highsmith,USA
Herbert Jones,USA
Immanuel Quickley,USA
Isaac Okoro,USA
Isaiah Hartenstein,Germany
Isaiah Jackson,USA
Isaiah Joe,USA
Gary Trent Jr.,USA
Gary Payton II,USA
Gary Harris,USA
Garrison Mathews,USA
Duane Washington Jr.,Germany
Duncan Robinson,USA
Dwight Powell,Canada
Dylan Windler,USA
Dyson Daniels,Australia
Edmond Sumner,USA
Eric Gordon,USA
Eugene Omoruyi,Nigeria
Evan Fournier,France
Daniel Theis,Germany
Evan Mobley,USA
Frank Jackson,USA
Frank Kaminsky,USA
Frank Ntilikina,France
Franz Wagner,Germany
Fred VanVleet,USA
Furkan Korkmaz,Turkey
Gabe Vincent,USA
Gabe York,USA
Garrett Temple,USA
Facundo Campazzo,Argentina
Daniel Gafford,USA
Damion Lee,USA
Damian Lillard,USA
Anthony Gill,USA
Anthony Lamb,USA
Austin Reaves,USA
Austin Rivers,USA
Ayo Dosunmu,USA
Bam Adebayo,USA
Ben Simmons,Australia
Bennedict Mathurin,Canada
Bismack Biyombo,DRC
Blake Griffin,USA
Blake Wesley,USA
Boban Marjanovic,Serbia
Bobby Portis,USA
Bogdan Bogdanovic,Serbia
Bojan Bogdanovic,Croatia
Bol Bol,Sudan
Bones Hyland,USA
Bradley Beal,USA
Brandon Boston Jr.,USA
Anthony Edwards,USA
Anthony Davis,USA
Anfernee Simons,USA
Andrew Wiggins,Canada
A.J. Lawson,Canada
AJ Green,USA
AJ Griffin,USA
Aaron Gordon,USA
Aaron Holiday,USA
Aaron Nesmith,USA
Aaron Wiggins,USA
Admiral Schofield,United Kingdom
Al Horford,Dominican Republic
Brandon Clarke,Canada
Alec Burks,USA
Alex Caruso,USA
Alex Len,Ukraine
Alize Johnson,USA
Alondes Williams,USA
Alperen Sengun,Turkey
Amir Coffey,USA
Andre Drummond,USA
Andre Iguodala,USA
Andrew Nembhard,Canada
Aleksej Pokusevski,Serbia
Isaiah Livers,USA
Brandon Ingram,USA
Brook Lopez,USA
Chris Silva,Gabon
Christian Braun,USA
Christian Koloko,Cameroon
Christian Wood,USA
Chuma Okeke,USA
Clint Capela,Switzerland
Coby White,USA
Cody Martin,USA
Cody Zeller,USA
Cole Anthony,USA
Cole Swider,USA
Collin Sexton,USA
Corey Kispert,USA
Cory Joseph,Canada
D'Angelo Russell,USA
Daishen Nix,USA
Dalano Banton,Canada
Dalen Terry,USA
Damian Jones,USA
Chris Paul,USA
Chris Duarte,Dominican Republic
Chris Boucher,Saint Lucia
Chimezie Metu,USA
Bruce Brown,USA
Bruno Fernando,Angola
Bryce McGowens,USA
Bryn Forbes,USA
Buddy Boeheim,USA
Buddy Hield,Bahamas
CJ McCollum,USA
Cade Cunningham,USA
Caleb Houstan,Canada
Braxton Key,USA
Caleb Martin,USA
Cam Thomas,Japan
Cameron Johnson,USA
Cameron Payne,USA
Caris LeVert,USA
Carlik Jones,USA
Cedi Osman,Turkey
Chance Comanche,USA
Charles Bassey,Nigeria
Chima Moneke,Nigeria
Cam Reddish,USA
Michael Carter-Williams,USA
Isaiah Mobley,USA
Isaiah Stewart,USA
Kenyon Martin Jr.,USA
Keon Ellis,USA
Keon Johnson,USA
Kessler Edwards,USA
Kevin Durant,USA
Kevin Huerter,USA
Kevin Knox II,USA
Kevin Love,USA
Kevin Porter Jr.,USA
Kevon Harris,USA
Kevon Looney,USA
Khem Birch,Canada
Khris Middleton,USA
Killian Hayes,France
Kira Lewis Jr.,USA
Klay Thompson,USA
Kobi Simmons,USA
Kris Dunn,USA
Kristaps Porzingis,Latvia
Kentavious Caldwell-Pope,USA
Kyle Anderson,USA
Kenrich Williams,USA
Kennedy Chandler,USA
Julius Randle,USA
Justin Champagnie,USA
Justin Holiday,USA
Justin Jackson,USA
Justin Minaya,USA
Justise Winslow,USA
Jusuf Nurkic,Bosnia and Herzegovina
KZ Okpala,USA
Kai Jones,Bahamas
Karl-Anthony Towns,USA
Kawhi Leonard,USA
Keegan Murray,USA
Keita Bates-Diop,USA
Keldon Johnson,USA
Kelly Olynyk,Canada
Kelly Oubre Jr.,USA
Kemba Walker,USA
Kendall Brown,USA
Kendrick Nunn,USA
Kenneth Lofton Jr.,USA
Kyle Kuzma,USA
Kyle Lowry,USA
Kyrie Irving,Australia
Mamadi Diakite,Guinea
MarJon Beauchamp,USA
Marcus Morris Sr.,USA
Marcus Smart,USA
Mark Williams,USA
Markelle Fultz,USA
Markieff Morris,USA
Marko Simonovic,Montenegro
Marvin Bagley III,USA
Mason Plumlee,USA
Matisse Thybulle,USA
Matt Ryan,USA
Matthew Dellavedova,Australia
Max Christie,USA
Max Strus,USA
Maxi Kleber,Germany
McKinley Wright IV,USA
Meyers Leonard,USA
Mfiondu Kabengele,Canada
Malik Monk,USA
Malik Beasley,USA
Malcolm Hill,USA
Malcolm Brogdon,USA
LaMelo Ball,USA
Lamar Stevens,USA
Landry Shamet,USA
Larry Nance Jr.,USA
Lauri Markkanen,Finland
LeBron James,USA
Leandro Bolmaro,Argentina
Lester Quinones,USA
Lindy Waters III,USA
Julian Champagnie,USA
Lonnie Walker IV,USA
Luguentz Dort,Canada
Luka Doncic,Slovenia
Luka Garza,USA
Luka Samanic,Croatia
Luke Kennard,USA
Luke Kornet,USA
Mac McClung,USA
Malachi Flynn,USA
Malaki Branham,USA
Louis King,USA
Juancho Hernangomez,Spain
Juan Toscano-Anderson,USA
Jrue Holiday,USA
Jalen McDaniels,USA
Jalen Smith,USA
Jalen Suggs,USA
Jalen Williams,USA
Jamal Cain,USA
Jamal Murray,Canada
Jamaree Bouyea,USA
James Bouknight,USA
James Harden,USA
James Johnson,USA
James Wiseman,USA
Jared Butler,USA
Jared Rhoden,USA
Jaren Jackson Jr.,USA
Jarred Vanderbilt,USA
Jarrell Brantley,USA
Jarrett Allen,USA
Jarrett Culver,USA
Jason Preston,USA
Jalen Johnson,USA
Jalen Green,USA
Jalen Duren,USA
Jalen Brunson,USA
Isaiah Todd,USA
Ish Smith,USA
Ish Wainright,USA
Ivica Zubac,Croatia
JD Davison,USA
JT Thor,USA
Ja Morant,USA
JaVale McGee,USA
Jabari Smith Jr.,USA
Javonte Green,USA
Jabari Walker,USA
Jacob Gilyard,USA
Jaden Hardy,USA
Jaden Ivey,USA
Jaden McDaniels,USA
Jaden Springer,USA
Jae Crowder,USA
Jae'Sean Tate,USA
Jake LaRavia,USA
Jakob Poeltl,Austria
Jack White,Australia
Isaiah Roby,USA
Jaxson Hayes,USA
Jay Scrubb,USA
Jonas Valanciunas,Lithuania
Jonathan Isaac,USA
Jonathan Kuminga,DRC
Jordan Clarkson,USA
Jordan Goodwin,USA
Jordan Hall,USA
Jordan McLaughlin,USA
Jordan Nwora,USA
Jordan Poole,USA
Jordan Schakel,USA
Jose Alvarado,USA
Josh Christopher,USA
Josh Giddey,Australia
Josh Green,Australia
Josh Hart,USA
Josh Minott,USA
Josh Okogie,Nigeria
Josh Richardson,USA
Joshua Primo,Canada
Johnny Juzang,USA
Johnny Davis,USA
John Wall,USA
John Konchar,USA
Jaylen Brown,USA
Jaylen Nowell,USA
Jaylin Williams,USA
Jayson Tatum,USA
Jeenathan Williams,USA
Jeff Dowtin Jr.,USA
Jeff Green,USA
Jerami Grant,USA
Jeremiah Robinson-Earl,USA
Jay Huff,USA
Jeremy Sochan,Poland
Jevon Carter,USA
Jimmy Butler,USA
Jock Landale,Australia
Joe Harris,USA
Joe Ingles,Australia
Joe Wieskamp,USA
Joel Embiid,Cameroon
John Butler Jr.,USA
John Collins,USA
Jericho Sims,USA
JaMychal Green,USA
