sportsett_id,summary,player_name,team,points,assists,total_rebounds,points_gt_20,is_mentioned
4921,"The Philadelphia 76ers defeated the visiting Chicago Bulls, 127 - 108, at Wells Fargo Center on Thursday evening. Both teams came out strong in the first quarter but the Bulls held the advantage, leading 41 - 38, heading into the second. However, the Sixers bounced back in the second, where they outscored the Bulls, 27 - 17, to take a 65 - 58 lead heading into halftime. The Sixers came out in domination mode in the third and outscored the Bulls, 37 - 18, to take a 102 - 76 lead heading into the fourth. The Bulls put up a fight in the fourth but the 76ers were able to cruise to their first win of the season without a problem. Joel Embiid led the 76ers with 30 points on 9 - of - 14 shooting, in 33 minutes of action. Ben Simmons put up big numbers with 13 points, 13 rebounds, 11 assists, two blocks and one steal, in 34 minutes. Robert Covington finished with 20 points, five rebounds, two assists, two steals and a block, in 29 minutes. The Sixers shot 48 percent from the field, including 12 - of - 36 from long range. Meanwhile, Zach LaVine led the Bulls with 30 points on 11 - of - 20 shooting, six rebounds, three assists and one block, in 33 minutes of action. Bobby Portis followed up with 20 points, 10 rebounds, two assists and two steals, while Antonio Blakeney added 15 points, five rebounds and two assists. The Bulls shot 44 percent from the field, including 11 - of - 33 from long range. The Bulls (0 - 1) look to bounce back as they play host to the Pistons on Saturday. The Sixers (1 - 1) play host to the 76ers on Saturday.",Ben Simmons,76ers,13,11,13,False,True
4921,"The Philadelphia 76ers defeated the visiting Chicago Bulls, 127 - 108, at Wells Fargo Center on Thursday evening. Both teams came out strong in the first quarter but the Bulls held the advantage, leading 41 - 38, heading into the second. However, the Sixers bounced back in the second, where they outscored the Bulls, 27 - 17, to take a 65 - 58 lead heading into halftime. The Sixers came out in domination mode in the third and outscored the Bulls, 37 - 18, to take a 102 - 76 lead heading into the fourth. The Bulls put up a fight in the fourth but the 76ers were able to cruise to their first win of the season without a problem. Joel Embiid led the 76ers with 30 points on 9 - of - 14 shooting, in 33 minutes of action. Ben Simmons put up big numbers with 13 points, 13 rebounds, 11 assists, two blocks and one steal, in 34 minutes. Robert Covington finished with 20 points, five rebounds, two assists, two steals and a block, in 29 minutes. The Sixers shot 48 percent from the field, including 12 - of - 36 from long range. Meanwhile, Zach LaVine led the Bulls with 30 points on 11 - of - 20 shooting, six rebounds, three assists and one block, in 33 minutes of action. Bobby Portis followed up with 20 points, 10 rebounds, two assists and two steals, while Antonio Blakeney added 15 points, five rebounds and two assists. The Bulls shot 44 percent from the field, including 11 - of - 33 from long range. The Bulls (0 - 1) look to bounce back as they play host to the Pistons on Saturday. The Sixers (1 - 1) play host to the 76ers on Saturday.",Robert Covington,76ers,20,2,5,False,True
4921,"The Philadelphia 76ers defeated the visiting Chicago Bulls, 127 - 108, at Wells Fargo Center on Thursday evening. Both teams came out strong in the first quarter but the Bulls held the advantage, leading 41 - 38, heading into the second. However, the Sixers bounced back in the second, where they outscored the Bulls, 27 - 17, to take a 65 - 58 lead heading into halftime. The Sixers came out in domination mode in the third and outscored the Bulls, 37 - 18, to take a 102 - 76 lead heading into the fourth. The Bulls put up a fight in the fourth but the 76ers were able to cruise to their first win of the season without a problem. Joel Embiid led the 76ers with 30 points on 9 - of - 14 shooting, in 33 minutes of action. Ben Simmons put up big numbers with 13 points, 13 rebounds, 11 assists, two blocks and one steal, in 34 minutes. Robert Covington finished with 20 points, five rebounds, two assists, two steals and a block, in 29 minutes. The Sixers shot 48 percent from the field, including 12 - of - 36 from long range. Meanwhile, Zach LaVine led the Bulls with 30 points on 11 - of - 20 shooting, six rebounds, three assists and one block, in 33 minutes of action. Bobby Portis followed up with 20 points, 10 rebounds, two assists and two steals, while Antonio Blakeney added 15 points, five rebounds and two assists. The Bulls shot 44 percent from the field, including 11 - of - 33 from long range. The Bulls (0 - 1) look to bounce back as they play host to the Pistons on Saturday. The Sixers (1 - 1) play host to the 76ers on Saturday.",Bobby Portis,Bulls,20,2,11,False,True
4921,"The Philadelphia 76ers defeated the visiting Chicago Bulls, 127 - 108, at Wells Fargo Center on Thursday evening. Both teams came out strong in the first quarter but the Bulls held the advantage, leading 41 - 38, heading into the second. However, the Sixers bounced back in the second, where they outscored the Bulls, 27 - 17, to take a 65 - 58 lead heading into halftime. The Sixers came out in domination mode in the third and outscored the Bulls, 37 - 18, to take a 102 - 76 lead heading into the fourth. The Bulls put up a fight in the fourth but the 76ers were able to cruise to their first win of the season without a problem. Joel Embiid led the 76ers with 30 points on 9 - of - 14 shooting, in 33 minutes of action. Ben Simmons put up big numbers with 13 points, 13 rebounds, 11 assists, two blocks and one steal, in 34 minutes. Robert Covington finished with 20 points, five rebounds, two assists, two steals and a block, in 29 minutes. The Sixers shot 48 percent from the field, including 12 - of - 36 from long range. Meanwhile, Zach LaVine led the Bulls with 30 points on 11 - of - 20 shooting, six rebounds, three assists and one block, in 33 minutes of action. Bobby Portis followed up with 20 points, 10 rebounds, two assists and two steals, while Antonio Blakeney added 15 points, five rebounds and two assists. The Bulls shot 44 percent from the field, including 11 - of - 33 from long range. The Bulls (0 - 1) look to bounce back as they play host to the Pistons on Saturday. The Sixers (1 - 1) play host to the 76ers on Saturday.",Antonio Blakeney,Bulls,15,2,5,False,True
4922,"The Philadelphia 76ers defeated the visiting Orlando Magic, 116 - 115, at Wells Fargo Center on Saturday evening. The Magic jumped out to a quick 90 lead and went ahead to push it to a 26 - 10 advantage with 4:55 left in the first. However, the Sixers battled back and cut the gap to just two points, trailing, 32 - 30, after one. The 76ers pulled ahead in the second carried the lead for most of the quarter, before taking a 63 - 52 lead into halftime. The tides turned again in the third quarter, as the Magic outscored the 76ers by eight, to cut the deficit to three points, heading into the final frame. The Sixers maintained their edge and pushed the lead back to 10, with five minutes to go in the game, but the Magic used an 18 - 9 run to make it a one - point game with 5 seconds left and possession. The Magic were not able to convert on the final play and dropped their second game in as many nights. On the other hand, the Sixers earned their second straight win. Joel Embiid led Philadelphia with 32 points, 10 rebounds and three assists, in 33 minutes. J.J. Redick came up huge in 32 minutes off the bench, with 31 points, four rebounds and four assists. Dario Saric finished with 13 points, nine rebounds, five assists, one block and one steal, while Robert Covington added 12 points, four rebounds, two steals, one block and one assist. The Sixers shot 48 percent from the field, including 17 - of - 34 from long range. Meanwhile, Evan Fournier was the high - point man for the Magic with 31 points, four rebounds, three assists and one steal, in 33 minutes. Nikola Vucevic had a big night with 27 points, 13 rebounds, 12 assists and two steals, in 37 minutes of action, while Aaron Gordon finished with 20 points, 12 rebounds three assists, three blocks and one steal. The Magic shot 46 percent from the field, including 16 - of - 29 from distance. The Magic (1 - 2) take on the Celtics in Boston on Monday, while the 76ers, head to Detroit to challenge the Pistons on Tuesday.",Robert Covington,76ers,12,1,4,False,True
4922,"The Philadelphia 76ers defeated the visiting Orlando Magic, 116 - 115, at Wells Fargo Center on Saturday evening. The Magic jumped out to a quick 90 lead and went ahead to push it to a 26 - 10 advantage with 4:55 left in the first. However, the Sixers battled back and cut the gap to just two points, trailing, 32 - 30, after one. The 76ers pulled ahead in the second carried the lead for most of the quarter, before taking a 63 - 52 lead into halftime. The tides turned again in the third quarter, as the Magic outscored the 76ers by eight, to cut the deficit to three points, heading into the final frame. The Sixers maintained their edge and pushed the lead back to 10, with five minutes to go in the game, but the Magic used an 18 - 9 run to make it a one - point game with 5 seconds left and possession. The Magic were not able to convert on the final play and dropped their second game in as many nights. On the other hand, the Sixers earned their second straight win. Joel Embiid led Philadelphia with 32 points, 10 rebounds and three assists, in 33 minutes. J.J. Redick came up huge in 32 minutes off the bench, with 31 points, four rebounds and four assists. Dario Saric finished with 13 points, nine rebounds, five assists, one block and one steal, while Robert Covington added 12 points, four rebounds, two steals, one block and one assist. The Sixers shot 48 percent from the field, including 17 - of - 34 from long range. Meanwhile, Evan Fournier was the high - point man for the Magic with 31 points, four rebounds, three assists and one steal, in 33 minutes. Nikola Vucevic had a big night with 27 points, 13 rebounds, 12 assists and two steals, in 37 minutes of action, while Aaron Gordon finished with 20 points, 12 rebounds three assists, three blocks and one steal. The Magic shot 46 percent from the field, including 16 - of - 29 from distance. The Magic (1 - 2) take on the Celtics in Boston on Monday, while the 76ers, head to Detroit to challenge the Pistons on Tuesday.",Joel Embiid,76ers,32,3,10,True,True
4922,"The Philadelphia 76ers defeated the visiting Orlando Magic, 116 - 115, at Wells Fargo Center on Saturday evening. The Magic jumped out to a quick 90 lead and went ahead to push it to a 26 - 10 advantage with 4:55 left in the first. However, the Sixers battled back and cut the gap to just two points, trailing, 32 - 30, after one. The 76ers pulled ahead in the second carried the lead for most of the quarter, before taking a 63 - 52 lead into halftime. The tides turned again in the third quarter, as the Magic outscored the 76ers by eight, to cut the deficit to three points, heading into the final frame. The Sixers maintained their edge and pushed the lead back to 10, with five minutes to go in the game, but the Magic used an 18 - 9 run to make it a one - point game with 5 seconds left and possession. The Magic were not able to convert on the final play and dropped their second game in as many nights. On the other hand, the Sixers earned their second straight win. Joel Embiid led Philadelphia with 32 points, 10 rebounds and three assists, in 33 minutes. J.J. Redick came up huge in 32 minutes off the bench, with 31 points, four rebounds and four assists. Dario Saric finished with 13 points, nine rebounds, five assists, one block and one steal, while Robert Covington added 12 points, four rebounds, two steals, one block and one assist. The Sixers shot 48 percent from the field, including 17 - of - 34 from long range. Meanwhile, Evan Fournier was the high - point man for the Magic with 31 points, four rebounds, three assists and one steal, in 33 minutes. Nikola Vucevic had a big night with 27 points, 13 rebounds, 12 assists and two steals, in 37 minutes of action, while Aaron Gordon finished with 20 points, 12 rebounds three assists, three blocks and one steal. The Magic shot 46 percent from the field, including 16 - of - 29 from distance. The Magic (1 - 2) take on the Celtics in Boston on Monday, while the 76ers, head to Detroit to challenge the Pistons on Tuesday.",J.J. Redick,76ers,31,4,4,True,True
4922,"The Philadelphia 76ers defeated the visiting Orlando Magic, 116 - 115, at Wells Fargo Center on Saturday evening. The Magic jumped out to a quick 90 lead and went ahead to push it to a 26 - 10 advantage with 4:55 left in the first. However, the Sixers battled back and cut the gap to just two points, trailing, 32 - 30, after one. The 76ers pulled ahead in the second carried the lead for most of the quarter, before taking a 63 - 52 lead into halftime. The tides turned again in the third quarter, as the Magic outscored the 76ers by eight, to cut the deficit to three points, heading into the final frame. The Sixers maintained their edge and pushed the lead back to 10, with five minutes to go in the game, but the Magic used an 18 - 9 run to make it a one - point game with 5 seconds left and possession. The Magic were not able to convert on the final play and dropped their second game in as many nights. On the other hand, the Sixers earned their second straight win. Joel Embiid led Philadelphia with 32 points, 10 rebounds and three assists, in 33 minutes. J.J. Redick came up huge in 32 minutes off the bench, with 31 points, four rebounds and four assists. Dario Saric finished with 13 points, nine rebounds, five assists, one block and one steal, while Robert Covington added 12 points, four rebounds, two steals, one block and one assist. The Sixers shot 48 percent from the field, including 17 - of - 34 from long range. Meanwhile, Evan Fournier was the high - point man for the Magic with 31 points, four rebounds, three assists and one steal, in 33 minutes. Nikola Vucevic had a big night with 27 points, 13 rebounds, 12 assists and two steals, in 37 minutes of action, while Aaron Gordon finished with 20 points, 12 rebounds three assists, three blocks and one steal. The Magic shot 46 percent from the field, including 16 - of - 29 from distance. The Magic (1 - 2) take on the Celtics in Boston on Monday, while the 76ers, head to Detroit to challenge the Pistons on Tuesday.",Evan Fournier,Magic,31,3,4,True,True
4922,"The Philadelphia 76ers defeated the visiting Orlando Magic, 116 - 115, at Wells Fargo Center on Saturday evening. The Magic jumped out to a quick 90 lead and went ahead to push it to a 26 - 10 advantage with 4:55 left in the first. However, the Sixers battled back and cut the gap to just two points, trailing, 32 - 30, after one. The 76ers pulled ahead in the second carried the lead for most of the quarter, before taking a 63 - 52 lead into halftime. The tides turned again in the third quarter, as the Magic outscored the 76ers by eight, to cut the deficit to three points, heading into the final frame. The Sixers maintained their edge and pushed the lead back to 10, with five minutes to go in the game, but the Magic used an 18 - 9 run to make it a one - point game with 5 seconds left and possession. The Magic were not able to convert on the final play and dropped their second game in as many nights. On the other hand, the Sixers earned their second straight win. Joel Embiid led Philadelphia with 32 points, 10 rebounds and three assists, in 33 minutes. J.J. Redick came up huge in 32 minutes off the bench, with 31 points, four rebounds and four assists. Dario Saric finished with 13 points, nine rebounds, five assists, one block and one steal, while Robert Covington added 12 points, four rebounds, two steals, one block and one assist. The Sixers shot 48 percent from the field, including 17 - of - 34 from long range. Meanwhile, Evan Fournier was the high - point man for the Magic with 31 points, four rebounds, three assists and one steal, in 33 minutes. Nikola Vucevic had a big night with 27 points, 13 rebounds, 12 assists and two steals, in 37 minutes of action, while Aaron Gordon finished with 20 points, 12 rebounds three assists, three blocks and one steal. The Magic shot 46 percent from the field, including 16 - of - 29 from distance. The Magic (1 - 2) take on the Celtics in Boston on Monday, while the 76ers, head to Detroit to challenge the Pistons on Tuesday.",Aaron Gordon,Magic,20,3,12,False,True
4923,"The Philadelphia 76ers defeated the Charlotte Hornets, 105 - 103, at Wells Fargo Center on Saturday evening. The battle of two evenly matched teams was as good as expected, as neither club gave an inch through four quarters. A see - saw first half saw the 76ers (3 - 3) enter halftime holding a slim 63 - 62 advantage. Ultimately, a standout defensive effort by Philadelphia that saw them limit the Hornets (3 - 4) to 18 points in the final period helped key the hard - fought win. Both teams scuffled from the field with Charlotte's 39 percent success rate only slightly exceeding the Sixers' 38 percent figure. However, the home squad enjoyed a strong rebounding advantage, winning the battle of the boards by a 56 - 48 margin. Kemba Walker paced the Hornets with a game - high 37 points, a total he supplemented with six rebounds, six assists, two blocks and one steal. Miles Bridges followed with a bench - leading 14 points, a total he supplemented with two rebounds and one steal. Cody Zeller produced 12 points, six boards and one steal, while Jeremy Lamb matched his point total and added three rebounds and one assist. Joel Embiid led the way for the Sixers with a 27 - point, 14 - rebound double - double that also included two assists and two blocks. Robert Covington generated an 18 - point, 10 - rebound double - double of his own. J.J. Redick poured in 15 point to lead the second unit. Ben Simmons supplied 14 points, 12 rebounds, three assists and one steal. Dario Saric contributed 11 points, seven rebounds and one assist. Markelle Fultz turned in 10 points, four rebounds, four assists and one steal. The Hornets head back home and await a visit from the Miami Heat on Tuesday night, while the 76ers remain home to take on the Atlanta Hawks on Monday evening.",Joel Embiid,76ers,27,2,15,True,True
4923,"The Philadelphia 76ers defeated the Charlotte Hornets, 105 - 103, at Wells Fargo Center on Saturday evening. The battle of two evenly matched teams was as good as expected, as neither club gave an inch through four quarters. A see - saw first half saw the 76ers (3 - 3) enter halftime holding a slim 63 - 62 advantage. Ultimately, a standout defensive effort by Philadelphia that saw them limit the Hornets (3 - 4) to 18 points in the final period helped key the hard - fought win. Both teams scuffled from the field with Charlotte's 39 percent success rate only slightly exceeding the Sixers' 38 percent figure. However, the home squad enjoyed a strong rebounding advantage, winning the battle of the boards by a 56 - 48 margin. Kemba Walker paced the Hornets with a game - high 37 points, a total he supplemented with six rebounds, six assists, two blocks and one steal. Miles Bridges followed with a bench - leading 14 points, a total he supplemented with two rebounds and one steal. Cody Zeller produced 12 points, six boards and one steal, while Jeremy Lamb matched his point total and added three rebounds and one assist. Joel Embiid led the way for the Sixers with a 27 - point, 14 - rebound double - double that also included two assists and two blocks. Robert Covington generated an 18 - point, 10 - rebound double - double of his own. J.J. Redick poured in 15 point to lead the second unit. Ben Simmons supplied 14 points, 12 rebounds, three assists and one steal. Dario Saric contributed 11 points, seven rebounds and one assist. Markelle Fultz turned in 10 points, four rebounds, four assists and one steal. The Hornets head back home and await a visit from the Miami Heat on Tuesday night, while the 76ers remain home to take on the Atlanta Hawks on Monday evening.",Ben Simmons,76ers,14,3,12,False,True
4923,"The Philadelphia 76ers defeated the Charlotte Hornets, 105 - 103, at Wells Fargo Center on Saturday evening. The battle of two evenly matched teams was as good as expected, as neither club gave an inch through four quarters. A see - saw first half saw the 76ers (3 - 3) enter halftime holding a slim 63 - 62 advantage. Ultimately, a standout defensive effort by Philadelphia that saw them limit the Hornets (3 - 4) to 18 points in the final period helped key the hard - fought win. Both teams scuffled from the field with Charlotte's 39 percent success rate only slightly exceeding the Sixers' 38 percent figure. However, the home squad enjoyed a strong rebounding advantage, winning the battle of the boards by a 56 - 48 margin. Kemba Walker paced the Hornets with a game - high 37 points, a total he supplemented with six rebounds, six assists, two blocks and one steal. Miles Bridges followed with a bench - leading 14 points, a total he supplemented with two rebounds and one steal. Cody Zeller produced 12 points, six boards and one steal, while Jeremy Lamb matched his point total and added three rebounds and one assist. Joel Embiid led the way for the Sixers with a 27 - point, 14 - rebound double - double that also included two assists and two blocks. Robert Covington generated an 18 - point, 10 - rebound double - double of his own. J.J. Redick poured in 15 point to lead the second unit. Ben Simmons supplied 14 points, 12 rebounds, three assists and one steal. Dario Saric contributed 11 points, seven rebounds and one assist. Markelle Fultz turned in 10 points, four rebounds, four assists and one steal. The Hornets head back home and await a visit from the Miami Heat on Tuesday night, while the 76ers remain home to take on the Atlanta Hawks on Monday evening.",Markelle Fultz,76ers,10,4,4,False,True
4923,"The Philadelphia 76ers defeated the Charlotte Hornets, 105 - 103, at Wells Fargo Center on Saturday evening. The battle of two evenly matched teams was as good as expected, as neither club gave an inch through four quarters. A see - saw first half saw the 76ers (3 - 3) enter halftime holding a slim 63 - 62 advantage. Ultimately, a standout defensive effort by Philadelphia that saw them limit the Hornets (3 - 4) to 18 points in the final period helped key the hard - fought win. Both teams scuffled from the field with Charlotte's 39 percent success rate only slightly exceeding the Sixers' 38 percent figure. However, the home squad enjoyed a strong rebounding advantage, winning the battle of the boards by a 56 - 48 margin. Kemba Walker paced the Hornets with a game - high 37 points, a total he supplemented with six rebounds, six assists, two blocks and one steal. Miles Bridges followed with a bench - leading 14 points, a total he supplemented with two rebounds and one steal. Cody Zeller produced 12 points, six boards and one steal, while Jeremy Lamb matched his point total and added three rebounds and one assist. Joel Embiid led the way for the Sixers with a 27 - point, 14 - rebound double - double that also included two assists and two blocks. Robert Covington generated an 18 - point, 10 - rebound double - double of his own. J.J. Redick poured in 15 point to lead the second unit. Ben Simmons supplied 14 points, 12 rebounds, three assists and one steal. Dario Saric contributed 11 points, seven rebounds and one assist. Markelle Fultz turned in 10 points, four rebounds, four assists and one steal. The Hornets head back home and await a visit from the Miami Heat on Tuesday night, while the 76ers remain home to take on the Atlanta Hawks on Monday evening.",J.J. Redick,76ers,15,2,1,False,True
4923,"The Philadelphia 76ers defeated the Charlotte Hornets, 105 - 103, at Wells Fargo Center on Saturday evening. The battle of two evenly matched teams was as good as expected, as neither club gave an inch through four quarters. A see - saw first half saw the 76ers (3 - 3) enter halftime holding a slim 63 - 62 advantage. Ultimately, a standout defensive effort by Philadelphia that saw them limit the Hornets (3 - 4) to 18 points in the final period helped key the hard - fought win. Both teams scuffled from the field with Charlotte's 39 percent success rate only slightly exceeding the Sixers' 38 percent figure. However, the home squad enjoyed a strong rebounding advantage, winning the battle of the boards by a 56 - 48 margin. Kemba Walker paced the Hornets with a game - high 37 points, a total he supplemented with six rebounds, six assists, two blocks and one steal. Miles Bridges followed with a bench - leading 14 points, a total he supplemented with two rebounds and one steal. Cody Zeller produced 12 points, six boards and one steal, while Jeremy Lamb matched his point total and added three rebounds and one assist. Joel Embiid led the way for the Sixers with a 27 - point, 14 - rebound double - double that also included two assists and two blocks. Robert Covington generated an 18 - point, 10 - rebound double - double of his own. J.J. Redick poured in 15 point to lead the second unit. Ben Simmons supplied 14 points, 12 rebounds, three assists and one steal. Dario Saric contributed 11 points, seven rebounds and one assist. Markelle Fultz turned in 10 points, four rebounds, four assists and one steal. The Hornets head back home and await a visit from the Miami Heat on Tuesday night, while the 76ers remain home to take on the Atlanta Hawks on Monday evening.",Kemba Walker,Hornets,37,6,6,True,True
4923,"The Philadelphia 76ers defeated the Charlotte Hornets, 105 - 103, at Wells Fargo Center on Saturday evening. The battle of two evenly matched teams was as good as expected, as neither club gave an inch through four quarters. A see - saw first half saw the 76ers (3 - 3) enter halftime holding a slim 63 - 62 advantage. Ultimately, a standout defensive effort by Philadelphia that saw them limit the Hornets (3 - 4) to 18 points in the final period helped key the hard - fought win. Both teams scuffled from the field with Charlotte's 39 percent success rate only slightly exceeding the Sixers' 38 percent figure. However, the home squad enjoyed a strong rebounding advantage, winning the battle of the boards by a 56 - 48 margin. Kemba Walker paced the Hornets with a game - high 37 points, a total he supplemented with six rebounds, six assists, two blocks and one steal. Miles Bridges followed with a bench - leading 14 points, a total he supplemented with two rebounds and one steal. Cody Zeller produced 12 points, six boards and one steal, while Jeremy Lamb matched his point total and added three rebounds and one assist. Joel Embiid led the way for the Sixers with a 27 - point, 14 - rebound double - double that also included two assists and two blocks. Robert Covington generated an 18 - point, 10 - rebound double - double of his own. J.J. Redick poured in 15 point to lead the second unit. Ben Simmons supplied 14 points, 12 rebounds, three assists and one steal. Dario Saric contributed 11 points, seven rebounds and one assist. Markelle Fultz turned in 10 points, four rebounds, four assists and one steal. The Hornets head back home and await a visit from the Miami Heat on Tuesday night, while the 76ers remain home to take on the Atlanta Hawks on Monday evening.",Jeremy Lamb,Hornets,12,1,3,False,True
4924,"The Philadelphia 76ers defeated the Atlanta Hawks, 113 - 92, at Wells Fargo Center on Monday night. The 76ers (4 - 3) kept their undefeated run at home alive with a convincing win over the Hawks (2 - 4), as Atlanta fought hard but ultimately didn't have enough in them to battle with Philadelphia. In fact, Atlanta won the first quarter 25 - 20, but Philadelphia evened things up with a 27 - 22 second quarter that kept the score tied at 47 after the first two quarters. Philadelphia showed a bit of their playoff form last season with an impressive 31 - 13 third quarter, and they later closed things out with a 35 - 32 fourth quarter. Without a doubt, it was a strong showing from the Sixers and now they move up to 40 at home. Ben Simmons was the star of the game for Philadelphia and he came one assist short of a triple - double thanks to a 21 - point, 12 - rebound, nine - assist stat line, while Joel Embiid registered 10 points, six rebounds, six assists and two blocks. Markelle Fultz chipped in with 16 points and seven assists, Robert Covington added 11 points with six rebounds, and three bench players reached the 10 - point mark: J.J. Redick (14), Mike Muscala (14) and Landry Shamet (13). Kent Bazemore had 18 points to led all players for the Hawks, while rookie point guard Trae Young contributed with 11 points and eight assists. Dewayne Dedmon and Omari Spellman each chipped in with 11 points coming off the bench for the Hawks. All 13 Atlanta players scored, but only four reached the 10 - point mark.",Robert Covington,76ers,11,1,6,False,True
4924,"The Philadelphia 76ers defeated the Atlanta Hawks, 113 - 92, at Wells Fargo Center on Monday night. The 76ers (4 - 3) kept their undefeated run at home alive with a convincing win over the Hawks (2 - 4), as Atlanta fought hard but ultimately didn't have enough in them to battle with Philadelphia. In fact, Atlanta won the first quarter 25 - 20, but Philadelphia evened things up with a 27 - 22 second quarter that kept the score tied at 47 after the first two quarters. Philadelphia showed a bit of their playoff form last season with an impressive 31 - 13 third quarter, and they later closed things out with a 35 - 32 fourth quarter. Without a doubt, it was a strong showing from the Sixers and now they move up to 40 at home. Ben Simmons was the star of the game for Philadelphia and he came one assist short of a triple - double thanks to a 21 - point, 12 - rebound, nine - assist stat line, while Joel Embiid registered 10 points, six rebounds, six assists and two blocks. Markelle Fultz chipped in with 16 points and seven assists, Robert Covington added 11 points with six rebounds, and three bench players reached the 10 - point mark: J.J. Redick (14), Mike Muscala (14) and Landry Shamet (13). Kent Bazemore had 18 points to led all players for the Hawks, while rookie point guard Trae Young contributed with 11 points and eight assists. Dewayne Dedmon and Omari Spellman each chipped in with 11 points coming off the bench for the Hawks. All 13 Atlanta players scored, but only four reached the 10 - point mark.",Joel Embiid,76ers,10,6,6,False,True
4924,"The Philadelphia 76ers defeated the Atlanta Hawks, 113 - 92, at Wells Fargo Center on Monday night. The 76ers (4 - 3) kept their undefeated run at home alive with a convincing win over the Hawks (2 - 4), as Atlanta fought hard but ultimately didn't have enough in them to battle with Philadelphia. In fact, Atlanta won the first quarter 25 - 20, but Philadelphia evened things up with a 27 - 22 second quarter that kept the score tied at 47 after the first two quarters. Philadelphia showed a bit of their playoff form last season with an impressive 31 - 13 third quarter, and they later closed things out with a 35 - 32 fourth quarter. Without a doubt, it was a strong showing from the Sixers and now they move up to 40 at home. Ben Simmons was the star of the game for Philadelphia and he came one assist short of a triple - double thanks to a 21 - point, 12 - rebound, nine - assist stat line, while Joel Embiid registered 10 points, six rebounds, six assists and two blocks. Markelle Fultz chipped in with 16 points and seven assists, Robert Covington added 11 points with six rebounds, and three bench players reached the 10 - point mark: J.J. Redick (14), Mike Muscala (14) and Landry Shamet (13). Kent Bazemore had 18 points to led all players for the Hawks, while rookie point guard Trae Young contributed with 11 points and eight assists. Dewayne Dedmon and Omari Spellman each chipped in with 11 points coming off the bench for the Hawks. All 13 Atlanta players scored, but only four reached the 10 - point mark.",Ben Simmons,76ers,21,9,12,True,True
4924,"The Philadelphia 76ers defeated the Atlanta Hawks, 113 - 92, at Wells Fargo Center on Monday night. The 76ers (4 - 3) kept their undefeated run at home alive with a convincing win over the Hawks (2 - 4), as Atlanta fought hard but ultimately didn't have enough in them to battle with Philadelphia. In fact, Atlanta won the first quarter 25 - 20, but Philadelphia evened things up with a 27 - 22 second quarter that kept the score tied at 47 after the first two quarters. Philadelphia showed a bit of their playoff form last season with an impressive 31 - 13 third quarter, and they later closed things out with a 35 - 32 fourth quarter. Without a doubt, it was a strong showing from the Sixers and now they move up to 40 at home. Ben Simmons was the star of the game for Philadelphia and he came one assist short of a triple - double thanks to a 21 - point, 12 - rebound, nine - assist stat line, while Joel Embiid registered 10 points, six rebounds, six assists and two blocks. Markelle Fultz chipped in with 16 points and seven assists, Robert Covington added 11 points with six rebounds, and three bench players reached the 10 - point mark: J.J. Redick (14), Mike Muscala (14) and Landry Shamet (13). Kent Bazemore had 18 points to led all players for the Hawks, while rookie point guard Trae Young contributed with 11 points and eight assists. Dewayne Dedmon and Omari Spellman each chipped in with 11 points coming off the bench for the Hawks. All 13 Atlanta players scored, but only four reached the 10 - point mark.",Markelle Fultz,76ers,16,7,4,False,True
4925,"The Philadelphia 76ers defeated the visiting Los Angeles Clippers, 122 - 113, at Wells Fargo Center on Thursday evening. The Sixers got out to a solid start at home, as they held the upper hand for the entire first quarter, before taking a 34 - 30 lead into the second. They took off in the second, as they quickly pushed their lead to 10, and went on to outscore the Clippers by 11 in the quarter, to take a 72 - 57 lead into halftime. However, the Clippers came out strong in the third, as they kicked off the quarter with an 11 - 4 run, to cut the gap to eight. They kept battling and managed to trim the deficit to just four points, as they trailed 90 - 86 heading into the final frame. Despite the Clippers' strong push, the Sixers kept it together and managed to push their lead back to 11, less two minutes into the quarter. From there, the Clippers were only able to get within three points, as the 76ers went on to their fifth home win of the season. Joel Embiid led Philadelphia with 41 points, 13 rebounds, four blocks and one assist, in 33 minutes. J.J. Redick followed up with 18 points, in 34 minutes off the bench, while Ben Simmons tallied 14 points, 11 assists, three rebounds and one steal. The Sixers shot 47 percent from the field, including 13 - of - 27 from long range. Meanwhile, Lou Williams led the Clippers with 26 points on 9 - of - 19 shooting, in 24 minutes off the bench. Danilo Gallinari followed up with 25 points, eight rebounds and one assist, in 35 minutes, while Tobias Harris added 24 points, eight rebounds, three assists and one block. The Clippers shot 44 percent from the field, including 9 - of - 23 from long range. The Clippers (4 - 4) will be right back in action, as they take on the Magic in Orlando on Friday. The 76ers (5 - 4) play host to the Pistons on Saturday.",Ben Simmons,76ers,14,11,3,False,True
4925,"The Philadelphia 76ers defeated the visiting Los Angeles Clippers, 122 - 113, at Wells Fargo Center on Thursday evening. The Sixers got out to a solid start at home, as they held the upper hand for the entire first quarter, before taking a 34 - 30 lead into the second. They took off in the second, as they quickly pushed their lead to 10, and went on to outscore the Clippers by 11 in the quarter, to take a 72 - 57 lead into halftime. However, the Clippers came out strong in the third, as they kicked off the quarter with an 11 - 4 run, to cut the gap to eight. They kept battling and managed to trim the deficit to just four points, as they trailed 90 - 86 heading into the final frame. Despite the Clippers' strong push, the Sixers kept it together and managed to push their lead back to 11, less two minutes into the quarter. From there, the Clippers were only able to get within three points, as the 76ers went on to their fifth home win of the season. Joel Embiid led Philadelphia with 41 points, 13 rebounds, four blocks and one assist, in 33 minutes. J.J. Redick followed up with 18 points, in 34 minutes off the bench, while Ben Simmons tallied 14 points, 11 assists, three rebounds and one steal. The Sixers shot 47 percent from the field, including 13 - of - 27 from long range. Meanwhile, Lou Williams led the Clippers with 26 points on 9 - of - 19 shooting, in 24 minutes off the bench. Danilo Gallinari followed up with 25 points, eight rebounds and one assist, in 35 minutes, while Tobias Harris added 24 points, eight rebounds, three assists and one block. The Clippers shot 44 percent from the field, including 9 - of - 23 from long range. The Clippers (4 - 4) will be right back in action, as they take on the Magic in Orlando on Friday. The 76ers (5 - 4) play host to the Pistons on Saturday.",Joel Embiid,76ers,41,1,13,True,True
4925,"The Philadelphia 76ers defeated the visiting Los Angeles Clippers, 122 - 113, at Wells Fargo Center on Thursday evening. The Sixers got out to a solid start at home, as they held the upper hand for the entire first quarter, before taking a 34 - 30 lead into the second. They took off in the second, as they quickly pushed their lead to 10, and went on to outscore the Clippers by 11 in the quarter, to take a 72 - 57 lead into halftime. However, the Clippers came out strong in the third, as they kicked off the quarter with an 11 - 4 run, to cut the gap to eight. They kept battling and managed to trim the deficit to just four points, as they trailed 90 - 86 heading into the final frame. Despite the Clippers' strong push, the Sixers kept it together and managed to push their lead back to 11, less two minutes into the quarter. From there, the Clippers were only able to get within three points, as the 76ers went on to their fifth home win of the season. Joel Embiid led Philadelphia with 41 points, 13 rebounds, four blocks and one assist, in 33 minutes. J.J. Redick followed up with 18 points, in 34 minutes off the bench, while Ben Simmons tallied 14 points, 11 assists, three rebounds and one steal. The Sixers shot 47 percent from the field, including 13 - of - 27 from long range. Meanwhile, Lou Williams led the Clippers with 26 points on 9 - of - 19 shooting, in 24 minutes off the bench. Danilo Gallinari followed up with 25 points, eight rebounds and one assist, in 35 minutes, while Tobias Harris added 24 points, eight rebounds, three assists and one block. The Clippers shot 44 percent from the field, including 9 - of - 23 from long range. The Clippers (4 - 4) will be right back in action, as they take on the Magic in Orlando on Friday. The 76ers (5 - 4) play host to the Pistons on Saturday.",J.J. Redick,76ers,18,4,2,False,True
4925,"The Philadelphia 76ers defeated the visiting Los Angeles Clippers, 122 - 113, at Wells Fargo Center on Thursday evening. The Sixers got out to a solid start at home, as they held the upper hand for the entire first quarter, before taking a 34 - 30 lead into the second. They took off in the second, as they quickly pushed their lead to 10, and went on to outscore the Clippers by 11 in the quarter, to take a 72 - 57 lead into halftime. However, the Clippers came out strong in the third, as they kicked off the quarter with an 11 - 4 run, to cut the gap to eight. They kept battling and managed to trim the deficit to just four points, as they trailed 90 - 86 heading into the final frame. Despite the Clippers' strong push, the Sixers kept it together and managed to push their lead back to 11, less two minutes into the quarter. From there, the Clippers were only able to get within three points, as the 76ers went on to their fifth home win of the season. Joel Embiid led Philadelphia with 41 points, 13 rebounds, four blocks and one assist, in 33 minutes. J.J. Redick followed up with 18 points, in 34 minutes off the bench, while Ben Simmons tallied 14 points, 11 assists, three rebounds and one steal. The Sixers shot 47 percent from the field, including 13 - of - 27 from long range. Meanwhile, Lou Williams led the Clippers with 26 points on 9 - of - 19 shooting, in 24 minutes off the bench. Danilo Gallinari followed up with 25 points, eight rebounds and one assist, in 35 minutes, while Tobias Harris added 24 points, eight rebounds, three assists and one block. The Clippers shot 44 percent from the field, including 9 - of - 23 from long range. The Clippers (4 - 4) will be right back in action, as they take on the Magic in Orlando on Friday. The 76ers (5 - 4) play host to the Pistons on Saturday.",Danilo Gallinari,Clippers,25,1,8,True,True
4925,"The Philadelphia 76ers defeated the visiting Los Angeles Clippers, 122 - 113, at Wells Fargo Center on Thursday evening. The Sixers got out to a solid start at home, as they held the upper hand for the entire first quarter, before taking a 34 - 30 lead into the second. They took off in the second, as they quickly pushed their lead to 10, and went on to outscore the Clippers by 11 in the quarter, to take a 72 - 57 lead into halftime. However, the Clippers came out strong in the third, as they kicked off the quarter with an 11 - 4 run, to cut the gap to eight. They kept battling and managed to trim the deficit to just four points, as they trailed 90 - 86 heading into the final frame. Despite the Clippers' strong push, the Sixers kept it together and managed to push their lead back to 11, less two minutes into the quarter. From there, the Clippers were only able to get within three points, as the 76ers went on to their fifth home win of the season. Joel Embiid led Philadelphia with 41 points, 13 rebounds, four blocks and one assist, in 33 minutes. J.J. Redick followed up with 18 points, in 34 minutes off the bench, while Ben Simmons tallied 14 points, 11 assists, three rebounds and one steal. The Sixers shot 47 percent from the field, including 13 - of - 27 from long range. Meanwhile, Lou Williams led the Clippers with 26 points on 9 - of - 19 shooting, in 24 minutes off the bench. Danilo Gallinari followed up with 25 points, eight rebounds and one assist, in 35 minutes, while Tobias Harris added 24 points, eight rebounds, three assists and one block. The Clippers shot 44 percent from the field, including 9 - of - 23 from long range. The Clippers (4 - 4) will be right back in action, as they take on the Magic in Orlando on Friday. The 76ers (5 - 4) play host to the Pistons on Saturday.",Tobias Harris,Clippers,24,3,8,True,True
4926,"The Philadelphia 76ers defeated the visiting Detroit Pistons, 109 - 99, at Wells Fargo Center on Saturday. Wire-to-wire wins are rare in today's NBA but that's just what the Sixers did here. In fact, Philly led by 24 points at times, as a 22 - point halftime lead was too much for the Clippers to overcome. Three-point shooting was key to victory, with Philly hitting 9 - of - 29 of their three's while holding Detroit to just 5 - of - 30 from long range. The free - throw shooting was also critical, as the Pistons connected on just 28 - of - 41 while the Sixers hit 44 - of - 51. Defense really carried Philly too, as they forced 17 turnovers from Detroit while holding them to under 40 percent from the field. The Pistons (4 - 4) had just one starter reach double figures in scoring, as Blake Griffin continued his magical season. In fact, he finished with 38 points, 13 rebounds, six assists and two steals on 12 - of - 21 shooting. Andre Drummond totaled eight points and nine boards. Langston Galloway led the bench with 13 points. The Sixers (6 - 4) got a spectacular performance out of Joel Embiid, as he tallied 39 points, 17 rebounds and two blocks on 10 - of - 18 from the field. Ben Simmons was second among starters, collecting nine points, five rebounds, five assists and five steals. J.J. Redick led the bench with 16 points and four assists. On deck for Philly is a road matchup versus the Brooklyn Nets on Sunday. As for Detroit, they host the Miami Heat on Monday for their next outing.",Ben Simmons,76ers,9,5,5,False,True
4926,"The Philadelphia 76ers defeated the visiting Detroit Pistons, 109 - 99, at Wells Fargo Center on Saturday. Wire-to-wire wins are rare in today's NBA but that's just what the Sixers did here. In fact, Philly led by 24 points at times, as a 22 - point halftime lead was too much for the Clippers to overcome. Three-point shooting was key to victory, with Philly hitting 9 - of - 29 of their three's while holding Detroit to just 5 - of - 30 from long range. The free - throw shooting was also critical, as the Pistons connected on just 28 - of - 41 while the Sixers hit 44 - of - 51. Defense really carried Philly too, as they forced 17 turnovers from Detroit while holding them to under 40 percent from the field. The Pistons (4 - 4) had just one starter reach double figures in scoring, as Blake Griffin continued his magical season. In fact, he finished with 38 points, 13 rebounds, six assists and two steals on 12 - of - 21 shooting. Andre Drummond totaled eight points and nine boards. Langston Galloway led the bench with 13 points. The Sixers (6 - 4) got a spectacular performance out of Joel Embiid, as he tallied 39 points, 17 rebounds and two blocks on 10 - of - 18 from the field. Ben Simmons was second among starters, collecting nine points, five rebounds, five assists and five steals. J.J. Redick led the bench with 16 points and four assists. On deck for Philly is a road matchup versus the Brooklyn Nets on Sunday. As for Detroit, they host the Miami Heat on Monday for their next outing.",J.J. Redick,76ers,16,4,1,False,True
4926,"The Philadelphia 76ers defeated the visiting Detroit Pistons, 109 - 99, at Wells Fargo Center on Saturday. Wire-to-wire wins are rare in today's NBA but that's just what the Sixers did here. In fact, Philly led by 24 points at times, as a 22 - point halftime lead was too much for the Clippers to overcome. Three-point shooting was key to victory, with Philly hitting 9 - of - 29 of their three's while holding Detroit to just 5 - of - 30 from long range. The free - throw shooting was also critical, as the Pistons connected on just 28 - of - 41 while the Sixers hit 44 - of - 51. Defense really carried Philly too, as they forced 17 turnovers from Detroit while holding them to under 40 percent from the field. The Pistons (4 - 4) had just one starter reach double figures in scoring, as Blake Griffin continued his magical season. In fact, he finished with 38 points, 13 rebounds, six assists and two steals on 12 - of - 21 shooting. Andre Drummond totaled eight points and nine boards. Langston Galloway led the bench with 13 points. The Sixers (6 - 4) got a spectacular performance out of Joel Embiid, as he tallied 39 points, 17 rebounds and two blocks on 10 - of - 18 from the field. Ben Simmons was second among starters, collecting nine points, five rebounds, five assists and five steals. J.J. Redick led the bench with 16 points and four assists. On deck for Philly is a road matchup versus the Brooklyn Nets on Sunday. As for Detroit, they host the Miami Heat on Monday for their next outing.",Blake Griffin,Pistons,38,6,13,True,True
4927,"The Philadelphia 76ers defeated the Charlotte Hornets, 133 - 132, in overtime at Wells Fargo Center on Friday evening. The 76ers (8 - 5) found themselves at the scene of the majority of their successes Friday, as they'd come into the contest with a perfect 60 record at home. After a nip - and - tuck first quarter, Philadelphia seemingly turned the game in their favor with a 32 - 17 advantage in the second period. To their credit, the Hornets (6 - 6) wouldn't go away, chipping away at their deficit until overcoming it in the fourth quarter. However after holding a five - point lead as late as the 1:18 mark of the final period, Charlotte allowed Philadelphia a 7 - 2 run at the end of regulation to force overtime. In a tightly contested extra period, a free throw apiece from Ben Simmons and Joel Embiid in the closing seconds helped create just enough cushion for the win. Kemba Walker paced the Hornets with 30 points and added nine assists, seven rebounds and one steal. Jeremy Lamb provided 17 points, three rebounds, one assist, two steals and one block. Dwayne Bacon supplied 15 points, one rebound, one assist and one steal. Willy Hernangomez delivered 14 points and four boards. Cody Zeller matched Hernangomez's scoring and rebounding totals, while Michael Kidd-Gilchrist generated a 12 - point, 12 - rebound double - double off the bench. Embiid led the Sixers with a 42 - point, 18 - rebound double - double that also included four assists and four blocks. Ben Simmons tallied a 22 - point, 13 - assist double - double that also included eight boards, three blocks and two steals. Dario Saric contributed 18 points, nine rebounds, two assists and one block. J.J. Redick finished with 17 points, four assists and two rebounds. Markelle Fultz and Robert Covington started but only had seven points each. The Hornets remain on the road and take on the Pistons on Sunday afternoon, while the 76ers pay a visit to the Memphis Grizzlies on Saturday night.",Ben Simmons,76ers,22,13,9,True,True
4927,"The Philadelphia 76ers defeated the Charlotte Hornets, 133 - 132, in overtime at Wells Fargo Center on Friday evening. The 76ers (8 - 5) found themselves at the scene of the majority of their successes Friday, as they'd come into the contest with a perfect 60 record at home. After a nip - and - tuck first quarter, Philadelphia seemingly turned the game in their favor with a 32 - 17 advantage in the second period. To their credit, the Hornets (6 - 6) wouldn't go away, chipping away at their deficit until overcoming it in the fourth quarter. However after holding a five - point lead as late as the 1:18 mark of the final period, Charlotte allowed Philadelphia a 7 - 2 run at the end of regulation to force overtime. In a tightly contested extra period, a free throw apiece from Ben Simmons and Joel Embiid in the closing seconds helped create just enough cushion for the win. Kemba Walker paced the Hornets with 30 points and added nine assists, seven rebounds and one steal. Jeremy Lamb provided 17 points, three rebounds, one assist, two steals and one block. Dwayne Bacon supplied 15 points, one rebound, one assist and one steal. Willy Hernangomez delivered 14 points and four boards. Cody Zeller matched Hernangomez's scoring and rebounding totals, while Michael Kidd-Gilchrist generated a 12 - point, 12 - rebound double - double off the bench. Embiid led the Sixers with a 42 - point, 18 - rebound double - double that also included four assists and four blocks. Ben Simmons tallied a 22 - point, 13 - assist double - double that also included eight boards, three blocks and two steals. Dario Saric contributed 18 points, nine rebounds, two assists and one block. J.J. Redick finished with 17 points, four assists and two rebounds. Markelle Fultz and Robert Covington started but only had seven points each. The Hornets remain on the road and take on the Pistons on Sunday afternoon, while the 76ers pay a visit to the Memphis Grizzlies on Saturday night.",Joel Embiid,76ers,42,4,18,True,True
4927,"The Philadelphia 76ers defeated the Charlotte Hornets, 133 - 132, in overtime at Wells Fargo Center on Friday evening. The 76ers (8 - 5) found themselves at the scene of the majority of their successes Friday, as they'd come into the contest with a perfect 60 record at home. After a nip - and - tuck first quarter, Philadelphia seemingly turned the game in their favor with a 32 - 17 advantage in the second period. To their credit, the Hornets (6 - 6) wouldn't go away, chipping away at their deficit until overcoming it in the fourth quarter. However after holding a five - point lead as late as the 1:18 mark of the final period, Charlotte allowed Philadelphia a 7 - 2 run at the end of regulation to force overtime. In a tightly contested extra period, a free throw apiece from Ben Simmons and Joel Embiid in the closing seconds helped create just enough cushion for the win. Kemba Walker paced the Hornets with 30 points and added nine assists, seven rebounds and one steal. Jeremy Lamb provided 17 points, three rebounds, one assist, two steals and one block. Dwayne Bacon supplied 15 points, one rebound, one assist and one steal. Willy Hernangomez delivered 14 points and four boards. Cody Zeller matched Hernangomez's scoring and rebounding totals, while Michael Kidd-Gilchrist generated a 12 - point, 12 - rebound double - double off the bench. Embiid led the Sixers with a 42 - point, 18 - rebound double - double that also included four assists and four blocks. Ben Simmons tallied a 22 - point, 13 - assist double - double that also included eight boards, three blocks and two steals. Dario Saric contributed 18 points, nine rebounds, two assists and one block. J.J. Redick finished with 17 points, four assists and two rebounds. Markelle Fultz and Robert Covington started but only had seven points each. The Hornets remain on the road and take on the Pistons on Sunday afternoon, while the 76ers pay a visit to the Memphis Grizzlies on Saturday night.",J.J. Redick,76ers,17,4,2,False,True
4927,"The Philadelphia 76ers defeated the Charlotte Hornets, 133 - 132, in overtime at Wells Fargo Center on Friday evening. The 76ers (8 - 5) found themselves at the scene of the majority of their successes Friday, as they'd come into the contest with a perfect 60 record at home. After a nip - and - tuck first quarter, Philadelphia seemingly turned the game in their favor with a 32 - 17 advantage in the second period. To their credit, the Hornets (6 - 6) wouldn't go away, chipping away at their deficit until overcoming it in the fourth quarter. However after holding a five - point lead as late as the 1:18 mark of the final period, Charlotte allowed Philadelphia a 7 - 2 run at the end of regulation to force overtime. In a tightly contested extra period, a free throw apiece from Ben Simmons and Joel Embiid in the closing seconds helped create just enough cushion for the win. Kemba Walker paced the Hornets with 30 points and added nine assists, seven rebounds and one steal. Jeremy Lamb provided 17 points, three rebounds, one assist, two steals and one block. Dwayne Bacon supplied 15 points, one rebound, one assist and one steal. Willy Hernangomez delivered 14 points and four boards. Cody Zeller matched Hernangomez's scoring and rebounding totals, while Michael Kidd-Gilchrist generated a 12 - point, 12 - rebound double - double off the bench. Embiid led the Sixers with a 42 - point, 18 - rebound double - double that also included four assists and four blocks. Ben Simmons tallied a 22 - point, 13 - assist double - double that also included eight boards, three blocks and two steals. Dario Saric contributed 18 points, nine rebounds, two assists and one block. J.J. Redick finished with 17 points, four assists and two rebounds. Markelle Fultz and Robert Covington started but only had seven points each. The Hornets remain on the road and take on the Pistons on Sunday afternoon, while the 76ers pay a visit to the Memphis Grizzlies on Saturday night.",Kemba Walker,Hornets,30,9,7,True,True
4927,"The Philadelphia 76ers defeated the Charlotte Hornets, 133 - 132, in overtime at Wells Fargo Center on Friday evening. The 76ers (8 - 5) found themselves at the scene of the majority of their successes Friday, as they'd come into the contest with a perfect 60 record at home. After a nip - and - tuck first quarter, Philadelphia seemingly turned the game in their favor with a 32 - 17 advantage in the second period. To their credit, the Hornets (6 - 6) wouldn't go away, chipping away at their deficit until overcoming it in the fourth quarter. However after holding a five - point lead as late as the 1:18 mark of the final period, Charlotte allowed Philadelphia a 7 - 2 run at the end of regulation to force overtime. In a tightly contested extra period, a free throw apiece from Ben Simmons and Joel Embiid in the closing seconds helped create just enough cushion for the win. Kemba Walker paced the Hornets with 30 points and added nine assists, seven rebounds and one steal. Jeremy Lamb provided 17 points, three rebounds, one assist, two steals and one block. Dwayne Bacon supplied 15 points, one rebound, one assist and one steal. Willy Hernangomez delivered 14 points and four boards. Cody Zeller matched Hernangomez's scoring and rebounding totals, while Michael Kidd-Gilchrist generated a 12 - point, 12 - rebound double - double off the bench. Embiid led the Sixers with a 42 - point, 18 - rebound double - double that also included four assists and four blocks. Ben Simmons tallied a 22 - point, 13 - assist double - double that also included eight boards, three blocks and two steals. Dario Saric contributed 18 points, nine rebounds, two assists and one block. J.J. Redick finished with 17 points, four assists and two rebounds. Markelle Fultz and Robert Covington started but only had seven points each. The Hornets remain on the road and take on the Pistons on Sunday afternoon, while the 76ers pay a visit to the Memphis Grizzlies on Saturday night.",Jeremy Lamb,Hornets,17,1,3,False,True
4927,"The Philadelphia 76ers defeated the Charlotte Hornets, 133 - 132, in overtime at Wells Fargo Center on Friday evening. The 76ers (8 - 5) found themselves at the scene of the majority of their successes Friday, as they'd come into the contest with a perfect 60 record at home. After a nip - and - tuck first quarter, Philadelphia seemingly turned the game in their favor with a 32 - 17 advantage in the second period. To their credit, the Hornets (6 - 6) wouldn't go away, chipping away at their deficit until overcoming it in the fourth quarter. However after holding a five - point lead as late as the 1:18 mark of the final period, Charlotte allowed Philadelphia a 7 - 2 run at the end of regulation to force overtime. In a tightly contested extra period, a free throw apiece from Ben Simmons and Joel Embiid in the closing seconds helped create just enough cushion for the win. Kemba Walker paced the Hornets with 30 points and added nine assists, seven rebounds and one steal. Jeremy Lamb provided 17 points, three rebounds, one assist, two steals and one block. Dwayne Bacon supplied 15 points, one rebound, one assist and one steal. Willy Hernangomez delivered 14 points and four boards. Cody Zeller matched Hernangomez's scoring and rebounding totals, while Michael Kidd-Gilchrist generated a 12 - point, 12 - rebound double - double off the bench. Embiid led the Sixers with a 42 - point, 18 - rebound double - double that also included four assists and four blocks. Ben Simmons tallied a 22 - point, 13 - assist double - double that also included eight boards, three blocks and two steals. Dario Saric contributed 18 points, nine rebounds, two assists and one block. J.J. Redick finished with 17 points, four assists and two rebounds. Markelle Fultz and Robert Covington started but only had seven points each. The Hornets remain on the road and take on the Pistons on Sunday afternoon, while the 76ers pay a visit to the Memphis Grizzlies on Saturday night.",Michael Kidd-Gilchrist,Hornets,12,2,12,False,True
4927,"The Philadelphia 76ers defeated the Charlotte Hornets, 133 - 132, in overtime at Wells Fargo Center on Friday evening. The 76ers (8 - 5) found themselves at the scene of the majority of their successes Friday, as they'd come into the contest with a perfect 60 record at home. After a nip - and - tuck first quarter, Philadelphia seemingly turned the game in their favor with a 32 - 17 advantage in the second period. To their credit, the Hornets (6 - 6) wouldn't go away, chipping away at their deficit until overcoming it in the fourth quarter. However after holding a five - point lead as late as the 1:18 mark of the final period, Charlotte allowed Philadelphia a 7 - 2 run at the end of regulation to force overtime. In a tightly contested extra period, a free throw apiece from Ben Simmons and Joel Embiid in the closing seconds helped create just enough cushion for the win. Kemba Walker paced the Hornets with 30 points and added nine assists, seven rebounds and one steal. Jeremy Lamb provided 17 points, three rebounds, one assist, two steals and one block. Dwayne Bacon supplied 15 points, one rebound, one assist and one steal. Willy Hernangomez delivered 14 points and four boards. Cody Zeller matched Hernangomez's scoring and rebounding totals, while Michael Kidd-Gilchrist generated a 12 - point, 12 - rebound double - double off the bench. Embiid led the Sixers with a 42 - point, 18 - rebound double - double that also included four assists and four blocks. Ben Simmons tallied a 22 - point, 13 - assist double - double that also included eight boards, three blocks and two steals. Dario Saric contributed 18 points, nine rebounds, two assists and one block. J.J. Redick finished with 17 points, four assists and two rebounds. Markelle Fultz and Robert Covington started but only had seven points each. The Hornets remain on the road and take on the Pistons on Sunday afternoon, while the 76ers pay a visit to the Memphis Grizzlies on Saturday night.",Dwayne Bacon,Hornets,15,1,1,False,True
4928,"The Philadelphia 76ers defeated the Utah Jazz, 113 - 107, at Wells Fargo Center on Friday evening. It was a tale of two quarters in the first half for the 76ers (10 - 7), which exploded out of the gates for a 38 - point haul over the first 12 minutes. However, as prolific as Philadelphia was in the first quarter, they had as much trouble finding the net in the second. posting only 16 points. That was the extent of their scoring drought, though, as the home squad was able to outpace the Jazz (7 - 8) by a 59 - 55 margin in the second half. The game was not won without several scares in the final period, as Utah held a 107 - 105 lead as late as the 1:37 mark of the fourth quarter before the Big Three of Ben Simmons, Jimmy Butler and Joel Embiid notched the final six points to seal the win. Donovan Mitchell paced the Jazz with 31 points, a total he supplemented with two rebounds, four steals and one block. Joe Ingles provided 14 points, two rebounds, two assists, three steals and one block. Ricky Rubio and Derrick Favors generated matching 13 - point efforts. Rudy Gobert contributed a 12 - point, 10 - rebound double - double. Butler paced the Sixers with 28 points, a total he supplemented with seven assists, three rebounds and two steals. Embiid delivered 23 points, seven rebounds, two assists, three blocks and two steals. J.J. Redick poured in 16 points. Simmons pitched in a full stat line of 10 points, eight rebounds, eight assists, one steal and one block. Amir Johnson led the second unit with 11 points. The Jazz remain on the road and pay a visit to the Boston Celtics on Saturday evening. The Sixers also hit the road and tangle with the Charlotte Hornets on Saturday night as well.",Jimmy Butler,76ers,28,7,3,True,True
4928,"The Philadelphia 76ers defeated the Utah Jazz, 113 - 107, at Wells Fargo Center on Friday evening. It was a tale of two quarters in the first half for the 76ers (10 - 7), which exploded out of the gates for a 38 - point haul over the first 12 minutes. However, as prolific as Philadelphia was in the first quarter, they had as much trouble finding the net in the second. posting only 16 points. That was the extent of their scoring drought, though, as the home squad was able to outpace the Jazz (7 - 8) by a 59 - 55 margin in the second half. The game was not won without several scares in the final period, as Utah held a 107 - 105 lead as late as the 1:37 mark of the fourth quarter before the Big Three of Ben Simmons, Jimmy Butler and Joel Embiid notched the final six points to seal the win. Donovan Mitchell paced the Jazz with 31 points, a total he supplemented with two rebounds, four steals and one block. Joe Ingles provided 14 points, two rebounds, two assists, three steals and one block. Ricky Rubio and Derrick Favors generated matching 13 - point efforts. Rudy Gobert contributed a 12 - point, 10 - rebound double - double. Butler paced the Sixers with 28 points, a total he supplemented with seven assists, three rebounds and two steals. Embiid delivered 23 points, seven rebounds, two assists, three blocks and two steals. J.J. Redick poured in 16 points. Simmons pitched in a full stat line of 10 points, eight rebounds, eight assists, one steal and one block. Amir Johnson led the second unit with 11 points. The Jazz remain on the road and pay a visit to the Boston Celtics on Saturday evening. The Sixers also hit the road and tangle with the Charlotte Hornets on Saturday night as well.",Ben Simmons,76ers,10,8,8,False,True
4928,"The Philadelphia 76ers defeated the Utah Jazz, 113 - 107, at Wells Fargo Center on Friday evening. It was a tale of two quarters in the first half for the 76ers (10 - 7), which exploded out of the gates for a 38 - point haul over the first 12 minutes. However, as prolific as Philadelphia was in the first quarter, they had as much trouble finding the net in the second. posting only 16 points. That was the extent of their scoring drought, though, as the home squad was able to outpace the Jazz (7 - 8) by a 59 - 55 margin in the second half. The game was not won without several scares in the final period, as Utah held a 107 - 105 lead as late as the 1:37 mark of the fourth quarter before the Big Three of Ben Simmons, Jimmy Butler and Joel Embiid notched the final six points to seal the win. Donovan Mitchell paced the Jazz with 31 points, a total he supplemented with two rebounds, four steals and one block. Joe Ingles provided 14 points, two rebounds, two assists, three steals and one block. Ricky Rubio and Derrick Favors generated matching 13 - point efforts. Rudy Gobert contributed a 12 - point, 10 - rebound double - double. Butler paced the Sixers with 28 points, a total he supplemented with seven assists, three rebounds and two steals. Embiid delivered 23 points, seven rebounds, two assists, three blocks and two steals. J.J. Redick poured in 16 points. Simmons pitched in a full stat line of 10 points, eight rebounds, eight assists, one steal and one block. Amir Johnson led the second unit with 11 points. The Jazz remain on the road and pay a visit to the Boston Celtics on Saturday evening. The Sixers also hit the road and tangle with the Charlotte Hornets on Saturday night as well.",J.J. Redick,76ers,16,1,2,False,True
4928,"The Philadelphia 76ers defeated the Utah Jazz, 113 - 107, at Wells Fargo Center on Friday evening. It was a tale of two quarters in the first half for the 76ers (10 - 7), which exploded out of the gates for a 38 - point haul over the first 12 minutes. However, as prolific as Philadelphia was in the first quarter, they had as much trouble finding the net in the second. posting only 16 points. That was the extent of their scoring drought, though, as the home squad was able to outpace the Jazz (7 - 8) by a 59 - 55 margin in the second half. The game was not won without several scares in the final period, as Utah held a 107 - 105 lead as late as the 1:37 mark of the fourth quarter before the Big Three of Ben Simmons, Jimmy Butler and Joel Embiid notched the final six points to seal the win. Donovan Mitchell paced the Jazz with 31 points, a total he supplemented with two rebounds, four steals and one block. Joe Ingles provided 14 points, two rebounds, two assists, three steals and one block. Ricky Rubio and Derrick Favors generated matching 13 - point efforts. Rudy Gobert contributed a 12 - point, 10 - rebound double - double. Butler paced the Sixers with 28 points, a total he supplemented with seven assists, three rebounds and two steals. Embiid delivered 23 points, seven rebounds, two assists, three blocks and two steals. J.J. Redick poured in 16 points. Simmons pitched in a full stat line of 10 points, eight rebounds, eight assists, one steal and one block. Amir Johnson led the second unit with 11 points. The Jazz remain on the road and pay a visit to the Boston Celtics on Saturday evening. The Sixers also hit the road and tangle with the Charlotte Hornets on Saturday night as well.",Joel Embiid,76ers,23,2,7,True,True
4928,"The Philadelphia 76ers defeated the Utah Jazz, 113 - 107, at Wells Fargo Center on Friday evening. It was a tale of two quarters in the first half for the 76ers (10 - 7), which exploded out of the gates for a 38 - point haul over the first 12 minutes. However, as prolific as Philadelphia was in the first quarter, they had as much trouble finding the net in the second. posting only 16 points. That was the extent of their scoring drought, though, as the home squad was able to outpace the Jazz (7 - 8) by a 59 - 55 margin in the second half. The game was not won without several scares in the final period, as Utah held a 107 - 105 lead as late as the 1:37 mark of the fourth quarter before the Big Three of Ben Simmons, Jimmy Butler and Joel Embiid notched the final six points to seal the win. Donovan Mitchell paced the Jazz with 31 points, a total he supplemented with two rebounds, four steals and one block. Joe Ingles provided 14 points, two rebounds, two assists, three steals and one block. Ricky Rubio and Derrick Favors generated matching 13 - point efforts. Rudy Gobert contributed a 12 - point, 10 - rebound double - double. Butler paced the Sixers with 28 points, a total he supplemented with seven assists, three rebounds and two steals. Embiid delivered 23 points, seven rebounds, two assists, three blocks and two steals. J.J. Redick poured in 16 points. Simmons pitched in a full stat line of 10 points, eight rebounds, eight assists, one steal and one block. Amir Johnson led the second unit with 11 points. The Jazz remain on the road and pay a visit to the Boston Celtics on Saturday evening. The Sixers also hit the road and tangle with the Charlotte Hornets on Saturday night as well.",Amir Johnson,76ers,11,3,5,False,True
4928,"The Philadelphia 76ers defeated the Utah Jazz, 113 - 107, at Wells Fargo Center on Friday evening. It was a tale of two quarters in the first half for the 76ers (10 - 7), which exploded out of the gates for a 38 - point haul over the first 12 minutes. However, as prolific as Philadelphia was in the first quarter, they had as much trouble finding the net in the second. posting only 16 points. That was the extent of their scoring drought, though, as the home squad was able to outpace the Jazz (7 - 8) by a 59 - 55 margin in the second half. The game was not won without several scares in the final period, as Utah held a 107 - 105 lead as late as the 1:37 mark of the fourth quarter before the Big Three of Ben Simmons, Jimmy Butler and Joel Embiid notched the final six points to seal the win. Donovan Mitchell paced the Jazz with 31 points, a total he supplemented with two rebounds, four steals and one block. Joe Ingles provided 14 points, two rebounds, two assists, three steals and one block. Ricky Rubio and Derrick Favors generated matching 13 - point efforts. Rudy Gobert contributed a 12 - point, 10 - rebound double - double. Butler paced the Sixers with 28 points, a total he supplemented with seven assists, three rebounds and two steals. Embiid delivered 23 points, seven rebounds, two assists, three blocks and two steals. J.J. Redick poured in 16 points. Simmons pitched in a full stat line of 10 points, eight rebounds, eight assists, one steal and one block. Amir Johnson led the second unit with 11 points. The Jazz remain on the road and pay a visit to the Boston Celtics on Saturday evening. The Sixers also hit the road and tangle with the Charlotte Hornets on Saturday night as well.",Joe Ingles,Jazz,14,2,2,False,True
4928,"The Philadelphia 76ers defeated the Utah Jazz, 113 - 107, at Wells Fargo Center on Friday evening. It was a tale of two quarters in the first half for the 76ers (10 - 7), which exploded out of the gates for a 38 - point haul over the first 12 minutes. However, as prolific as Philadelphia was in the first quarter, they had as much trouble finding the net in the second. posting only 16 points. That was the extent of their scoring drought, though, as the home squad was able to outpace the Jazz (7 - 8) by a 59 - 55 margin in the second half. The game was not won without several scares in the final period, as Utah held a 107 - 105 lead as late as the 1:37 mark of the fourth quarter before the Big Three of Ben Simmons, Jimmy Butler and Joel Embiid notched the final six points to seal the win. Donovan Mitchell paced the Jazz with 31 points, a total he supplemented with two rebounds, four steals and one block. Joe Ingles provided 14 points, two rebounds, two assists, three steals and one block. Ricky Rubio and Derrick Favors generated matching 13 - point efforts. Rudy Gobert contributed a 12 - point, 10 - rebound double - double. Butler paced the Sixers with 28 points, a total he supplemented with seven assists, three rebounds and two steals. Embiid delivered 23 points, seven rebounds, two assists, three blocks and two steals. J.J. Redick poured in 16 points. Simmons pitched in a full stat line of 10 points, eight rebounds, eight assists, one steal and one block. Amir Johnson led the second unit with 11 points. The Jazz remain on the road and pay a visit to the Boston Celtics on Saturday evening. The Sixers also hit the road and tangle with the Charlotte Hornets on Saturday night as well.",Ricky Rubio,Jazz,13,4,3,False,True
4929,"The Philadelphia 76ers defeated the Phoenix Suns, 119 - 114, at Wells Fargo Center on Monday evening. The 76ers (12 - 7) likely walked into Monday's home game feeling pretty good about themselves, and more specifically, their chances of cruising through an interconference contest against the struggling Suns (3 - 13), which had failed to win a road game in six tries. Philadelphia got an early wake - up call, as Phoenix jumped out to a 36 - 26 first - quarter lead. The visitors still held an advantage at halftime, albeit by just five points. The Sixers were able to eradicate their deficit in convincing fashion in the third and entered the final 12 minutes with a 92 - 86 edge. That would prove to be enough, although the Suns got as close 117 - 114 with 6 seconds remaining after a Mikal Bridges three - pointer. Phoenix kept the pressure on their hosts with a 51 percent success rate from the field, but they were outrebounded by a 53 - 31 margin. Devin Booker paced the Suns with 37 points, a total he supplemented with eight assists and three rebounds. T.J. Warren followed with 21 points, four rebounds, four assists and one block. Deandre Ayton posted 17 points, nine rebounds, one assist and one steal. Bridges finished with 13 points, while Trevor Ariza filled out the stat sheet with 10 points, seven rebounds, five assists, three steals and one block. Richaun Holmes matched Ariza's point total while leading the bench. Joel Embiid led the 76ers with a 33 - point, 17 - rebound double - double that also included one assist, three steals and one block. Ben Simmons had a near triple - double with 19 points, 11 rebounds, nine assists and one steal. Mike Muscala matched Simmons' point total to lead the second unit. J.J. Redick poured in 17 points and added four rebounds and three assists. Jimmy Butler contributed 16 points, three rebounds, one assist and two steals. The Suns remain on the road and visit the Chicago Bulls on Wednesday'night, while the Sixers remain home and face the New Orleans Pelicans on that same evening.",Joel Embiid,76ers,33,1,17,True,True
4929,"The Philadelphia 76ers defeated the Phoenix Suns, 119 - 114, at Wells Fargo Center on Monday evening. The 76ers (12 - 7) likely walked into Monday's home game feeling pretty good about themselves, and more specifically, their chances of cruising through an interconference contest against the struggling Suns (3 - 13), which had failed to win a road game in six tries. Philadelphia got an early wake - up call, as Phoenix jumped out to a 36 - 26 first - quarter lead. The visitors still held an advantage at halftime, albeit by just five points. The Sixers were able to eradicate their deficit in convincing fashion in the third and entered the final 12 minutes with a 92 - 86 edge. That would prove to be enough, although the Suns got as close 117 - 114 with 6 seconds remaining after a Mikal Bridges three - pointer. Phoenix kept the pressure on their hosts with a 51 percent success rate from the field, but they were outrebounded by a 53 - 31 margin. Devin Booker paced the Suns with 37 points, a total he supplemented with eight assists and three rebounds. T.J. Warren followed with 21 points, four rebounds, four assists and one block. Deandre Ayton posted 17 points, nine rebounds, one assist and one steal. Bridges finished with 13 points, while Trevor Ariza filled out the stat sheet with 10 points, seven rebounds, five assists, three steals and one block. Richaun Holmes matched Ariza's point total while leading the bench. Joel Embiid led the 76ers with a 33 - point, 17 - rebound double - double that also included one assist, three steals and one block. Ben Simmons had a near triple - double with 19 points, 11 rebounds, nine assists and one steal. Mike Muscala matched Simmons' point total to lead the second unit. J.J. Redick poured in 17 points and added four rebounds and three assists. Jimmy Butler contributed 16 points, three rebounds, one assist and two steals. The Suns remain on the road and visit the Chicago Bulls on Wednesday'night, while the Sixers remain home and face the New Orleans Pelicans on that same evening.",Ben Simmons,76ers,19,9,11,False,True
4929,"The Philadelphia 76ers defeated the Phoenix Suns, 119 - 114, at Wells Fargo Center on Monday evening. The 76ers (12 - 7) likely walked into Monday's home game feeling pretty good about themselves, and more specifically, their chances of cruising through an interconference contest against the struggling Suns (3 - 13), which had failed to win a road game in six tries. Philadelphia got an early wake - up call, as Phoenix jumped out to a 36 - 26 first - quarter lead. The visitors still held an advantage at halftime, albeit by just five points. The Sixers were able to eradicate their deficit in convincing fashion in the third and entered the final 12 minutes with a 92 - 86 edge. That would prove to be enough, although the Suns got as close 117 - 114 with 6 seconds remaining after a Mikal Bridges three - pointer. Phoenix kept the pressure on their hosts with a 51 percent success rate from the field, but they were outrebounded by a 53 - 31 margin. Devin Booker paced the Suns with 37 points, a total he supplemented with eight assists and three rebounds. T.J. Warren followed with 21 points, four rebounds, four assists and one block. Deandre Ayton posted 17 points, nine rebounds, one assist and one steal. Bridges finished with 13 points, while Trevor Ariza filled out the stat sheet with 10 points, seven rebounds, five assists, three steals and one block. Richaun Holmes matched Ariza's point total while leading the bench. Joel Embiid led the 76ers with a 33 - point, 17 - rebound double - double that also included one assist, three steals and one block. Ben Simmons had a near triple - double with 19 points, 11 rebounds, nine assists and one steal. Mike Muscala matched Simmons' point total to lead the second unit. J.J. Redick poured in 17 points and added four rebounds and three assists. Jimmy Butler contributed 16 points, three rebounds, one assist and two steals. The Suns remain on the road and visit the Chicago Bulls on Wednesday'night, while the Sixers remain home and face the New Orleans Pelicans on that same evening.",Jimmy Butler,76ers,16,1,3,False,True
4929,"The Philadelphia 76ers defeated the Phoenix Suns, 119 - 114, at Wells Fargo Center on Monday evening. The 76ers (12 - 7) likely walked into Monday's home game feeling pretty good about themselves, and more specifically, their chances of cruising through an interconference contest against the struggling Suns (3 - 13), which had failed to win a road game in six tries. Philadelphia got an early wake - up call, as Phoenix jumped out to a 36 - 26 first - quarter lead. The visitors still held an advantage at halftime, albeit by just five points. The Sixers were able to eradicate their deficit in convincing fashion in the third and entered the final 12 minutes with a 92 - 86 edge. That would prove to be enough, although the Suns got as close 117 - 114 with 6 seconds remaining after a Mikal Bridges three - pointer. Phoenix kept the pressure on their hosts with a 51 percent success rate from the field, but they were outrebounded by a 53 - 31 margin. Devin Booker paced the Suns with 37 points, a total he supplemented with eight assists and three rebounds. T.J. Warren followed with 21 points, four rebounds, four assists and one block. Deandre Ayton posted 17 points, nine rebounds, one assist and one steal. Bridges finished with 13 points, while Trevor Ariza filled out the stat sheet with 10 points, seven rebounds, five assists, three steals and one block. Richaun Holmes matched Ariza's point total while leading the bench. Joel Embiid led the 76ers with a 33 - point, 17 - rebound double - double that also included one assist, three steals and one block. Ben Simmons had a near triple - double with 19 points, 11 rebounds, nine assists and one steal. Mike Muscala matched Simmons' point total to lead the second unit. J.J. Redick poured in 17 points and added four rebounds and three assists. Jimmy Butler contributed 16 points, three rebounds, one assist and two steals. The Suns remain on the road and visit the Chicago Bulls on Wednesday'night, while the Sixers remain home and face the New Orleans Pelicans on that same evening.",J.J. Redick,76ers,17,3,4,False,True
4929,"The Philadelphia 76ers defeated the Phoenix Suns, 119 - 114, at Wells Fargo Center on Monday evening. The 76ers (12 - 7) likely walked into Monday's home game feeling pretty good about themselves, and more specifically, their chances of cruising through an interconference contest against the struggling Suns (3 - 13), which had failed to win a road game in six tries. Philadelphia got an early wake - up call, as Phoenix jumped out to a 36 - 26 first - quarter lead. The visitors still held an advantage at halftime, albeit by just five points. The Sixers were able to eradicate their deficit in convincing fashion in the third and entered the final 12 minutes with a 92 - 86 edge. That would prove to be enough, although the Suns got as close 117 - 114 with 6 seconds remaining after a Mikal Bridges three - pointer. Phoenix kept the pressure on their hosts with a 51 percent success rate from the field, but they were outrebounded by a 53 - 31 margin. Devin Booker paced the Suns with 37 points, a total he supplemented with eight assists and three rebounds. T.J. Warren followed with 21 points, four rebounds, four assists and one block. Deandre Ayton posted 17 points, nine rebounds, one assist and one steal. Bridges finished with 13 points, while Trevor Ariza filled out the stat sheet with 10 points, seven rebounds, five assists, three steals and one block. Richaun Holmes matched Ariza's point total while leading the bench. Joel Embiid led the 76ers with a 33 - point, 17 - rebound double - double that also included one assist, three steals and one block. Ben Simmons had a near triple - double with 19 points, 11 rebounds, nine assists and one steal. Mike Muscala matched Simmons' point total to lead the second unit. J.J. Redick poured in 17 points and added four rebounds and three assists. Jimmy Butler contributed 16 points, three rebounds, one assist and two steals. The Suns remain on the road and visit the Chicago Bulls on Wednesday'night, while the Sixers remain home and face the New Orleans Pelicans on that same evening.",Trevor Ariza,Suns,10,5,7,False,True
4929,"The Philadelphia 76ers defeated the Phoenix Suns, 119 - 114, at Wells Fargo Center on Monday evening. The 76ers (12 - 7) likely walked into Monday's home game feeling pretty good about themselves, and more specifically, their chances of cruising through an interconference contest against the struggling Suns (3 - 13), which had failed to win a road game in six tries. Philadelphia got an early wake - up call, as Phoenix jumped out to a 36 - 26 first - quarter lead. The visitors still held an advantage at halftime, albeit by just five points. The Sixers were able to eradicate their deficit in convincing fashion in the third and entered the final 12 minutes with a 92 - 86 edge. That would prove to be enough, although the Suns got as close 117 - 114 with 6 seconds remaining after a Mikal Bridges three - pointer. Phoenix kept the pressure on their hosts with a 51 percent success rate from the field, but they were outrebounded by a 53 - 31 margin. Devin Booker paced the Suns with 37 points, a total he supplemented with eight assists and three rebounds. T.J. Warren followed with 21 points, four rebounds, four assists and one block. Deandre Ayton posted 17 points, nine rebounds, one assist and one steal. Bridges finished with 13 points, while Trevor Ariza filled out the stat sheet with 10 points, seven rebounds, five assists, three steals and one block. Richaun Holmes matched Ariza's point total while leading the bench. Joel Embiid led the 76ers with a 33 - point, 17 - rebound double - double that also included one assist, three steals and one block. Ben Simmons had a near triple - double with 19 points, 11 rebounds, nine assists and one steal. Mike Muscala matched Simmons' point total to lead the second unit. J.J. Redick poured in 17 points and added four rebounds and three assists. Jimmy Butler contributed 16 points, three rebounds, one assist and two steals. The Suns remain on the road and visit the Chicago Bulls on Wednesday'night, while the Sixers remain home and face the New Orleans Pelicans on that same evening.",T.J. Warren,Suns,21,4,4,True,True
4929,"The Philadelphia 76ers defeated the Phoenix Suns, 119 - 114, at Wells Fargo Center on Monday evening. The 76ers (12 - 7) likely walked into Monday's home game feeling pretty good about themselves, and more specifically, their chances of cruising through an interconference contest against the struggling Suns (3 - 13), which had failed to win a road game in six tries. Philadelphia got an early wake - up call, as Phoenix jumped out to a 36 - 26 first - quarter lead. The visitors still held an advantage at halftime, albeit by just five points. The Sixers were able to eradicate their deficit in convincing fashion in the third and entered the final 12 minutes with a 92 - 86 edge. That would prove to be enough, although the Suns got as close 117 - 114 with 6 seconds remaining after a Mikal Bridges three - pointer. Phoenix kept the pressure on their hosts with a 51 percent success rate from the field, but they were outrebounded by a 53 - 31 margin. Devin Booker paced the Suns with 37 points, a total he supplemented with eight assists and three rebounds. T.J. Warren followed with 21 points, four rebounds, four assists and one block. Deandre Ayton posted 17 points, nine rebounds, one assist and one steal. Bridges finished with 13 points, while Trevor Ariza filled out the stat sheet with 10 points, seven rebounds, five assists, three steals and one block. Richaun Holmes matched Ariza's point total while leading the bench. Joel Embiid led the 76ers with a 33 - point, 17 - rebound double - double that also included one assist, three steals and one block. Ben Simmons had a near triple - double with 19 points, 11 rebounds, nine assists and one steal. Mike Muscala matched Simmons' point total to lead the second unit. J.J. Redick poured in 17 points and added four rebounds and three assists. Jimmy Butler contributed 16 points, three rebounds, one assist and two steals. The Suns remain on the road and visit the Chicago Bulls on Wednesday'night, while the Sixers remain home and face the New Orleans Pelicans on that same evening.",Devin Booker,Suns,37,8,3,True,True
4929,"The Philadelphia 76ers defeated the Phoenix Suns, 119 - 114, at Wells Fargo Center on Monday evening. The 76ers (12 - 7) likely walked into Monday's home game feeling pretty good about themselves, and more specifically, their chances of cruising through an interconference contest against the struggling Suns (3 - 13), which had failed to win a road game in six tries. Philadelphia got an early wake - up call, as Phoenix jumped out to a 36 - 26 first - quarter lead. The visitors still held an advantage at halftime, albeit by just five points. The Sixers were able to eradicate their deficit in convincing fashion in the third and entered the final 12 minutes with a 92 - 86 edge. That would prove to be enough, although the Suns got as close 117 - 114 with 6 seconds remaining after a Mikal Bridges three - pointer. Phoenix kept the pressure on their hosts with a 51 percent success rate from the field, but they were outrebounded by a 53 - 31 margin. Devin Booker paced the Suns with 37 points, a total he supplemented with eight assists and three rebounds. T.J. Warren followed with 21 points, four rebounds, four assists and one block. Deandre Ayton posted 17 points, nine rebounds, one assist and one steal. Bridges finished with 13 points, while Trevor Ariza filled out the stat sheet with 10 points, seven rebounds, five assists, three steals and one block. Richaun Holmes matched Ariza's point total while leading the bench. Joel Embiid led the 76ers with a 33 - point, 17 - rebound double - double that also included one assist, three steals and one block. Ben Simmons had a near triple - double with 19 points, 11 rebounds, nine assists and one steal. Mike Muscala matched Simmons' point total to lead the second unit. J.J. Redick poured in 17 points and added four rebounds and three assists. Jimmy Butler contributed 16 points, three rebounds, one assist and two steals. The Suns remain on the road and visit the Chicago Bulls on Wednesday'night, while the Sixers remain home and face the New Orleans Pelicans on that same evening.",Deandre Ayton,Suns,17,1,9,False,True
4929,"The Philadelphia 76ers defeated the Phoenix Suns, 119 - 114, at Wells Fargo Center on Monday evening. The 76ers (12 - 7) likely walked into Monday's home game feeling pretty good about themselves, and more specifically, their chances of cruising through an interconference contest against the struggling Suns (3 - 13), which had failed to win a road game in six tries. Philadelphia got an early wake - up call, as Phoenix jumped out to a 36 - 26 first - quarter lead. The visitors still held an advantage at halftime, albeit by just five points. The Sixers were able to eradicate their deficit in convincing fashion in the third and entered the final 12 minutes with a 92 - 86 edge. That would prove to be enough, although the Suns got as close 117 - 114 with 6 seconds remaining after a Mikal Bridges three - pointer. Phoenix kept the pressure on their hosts with a 51 percent success rate from the field, but they were outrebounded by a 53 - 31 margin. Devin Booker paced the Suns with 37 points, a total he supplemented with eight assists and three rebounds. T.J. Warren followed with 21 points, four rebounds, four assists and one block. Deandre Ayton posted 17 points, nine rebounds, one assist and one steal. Bridges finished with 13 points, while Trevor Ariza filled out the stat sheet with 10 points, seven rebounds, five assists, three steals and one block. Richaun Holmes matched Ariza's point total while leading the bench. Joel Embiid led the 76ers with a 33 - point, 17 - rebound double - double that also included one assist, three steals and one block. Ben Simmons had a near triple - double with 19 points, 11 rebounds, nine assists and one steal. Mike Muscala matched Simmons' point total to lead the second unit. J.J. Redick poured in 17 points and added four rebounds and three assists. Jimmy Butler contributed 16 points, three rebounds, one assist and two steals. The Suns remain on the road and visit the Chicago Bulls on Wednesday'night, while the Sixers remain home and face the New Orleans Pelicans on that same evening.",Mikal Bridges,Suns,13,1,1,False,True
4930,"The Philadelphia 76ers defeated the visiting New Orleans Pelicans, 121 - 120, at Wells Fargo Center on Wednesday evening. The 76ers got out to a great start at home, as they outscored the Pelicans, 38 - 23, in the first quarter. The Pelicans made a push to start the second and quickly cut the gap to just three points. However, the home team was able to withstand, as the Sixers built their lead back up to double digits, and took a 67 - 57 lead into halftime. The third quarter was evenly matched, as neither team gave up any ground. The Pelicans led 96 - 87 heading into the final frame. The 76ers pushed their lead to 15 early in the fourth, but the Pelicans did not break, as the rallied back to make it a one - point game, with one minute remaining. Despite the visitor's best effort, the 76ers managed to stay one step ahead in crunch time, to pull off the impressive, 121 - 120, home win. This marks the fourth straight win for Philly. Joel Embiid led the 76ers with 31 points, 19 rebounds, two assists and two blocks, in 32 minutes. Ben Simmons followed up with 22 points, eight rebounds, seven assists, two blocks and one steal, in 35 minutes. Jimmy Butler and J.J. Redick chipped in 13 points each. The Sixers shot 45 percent from the field, including 10 - of - 29 from long range. Meanwhile, Jrue Holiday and E'Twaun Moore poured in 30 points each for the Pelicans. Julius Randle came up large as well, with 22 points, 10 rebounds, three assists and one block, in 28 minutes off the bench. The Pelicans (10 - 8) will look to bounce back as they take on the Knicks in New York on Friday. The 76ers (13 - 7) play host to the Cavs on Friday.",J.J. Redick,76ers,13,4,2,False,True
4930,"The Philadelphia 76ers defeated the visiting New Orleans Pelicans, 121 - 120, at Wells Fargo Center on Wednesday evening. The 76ers got out to a great start at home, as they outscored the Pelicans, 38 - 23, in the first quarter. The Pelicans made a push to start the second and quickly cut the gap to just three points. However, the home team was able to withstand, as the Sixers built their lead back up to double digits, and took a 67 - 57 lead into halftime. The third quarter was evenly matched, as neither team gave up any ground. The Pelicans led 96 - 87 heading into the final frame. The 76ers pushed their lead to 15 early in the fourth, but the Pelicans did not break, as the rallied back to make it a one - point game, with one minute remaining. Despite the visitor's best effort, the 76ers managed to stay one step ahead in crunch time, to pull off the impressive, 121 - 120, home win. This marks the fourth straight win for Philly. Joel Embiid led the 76ers with 31 points, 19 rebounds, two assists and two blocks, in 32 minutes. Ben Simmons followed up with 22 points, eight rebounds, seven assists, two blocks and one steal, in 35 minutes. Jimmy Butler and J.J. Redick chipped in 13 points each. The Sixers shot 45 percent from the field, including 10 - of - 29 from long range. Meanwhile, Jrue Holiday and E'Twaun Moore poured in 30 points each for the Pelicans. Julius Randle came up large as well, with 22 points, 10 rebounds, three assists and one block, in 28 minutes off the bench. The Pelicans (10 - 8) will look to bounce back as they take on the Knicks in New York on Friday. The 76ers (13 - 7) play host to the Cavs on Friday.",Ben Simmons,76ers,22,7,8,True,True
4930,"The Philadelphia 76ers defeated the visiting New Orleans Pelicans, 121 - 120, at Wells Fargo Center on Wednesday evening. The 76ers got out to a great start at home, as they outscored the Pelicans, 38 - 23, in the first quarter. The Pelicans made a push to start the second and quickly cut the gap to just three points. However, the home team was able to withstand, as the Sixers built their lead back up to double digits, and took a 67 - 57 lead into halftime. The third quarter was evenly matched, as neither team gave up any ground. The Pelicans led 96 - 87 heading into the final frame. The 76ers pushed their lead to 15 early in the fourth, but the Pelicans did not break, as the rallied back to make it a one - point game, with one minute remaining. Despite the visitor's best effort, the 76ers managed to stay one step ahead in crunch time, to pull off the impressive, 121 - 120, home win. This marks the fourth straight win for Philly. Joel Embiid led the 76ers with 31 points, 19 rebounds, two assists and two blocks, in 32 minutes. Ben Simmons followed up with 22 points, eight rebounds, seven assists, two blocks and one steal, in 35 minutes. Jimmy Butler and J.J. Redick chipped in 13 points each. The Sixers shot 45 percent from the field, including 10 - of - 29 from long range. Meanwhile, Jrue Holiday and E'Twaun Moore poured in 30 points each for the Pelicans. Julius Randle came up large as well, with 22 points, 10 rebounds, three assists and one block, in 28 minutes off the bench. The Pelicans (10 - 8) will look to bounce back as they take on the Knicks in New York on Friday. The 76ers (13 - 7) play host to the Cavs on Friday.",Joel Embiid,76ers,31,2,19,True,True
4930,"The Philadelphia 76ers defeated the visiting New Orleans Pelicans, 121 - 120, at Wells Fargo Center on Wednesday evening. The 76ers got out to a great start at home, as they outscored the Pelicans, 38 - 23, in the first quarter. The Pelicans made a push to start the second and quickly cut the gap to just three points. However, the home team was able to withstand, as the Sixers built their lead back up to double digits, and took a 67 - 57 lead into halftime. The third quarter was evenly matched, as neither team gave up any ground. The Pelicans led 96 - 87 heading into the final frame. The 76ers pushed their lead to 15 early in the fourth, but the Pelicans did not break, as the rallied back to make it a one - point game, with one minute remaining. Despite the visitor's best effort, the 76ers managed to stay one step ahead in crunch time, to pull off the impressive, 121 - 120, home win. This marks the fourth straight win for Philly. Joel Embiid led the 76ers with 31 points, 19 rebounds, two assists and two blocks, in 32 minutes. Ben Simmons followed up with 22 points, eight rebounds, seven assists, two blocks and one steal, in 35 minutes. Jimmy Butler and J.J. Redick chipped in 13 points each. The Sixers shot 45 percent from the field, including 10 - of - 29 from long range. Meanwhile, Jrue Holiday and E'Twaun Moore poured in 30 points each for the Pelicans. Julius Randle came up large as well, with 22 points, 10 rebounds, three assists and one block, in 28 minutes off the bench. The Pelicans (10 - 8) will look to bounce back as they take on the Knicks in New York on Friday. The 76ers (13 - 7) play host to the Cavs on Friday.",E'Twaun Moore,Pelicans,30,1,2,True,True
4931,"The Cleveland Cavaliers defeated the host Philadelphia 76ers, 121 - 112, at Wells Fargo Center on Friday evening. The Cavs got down to business right away, as they outscored the home team, 31 - 23, in the first quarter. The 76ers picked up the slack in the second and outscored the Cavs, 31 - 23, in the quarter, to tie the game at 54 heading into halftime. However, the Cavaliers would not back down, as they came out tough in the third and matched the Sixers bucket for bucket, before they emerged with a one - point lead heading into the final frame. The Cavs continued to play one step ahead of the home team 76ers, and managed to build an 11 - point lead with 4:37 left in the game. The Cavs held on from there to earn their first road win of the season, and hand the 76ers their first home loss of the season. Rodney Hood led the Cavs with 25 points on 10 - of - 20 shooting, four rebounds and one assist, in 39 minutes. Collin Sexton followed up with 23 points, five rebounds, three assists, one steal and one block, while Tristan Thompson added 18 points, 13 rebounds and two steals, in 35 minutes. The Cavs shot 53 percent from the field, including 11 - of - 22 from long range. Meanwhile, Joel Embiid led the 76ers with 24 points, 12 rebounds and three assists, in 32 minutes. J.J. Redick tallied 23 points of his own, on 5 - of - 11 shooting, while Ben Simmons and Jimmy Butler tallied 22 points each. The Sixers shot 53 percent from the field, including 13 - of - 33 from long range. The 76ers (13 - 8) will look to bounce back as they take on the Nets in Brooklyn on Sunday. The Cavs (3 - 14) play host to the Rockets on Saturday.",Jimmy Butler,76ers,22,2,2,True,True
4931,"The Cleveland Cavaliers defeated the host Philadelphia 76ers, 121 - 112, at Wells Fargo Center on Friday evening. The Cavs got down to business right away, as they outscored the home team, 31 - 23, in the first quarter. The 76ers picked up the slack in the second and outscored the Cavs, 31 - 23, in the quarter, to tie the game at 54 heading into halftime. However, the Cavaliers would not back down, as they came out tough in the third and matched the Sixers bucket for bucket, before they emerged with a one - point lead heading into the final frame. The Cavs continued to play one step ahead of the home team 76ers, and managed to build an 11 - point lead with 4:37 left in the game. The Cavs held on from there to earn their first road win of the season, and hand the 76ers their first home loss of the season. Rodney Hood led the Cavs with 25 points on 10 - of - 20 shooting, four rebounds and one assist, in 39 minutes. Collin Sexton followed up with 23 points, five rebounds, three assists, one steal and one block, while Tristan Thompson added 18 points, 13 rebounds and two steals, in 35 minutes. The Cavs shot 53 percent from the field, including 11 - of - 22 from long range. Meanwhile, Joel Embiid led the 76ers with 24 points, 12 rebounds and three assists, in 32 minutes. J.J. Redick tallied 23 points of his own, on 5 - of - 11 shooting, while Ben Simmons and Jimmy Butler tallied 22 points each. The Sixers shot 53 percent from the field, including 13 - of - 33 from long range. The 76ers (13 - 8) will look to bounce back as they take on the Nets in Brooklyn on Sunday. The Cavs (3 - 14) play host to the Rockets on Saturday.",Joel Embiid,76ers,24,3,12,True,True
4931,"The Cleveland Cavaliers defeated the host Philadelphia 76ers, 121 - 112, at Wells Fargo Center on Friday evening. The Cavs got down to business right away, as they outscored the home team, 31 - 23, in the first quarter. The 76ers picked up the slack in the second and outscored the Cavs, 31 - 23, in the quarter, to tie the game at 54 heading into halftime. However, the Cavaliers would not back down, as they came out tough in the third and matched the Sixers bucket for bucket, before they emerged with a one - point lead heading into the final frame. The Cavs continued to play one step ahead of the home team 76ers, and managed to build an 11 - point lead with 4:37 left in the game. The Cavs held on from there to earn their first road win of the season, and hand the 76ers their first home loss of the season. Rodney Hood led the Cavs with 25 points on 10 - of - 20 shooting, four rebounds and one assist, in 39 minutes. Collin Sexton followed up with 23 points, five rebounds, three assists, one steal and one block, while Tristan Thompson added 18 points, 13 rebounds and two steals, in 35 minutes. The Cavs shot 53 percent from the field, including 11 - of - 22 from long range. Meanwhile, Joel Embiid led the 76ers with 24 points, 12 rebounds and three assists, in 32 minutes. J.J. Redick tallied 23 points of his own, on 5 - of - 11 shooting, while Ben Simmons and Jimmy Butler tallied 22 points each. The Sixers shot 53 percent from the field, including 13 - of - 33 from long range. The 76ers (13 - 8) will look to bounce back as they take on the Nets in Brooklyn on Sunday. The Cavs (3 - 14) play host to the Rockets on Saturday.",Rodney Hood,Cavaliers,25,1,4,True,True
4931,"The Cleveland Cavaliers defeated the host Philadelphia 76ers, 121 - 112, at Wells Fargo Center on Friday evening. The Cavs got down to business right away, as they outscored the home team, 31 - 23, in the first quarter. The 76ers picked up the slack in the second and outscored the Cavs, 31 - 23, in the quarter, to tie the game at 54 heading into halftime. However, the Cavaliers would not back down, as they came out tough in the third and matched the Sixers bucket for bucket, before they emerged with a one - point lead heading into the final frame. The Cavs continued to play one step ahead of the home team 76ers, and managed to build an 11 - point lead with 4:37 left in the game. The Cavs held on from there to earn their first road win of the season, and hand the 76ers their first home loss of the season. Rodney Hood led the Cavs with 25 points on 10 - of - 20 shooting, four rebounds and one assist, in 39 minutes. Collin Sexton followed up with 23 points, five rebounds, three assists, one steal and one block, while Tristan Thompson added 18 points, 13 rebounds and two steals, in 35 minutes. The Cavs shot 53 percent from the field, including 11 - of - 22 from long range. Meanwhile, Joel Embiid led the 76ers with 24 points, 12 rebounds and three assists, in 32 minutes. J.J. Redick tallied 23 points of his own, on 5 - of - 11 shooting, while Ben Simmons and Jimmy Butler tallied 22 points each. The Sixers shot 53 percent from the field, including 13 - of - 33 from long range. The 76ers (13 - 8) will look to bounce back as they take on the Nets in Brooklyn on Sunday. The Cavs (3 - 14) play host to the Rockets on Saturday.",Collin Sexton,Cavaliers,23,3,5,True,True
4932,"The Philadelphia 76ers defeated the visiting New York Knicks, 117 - 91, at Wells Fargo Center on Wednesday. Philly came into this game as a sizable favorite and a wire - to - wire victory vindicates that notion. In fact, the Sixers rode a 41 - 27 first quarter to victory, as they held a double - digit lead from there. In addition, they led by at least 19 points for the entirety of the second half. Philadelphia dominated through shooting, as they connected on 54 percent from the field and 45 percent from three - point range while holding New York to just 35 percent from the field and 21 percent from long range. Much of that was attributed to the ball movement, with the Sixers out - assisting the Knicks, 34 - 14. The Knicks (7 - 16) had just three players reach double figures in scoring, as Enes Kanter led the way with 17 points and six boards. Mario Hezonja matched those 17 points, adding five rebounds and four steals to his tally. Damyean Dotson led the bench with 16 points, four rebounds and three steals. Tim Hardaway Jr. had a game to forget, as he scored five points on 1 - of - 11 shooting, as that one made shot was a layup. The Sixers (15 - 8) got another sparkling performance from Joel Embiid, as he collected 26 points, 14 rebounds and seven assists/. J.J. Redick accrued 24 points, two rebounds and two assists on 10 - of - 14 from the field. Ben Simmons tallied 14 points, eight rebounds and seven assists. Mike Muscala and Furknan Korkmaz both reached double figures in scoring off of the bench. On deck for Philadelphia is a home matchup versus the Washington Wizards on Friday. As for New York, they're off until Saturday when they welcome the Milwaukee Bucks to The Garden.",J.J. Redick,76ers,24,2,2,True,True
4932,"The Philadelphia 76ers defeated the visiting New York Knicks, 117 - 91, at Wells Fargo Center on Wednesday. Philly came into this game as a sizable favorite and a wire - to - wire victory vindicates that notion. In fact, the Sixers rode a 41 - 27 first quarter to victory, as they held a double - digit lead from there. In addition, they led by at least 19 points for the entirety of the second half. Philadelphia dominated through shooting, as they connected on 54 percent from the field and 45 percent from three - point range while holding New York to just 35 percent from the field and 21 percent from long range. Much of that was attributed to the ball movement, with the Sixers out - assisting the Knicks, 34 - 14. The Knicks (7 - 16) had just three players reach double figures in scoring, as Enes Kanter led the way with 17 points and six boards. Mario Hezonja matched those 17 points, adding five rebounds and four steals to his tally. Damyean Dotson led the bench with 16 points, four rebounds and three steals. Tim Hardaway Jr. had a game to forget, as he scored five points on 1 - of - 11 shooting, as that one made shot was a layup. The Sixers (15 - 8) got another sparkling performance from Joel Embiid, as he collected 26 points, 14 rebounds and seven assists/. J.J. Redick accrued 24 points, two rebounds and two assists on 10 - of - 14 from the field. Ben Simmons tallied 14 points, eight rebounds and seven assists. Mike Muscala and Furknan Korkmaz both reached double figures in scoring off of the bench. On deck for Philadelphia is a home matchup versus the Washington Wizards on Friday. As for New York, they're off until Saturday when they welcome the Milwaukee Bucks to The Garden.",Mike Muscala,76ers,10,1,8,False,True
4933,"The Philadelphia 76ers defeated the Washington Wizards, 123 - 98, at Wells Fargo Center on Friday evening. The 76ers (16 - 8) set the tone early for what would be a comfortable victory, establishing a 31 - 19 first - quarter lead that had grown to 68 - 46 by halftime. Philadelphia had no trouble maintaining a sizable advantage in the second half over the reeling Wizards (8 - 14), who were playing without Otto Porter, Jr. (personal). The Sixers limited Washington to 40 percent shooting (including 29 percent from three - point range) while winning the rebounding battle by a 58 - 42 margin. Bradley Beal led the Wizards with 19 points. Austin Rivers followed with a bench - leading 15 points and also offered two rebounds, one assist, one steal and one block. Thomas Bryant drew a start at center and posted 12 points, seven rebounds. one steal and one block. John Wall got off to a slow start and never recovered, tallying 11 points, seven assists, three rebounds and three steals. Philadelphia saw seven players hit double digits in the scoring column, with Joel Embiid leading the way. The big man posted a 16 - point, 15 - rebound double - double that also included three blocks. T.J. McConnell was next with a bench - leading 15 points. J.J. Redick poured in 14 points. Ben Simmons managed a 13 - point, 10 - assist double - double that also included eight rebounds. Furkan Korkmaz supplied 13 points, five assists, two rebounds and one steal. Landry Shamet turned in 12 points, four rebounds, two assists and one steal. Mike Muscala matched Shamet's scoring total and pulled down 10 rebounds. Jimmy Butler collected 11 points, seven rebounds, four assists and four steals. The Wizards head back home and face the Brooklyn Nets on Saturday evening, while the Sixers remain home to take on the Memphis Grizzlies on Sunday evening.",Ben Simmons,76ers,13,10,8,False,True
4933,"The Philadelphia 76ers defeated the Washington Wizards, 123 - 98, at Wells Fargo Center on Friday evening. The 76ers (16 - 8) set the tone early for what would be a comfortable victory, establishing a 31 - 19 first - quarter lead that had grown to 68 - 46 by halftime. Philadelphia had no trouble maintaining a sizable advantage in the second half over the reeling Wizards (8 - 14), who were playing without Otto Porter, Jr. (personal). The Sixers limited Washington to 40 percent shooting (including 29 percent from three - point range) while winning the rebounding battle by a 58 - 42 margin. Bradley Beal led the Wizards with 19 points. Austin Rivers followed with a bench - leading 15 points and also offered two rebounds, one assist, one steal and one block. Thomas Bryant drew a start at center and posted 12 points, seven rebounds. one steal and one block. John Wall got off to a slow start and never recovered, tallying 11 points, seven assists, three rebounds and three steals. Philadelphia saw seven players hit double digits in the scoring column, with Joel Embiid leading the way. The big man posted a 16 - point, 15 - rebound double - double that also included three blocks. T.J. McConnell was next with a bench - leading 15 points. J.J. Redick poured in 14 points. Ben Simmons managed a 13 - point, 10 - assist double - double that also included eight rebounds. Furkan Korkmaz supplied 13 points, five assists, two rebounds and one steal. Landry Shamet turned in 12 points, four rebounds, two assists and one steal. Mike Muscala matched Shamet's scoring total and pulled down 10 rebounds. Jimmy Butler collected 11 points, seven rebounds, four assists and four steals. The Wizards head back home and face the Brooklyn Nets on Saturday evening, while the Sixers remain home to take on the Memphis Grizzlies on Sunday evening.",Jimmy Butler,76ers,11,4,7,False,True
4933,"The Philadelphia 76ers defeated the Washington Wizards, 123 - 98, at Wells Fargo Center on Friday evening. The 76ers (16 - 8) set the tone early for what would be a comfortable victory, establishing a 31 - 19 first - quarter lead that had grown to 68 - 46 by halftime. Philadelphia had no trouble maintaining a sizable advantage in the second half over the reeling Wizards (8 - 14), who were playing without Otto Porter, Jr. (personal). The Sixers limited Washington to 40 percent shooting (including 29 percent from three - point range) while winning the rebounding battle by a 58 - 42 margin. Bradley Beal led the Wizards with 19 points. Austin Rivers followed with a bench - leading 15 points and also offered two rebounds, one assist, one steal and one block. Thomas Bryant drew a start at center and posted 12 points, seven rebounds. one steal and one block. John Wall got off to a slow start and never recovered, tallying 11 points, seven assists, three rebounds and three steals. Philadelphia saw seven players hit double digits in the scoring column, with Joel Embiid leading the way. The big man posted a 16 - point, 15 - rebound double - double that also included three blocks. T.J. McConnell was next with a bench - leading 15 points. J.J. Redick poured in 14 points. Ben Simmons managed a 13 - point, 10 - assist double - double that also included eight rebounds. Furkan Korkmaz supplied 13 points, five assists, two rebounds and one steal. Landry Shamet turned in 12 points, four rebounds, two assists and one steal. Mike Muscala matched Shamet's scoring total and pulled down 10 rebounds. Jimmy Butler collected 11 points, seven rebounds, four assists and four steals. The Wizards head back home and face the Brooklyn Nets on Saturday evening, while the Sixers remain home to take on the Memphis Grizzlies on Sunday evening.",Mike Muscala,76ers,12,2,10,False,True
4933,"The Philadelphia 76ers defeated the Washington Wizards, 123 - 98, at Wells Fargo Center on Friday evening. The 76ers (16 - 8) set the tone early for what would be a comfortable victory, establishing a 31 - 19 first - quarter lead that had grown to 68 - 46 by halftime. Philadelphia had no trouble maintaining a sizable advantage in the second half over the reeling Wizards (8 - 14), who were playing without Otto Porter, Jr. (personal). The Sixers limited Washington to 40 percent shooting (including 29 percent from three - point range) while winning the rebounding battle by a 58 - 42 margin. Bradley Beal led the Wizards with 19 points. Austin Rivers followed with a bench - leading 15 points and also offered two rebounds, one assist, one steal and one block. Thomas Bryant drew a start at center and posted 12 points, seven rebounds. one steal and one block. John Wall got off to a slow start and never recovered, tallying 11 points, seven assists, three rebounds and three steals. Philadelphia saw seven players hit double digits in the scoring column, with Joel Embiid leading the way. The big man posted a 16 - point, 15 - rebound double - double that also included three blocks. T.J. McConnell was next with a bench - leading 15 points. J.J. Redick poured in 14 points. Ben Simmons managed a 13 - point, 10 - assist double - double that also included eight rebounds. Furkan Korkmaz supplied 13 points, five assists, two rebounds and one steal. Landry Shamet turned in 12 points, four rebounds, two assists and one steal. Mike Muscala matched Shamet's scoring total and pulled down 10 rebounds. Jimmy Butler collected 11 points, seven rebounds, four assists and four steals. The Wizards head back home and face the Brooklyn Nets on Saturday evening, while the Sixers remain home to take on the Memphis Grizzlies on Sunday evening.",Landry Shamet,76ers,12,2,4,False,True
4933,"The Philadelphia 76ers defeated the Washington Wizards, 123 - 98, at Wells Fargo Center on Friday evening. The 76ers (16 - 8) set the tone early for what would be a comfortable victory, establishing a 31 - 19 first - quarter lead that had grown to 68 - 46 by halftime. Philadelphia had no trouble maintaining a sizable advantage in the second half over the reeling Wizards (8 - 14), who were playing without Otto Porter, Jr. (personal). The Sixers limited Washington to 40 percent shooting (including 29 percent from three - point range) while winning the rebounding battle by a 58 - 42 margin. Bradley Beal led the Wizards with 19 points. Austin Rivers followed with a bench - leading 15 points and also offered two rebounds, one assist, one steal and one block. Thomas Bryant drew a start at center and posted 12 points, seven rebounds. one steal and one block. John Wall got off to a slow start and never recovered, tallying 11 points, seven assists, three rebounds and three steals. Philadelphia saw seven players hit double digits in the scoring column, with Joel Embiid leading the way. The big man posted a 16 - point, 15 - rebound double - double that also included three blocks. T.J. McConnell was next with a bench - leading 15 points. J.J. Redick poured in 14 points. Ben Simmons managed a 13 - point, 10 - assist double - double that also included eight rebounds. Furkan Korkmaz supplied 13 points, five assists, two rebounds and one steal. Landry Shamet turned in 12 points, four rebounds, two assists and one steal. Mike Muscala matched Shamet's scoring total and pulled down 10 rebounds. Jimmy Butler collected 11 points, seven rebounds, four assists and four steals. The Wizards head back home and face the Brooklyn Nets on Saturday evening, while the Sixers remain home to take on the Memphis Grizzlies on Sunday evening.",T.J. McConnell,76ers,15,2,2,False,True
4933,"The Philadelphia 76ers defeated the Washington Wizards, 123 - 98, at Wells Fargo Center on Friday evening. The 76ers (16 - 8) set the tone early for what would be a comfortable victory, establishing a 31 - 19 first - quarter lead that had grown to 68 - 46 by halftime. Philadelphia had no trouble maintaining a sizable advantage in the second half over the reeling Wizards (8 - 14), who were playing without Otto Porter, Jr. (personal). The Sixers limited Washington to 40 percent shooting (including 29 percent from three - point range) while winning the rebounding battle by a 58 - 42 margin. Bradley Beal led the Wizards with 19 points. Austin Rivers followed with a bench - leading 15 points and also offered two rebounds, one assist, one steal and one block. Thomas Bryant drew a start at center and posted 12 points, seven rebounds. one steal and one block. John Wall got off to a slow start and never recovered, tallying 11 points, seven assists, three rebounds and three steals. Philadelphia saw seven players hit double digits in the scoring column, with Joel Embiid leading the way. The big man posted a 16 - point, 15 - rebound double - double that also included three blocks. T.J. McConnell was next with a bench - leading 15 points. J.J. Redick poured in 14 points. Ben Simmons managed a 13 - point, 10 - assist double - double that also included eight rebounds. Furkan Korkmaz supplied 13 points, five assists, two rebounds and one steal. Landry Shamet turned in 12 points, four rebounds, two assists and one steal. Mike Muscala matched Shamet's scoring total and pulled down 10 rebounds. Jimmy Butler collected 11 points, seven rebounds, four assists and four steals. The Wizards head back home and face the Brooklyn Nets on Saturday evening, while the Sixers remain home to take on the Memphis Grizzlies on Sunday evening.",Furkan Korkmaz,76ers,13,5,2,False,True
4933,"The Philadelphia 76ers defeated the Washington Wizards, 123 - 98, at Wells Fargo Center on Friday evening. The 76ers (16 - 8) set the tone early for what would be a comfortable victory, establishing a 31 - 19 first - quarter lead that had grown to 68 - 46 by halftime. Philadelphia had no trouble maintaining a sizable advantage in the second half over the reeling Wizards (8 - 14), who were playing without Otto Porter, Jr. (personal). The Sixers limited Washington to 40 percent shooting (including 29 percent from three - point range) while winning the rebounding battle by a 58 - 42 margin. Bradley Beal led the Wizards with 19 points. Austin Rivers followed with a bench - leading 15 points and also offered two rebounds, one assist, one steal and one block. Thomas Bryant drew a start at center and posted 12 points, seven rebounds. one steal and one block. John Wall got off to a slow start and never recovered, tallying 11 points, seven assists, three rebounds and three steals. Philadelphia saw seven players hit double digits in the scoring column, with Joel Embiid leading the way. The big man posted a 16 - point, 15 - rebound double - double that also included three blocks. T.J. McConnell was next with a bench - leading 15 points. J.J. Redick poured in 14 points. Ben Simmons managed a 13 - point, 10 - assist double - double that also included eight rebounds. Furkan Korkmaz supplied 13 points, five assists, two rebounds and one steal. Landry Shamet turned in 12 points, four rebounds, two assists and one steal. Mike Muscala matched Shamet's scoring total and pulled down 10 rebounds. Jimmy Butler collected 11 points, seven rebounds, four assists and four steals. The Wizards head back home and face the Brooklyn Nets on Saturday evening, while the Sixers remain home to take on the Memphis Grizzlies on Sunday evening.",John Wall,Wizards,11,7,3,False,True
4933,"The Philadelphia 76ers defeated the Washington Wizards, 123 - 98, at Wells Fargo Center on Friday evening. The 76ers (16 - 8) set the tone early for what would be a comfortable victory, establishing a 31 - 19 first - quarter lead that had grown to 68 - 46 by halftime. Philadelphia had no trouble maintaining a sizable advantage in the second half over the reeling Wizards (8 - 14), who were playing without Otto Porter, Jr. (personal). The Sixers limited Washington to 40 percent shooting (including 29 percent from three - point range) while winning the rebounding battle by a 58 - 42 margin. Bradley Beal led the Wizards with 19 points. Austin Rivers followed with a bench - leading 15 points and also offered two rebounds, one assist, one steal and one block. Thomas Bryant drew a start at center and posted 12 points, seven rebounds. one steal and one block. John Wall got off to a slow start and never recovered, tallying 11 points, seven assists, three rebounds and three steals. Philadelphia saw seven players hit double digits in the scoring column, with Joel Embiid leading the way. The big man posted a 16 - point, 15 - rebound double - double that also included three blocks. T.J. McConnell was next with a bench - leading 15 points. J.J. Redick poured in 14 points. Ben Simmons managed a 13 - point, 10 - assist double - double that also included eight rebounds. Furkan Korkmaz supplied 13 points, five assists, two rebounds and one steal. Landry Shamet turned in 12 points, four rebounds, two assists and one steal. Mike Muscala matched Shamet's scoring total and pulled down 10 rebounds. Jimmy Butler collected 11 points, seven rebounds, four assists and four steals. The Wizards head back home and face the Brooklyn Nets on Saturday evening, while the Sixers remain home to take on the Memphis Grizzlies on Sunday evening.",Austin Rivers,Wizards,15,1,2,False,True
4934,"The Philadelphia 76ers defeated the visiting Memphis Grizzlies, 103 - 95, at Wells Fargo Center on Sunday evening. The Sixers got out to a quick, 10 - 3, lead but the Grizzlies stuck with it, leading to a, 26 - 25, advantage for the home team, after one quarter. The 76ers stayed on top in the second, where they outscored the Grizzlies, 28 - 19, to take a, 54 - 44, lead by halftime. Things tightened up again in the second half, as both teams matched each other for 24 points in the third quarter, leaving the Sixers ahead by 10 heading into the fourth. The Grizzlies started the fourth quarter with a quick 9 - 1 run, to make it a two - point game. However, the 76ers answered right back, pushing their lead back to nine, with five minutes left. The Grizzlies cut it as close as a four - point deficit, but could not do better than that, as the 76ers held on to earn their fourth straight win. J.J. Redick led Philly with 24 points on 9 - of - 17 shooting, in 30 minutes. Jimmy Butler tallied 21 points, three rebounds, two assists and a block. Ben Simmons finished with 19 points, 12 rebounds, six assists and two steals, while Joel Embiid added 15 points, 14 rebounds, three assists, one steal and one block. Meanwhile, Mike Conley led the Grizzlies with 21 points, five assists, two rebounds, one steal and one block. Jaren Jackson Jr. followed up with 17 points, three rebounds, three blocks and a steal, while JaMychal Green tallied 14 points, seven rebounds and four steals. The Grizzlies (13 - 9) will look to bounce back as they play host to the Clippers on Tuesday. The 76ers (17 - 8) take on the Raptors in Toronto on Wednesday.",Joel Embiid,76ers,15,3,14,False,True
4934,"The Philadelphia 76ers defeated the visiting Memphis Grizzlies, 103 - 95, at Wells Fargo Center on Sunday evening. The Sixers got out to a quick, 10 - 3, lead but the Grizzlies stuck with it, leading to a, 26 - 25, advantage for the home team, after one quarter. The 76ers stayed on top in the second, where they outscored the Grizzlies, 28 - 19, to take a, 54 - 44, lead by halftime. Things tightened up again in the second half, as both teams matched each other for 24 points in the third quarter, leaving the Sixers ahead by 10 heading into the fourth. The Grizzlies started the fourth quarter with a quick 9 - 1 run, to make it a two - point game. However, the 76ers answered right back, pushing their lead back to nine, with five minutes left. The Grizzlies cut it as close as a four - point deficit, but could not do better than that, as the 76ers held on to earn their fourth straight win. J.J. Redick led Philly with 24 points on 9 - of - 17 shooting, in 30 minutes. Jimmy Butler tallied 21 points, three rebounds, two assists and a block. Ben Simmons finished with 19 points, 12 rebounds, six assists and two steals, while Joel Embiid added 15 points, 14 rebounds, three assists, one steal and one block. Meanwhile, Mike Conley led the Grizzlies with 21 points, five assists, two rebounds, one steal and one block. Jaren Jackson Jr. followed up with 17 points, three rebounds, three blocks and a steal, while JaMychal Green tallied 14 points, seven rebounds and four steals. The Grizzlies (13 - 9) will look to bounce back as they play host to the Clippers on Tuesday. The 76ers (17 - 8) take on the Raptors in Toronto on Wednesday.",Ben Simmons,76ers,19,6,12,False,True
4934,"The Philadelphia 76ers defeated the visiting Memphis Grizzlies, 103 - 95, at Wells Fargo Center on Sunday evening. The Sixers got out to a quick, 10 - 3, lead but the Grizzlies stuck with it, leading to a, 26 - 25, advantage for the home team, after one quarter. The 76ers stayed on top in the second, where they outscored the Grizzlies, 28 - 19, to take a, 54 - 44, lead by halftime. Things tightened up again in the second half, as both teams matched each other for 24 points in the third quarter, leaving the Sixers ahead by 10 heading into the fourth. The Grizzlies started the fourth quarter with a quick 9 - 1 run, to make it a two - point game. However, the 76ers answered right back, pushing their lead back to nine, with five minutes left. The Grizzlies cut it as close as a four - point deficit, but could not do better than that, as the 76ers held on to earn their fourth straight win. J.J. Redick led Philly with 24 points on 9 - of - 17 shooting, in 30 minutes. Jimmy Butler tallied 21 points, three rebounds, two assists and a block. Ben Simmons finished with 19 points, 12 rebounds, six assists and two steals, while Joel Embiid added 15 points, 14 rebounds, three assists, one steal and one block. Meanwhile, Mike Conley led the Grizzlies with 21 points, five assists, two rebounds, one steal and one block. Jaren Jackson Jr. followed up with 17 points, three rebounds, three blocks and a steal, while JaMychal Green tallied 14 points, seven rebounds and four steals. The Grizzlies (13 - 9) will look to bounce back as they play host to the Clippers on Tuesday. The 76ers (17 - 8) take on the Raptors in Toronto on Wednesday.",Jimmy Butler,76ers,21,2,3,True,True
4935,"The Philadelphia 76ers defeated the visiting Detroit Pistons, 116 - 102, at Wells Fargo Center on Monday evening. The Pistons jumped to an early, 7 - 4, lead but the 76ers came back to tie it at 11, four minutes into the first quarter. The Sixers did not look back from there, as they used a quick, 90, run to create some separation, and held on to take a, 38 - 29, lead into the second quarter. The game slowed down in the second, as the Sixers and Pistons matched each other with 18 points in the quarter. Things picked up again in the third, where the Sixers held their nine - point lead for most of the quarter, until the Pistons finally made a run to cut the deficit to three, with under two minutes remaining. However, the 76ers charged back with a, 11 - 3, run to bring a, 87 - 76, lead into the final frame. The Pistons kept fighting and cut the gap to six early in the quarter, but the home team responded one final time, pushing the lead to 17 points with three minutes left in the contest. The 76ers cruised from there to their second win in a row, while the Pistons dropped their fifth in a row. Joel Embiid led Philadelphia with 24 points, eight rebounds, three assists, two steals and two blocks, in 32 minutes. Ben Simmons followed up with 18 points, 10 rebounds, seven assists, two steals and one block, while T.J. McConnell added 14 points, six assists, four rebounds and two steals, in 28 minutes off the bench. Luke Kennard had a big night for the Pistons, with 28 points, eight rebounds and three assists, in 36 minutes. Blake Griffin (rest) did not suit up, but Andre Drummond finished with 21 points, 17 rebounds, three blocks, two assists and one steal. The Pistons (13 - 12) will look to bounce back as they take on the Hornets in Charlotte on Wednesday. The 76ers (19 - 9) play host to the Nets on Wednesday.",Joel Embiid,76ers,24,3,8,True,True
4935,"The Philadelphia 76ers defeated the visiting Detroit Pistons, 116 - 102, at Wells Fargo Center on Monday evening. The Pistons jumped to an early, 7 - 4, lead but the 76ers came back to tie it at 11, four minutes into the first quarter. The Sixers did not look back from there, as they used a quick, 90, run to create some separation, and held on to take a, 38 - 29, lead into the second quarter. The game slowed down in the second, as the Sixers and Pistons matched each other with 18 points in the quarter. Things picked up again in the third, where the Sixers held their nine - point lead for most of the quarter, until the Pistons finally made a run to cut the deficit to three, with under two minutes remaining. However, the 76ers charged back with a, 11 - 3, run to bring a, 87 - 76, lead into the final frame. The Pistons kept fighting and cut the gap to six early in the quarter, but the home team responded one final time, pushing the lead to 17 points with three minutes left in the contest. The 76ers cruised from there to their second win in a row, while the Pistons dropped their fifth in a row. Joel Embiid led Philadelphia with 24 points, eight rebounds, three assists, two steals and two blocks, in 32 minutes. Ben Simmons followed up with 18 points, 10 rebounds, seven assists, two steals and one block, while T.J. McConnell added 14 points, six assists, four rebounds and two steals, in 28 minutes off the bench. Luke Kennard had a big night for the Pistons, with 28 points, eight rebounds and three assists, in 36 minutes. Blake Griffin (rest) did not suit up, but Andre Drummond finished with 21 points, 17 rebounds, three blocks, two assists and one steal. The Pistons (13 - 12) will look to bounce back as they take on the Hornets in Charlotte on Wednesday. The 76ers (19 - 9) play host to the Nets on Wednesday.",Ben Simmons,76ers,18,7,10,False,True
4935,"The Philadelphia 76ers defeated the visiting Detroit Pistons, 116 - 102, at Wells Fargo Center on Monday evening. The Pistons jumped to an early, 7 - 4, lead but the 76ers came back to tie it at 11, four minutes into the first quarter. The Sixers did not look back from there, as they used a quick, 90, run to create some separation, and held on to take a, 38 - 29, lead into the second quarter. The game slowed down in the second, as the Sixers and Pistons matched each other with 18 points in the quarter. Things picked up again in the third, where the Sixers held their nine - point lead for most of the quarter, until the Pistons finally made a run to cut the deficit to three, with under two minutes remaining. However, the 76ers charged back with a, 11 - 3, run to bring a, 87 - 76, lead into the final frame. The Pistons kept fighting and cut the gap to six early in the quarter, but the home team responded one final time, pushing the lead to 17 points with three minutes left in the contest. The 76ers cruised from there to their second win in a row, while the Pistons dropped their fifth in a row. Joel Embiid led Philadelphia with 24 points, eight rebounds, three assists, two steals and two blocks, in 32 minutes. Ben Simmons followed up with 18 points, 10 rebounds, seven assists, two steals and one block, while T.J. McConnell added 14 points, six assists, four rebounds and two steals, in 28 minutes off the bench. Luke Kennard had a big night for the Pistons, with 28 points, eight rebounds and three assists, in 36 minutes. Blake Griffin (rest) did not suit up, but Andre Drummond finished with 21 points, 17 rebounds, three blocks, two assists and one steal. The Pistons (13 - 12) will look to bounce back as they take on the Hornets in Charlotte on Wednesday. The 76ers (19 - 9) play host to the Nets on Wednesday.",T.J. McConnell,76ers,14,6,4,False,True
4935,"The Philadelphia 76ers defeated the visiting Detroit Pistons, 116 - 102, at Wells Fargo Center on Monday evening. The Pistons jumped to an early, 7 - 4, lead but the 76ers came back to tie it at 11, four minutes into the first quarter. The Sixers did not look back from there, as they used a quick, 90, run to create some separation, and held on to take a, 38 - 29, lead into the second quarter. The game slowed down in the second, as the Sixers and Pistons matched each other with 18 points in the quarter. Things picked up again in the third, where the Sixers held their nine - point lead for most of the quarter, until the Pistons finally made a run to cut the deficit to three, with under two minutes remaining. However, the 76ers charged back with a, 11 - 3, run to bring a, 87 - 76, lead into the final frame. The Pistons kept fighting and cut the gap to six early in the quarter, but the home team responded one final time, pushing the lead to 17 points with three minutes left in the contest. The 76ers cruised from there to their second win in a row, while the Pistons dropped their fifth in a row. Joel Embiid led Philadelphia with 24 points, eight rebounds, three assists, two steals and two blocks, in 32 minutes. Ben Simmons followed up with 18 points, 10 rebounds, seven assists, two steals and one block, while T.J. McConnell added 14 points, six assists, four rebounds and two steals, in 28 minutes off the bench. Luke Kennard had a big night for the Pistons, with 28 points, eight rebounds and three assists, in 36 minutes. Blake Griffin (rest) did not suit up, but Andre Drummond finished with 21 points, 17 rebounds, three blocks, two assists and one steal. The Pistons (13 - 12) will look to bounce back as they take on the Hornets in Charlotte on Wednesday. The 76ers (19 - 9) play host to the Nets on Wednesday.",Andre Drummond,Pistons,21,2,17,True,True
4935,"The Philadelphia 76ers defeated the visiting Detroit Pistons, 116 - 102, at Wells Fargo Center on Monday evening. The Pistons jumped to an early, 7 - 4, lead but the 76ers came back to tie it at 11, four minutes into the first quarter. The Sixers did not look back from there, as they used a quick, 90, run to create some separation, and held on to take a, 38 - 29, lead into the second quarter. The game slowed down in the second, as the Sixers and Pistons matched each other with 18 points in the quarter. Things picked up again in the third, where the Sixers held their nine - point lead for most of the quarter, until the Pistons finally made a run to cut the deficit to three, with under two minutes remaining. However, the 76ers charged back with a, 11 - 3, run to bring a, 87 - 76, lead into the final frame. The Pistons kept fighting and cut the gap to six early in the quarter, but the home team responded one final time, pushing the lead to 17 points with three minutes left in the contest. The 76ers cruised from there to their second win in a row, while the Pistons dropped their fifth in a row. Joel Embiid led Philadelphia with 24 points, eight rebounds, three assists, two steals and two blocks, in 32 minutes. Ben Simmons followed up with 18 points, 10 rebounds, seven assists, two steals and one block, while T.J. McConnell added 14 points, six assists, four rebounds and two steals, in 28 minutes off the bench. Luke Kennard had a big night for the Pistons, with 28 points, eight rebounds and three assists, in 36 minutes. Blake Griffin (rest) did not suit up, but Andre Drummond finished with 21 points, 17 rebounds, three blocks, two assists and one steal. The Pistons (13 - 12) will look to bounce back as they take on the Hornets in Charlotte on Wednesday. The 76ers (19 - 9) play host to the Nets on Wednesday.",Luke Kennard,Pistons,28,3,8,True,True
4936,"The Brooklyn Nets defeated the Philadelphia 76ers, 127 - 124, at Wells Fargo Center on Wednesday. The game was certainly not as close as the final score suggests, as the Nets were in control for nearly all of Wednesday's contest before the 76ers' second unit, led by rookie Landry Shamet scoring 10 points in the final minute of the game, made a late push but ultimately just ran out of time. The main reason Brooklyn found itself in full control of the outing was the stellar play of Spencer Dinwiddie, who scored a career - high 39 points in just 30 minutes off the bench. The point guard shot 4 - of - 6 from three and a11 - of - 18 from the field overall, but he did most of his damage from the free throw line, where he was 13 - of - 14. It was the fifth time this season the breakout 25 - year - old scored at least 25 points in a game. As for the rest of the Nets, Allen Crabbe was the high scorer out of the starters, posting 20 points while shooting 50 percent from the field. Joe Harris was 2 - of - 3 from behind the arc en route to scoring 14 points, while rookie Rodions Kurucs scored 13 points off the bench. As a team, the Nets were on fire from behind the arc, going 14 - of - 28 from deep. The 76ers had to play Wednesday's game without star guard Jimmy Butler (groin), and their star players certainly picked up some of the slack. Joel Embiid was a force down low, postig another massive double - double of 33 points and 17 rebounds in 38 minutes, while Ben Simmons had a terrific all - around performance with 22 points, eight rebounds, seven assists, four steals and two blocks. Lastly, Furkan Korkmaz, who started in Butler's absence, scored 18 points for the second straight night. Offensive production, however, wasn't the problem, as the 127 points the team gave up was the most Philadelphia allowed in nearly a month.",Ben Simmons,76ers,22,7,8,True,True
4936,"The Brooklyn Nets defeated the Philadelphia 76ers, 127 - 124, at Wells Fargo Center on Wednesday. The game was certainly not as close as the final score suggests, as the Nets were in control for nearly all of Wednesday's contest before the 76ers' second unit, led by rookie Landry Shamet scoring 10 points in the final minute of the game, made a late push but ultimately just ran out of time. The main reason Brooklyn found itself in full control of the outing was the stellar play of Spencer Dinwiddie, who scored a career - high 39 points in just 30 minutes off the bench. The point guard shot 4 - of - 6 from three and a11 - of - 18 from the field overall, but he did most of his damage from the free throw line, where he was 13 - of - 14. It was the fifth time this season the breakout 25 - year - old scored at least 25 points in a game. As for the rest of the Nets, Allen Crabbe was the high scorer out of the starters, posting 20 points while shooting 50 percent from the field. Joe Harris was 2 - of - 3 from behind the arc en route to scoring 14 points, while rookie Rodions Kurucs scored 13 points off the bench. As a team, the Nets were on fire from behind the arc, going 14 - of - 28 from deep. The 76ers had to play Wednesday's game without star guard Jimmy Butler (groin), and their star players certainly picked up some of the slack. Joel Embiid was a force down low, postig another massive double - double of 33 points and 17 rebounds in 38 minutes, while Ben Simmons had a terrific all - around performance with 22 points, eight rebounds, seven assists, four steals and two blocks. Lastly, Furkan Korkmaz, who started in Butler's absence, scored 18 points for the second straight night. Offensive production, however, wasn't the problem, as the 127 points the team gave up was the most Philadelphia allowed in nearly a month.",Joe Harris,Nets,14,2,1,False,True
4937,"The Indiana Pacers defeated the Philadelphia 76ers, 113 - 101, at Wells Fargo Center on Friday evening. The Pacers (19 - 10) fell behind by 10 points at the end of the first quarter, and given that the 76ers (19 - 11) had lost only twice all season on their home floor, things looked bleak for Indiana early. The visitors still trailed by 10 at halftime, but a prolific third quarter where they outscored Philadelphia by a 31 - 18 margin. The Pacers then kept the heat on in the fourth by adding nine points to their advantage and sealing a hard - fought road victory. Thaddeus Young led the Pacers by touching up one of his old squads for a 26 - point, 10 - rebound double - double that also included five assists and one block. Bojan Bogdanovic provided 18 points, five rebounds and two assists. Victor Oladipo, Domantas Sabonis and Cory Joseph generated matching 14 - point tallies. Oladipo added nine assists and three steals, Sabonis also pulled down 16 rebounds, Darren Collison mustered eight points but also dished out 10 assists. Joel Embiid paced the Sixers with a 40 - point, 21 - rebound double - double that also included three assists, one steal and one block. J.J. Redick contributed 22 points. Ben Simmons managed 18 points, nine rebounds, four assists, two steals and one block. Furkan Korkmaz started for Jimmy Butler (groin) once again but only totaled six points and two rebounds. The Pacers head back home to face the New York Knicks on Sunday afternoon, while the Sixers pay a visit to the Cleveland Cavaliers on Sunday afternoon as well.",Ben Simmons,76ers,18,4,9,False,True
4937,"The Indiana Pacers defeated the Philadelphia 76ers, 113 - 101, at Wells Fargo Center on Friday evening. The Pacers (19 - 10) fell behind by 10 points at the end of the first quarter, and given that the 76ers (19 - 11) had lost only twice all season on their home floor, things looked bleak for Indiana early. The visitors still trailed by 10 at halftime, but a prolific third quarter where they outscored Philadelphia by a 31 - 18 margin. The Pacers then kept the heat on in the fourth by adding nine points to their advantage and sealing a hard - fought road victory. Thaddeus Young led the Pacers by touching up one of his old squads for a 26 - point, 10 - rebound double - double that also included five assists and one block. Bojan Bogdanovic provided 18 points, five rebounds and two assists. Victor Oladipo, Domantas Sabonis and Cory Joseph generated matching 14 - point tallies. Oladipo added nine assists and three steals, Sabonis also pulled down 16 rebounds, Darren Collison mustered eight points but also dished out 10 assists. Joel Embiid paced the Sixers with a 40 - point, 21 - rebound double - double that also included three assists, one steal and one block. J.J. Redick contributed 22 points. Ben Simmons managed 18 points, nine rebounds, four assists, two steals and one block. Furkan Korkmaz started for Jimmy Butler (groin) once again but only totaled six points and two rebounds. The Pacers head back home to face the New York Knicks on Sunday afternoon, while the Sixers pay a visit to the Cleveland Cavaliers on Sunday afternoon as well.",Joel Embiid,76ers,40,3,21,True,True
4937,"The Indiana Pacers defeated the Philadelphia 76ers, 113 - 101, at Wells Fargo Center on Friday evening. The Pacers (19 - 10) fell behind by 10 points at the end of the first quarter, and given that the 76ers (19 - 11) had lost only twice all season on their home floor, things looked bleak for Indiana early. The visitors still trailed by 10 at halftime, but a prolific third quarter where they outscored Philadelphia by a 31 - 18 margin. The Pacers then kept the heat on in the fourth by adding nine points to their advantage and sealing a hard - fought road victory. Thaddeus Young led the Pacers by touching up one of his old squads for a 26 - point, 10 - rebound double - double that also included five assists and one block. Bojan Bogdanovic provided 18 points, five rebounds and two assists. Victor Oladipo, Domantas Sabonis and Cory Joseph generated matching 14 - point tallies. Oladipo added nine assists and three steals, Sabonis also pulled down 16 rebounds, Darren Collison mustered eight points but also dished out 10 assists. Joel Embiid paced the Sixers with a 40 - point, 21 - rebound double - double that also included three assists, one steal and one block. J.J. Redick contributed 22 points. Ben Simmons managed 18 points, nine rebounds, four assists, two steals and one block. Furkan Korkmaz started for Jimmy Butler (groin) once again but only totaled six points and two rebounds. The Pacers head back home to face the New York Knicks on Sunday afternoon, while the Sixers pay a visit to the Cleveland Cavaliers on Sunday afternoon as well.",Thaddeus Young,Pacers,26,5,10,True,True
4937,"The Indiana Pacers defeated the Philadelphia 76ers, 113 - 101, at Wells Fargo Center on Friday evening. The Pacers (19 - 10) fell behind by 10 points at the end of the first quarter, and given that the 76ers (19 - 11) had lost only twice all season on their home floor, things looked bleak for Indiana early. The visitors still trailed by 10 at halftime, but a prolific third quarter where they outscored Philadelphia by a 31 - 18 margin. The Pacers then kept the heat on in the fourth by adding nine points to their advantage and sealing a hard - fought road victory. Thaddeus Young led the Pacers by touching up one of his old squads for a 26 - point, 10 - rebound double - double that also included five assists and one block. Bojan Bogdanovic provided 18 points, five rebounds and two assists. Victor Oladipo, Domantas Sabonis and Cory Joseph generated matching 14 - point tallies. Oladipo added nine assists and three steals, Sabonis also pulled down 16 rebounds, Darren Collison mustered eight points but also dished out 10 assists. Joel Embiid paced the Sixers with a 40 - point, 21 - rebound double - double that also included three assists, one steal and one block. J.J. Redick contributed 22 points. Ben Simmons managed 18 points, nine rebounds, four assists, two steals and one block. Furkan Korkmaz started for Jimmy Butler (groin) once again but only totaled six points and two rebounds. The Pacers head back home to face the New York Knicks on Sunday afternoon, while the Sixers pay a visit to the Cleveland Cavaliers on Sunday afternoon as well.",Domantas Sabonis,Pacers,14,2,16,False,True
4937,"The Indiana Pacers defeated the Philadelphia 76ers, 113 - 101, at Wells Fargo Center on Friday evening. The Pacers (19 - 10) fell behind by 10 points at the end of the first quarter, and given that the 76ers (19 - 11) had lost only twice all season on their home floor, things looked bleak for Indiana early. The visitors still trailed by 10 at halftime, but a prolific third quarter where they outscored Philadelphia by a 31 - 18 margin. The Pacers then kept the heat on in the fourth by adding nine points to their advantage and sealing a hard - fought road victory. Thaddeus Young led the Pacers by touching up one of his old squads for a 26 - point, 10 - rebound double - double that also included five assists and one block. Bojan Bogdanovic provided 18 points, five rebounds and two assists. Victor Oladipo, Domantas Sabonis and Cory Joseph generated matching 14 - point tallies. Oladipo added nine assists and three steals, Sabonis also pulled down 16 rebounds, Darren Collison mustered eight points but also dished out 10 assists. Joel Embiid paced the Sixers with a 40 - point, 21 - rebound double - double that also included three assists, one steal and one block. J.J. Redick contributed 22 points. Ben Simmons managed 18 points, nine rebounds, four assists, two steals and one block. Furkan Korkmaz started for Jimmy Butler (groin) once again but only totaled six points and two rebounds. The Pacers head back home to face the New York Knicks on Sunday afternoon, while the Sixers pay a visit to the Cleveland Cavaliers on Sunday afternoon as well.",Cory Joseph,Pacers,14,4,3,False,True
4938,"The Philadelphia 76ers defeated the New York Knicks, 131 - 109, at Wells Fargo Center. The 76ers (21 - 12) entered this game losing three of their past four outings, but they bounced back in a huge way thanks to a 22 - point win playing in front of their crowd against a struggling Knicks (7 - 25) side that was unable to get things going from start to finish. As a result, New York have now lost 10 of their last 12 games. Philly established their terms early and jumped to a 38 - 33 lead after the first quarter. They would never looked back, though, and they actually won all quarters here. The final score per each quarter was: 38 - 33, 31 - 28, 30 - 24 and 32 - 24, respectively. Ben Simmons paved the way for the Sixers thanks to a triple - double of 13 points, 11 rebounds and 10 assists. Joel Embiid was the top scorer with 24 points and he also added 10 rebounds. Jimmy Butler had a solid outing as well since he finished with 20 points, four rebounds and four assists. J. J. Redick had 14 points, and Landry Shamet delivered 17 points off the bench. Every Sixers player that saw action scored at least two points. Tim Hardaway Jr. was New York's top scorer with 27 points and he also added five assists. Kevin Knox had one of his best games as a pro and finished with 21 points and six rebounds, while Enes Kanter chipped in with 15 points and six boards. Emmanuel Mudiay filled the stat sheet thanks to 11 points, five assists and three boards. Damyean Dotson contributed 14 points off the bench.",Jimmy Butler,76ers,20,4,4,False,True
4938,"The Philadelphia 76ers defeated the New York Knicks, 131 - 109, at Wells Fargo Center. The 76ers (21 - 12) entered this game losing three of their past four outings, but they bounced back in a huge way thanks to a 22 - point win playing in front of their crowd against a struggling Knicks (7 - 25) side that was unable to get things going from start to finish. As a result, New York have now lost 10 of their last 12 games. Philly established their terms early and jumped to a 38 - 33 lead after the first quarter. They would never looked back, though, and they actually won all quarters here. The final score per each quarter was: 38 - 33, 31 - 28, 30 - 24 and 32 - 24, respectively. Ben Simmons paved the way for the Sixers thanks to a triple - double of 13 points, 11 rebounds and 10 assists. Joel Embiid was the top scorer with 24 points and he also added 10 rebounds. Jimmy Butler had a solid outing as well since he finished with 20 points, four rebounds and four assists. J. J. Redick had 14 points, and Landry Shamet delivered 17 points off the bench. Every Sixers player that saw action scored at least two points. Tim Hardaway Jr. was New York's top scorer with 27 points and he also added five assists. Kevin Knox had one of his best games as a pro and finished with 21 points and six rebounds, while Enes Kanter chipped in with 15 points and six boards. Emmanuel Mudiay filled the stat sheet thanks to 11 points, five assists and three boards. Damyean Dotson contributed 14 points off the bench.",Ben Simmons,76ers,13,10,12,False,True
4938,"The Philadelphia 76ers defeated the New York Knicks, 131 - 109, at Wells Fargo Center. The 76ers (21 - 12) entered this game losing three of their past four outings, but they bounced back in a huge way thanks to a 22 - point win playing in front of their crowd against a struggling Knicks (7 - 25) side that was unable to get things going from start to finish. As a result, New York have now lost 10 of their last 12 games. Philly established their terms early and jumped to a 38 - 33 lead after the first quarter. They would never looked back, though, and they actually won all quarters here. The final score per each quarter was: 38 - 33, 31 - 28, 30 - 24 and 32 - 24, respectively. Ben Simmons paved the way for the Sixers thanks to a triple - double of 13 points, 11 rebounds and 10 assists. Joel Embiid was the top scorer with 24 points and he also added 10 rebounds. Jimmy Butler had a solid outing as well since he finished with 20 points, four rebounds and four assists. J. J. Redick had 14 points, and Landry Shamet delivered 17 points off the bench. Every Sixers player that saw action scored at least two points. Tim Hardaway Jr. was New York's top scorer with 27 points and he also added five assists. Kevin Knox had one of his best games as a pro and finished with 21 points and six rebounds, while Enes Kanter chipped in with 15 points and six boards. Emmanuel Mudiay filled the stat sheet thanks to 11 points, five assists and three boards. Damyean Dotson contributed 14 points off the bench.",Landry Shamet,76ers,17,1,1,False,True
4938,"The Philadelphia 76ers defeated the New York Knicks, 131 - 109, at Wells Fargo Center. The 76ers (21 - 12) entered this game losing three of their past four outings, but they bounced back in a huge way thanks to a 22 - point win playing in front of their crowd against a struggling Knicks (7 - 25) side that was unable to get things going from start to finish. As a result, New York have now lost 10 of their last 12 games. Philly established their terms early and jumped to a 38 - 33 lead after the first quarter. They would never looked back, though, and they actually won all quarters here. The final score per each quarter was: 38 - 33, 31 - 28, 30 - 24 and 32 - 24, respectively. Ben Simmons paved the way for the Sixers thanks to a triple - double of 13 points, 11 rebounds and 10 assists. Joel Embiid was the top scorer with 24 points and he also added 10 rebounds. Jimmy Butler had a solid outing as well since he finished with 20 points, four rebounds and four assists. J. J. Redick had 14 points, and Landry Shamet delivered 17 points off the bench. Every Sixers player that saw action scored at least two points. Tim Hardaway Jr. was New York's top scorer with 27 points and he also added five assists. Kevin Knox had one of his best games as a pro and finished with 21 points and six rebounds, while Enes Kanter chipped in with 15 points and six boards. Emmanuel Mudiay filled the stat sheet thanks to 11 points, five assists and three boards. Damyean Dotson contributed 14 points off the bench.",Emmanuel Mudiay,Knicks,11,5,3,False,True
4938,"The Philadelphia 76ers defeated the New York Knicks, 131 - 109, at Wells Fargo Center. The 76ers (21 - 12) entered this game losing three of their past four outings, but they bounced back in a huge way thanks to a 22 - point win playing in front of their crowd against a struggling Knicks (7 - 25) side that was unable to get things going from start to finish. As a result, New York have now lost 10 of their last 12 games. Philly established their terms early and jumped to a 38 - 33 lead after the first quarter. They would never looked back, though, and they actually won all quarters here. The final score per each quarter was: 38 - 33, 31 - 28, 30 - 24 and 32 - 24, respectively. Ben Simmons paved the way for the Sixers thanks to a triple - double of 13 points, 11 rebounds and 10 assists. Joel Embiid was the top scorer with 24 points and he also added 10 rebounds. Jimmy Butler had a solid outing as well since he finished with 20 points, four rebounds and four assists. J. J. Redick had 14 points, and Landry Shamet delivered 17 points off the bench. Every Sixers player that saw action scored at least two points. Tim Hardaway Jr. was New York's top scorer with 27 points and he also added five assists. Kevin Knox had one of his best games as a pro and finished with 21 points and six rebounds, while Enes Kanter chipped in with 15 points and six boards. Emmanuel Mudiay filled the stat sheet thanks to 11 points, five assists and three boards. Damyean Dotson contributed 14 points off the bench.",Enes Kanter,Knicks,15,2,6,False,True
4939,"The Philadelphia 76ers defeated the visiting Toronto Raptors, 126 - 101, at Wells Fargo Center on Saturday. While there were 13 ties and 13 lead changes in the first half, Philadelphia held the lead for the entirety of the second half. In fact, the Sixers outscored the Raptors, 97 - 71, across the final three quarters to take control. The shooting disparity was key, with Philadelphia hitting 54 percent from the field and 33 percent from three - point range while holding Toronto to 39 percent from the field and 25 percent from long range. Ball movement played a huge factor in that, with the Sixers out - assisting the Raptors, 33 - 17. Defensive rebounding was also decisive, with Philly winning that battle, 49 - 33 The Raptors (25 - 10) decided to rest Kawhi Leonard for this game and it clearly hampered them in this defeat. Pascal Siakam was their best player, as he led the way with 26 points, six rebounds and two assists. Kyle Lowry accumulated 20 points, six rebounds and five assists. Norman Powell led their bench with 13 points and four boards. The Sixers (22 - 12) got a spectacular performance from Joel Embiid, as he collected 27 points and 11 rebounds on 10 - of - 15 from the field. Ben Simmons was just as good, tallying 26 points, 12 rebounds and eight assists on 11 - of - 13 shooting. J.J. Redick amassed 22 points, three rebounds and five assists while Jimmy Butler finished with 12 points, seven rebounds, seven assists and three steals. On deck for Philly is a Christmas Day showdown against the Boston Celtics on Tuesday. As for Toronto, they travel to face the Miami Heat on Wednesday for their next fixture.",Jimmy Butler,76ers,12,7,7,False,True
4939,"The Philadelphia 76ers defeated the visiting Toronto Raptors, 126 - 101, at Wells Fargo Center on Saturday. While there were 13 ties and 13 lead changes in the first half, Philadelphia held the lead for the entirety of the second half. In fact, the Sixers outscored the Raptors, 97 - 71, across the final three quarters to take control. The shooting disparity was key, with Philadelphia hitting 54 percent from the field and 33 percent from three - point range while holding Toronto to 39 percent from the field and 25 percent from long range. Ball movement played a huge factor in that, with the Sixers out - assisting the Raptors, 33 - 17. Defensive rebounding was also decisive, with Philly winning that battle, 49 - 33 The Raptors (25 - 10) decided to rest Kawhi Leonard for this game and it clearly hampered them in this defeat. Pascal Siakam was their best player, as he led the way with 26 points, six rebounds and two assists. Kyle Lowry accumulated 20 points, six rebounds and five assists. Norman Powell led their bench with 13 points and four boards. The Sixers (22 - 12) got a spectacular performance from Joel Embiid, as he collected 27 points and 11 rebounds on 10 - of - 15 from the field. Ben Simmons was just as good, tallying 26 points, 12 rebounds and eight assists on 11 - of - 13 shooting. J.J. Redick amassed 22 points, three rebounds and five assists while Jimmy Butler finished with 12 points, seven rebounds, seven assists and three steals. On deck for Philly is a Christmas Day showdown against the Boston Celtics on Tuesday. As for Toronto, they travel to face the Miami Heat on Wednesday for their next fixture.",J.J. Redick,76ers,22,5,3,True,True
4939,"The Philadelphia 76ers defeated the visiting Toronto Raptors, 126 - 101, at Wells Fargo Center on Saturday. While there were 13 ties and 13 lead changes in the first half, Philadelphia held the lead for the entirety of the second half. In fact, the Sixers outscored the Raptors, 97 - 71, across the final three quarters to take control. The shooting disparity was key, with Philadelphia hitting 54 percent from the field and 33 percent from three - point range while holding Toronto to 39 percent from the field and 25 percent from long range. Ball movement played a huge factor in that, with the Sixers out - assisting the Raptors, 33 - 17. Defensive rebounding was also decisive, with Philly winning that battle, 49 - 33 The Raptors (25 - 10) decided to rest Kawhi Leonard for this game and it clearly hampered them in this defeat. Pascal Siakam was their best player, as he led the way with 26 points, six rebounds and two assists. Kyle Lowry accumulated 20 points, six rebounds and five assists. Norman Powell led their bench with 13 points and four boards. The Sixers (22 - 12) got a spectacular performance from Joel Embiid, as he collected 27 points and 11 rebounds on 10 - of - 15 from the field. Ben Simmons was just as good, tallying 26 points, 12 rebounds and eight assists on 11 - of - 13 shooting. J.J. Redick amassed 22 points, three rebounds and five assists while Jimmy Butler finished with 12 points, seven rebounds, seven assists and three steals. On deck for Philly is a Christmas Day showdown against the Boston Celtics on Tuesday. As for Toronto, they travel to face the Miami Heat on Wednesday for their next fixture.",Pascal Siakam,Raptors,26,2,6,True,True
4939,"The Philadelphia 76ers defeated the visiting Toronto Raptors, 126 - 101, at Wells Fargo Center on Saturday. While there were 13 ties and 13 lead changes in the first half, Philadelphia held the lead for the entirety of the second half. In fact, the Sixers outscored the Raptors, 97 - 71, across the final three quarters to take control. The shooting disparity was key, with Philadelphia hitting 54 percent from the field and 33 percent from three - point range while holding Toronto to 39 percent from the field and 25 percent from long range. Ball movement played a huge factor in that, with the Sixers out - assisting the Raptors, 33 - 17. Defensive rebounding was also decisive, with Philly winning that battle, 49 - 33 The Raptors (25 - 10) decided to rest Kawhi Leonard for this game and it clearly hampered them in this defeat. Pascal Siakam was their best player, as he led the way with 26 points, six rebounds and two assists. Kyle Lowry accumulated 20 points, six rebounds and five assists. Norman Powell led their bench with 13 points and four boards. The Sixers (22 - 12) got a spectacular performance from Joel Embiid, as he collected 27 points and 11 rebounds on 10 - of - 15 from the field. Ben Simmons was just as good, tallying 26 points, 12 rebounds and eight assists on 11 - of - 13 shooting. J.J. Redick amassed 22 points, three rebounds and five assists while Jimmy Butler finished with 12 points, seven rebounds, seven assists and three steals. On deck for Philly is a Christmas Day showdown against the Boston Celtics on Tuesday. As for Toronto, they travel to face the Miami Heat on Wednesday for their next fixture.",Kyle Lowry,Raptors,20,5,6,False,True
4939,"The Philadelphia 76ers defeated the visiting Toronto Raptors, 126 - 101, at Wells Fargo Center on Saturday. While there were 13 ties and 13 lead changes in the first half, Philadelphia held the lead for the entirety of the second half. In fact, the Sixers outscored the Raptors, 97 - 71, across the final three quarters to take control. The shooting disparity was key, with Philadelphia hitting 54 percent from the field and 33 percent from three - point range while holding Toronto to 39 percent from the field and 25 percent from long range. Ball movement played a huge factor in that, with the Sixers out - assisting the Raptors, 33 - 17. Defensive rebounding was also decisive, with Philly winning that battle, 49 - 33 The Raptors (25 - 10) decided to rest Kawhi Leonard for this game and it clearly hampered them in this defeat. Pascal Siakam was their best player, as he led the way with 26 points, six rebounds and two assists. Kyle Lowry accumulated 20 points, six rebounds and five assists. Norman Powell led their bench with 13 points and four boards. The Sixers (22 - 12) got a spectacular performance from Joel Embiid, as he collected 27 points and 11 rebounds on 10 - of - 15 from the field. Ben Simmons was just as good, tallying 26 points, 12 rebounds and eight assists on 11 - of - 13 shooting. J.J. Redick amassed 22 points, three rebounds and five assists while Jimmy Butler finished with 12 points, seven rebounds, seven assists and three steals. On deck for Philly is a Christmas Day showdown against the Boston Celtics on Tuesday. As for Toronto, they travel to face the Miami Heat on Wednesday for their next fixture.",Norman Powell,Raptors,13,1,3,False,True
4940,"The Philadelphia 76ers defeated the visiting Dallas Mavericks, 106 - 100, at Wells Fargo Center on Saturday. This final scoreline makes this game look closer than it actually was, as Philly dominated throughout. In fact, the Sixers won each of the first three quarters by at least three points apiece, as they led by 17 heading into the fourth quarter. Dallas did respond with a 30 - 19 fourth quarter, as that got the lead down to four points with less than a minute remaining. Defense was critical for the Sixers, as they held the Mavericks to 43 percent from the field, 29 percent from three - point range and 65 percent from the free - throw line. Philadelphia did a ton of work down low too, outscoring the Mavericks in the paint, 62 - 52. Philly's starters really dominated Dallas's starters, outscoring them, 83 - 49. The Mavericks (18 - 21) are now 3 - 18 on the road this season, as this marks their 10th loss in their last 13 games in total. Wesley Matthews was their leading scorer in this game, as he finished with 18 points and two rebounds. Luka Doncic tallied 14 points, eight rebounds, four assists and two steals. Jalen Brunson was huge off the bench, providing 13 points, 11 rebounds and eight assists. The Sixers (26 - 14) were led by Joel Embiid, as he collected 25 points, 12 rebounds and five assists. J.J. Redick amassed 20 points, two rebounds, two assists and two steals. Ben Simmons accumulated 20 points, 14 rebounds and 11 assists en route to a triple - double. Jonah Bolden got a rare start and accrued 11 points, nine rebounds, three assists and two blocks. On deck for Dallas is a home matchup versus the Los Angeles Lakers on Monday. As for Philly, they play host to the Washington Wizards on Tuesday for their next outing.",Ben Simmons,76ers,20,11,13,False,True
4940,"The Philadelphia 76ers defeated the visiting Dallas Mavericks, 106 - 100, at Wells Fargo Center on Saturday. This final scoreline makes this game look closer than it actually was, as Philly dominated throughout. In fact, the Sixers won each of the first three quarters by at least three points apiece, as they led by 17 heading into the fourth quarter. Dallas did respond with a 30 - 19 fourth quarter, as that got the lead down to four points with less than a minute remaining. Defense was critical for the Sixers, as they held the Mavericks to 43 percent from the field, 29 percent from three - point range and 65 percent from the free - throw line. Philadelphia did a ton of work down low too, outscoring the Mavericks in the paint, 62 - 52. Philly's starters really dominated Dallas's starters, outscoring them, 83 - 49. The Mavericks (18 - 21) are now 3 - 18 on the road this season, as this marks their 10th loss in their last 13 games in total. Wesley Matthews was their leading scorer in this game, as he finished with 18 points and two rebounds. Luka Doncic tallied 14 points, eight rebounds, four assists and two steals. Jalen Brunson was huge off the bench, providing 13 points, 11 rebounds and eight assists. The Sixers (26 - 14) were led by Joel Embiid, as he collected 25 points, 12 rebounds and five assists. J.J. Redick amassed 20 points, two rebounds, two assists and two steals. Ben Simmons accumulated 20 points, 14 rebounds and 11 assists en route to a triple - double. Jonah Bolden got a rare start and accrued 11 points, nine rebounds, three assists and two blocks. On deck for Dallas is a home matchup versus the Los Angeles Lakers on Monday. As for Philly, they play host to the Washington Wizards on Tuesday for their next outing.",Joel Embiid,76ers,25,5,12,True,True
4940,"The Philadelphia 76ers defeated the visiting Dallas Mavericks, 106 - 100, at Wells Fargo Center on Saturday. This final scoreline makes this game look closer than it actually was, as Philly dominated throughout. In fact, the Sixers won each of the first three quarters by at least three points apiece, as they led by 17 heading into the fourth quarter. Dallas did respond with a 30 - 19 fourth quarter, as that got the lead down to four points with less than a minute remaining. Defense was critical for the Sixers, as they held the Mavericks to 43 percent from the field, 29 percent from three - point range and 65 percent from the free - throw line. Philadelphia did a ton of work down low too, outscoring the Mavericks in the paint, 62 - 52. Philly's starters really dominated Dallas's starters, outscoring them, 83 - 49. The Mavericks (18 - 21) are now 3 - 18 on the road this season, as this marks their 10th loss in their last 13 games in total. Wesley Matthews was their leading scorer in this game, as he finished with 18 points and two rebounds. Luka Doncic tallied 14 points, eight rebounds, four assists and two steals. Jalen Brunson was huge off the bench, providing 13 points, 11 rebounds and eight assists. The Sixers (26 - 14) were led by Joel Embiid, as he collected 25 points, 12 rebounds and five assists. J.J. Redick amassed 20 points, two rebounds, two assists and two steals. Ben Simmons accumulated 20 points, 14 rebounds and 11 assists en route to a triple - double. Jonah Bolden got a rare start and accrued 11 points, nine rebounds, three assists and two blocks. On deck for Dallas is a home matchup versus the Los Angeles Lakers on Monday. As for Philly, they play host to the Washington Wizards on Tuesday for their next outing.",J.J. Redick,76ers,20,2,2,False,True
4940,"The Philadelphia 76ers defeated the visiting Dallas Mavericks, 106 - 100, at Wells Fargo Center on Saturday. This final scoreline makes this game look closer than it actually was, as Philly dominated throughout. In fact, the Sixers won each of the first three quarters by at least three points apiece, as they led by 17 heading into the fourth quarter. Dallas did respond with a 30 - 19 fourth quarter, as that got the lead down to four points with less than a minute remaining. Defense was critical for the Sixers, as they held the Mavericks to 43 percent from the field, 29 percent from three - point range and 65 percent from the free - throw line. Philadelphia did a ton of work down low too, outscoring the Mavericks in the paint, 62 - 52. Philly's starters really dominated Dallas's starters, outscoring them, 83 - 49. The Mavericks (18 - 21) are now 3 - 18 on the road this season, as this marks their 10th loss in their last 13 games in total. Wesley Matthews was their leading scorer in this game, as he finished with 18 points and two rebounds. Luka Doncic tallied 14 points, eight rebounds, four assists and two steals. Jalen Brunson was huge off the bench, providing 13 points, 11 rebounds and eight assists. The Sixers (26 - 14) were led by Joel Embiid, as he collected 25 points, 12 rebounds and five assists. J.J. Redick amassed 20 points, two rebounds, two assists and two steals. Ben Simmons accumulated 20 points, 14 rebounds and 11 assists en route to a triple - double. Jonah Bolden got a rare start and accrued 11 points, nine rebounds, three assists and two blocks. On deck for Dallas is a home matchup versus the Los Angeles Lakers on Monday. As for Philly, they play host to the Washington Wizards on Tuesday for their next outing.",Jonah Bolden,76ers,11,3,9,False,True
4940,"The Philadelphia 76ers defeated the visiting Dallas Mavericks, 106 - 100, at Wells Fargo Center on Saturday. This final scoreline makes this game look closer than it actually was, as Philly dominated throughout. In fact, the Sixers won each of the first three quarters by at least three points apiece, as they led by 17 heading into the fourth quarter. Dallas did respond with a 30 - 19 fourth quarter, as that got the lead down to four points with less than a minute remaining. Defense was critical for the Sixers, as they held the Mavericks to 43 percent from the field, 29 percent from three - point range and 65 percent from the free - throw line. Philadelphia did a ton of work down low too, outscoring the Mavericks in the paint, 62 - 52. Philly's starters really dominated Dallas's starters, outscoring them, 83 - 49. The Mavericks (18 - 21) are now 3 - 18 on the road this season, as this marks their 10th loss in their last 13 games in total. Wesley Matthews was their leading scorer in this game, as he finished with 18 points and two rebounds. Luka Doncic tallied 14 points, eight rebounds, four assists and two steals. Jalen Brunson was huge off the bench, providing 13 points, 11 rebounds and eight assists. The Sixers (26 - 14) were led by Joel Embiid, as he collected 25 points, 12 rebounds and five assists. J.J. Redick amassed 20 points, two rebounds, two assists and two steals. Ben Simmons accumulated 20 points, 14 rebounds and 11 assists en route to a triple - double. Jonah Bolden got a rare start and accrued 11 points, nine rebounds, three assists and two blocks. On deck for Dallas is a home matchup versus the Los Angeles Lakers on Monday. As for Philly, they play host to the Washington Wizards on Tuesday for their next outing.",Jalen Brunson,Mavericks,13,8,11,False,True
4941,"The Philadelphia 76ers defeated the Washington Wizards, 132 - 115, at Wells Fargo Center on Tuesday evening. The Wizards (16 - 25) came out of the gates ready to do battle against their superior conference opponent, but the 76ers (27 - 14) bounced back from an early 20 - 12 deficit to close out the first quarter on a 20 - 9 run that would set the tone for more dominance to come. Philadelphia went on to outscore Washington by a 36 - 16 margin in the second quarter to secure a dominating advantage that they wouldn't relinquish. The Wizards shot well (51 percent), but the Sixers were just a bit better at 56 percent, including 52 percent from three - point range. Meanwhile, the home squad won the battle of the boards handily by a 49 - 34 margin. Bradley Beal paced the Wizards with 28 points and added three rebounds, two assists and three steals. Jeff Green followed with 15 points, a rebound, an assist and a steal. Sam Dekker led a productive bench effort with 14 points, four assists, three rebounds and two steals. Otto Porter, Jr. mustered 11 points, while Ian Mahinmi and Chasson Randle generated matched 10 - point tallies. Mahinmi notably pulled down seven rebounds and dished out five assists as well. Landry Shamet led the Sixers with 29 points off the bench, supplementing them with three rebounds, one assist and one steal. Joel Embiid produced a 20 - point, 10 - rebound double - double that also included four assists and one block. Jimmy Butler supplied 20 points, five rebounds, three assists and two steals. Ben Simmons totaled 17 points, nine assists, five boards and three steals. Furkan Korkmaz drew the start for J.J. Redick (back) and managed 16 points. The two teams meet again on Wednesday night in the Nation's Capital for the second game of the home - and - home set.",Ben Simmons,76ers,17,9,5,False,True
4941,"The Philadelphia 76ers defeated the Washington Wizards, 132 - 115, at Wells Fargo Center on Tuesday evening. The Wizards (16 - 25) came out of the gates ready to do battle against their superior conference opponent, but the 76ers (27 - 14) bounced back from an early 20 - 12 deficit to close out the first quarter on a 20 - 9 run that would set the tone for more dominance to come. Philadelphia went on to outscore Washington by a 36 - 16 margin in the second quarter to secure a dominating advantage that they wouldn't relinquish. The Wizards shot well (51 percent), but the Sixers were just a bit better at 56 percent, including 52 percent from three - point range. Meanwhile, the home squad won the battle of the boards handily by a 49 - 34 margin. Bradley Beal paced the Wizards with 28 points and added three rebounds, two assists and three steals. Jeff Green followed with 15 points, a rebound, an assist and a steal. Sam Dekker led a productive bench effort with 14 points, four assists, three rebounds and two steals. Otto Porter, Jr. mustered 11 points, while Ian Mahinmi and Chasson Randle generated matched 10 - point tallies. Mahinmi notably pulled down seven rebounds and dished out five assists as well. Landry Shamet led the Sixers with 29 points off the bench, supplementing them with three rebounds, one assist and one steal. Joel Embiid produced a 20 - point, 10 - rebound double - double that also included four assists and one block. Jimmy Butler supplied 20 points, five rebounds, three assists and two steals. Ben Simmons totaled 17 points, nine assists, five boards and three steals. Furkan Korkmaz drew the start for J.J. Redick (back) and managed 16 points. The two teams meet again on Wednesday night in the Nation's Capital for the second game of the home - and - home set.",Jimmy Butler,76ers,20,3,5,False,True
