review,sentiment
"Great. Another foreign film that thinks it's Fellini. On top of that, we have to have more propaganda about murdering disabled people.<br /><br />I see no reason why we have to be inundated with these thinly disguised euthanasia commercials.<br /><br />I found nothing redeeming about this film. What can be redeeming about a man without the courage to carry on, in spite of some adversity. It does not take courage to commit suicide. That is the action of a coward. Sharing this ""wish"" with his woman simply inflicts her with the same illness he has. If this had been a film about a man's courage to go on, in spite of his problems, similar to the Jill Kinmont story, that would have made it a great film.<br /><br />If you're interested in seeing true courage, check out the movies about Jill Kinmont, the former skier who was disabled after a bad ski accident.",negative
"I enjoyed some of the older Doctor Who many years ago, so when the new one came out, I just had to check it out. I was SO pleased - with the characters, the story lines, the updated look, I became hooked! From Season 1 (27 for the old fans) through to season 2 (28), it just keeps on getting better. It ties in nicely with the old shows too, although you don't have to know the old shows to enjoy this newer version.<br /><br />Even though there has been a change of cast, I highly recommend Doctor Who - with Chris Eccleston AND with David Tennant.<br /><br />I like that they've given the characters so much depth. The Doctor seems more vulnerable in this series, maybe because he is the last TimeLord. The range of emotions which Chris and David show are truly remarkable, and I felt their pain, anger, and sense of adventure right along with them. <br /><br />Billie Piper (Rose) brings a very human element to each episode, although she is much braver than I would be. With her talent, Billie will go far in the industry.",positive
"A great look at the 60s through the eyes of four friends from their student days in 1960 to their reunion 10 years later - a Yugoslavian immigrant in love with the American dream and struggling to cope with the often violent reality; a prematurely balding undertaker's son; a soldier; and the crazy hippy girl they all love. Good direction and a strong cast do justice to Steve Tesich's brilliant script; the dialogue isn't as snappy as in ""Breaking Away"", but the themes of growing up and father-son conflict are dealt with just as well, and there are still a few wonderfully comic moments among the shocks and drama.",positive
"Watching this movie is like eating a banquet of nothing but meringue. It initially looks great but ultimately provides NO satisfaction--none.<br /><br />The plot is a muddled mess about a toy factory and the forces of evil. So, how is it possible that with this basic plot AND Robin Williams that the movie still turns out so badly?! It's because the picture is all appearance with no substance whatsoever--much like the terrible Popeye picture Williams did at the beginning of his film career. The film must have cost a fortune but perhaps there wasn't enough money left over to hire writers who had graduated grade school.<br /><br />The film is one unfunny joke that goes on and on and on and on. I really am unsure why it was made in the first place--it certainly wasn't made to provide any sort of entertainment.",negative
"""The Last Big Thing"" is a wonderful satirical film that sardonically whips pop culture to the point of humorous self-desctruction. The characters are so interesting and fun to laugh at/sympathize with. Which brings me to an introduction to the characters I liked best...<br /><br />Simon Geist is a man in his late 30s/early 40s who creates a pop-culture driven editorial magazine called ""The Next Big Thing"". Thing is, this magazine doesnt really exist, and it is only an excuse for Simon to get close to actors by interviewing them, only to bitch-slap them silly, insulting their way of buying into pop culture. His live-in female friend, Darla, is also writing a magazine (which is real), which mainly has to do with her and Simon, as well as her and her father. Darla is a genuinely loveable (or loathable) character, depending on how you view her muted neurotic behavior. Magda is a prostitute, the character i liked the best. Brent is a flat character with not much to him, as is Tedra, the music-video queen for a bunch of B-rated rock bands. Still, these characters weave a very interesting web together. And this movie questions all the motivations that people have for what they do and why they do it. Its a wonderful film and I suggest you see it if you're in the indie/art house crowd. Mark my words!<br /><br />",positive
"Well I'm blowed, a Woody Allen film that I walked out of after half an hour (I'm aware of the moral fragility of commenting on a film of which I've seen less than half, but I hope you'll understand why). Basically, it became apparent very early on that we were going to be patronised from the screen with: a script that set out its conceit as if with bullet points; a cast that were all trying to be characters from Hannah and Her Sisters (with the exception of Chloe Sevigny), and were badly directed into doing so; and a camera that sat around portentously, only for there to be nothing to film but chat and the actor delivering it. Drama? None; it's partially pre-narrated, but the action does nothing to develop a dramatic situation.<br /><br />Maybe I did leave too early in this case, but by then I'd decided against another hour and a half of one-liner-Allen clones. The script has its funny moments  I went almost entirely on the back of Will Ferrell's excerpts in the trailer (trailer-hooked again, doh!)  but there's little pace to let them fly off nonchalantly, as is best. Worse than this there's no fluidity. Saying this film's wooden makes a forest look like a jelly: the opening café-bound discussion being the most abject case-in-point. The only thing that should be done by numbers is potted reviewing  2/10.",negative
"A young girl becomes a war-time marine's pen-pal, and when he visits at war's end expecting someone a bit more ""available,"" comic complications ensue. All ultimately works out well, naturally, but not before everyone involved has thoroughly chewed the scenery. Errol Flynn's dead-on impression of Humphrey Bogart from ""Casablanca"" is a highlight, as are various send-ups of his own swashbuckling image (the ""jumping"" scene in the kitchen with Forrest Tucker is a riot). It is Tucker, though, who ""tucks"" the movie under his arm, lowers his head and barrels over the goal line. He demonstrates the comic flair more fully developed twenty years later in ""F-Troop"" and imparts a liveliness and energy that Flynn repeatedly plays off to raise his own performance. Eleanor Parker does a fine job as the woman being pursued, and little Patti Brady charms as Tucker's actual pen-pal friend. A fine, lightweight ""coming home"" comedy in a genteel setting that children and romantics of all ages should find entertaining.",positive
This sequel to Problem Child is just as bad as the first one. It still teaches kids that it's O.K. to be bad. It's impossible for me to recommend this movie to anyone.,negative
"This is the perfect example of how a great book is turned into a poor film. The direction just gives the impression that the film was made up as they went along and Patrick Swaze is so wooden you can almost see the puppet strings on his body.<br /><br />Spy Vs Spy films are not - or should not - be about car chases and shootings, the bad guys in this movies are really bad shots and miss the main characters even when at point blank range.<br /><br />Even the action shots are just a cliché with the usual mounting sidewalks and crashing through tables and chairs - yawn.<br /><br />I got half way through and switched off - completely bored.",negative
"This is the worst brain damaged, ultra cheap, super stupid, silly, pointless piece of trash I've ever seen, an unbelievable garbage of instant cult status among fans of the bizarre. If you think that Ed Wood's ""Plan 9"" is bad, well... let me tell you, looks like ""Citizen Kane"" compared to that one. ¿Special effects?...again, ""Plan 9"" is ""Star Wars"". ¿Acting?...Thor Johnson is Al Pacino... so it's beyond bad, really. But if you are looking for that kind of incredible movies, it's for you! I'm a fan of American International for so many glorious horror movies, the Price-Corman-Poe saga and some great blaxploitation stuff, but with ""Star Creatures"" they descend right down to the Z level. Of course, my 1 out of 10 works in reverse if you like to watch bad movies for fun (the guy playing an Indian chief is great) so have fun and enjoy... if you can.",negative
"This film is worth seeing since it is a classic in the sense of being the very first full length film released in the process of three demention. It was not very good in its acting or story plot, but can be a great movie quiz question from an historical standpoint. It should be seen in the 3 D process with polarized lenses.",negative
"Certain aspects of Punishment Park are less than perfect, specifically some of the acting. However I feel that this is probably the most important movie of the ""war on terror"" era. I grew up hating hippies and in some respects I still do. It wasn't until the United States was started down the path of an unnecessary and deceitful war in Iraq that I began to see the world through their eyes. I can feel what they must have felt. Although the film is somewhat dated, watching it brings those uncomfortable emotions about our present situation right to the surface. It's clear enough early in the film that Punishment Park is designed to be a concentration and death camp for all the ""unpatriotic"" elements of American society. This is certainly an exaggerated and extreme view of our polarized society, but it is CREDIBLE. At times I find myself believing that the USA could easily slip into fascism. As I watched this film I could only think about how I hear similar sentiments from people on both sides of the political spectrum almost daily. This movie is a raw, concentrated distillation of America's PRESENT political scene. I am both impressed and saddened that something this relevant (and yes, accurate) was filmed more than 30 years ago. If you take a more moderate view of the movie and choose to believe that this couldn't happen here, look more closely at Guantanamo Bay, some of our ""enemy combatants,"" the rumored CIA secret prisons and the many incidents similar to the one in Greensboro, NC in 1979 (8 full years AFTER the making of this movie).",positive
"....shut it off. The prologue with Fu Manchu's birthday, and the opening credits of the assassins training, is amusing. Then it drops off faster than hair sprayed with Neat. Look for a cameo by Cato in the beginning, with a figurative wink at the audience.",negative
"Who doesn't love the muppets?! Impossible it is to watch them without getting some kind of warm, fuzzy feeling inside. So, I guess what's important is that this movie seemed to very successfully capture what makes the muppets so special. I don't remember much about the details of the plot but the various moments and characters in the film I recall quite fondly. In fact, there was quite a nostalgic atmosphere to the whole movie but without being self-conscious in any bad way. Refreshing for someone who possibly gets too hung up on meticulous details and technique; the ""magic"" transcends all that other stuff. 'Tis indeed what movies are made of.<br /><br />So, how does the film achieve these things? Hmmm, nice question! Stumped am I? Let's see. Really, I feel like it's quite simple. The filmmakers believe in their material and don't take themselves too seriously in the process. I probably wouldn't say the film has many truly inspired moments, but it does have a certain life to it (that funnily enough a great many ""real people"" movies lack). A zest. You really want to believe in these funny little people and their adventures. They also have a certain innocence about them that makes them all the more endearing.<br /><br />Generally I get the impression that the people that made the movie just weren't afraid to try whatever felt right to them at the time which gives the whole thing quite a loose feel. Kind of like a really accessible and enjoyable extended jazz session. Lots of talent, little predictability and plenty of warm personalities coming through. The cameos were of course a bunch of nice surprises for instance. Maybe I don't feel I have much to say about it because I was half-asleep when I saw it (and/or as I write this review). Anyway, I'm sort of semi-repeating myself here but I really liked the sense of family the movie had. Full of love I suppose you might say. Again, a feeling of nostalgia comes to mind which not many films manage to achieve so effectively or effortlessly.<br /><br />And to repeat myself once more, one of the film's best charms is its very relaxed and welcoming atmosphere. Like the Nathaniel Hawthorne quote about happiness being (like) a butterfly, so The Muppet Movie greatly succeeds partially by not seeming to try to do so. Same with beauty being best undiscovered or untouched or unforced or something like that. Anyway, if that sounds sappy, I also reckon it was pretty hilarious.<br /><br />So, all in all, this movie was very funny, touching and difficult not to smile along to. Plus it features lots of great music! Highly recommended to all humans, both the young and the young at heart.",positive
"IN THE LINE OF FIRE, in my opinion, is an excellent, suspenseful, and edge-of-your-seat action/drama/thriller! I thought that Agent Horrigan (Clint Eastwood) and Agent Raines (Rene Russo) looked good in the attire they wore at the presidential dinner. As for Leary (John Malkovich), he was a sick man who loved to toy with Frank by phone. He looked good in the tuxedo he wore near the end of the film, though. One thing that surprised me was the growing attraction between Agent Horrigan and Agent Raines. Before I wrap this up, I'd like to say that the entire cast and crew did an outstanding job, I loved the setting, and I couldn't get enough of it. Now, in conclusion, to all you Clint Eastwood fans who haven't seen this excellent, suspenseful, and edge-of-your-seat action/drama/thriller, I highly recommend it.",positive
"The first time I had heard of Guest House Paridiso was in the, er... ""washroom"" after having just seen Fight Club. In each urinal was deposited a small, round black circle. When the circle came into contact with moisture (to put it delicately), it caused a colour picture to form, with photographs of the two stars and the tag line ""You'll P*** Yourself Laughing"". When you'd finished washing your hands, the circle had dried and faded to black again, waiting to spring it's surprise on the next ""victim"".<br /><br />Okay, maybe the punchline wasn't terribly sophisticated, but you have to admit it was innovative. In fact, I think I can honestly say I've never seen anything like it in my life before, and these days of over a century of cinema and marketing, that's a real feat. What a pity the film that went with it failed to live up to the promise.<br /><br />I hate to pan Guest House Paridiso and I am indebted to Rik Mayall (Richard Twat) and Adrian Edmondson (Eddie Elizabeth Ndingombaba) for many years of laughter through their appealing television series, be it the invention of The Young Ones (1982-1984), the sitting room plays of Bottom (1991-1995), or even solo work, such as Rik in the New Statesman (1988-1993). In fact, this would have made an hilarious 45 minute tv special. Unfortunately, its an 89 minute film.<br /><br />There's definitely some merit to be had, and I laughed continuously throughout the protracted finale, which spoofed the Exorcist and Raiders of the Lost Ark, and involved... well, you'll have to see that bit for yourself. Yet often the pace is leaden, and a sterile atmosphere is throughout. The two stars (Edmondson taking his usual backseat, this time due to the fact that he adequately directs) never really get into first gear, Mayall only sporadically showing the foul-mouthed mania that makes us love him on the small screen. Indeed, the writers' presumption that we are already familiar with the characters leads to them being underdelivered to the audience. The slight hints of depth seen in the series (Richie's effeminate, failed social-climbing for example) are not present here, and instead we are left with parodies of parodies.<br /><br />The Fawlty Towers accusation does pass water, complete with drunken chef and unseen, called-for waiter ""Pasquele"", which uncannily rhymes with Manuel. Some of the ideas, such a hotel next to a nuclear reactor with a childrens' swing hanging over a cliff face, are very, very funny, but ultimately the frenetic pace is stolen, the two constantly looking for a studio audience that isn't there, and all the ""dead laugh"" areas patched up with incidental ""comedy"" music that would have been dated in a Carry On film two decades ago.<br /><br />Paridiso's brand of puerile, sadistic, perverse humour IS funny, and I feel sure it will make you laugh ... just not as often as it should.",negative
"Hayden Christianson and Jessica Alba two of my least favourite actors of this century team up in what is quite possibly the flattest attempt at remake the already dire The Butterfly Effect. Awake is so dull and so utterly uninteresting that you'd be better off asleep. Terrance Howard still recovering from the diabolical August Rush puts up a decent fight as the sadistic doctor who seems hell bent on killing Christianson and after viewing his performance I would gladly assists.<br /><br />Alba, still recovering after Fantastic Four Rise of the Silver surfer. Is naturally disastrous and equally unwatchable as she always was. Only once has she ever been rather brilliant at that was in the safe hands of master director Robert Rodriguez in Sin City. Could it possibly be that Jessica alba isn't as poor of an actress as most give her credit for and is is possibly that her acting abilities are being weight down by a poor script. If so then that would explain Awake. What with a script that would shame that of Plan 9 from Outer Space.<br /><br />Jessica Alba, Hayden Christenson, and Terrence Howard star in first-time director/screenwriter Joby Harold's nerve-jangling psychological thriller about a man who experiences the frighteningly common surgical phenomenon known as ""aesthetic awareness,"" in which those laid out on the operating table remain acutely aware of what is going on around them despite remaining completely paralyzed and unable to cry out for help. When a successful young young man (Christenson) goes under the knife and realizes that the anaesthesia hasn't quite done its job, the horror quickly sets in as his worried wife (Alba) waits anxiously and a terrifying drama unfolds in the operating room.<br /><br />Hoping to do for operating tables what Final Destination did for planes, this first effort from director Joby Harold pivots on a blood-frosting conceit. The pre-credits sequence tells us one in 700 people suffers from a phenomenon known as 'anaesthetic awareness', where the patient remains conscious but paralysed during surgery. One such unfortunate individual is Clayton Beresford Jr (Hayden Christensen), who finds himself wide awake during a heart transplant... and he can feel every single slice.<br /><br />Intermittently inventive as it probes away at his tortured psyche, Awake fails to inject true terror into its novel premise. Spiralling from chilling simplicity into absurd conspiracy, it's hindered by stilted turns from Christensen and Jessica Alba. You'll wish you'd popped a sedative before watching <br /><br />VERDICT: Awake is at very best extremely undemanding. A pull no punches film that undoubtedly looked better on paper. As a film though its awfully generic and extremely derived. Awake fails to inject terror into its novel premise. The end result is really quite lousy. Alba and Christian are the very least of your worries as the films main flaw lies in its inability to scare its audience. Awake is a film you'll most likely sleep through.",negative
"Doctor Mordrid is one of those rare films that is completely under the radar, but is totally worthwhile. It really reminds me of the old serials from the 30s and 40s. Which is why I'd have loved to see follow-up movies... but judging by the rest of Full Moon's output there simply weren't enough tits to satisfy the typical audience. Unfortunately, thanks to a completely superfluous sacrifice scene there two too many for a family audience - which is unfortunate, because without em' this could have been a Harry Potter-style magicfest that kids would have eaten up. Both Jeffrey Combs and Yvette Nipar are great - I wasn't sure if Ms. Nipar hadn't wandered off an A-list picture onto this film, she was very believable. No, seriously! Anyway - it's a shame they didn't have the bucks to license Dr. Strange, because I think this could have been a total kiddie phenom.",positive
"We went to the movie with a group because the play we were going to was cancelled. It is without doubt one of the worst movies ever. It is not that i don't like cult-movies I do. But nothing happens in the film. One does not feel any connection with the characters whatsoever. endless times without dialog. And the car. How do thay carry a huge tent and beds chairs and clothing for every day in that car? It is a two seater! I have to say however the scenery is beautiful, but not in a movie, the director should have made a photoshoot of the movie, so that we could skip about 80 minutes of useless time in with nothing happens anyway.<br /><br /> I would not recommend it, as it is a waste of your time",negative
"""Die Sieger"" was highly recommended to be one of the few good action movies made in Germany. I watched it last night and I must admit, that I am deeply disappointed. If that is supposed to be ""the last best hope"" for entertaining and challenging German action cinema, well then there is not much left.<br /><br />""Die Sieger"" tries to be sexy, daring and furious but it is nothing of that kind. The characters are wooden and stereotype and whenever they do something unexpected (which doesn't happen too much) the act against their nature. That makes it hard - for me almost impossible - to follow them or even identify with them.<br /><br />Most of all I think the film is very bad cast. There is not one character in whom I believe. Maybe the superior officer at the SWAT unit - but that's about it. Those people that try to look like or act like special units, like elite cops - I don't believe them. Not for a second.<br /><br />The story is not so bad after all. But I think it's badly told. You don't get to know the bad guy at all - for example. And when after a ""very dark"" show down Karl Simon (the good guy) asks his already dead opponent ""why? ... what for?"" I did ask myself that very same question, knowing, that Dominik Graf wouldn't have the answer.<br /><br />I sincerely hope - no - I believe that Germany can do better, even with action films.",negative
"This film was bad because there was nothing interesting about it. It was sort of a remake but then again, not really. I was very disappointed considering the tools that Tim Burton has at his disposal. He had great make up and CGI available and lots of money ($100 million) but can you honestly say that what we got was as good as the original film that was made for less than $6 million? Heck no. So in that regard, the film fails.<br /><br />At least in the original film, the statue of liberty scene was shocking but there was nothing shocking in this film even the end scene because you could kind of see it coming. And, by the way, if you give it some thought, and I did, you can figure out how the ending could come about. I just wish I had back the time that I wasted thinking about it.<br /><br />This film would have been brilliant and fun if it stayed along the lines of the first film and adopted part of ""Beneath the Planet of the Apes"". Here's how I would have written it:<br /><br />An astronaut (it really should have been more than Marky Mark because he's not good enough to care a film all by himself so I would have put in three guys) that would land on what they would think would be another planet, encounter humans (not mutes), a city ruled by apes, were hunted, made friends with some good apes, discover that they're on earth via finding some destroyed ruins, end up running into crazy mutant humans living beneath the earth, a war breaks out between the mutant humans and the apes, and then....well, let your imagination run wild on how you want to end it.<br /><br />But my point is that there could have been so much more to this film. Sadly, Tim Burton really knows how to wreck a good thing. Consider what he did with the Batman series. He's a rotten director inspite what of people think. He's trendy so he must be good goes the thinking. Sorry, but no. If anyone else had done this film, it would have turned out far better and would have been far more satisfying.",negative
"*****Classic ****Excellent ***Good **Fair *Tragic<br /><br />Review:<br /><br />Oldboy is not for everyone. It's pervasive violence, its live octopus eating and it's unimaginary story.<br /><br />The film focuses around a man who's been kidnapped and is imprisoned for 15 years, Oh Dae-Su is released, only to find that he must find his captor in 5 days. Now the story though may seem gripping to start with but once watching this bloated and un-original blood fest it develops into a mash of bitter blood and a forceful film.<br /><br />It's directing is on par of average and by no means the standards of what a South Korean thriller should be. Oldboys acting scenes are paralleled with dull humour and a poorly writtern script.<br /><br />Oldboy is occasionlly presented with thin straw performances that one could only feel shameful about.<br /><br />Verdict:<br /><br />Not for everyone but it's scope and vision isn't clear enough to see further than the grey abyss of fog.<br /><br />*Tragic",negative
"Belushi at his most ingratiating and Courtney Cox before Friends has a small role. I often think Belushi is under-used in Hollywood and this film role is one of his best. For those of you who watch his TV show, this is a very different and likable character. The movie itself is not earth shattering, nor is the message new but rather it is sweet and endearing. The supporting cast of familiar faces and unfamiliar names is a perfect balance although Lovitz's whining can get tiresome, and Michael Caine's charming spiritual guide has a slightly sinister if not well-meaning edge. Hamilton, as Belushi's wife is unfortunately two-dimensional and one wonders why he married her. In addition, Renee Russo is wasted and not terribly convincing at the ""prom queen"" who got away. Nevertheless, a nice way to spend two hours.",positive
"I carefully checked if there's another movie named as this one, and there isn't ! But I really don't think we all saw the same movie ! There's no way ! How can you vote more than ""1"" for this movie ?! The idea of this movie let's say it's acceptable. Oh, and the acting of Dan Gordon (Chris) is quite good. But those are the only two things acceptable in this project. The others are... awful ? It's a very delicate word to describe the acting of the other actors, the directing, the (so said) ""special"" effects, even the way that the crew was filming ! I don't even like the way that the camera operators were moving to record the scenes ! This may be the most miserable film I've ever seen. I really don't remember a movie lower than this one... Maybe there is, but... I don't think so... Ehh, what's done, it's done... That's the movie and there's too late for anyone to change anything. I've voted ""1"", but my realistic vote starts with a ""-"" (minus) in front....",negative
"Holy crap. This was the worst film I have seen in a long time. All the performances are fine, but there is no plot. Really! No plot! A bunch of clowns talk about this and that and that's your film. Ug... Robert Duvall's character is senile and keeps asking the same people the same qestions over and over. This earns him the same responses over and over. I am pretty sure this film got upto a six because people think they should like it. Good performances with famous and well regarded actors, but the actual complete work is a steamy turd. Well, maybe that's a bit deceptive since steam rising from a fresh pile sounds a little like something happening and in this film NOTHING HAPPENS! Sack",negative
"Garbo's first spoken words in this 1930 film electrified audiences and became part of Hollywood legend. Garbo had become a star in her first American film, The Torrent, in 1926. And audiences waited til this film to see if Garbo could make the transition to talkies. She did. And while Pola Negri, Vilma Banky, and Renee Adoree fell by the wayside because of their accents, Garbo sailed on for another decade. Despite the staginess of this film, Garbo is really excellent, especially in the opening scene with the equally great Marie Dressler as Marthy. The two great stars trade dirty looks and sharp words as they size each other up while they have a few drinks and set the tone for the remainder of the film. Garbo was 25; Dressler was 60. Charles Bickford is OK as Matt, and George F. Marion is good as Old Chris. Marion originated this role on Broadway in 1922 and also played it in the 1923 silent version with Blanche Sweet. This Eugene O'Neill play is a true classic yet, oddly, was never filmed again. Anna Christie ranks as one of Garbo's greatest performances. And despite the staginess of the film and the grimness of the story, she is truly a marvel. See this one for Garbo and Dressler!",positive
"Like in a circle the movie leads back to its point of departure, the image of the cranes that are crossing a Muscovite sky. They represent the freedom to realize your life as you wish, in order to aspire the greatest possible fulfilment.<br /><br />In the beginning Veronica and Boris experience such a promise of happiness, and their eyes follow the path of the cranes in exhilaration. It seems as if they might be able to live according to their dreams.<br /><br />But Man is not a bird. Life draws up its own rules, from which no human can escape and which we cannot change - not even by making a supreme effort. War breaks out, and without much hesitation Boris signs up for the front in order to fulfil his patriotic duty. He cannot even say good-bye to Veronica, for she arrives late at the assembly point from which the soldiers are sent away. Surrounded by a jubilant crowd all her attempts to attract Boris' attention must inevitably fail.<br /><br />Boris eventually gets killed in war, without Veronica learning about it for the moment. His brother Mark, a vigorous musician, who obtained the exemption from military service by corruption, is eager to take his place. Veronica initially resists, but in a frightful night of bombing she finally falls victim to his charms. A marriage takes place, which is never accepted by the family.<br /><br />Soon feelings of guilt seize hold of Veronica and she realizes that Boris' return is the one and only thing she actually longs for. She therefore eases her bad conscience and despair by the self-sacrificing work in a field hospital.<br /><br />When war finally is over, once again a crowd of enthusiastic people gathers in order to cheer the victorious soldiers. Again Veronica is among them, forcing her way through a wall of bodies. In her hand she is carrying a bunch of flowers, until she finally has to give it away to complete strangers, for one of the homecomers has just dashed her hopes by confirming the sad certainty of Boris' death.<br /><br />Once again the cranes invade the sky, drawing their wayward lines. But now Veronica is watching them on her own, and the look in her eyes is a different one. She has had to accept the impossibility to live according to preconceived plans, to follow the guidelines of your dreams. For all humans are nothing but helpless puppets hanging on the inscrutable strings of fate.<br /><br />",positive
"Ernest P. Worrell comes through with his third movie presentation. Jim Varney not only plays Ernest, but doubles as the evil Mr. Nash. From start to finish this movie has some solid laughs and makes a good family film! Rated PG for comic book violence.",positive
"I have to point out, before you read this review, that in no way, is this a statement against Iranian people ... if you really want to read something into it, than hopefully you see, that I'm against politicians in general ... but if you're looking to be offended ... I can't help you!<br /><br />Not in Iran as this movie is banned there (see IMDb trivia for this movie). Which is a shame, because the movie is great. Would it not be for ""Grbavica"", this movie would have won at the International Film Festival in Berlin.<br /><br />Rightfully so (it was the runner-up, or second place if you will). Why? Because it is a movie about oppression. It's not even that this is a complete women issue. It is about the government trying to keep the people down. An analogy so clear that the government felt the need to ban the movie. But by banning it nothing is resolved and/or can they make this movie disappear! <br /><br />Another reviewer had a great summary line: ""Comedy about a tragedy"", that sums it up pretty well!",positive
"'Mojo' is a story of fifties London, a world of budding rock stars, violence and forced homosexuality. 'Mojo' uses a technique for shooting the 1950s often seen in films that stresses the physical differences to our own time but also represents dialogue in a highly exaggerated fashion (owing much to the way that speech was represented in films made in that period); I have no idea if people actually spoke like this outside of the movies, but no films made today and set in contemporary times use such stylised language. It's as if the stilted discourse of 1950s screenwriters serves a common shorthand for a past that seems, in consequence, a very distant country indeed; and therefore stresses the particular, rather than the universal, in the story. 'Mojo' features a strong performance from Ian Hart and annoying ones from Aiden Gillan and Ewan Bremner, the latter still struggling to build a post-'Trainspotting' career; but feels like a period piece, a modern film incomprehensibly structured in an outdated idiom. Rather dull, actually.",negative
"This was far and away the worst movie i've ever seen in my entire life. It was slow, boring, not scary, not funny, not dramatic, not entertaining.<br /><br />Sarah Michelle Gellar was up to her old playbook of empty expressions of fright and shock. She couldn't sell her character nor could anyone else in the picture.<br /><br />For those who thought the Grudge was 'kind of alright' then don't go see this unless you get enjoyment out of wasting your time and your life.<br /><br />I saw this movie for free by the way so I don't want this to come across as a rant from a guy that lost 8 bucks on a terrible movie. It was free, it still sucked, I hated it.<br /><br />Avoid.",negative
Why did it sound like the husband kept calling her Appy ? It ruined a great episode and so I can only give it a 6. Proper grammar and pronunciation are essential to a film.<br /><br />It was very Hellraiser what with all the skin ripping though I dunno how anyone can survive without skin the skin is a vital organ to the body the biggest organ actually and without we would die. The more a horror film is true the more creepy it can be and more entertaining.<br /><br />I do admit though that the stories from the great horror directors are very disappointing and very mediocre. <br /><br />6/10 come on Yankies get your English up to par !,positive
"I'm desperately trying to stay awake while watching the movie Solomon Kane. I have about a 20 minutes to go. If it gets any better, I will come back here and let you know, but somehow I doubt that will happen. Solomon Kane looks like it is based on the video game Dark Watch, and it sounds like it is based on the video game Legacy of Kane, but unfortunately neither is true. I hear it is based on some comic book or graphic novel or pulp fiction or something else that I have never heard of, but whatever it is based on, there is nothing original in this excruciatingly boring movie. The atmosphere is stolen from the movie 300, which wasn't that great in the first place. The tedious overacting takes itself so seriously that it's nearly hypnotic, and to be clear I mean that in a bad way. The plot is practically non-existent: violent guy trying to be nonviolent meets friendly family, friendly family is murdered, violent guy becomes violent again. All the characters are stereotypes taken from Waterworld or Book of Eli or The Hills Have Eyes or, whatever, just choose another apocalyptic slash fantasy slash wizardry movie that you have seen and there you have it. Someone, somewhere, said, this is how to make a movie: use a blue filter to make everything look mysterious, add plenty of slow motion shots of horse hooves splashing in murky puddles, add snowflakes hovering around while two boring characters are speaking to each other, and oh yes rain pouring down dramatically to distract from the fact that nothing is really happening, and don't forget the black silhouettes walking toward us with fire blazing behind them, and lots of torches burning, and of course blurry fight scenes during which it's not clear what is actually happening because we don't have the budget for the gory special effects so just throw in the sound of metal clanking, and, oh, by the way, don't let any character live long enough for the audience to understand them, relate to them or sympathize with them, and cross fingers, hope that fans of sword and sorcery films will eat it up, even though it is complete doo doo, and go straight to video, do not pass GO . . .",negative
"If you have sons or daughters who love action, adventure, intrigue, and imagination - without the need to break into song every twelve minutes - then this is the Disney movie for you! My sons loved every minute of this film, and I have to admit that I laughed out loud many times throughout the movie. There are no sappy songs to get in the way of a wonderfully told story, and the characters are all lovable and identifiable in their own right. This should go down as one of the Disney ""classics"" because of its beautifully illustrated scenery and its non-stop excitement!",positive
"Seriously, I don't even know where to begin. It's like somebody gave a bazillion dollar budget to an autistic third-grader and said 'make me a movie about the secret service'. The editing is ridiculous, the cinematography was random at best, every single syllable of dialogue was completely retarded and the directing ... well, was there even a director there? Everything was just so pointless and lame and pointless...and random....and lame.<br /><br />Here's a SPOILER for you; this movie is the dumbest thing you'll ever see. <br /><br />However, if you liked this piece, you'll also enjoy; Deterrance, Dark Blue, and a partial frontal lobotomy.",negative
"Not one of Monogram's better(not trying to be amusing here either)Chan entries. The Shanghai Cobra has a lot going for it, but, in the end, is just way too confusing and cluttered to be overly satisfying. The film opens with a murderer named the Shanghai Cobra having already struck twice and now is about in a scene at a diner in some way. We have a guy, a girl, and another guy having some implied connection when one guy dies in the streets. Yes, I am simplifying things here for the sake of brevity, for this really is at the core of the problems with this film - it has too much going on without any real, fulfilling explanation. I haven't even gone into the diner cook who has some involvement and a juke box that talks to you and has a screen and everyone doesn't seem to have a problem with that! All this is in the first five minutes or so. Then Chan enters film working for the government and flying out to help a friend. He also has right to check a bank's store of radium and is looking for a man wrapped in bandages that he helped arrest in Shanghai many years earlier. I found the plot very involved as stated earlier. Toler is back as Chan. He is ever affable. Benson Fong and Mantan Moreland are back too. Both do good jobs and are quite amusing. But the convoluted plot just didn't convince me, and much of the film was watched with a weird, questioning glance. This isn't a bad movie not just a very interesting one except for the most devoted of Chan fans.",negative
"Words cannot describe how asinine, juvenile,and repetitive this steaming pile of a series is. It relies on 3 things: 1. Constant 80s pop culture references 2. the tired ""stretch out a joke to the point of awkwardness"" bit, and 3. at least 3 or 4 pointless flashbacks per episode. The only reason I can see for this crap fest being as popular as it is for the constant pop culture references which I suppose elicit an ""OMG LOL THAT'S FROM SUPERFRIENDS!! THAT IS SO TOTALLY IRONIC, AND I AM SO EDGY AND SMART FOR GETTING IT!!"" response from the viewer. The writing is beyond lazy, and panders to its viewers, mostly in their 20s and 30s. Plus there's the character design, which seems to consist of the same three characters with the same bored expressions drawn over and over again, but with different skin colors and maybe a different hairline occasionally. Insulting crap.",negative
"As a fan of Dan Aykroyd, I watched this film when it was recently shown in the middle of night on TV. I wasn't expecting much, so it came as a big surprise that I loved it so much.<br /><br />This is the type of film that Dan Aykroyd seems to love to make. A chance for him to 'ham it up' and not take things too seriously. If you loved him in The Blues Brothers or Ghostbusters you'll know what I mean, and you'd be wise to check out The Couch Trip.<br /><br />Avid fans of Aykroyd will also have fun spotting all the tiny links to his other films in the script!<br /><br />I can't describe this film without spoiling it for you, so all I can do is tell you to check it out. I can't praise this film highly enough, and it must surely be time for a DVD release!!",positive
"This film does for Infantry what Das Boot did for Submariners. If you appreciated Das Boot then that is all you really need to know.<br /><br />This is a well done piece of cinema. On a par with Das Boot. Basically it follows a Company of elite German ""Stormtrooper"" infantry who leave garrison duty in an idyllic Italian seaside town and are immediately thrust into the chaos of the disintegrating Russian front. <br /><br />A good war movie illuminates both the senselessness and brutality of war and at the same time gives us insight into the experiences and essential humanity of those who fight. This movie does that. The film is full of drama and action and so is entertaining on that level as well.",positive
"Odd one should be able to stumble into ""Classe Tous Risques"" only by chance; it should be on any ""best of film-noir"" list, including IMDb's.<br /><br />Lino Ventura is as good as ever; knowing of his dire, delicate family situation gives extra weight to his almost expressionless face and brief dialogues. Belmondo's restrained performance under Sautet's firm direction only shows what a wonderful actor he could - and should -have been.<br /><br />""Classe Tous Risques"" is utterly mininal, dry and cold, without Melville's artistic scenery, pretty faces and fancy cars. It is almost film-noir meet neo-realism. Davos' few, hard words to his children describing their life of secrecy from there on get a hold on your throat to the end of the film. <br /><br />The final sentence of the film - a voice-over telling of Davos' end in no more than ten dry, sombre words - leaves you with a hard punch in the stomach.<br /><br />A true jewel in the great crown of French film-noir.",positive
"This film lacked something I couldn't put my finger on at first: charisma on the part of the leading actress. This inevitably translated to lack of chemistry when she shared the screen with her leading man. Even the romantic scenes came across as being merely the actors at play. It could very well have been the director who miscalculated what he needed from the actors. I just don't know.<br /><br />But could it have been the screenplay? Just exactly who was the chef in love with? He seemed more enamored of his culinary skills and restaurant, and ultimately of himself and his youthful exploits, than of anybody or anything else. He never convinced me he was in love with the princess.<br /><br />I was disappointed in this movie. But, don't forget it was nominated for an Oscar, so judge for yourself.",negative
"*Spoilers and extreme bashing lay ahead*<br /><br />When this show first started, I found it tolerable and fun. Fairly Oddparents was the kind of cartoon that kids and adults liked. It also had high ratings along with Spongebob. But it started to fall because of the following crap that Butch Hartman and his team shoved into the show.<br /><br />First off, toilet humor isn't all that funny. You can easily pull off a fast laugh from a little kiddie with a burp, but that's pretty much the only audience that would laugh at such a cliché joke. Next there are the kiddie jokes. Lol we can see people in their underwear and we can see people cross-dressing. LOLOLOL!!! I just can't stop laughing at such gay bliss! Somebody help me! But of course, this show wouldn't suck that bad if it weren't for stereotypes. Did you see how the team portrayed Australians? They saw them as nothing but kangaroo-loving, boomerang-throwing simpletons who live in a hot desert. But now... Is the coup de grace of WHY this show truly sucks the loudest of them all... OVER-USED JOKES!!! The show constantly pulls up the same jokes (the majority of them being unfunny) thinking it is like the greatest thing ever! Cosmo is mostly the one to blame. I hated how they kept on mentioning ""Super Toilet"" (which also has a blend of kiddish humor in it just as well) and Cosmo would freak out. And who could forget that dumb battery ram joke that every goddamn parent in Dimmsdale would use in that one e-mail episode? You know, the one in which every single parent (oblivious to other parents saying it) would utter the EXACT same sentence before breaking into their kid's room? Yes, it may be first class humor to some people, but it is pure s*** to others.<br /><br />If I'm not mistaken, I do believe Butch Hartman said something about ending the show. Thank God! Everyone around my area says it's, like, the funniest Nickelodeon show ever. I just can't agree with it I think it's just another pile of horse dung that we get on our cartoon stations everyday, only worse.",negative
"Very Slight Spoiler<br /><br /> This movie (despite being only on TV) is absolutely excellent. I didn`t really pay attention to the differences in looks or accents, so I can`t really comment on that. The acting in this was so good I had to pinch myself and say ""Remember, it`s only a movie, this DIDN`T REALLY HAPPEN"". As I sat and listened to Harris and Quinn talk, I knew that it was exactly what John and Paul would be talking about had they actually had this meeting. The offhanded comments and burns from John were right on with his character(especially in the restaurant!), as was his depression while Paul was very easy going and laid back. Both actors did and excellent job and I was thrilled to have seen this movie. It`s a wicked experience for any Beatles fan. And prepare for a few surprises!",positive
"Of all the 48 films of Brigitte Bardot, ""Une Parisienne"" is widely regarded as (one of) her best. What we see is special: for once the plot has a value of its own, does much more than only providing a cheap vehicle for BB's sex-charged appearance.<br /><br />This film is your true & well worked-out light comedy, with a good and coherent story. Set in France's government circles in the late 1950's, it entertains from beginning to end. Providing many amusing twists & turns and some slapstick -- all acted out by at least three starring leads, including Bardot.<br /><br />""Une Parisienne"" (= French for ""female inhabitant of Paris"") focuses on telling a story, not on showing Brigitte Bardot. Brigitte serves the plot very well by using her talent for acting in light comedies.<br /><br />When you settle on your couch on a Friday-night, tired and weary from a week's slaving away, just turn on ""Une Parisienne"". This film will make you feel better.",positive
"I saw the movie and really could not stop my tears. Its tragedy that India has no such leaders after freedom, who dare to do justice with their own children, when they don't behave properly.. In current generation, politicians bring their children's into politics without measuring their caliber and skills.. I remember the dialogue from Gandhi 'What kind of society we want to create/make with such people (about Harilal)?' No wonder that it will be a dream that India will hardly have such leader in this or next generation.. Einstein was right when he said about Gandhi that 'After 50 years one would hardly believe that such person with body, soul and mind (Mahatma Gandhi) had ever lived on this earth.' I sincerely want to THANKS a LOT to Anil kapoor, Feroze khan and all film actors/actresses for this wonderful movie about great person and relationship with his son. All father and son should watch this movie once and take some lessons for both roles.",positive
"Cassavetes was clearly an intelligent, sensitive man with bold new ideas about making films. He wanted to be an auteur, to break away from the confines of the system and bring a new realism to the American cinema. For that, I applaud him.<br /><br />Unfortunately, as a member of his audience, I cannot applaud A Woman Under the Influence. Cassavetes took what could have been a fascinating topic (an insane woman) and somehow managed to craft a dull film, filled with lengthy, ad-libbed ranting and drawn-out scenes. He seems to have had a gift for capturing the dullest moments of a person's life on film, and it often appears as though he simply turned the camera on his family and let the motor run and run. This tactic would be acceptable if Cassavetes had captured something devastatingly REAL -- or even a kernel of something so real it touched the heart in ways a conventional film could not. Yet I found the performances, particularly Rowlands', to be artificial. I never believed for a moment that she was really insane. I have met people who are truly mentally disturbed, yet I've never seen any of them act quite like Gena Rowlands in A Woman Under the Influence. She played it like a very obnoxious, uninhibited woman who drinks a lot, and even that was confusing because we only see her drink once (at the beginning), but she acts drunk for the remainder of the film. There are some moments in which she taps into something real, but those moments are few and far between; she fails to sustain a seamless mentally disturbed character. Again, I applaud her efforts, but effort alone is not enough to make the performance ring true.<br /><br />Novice audiences who happen upon this film and see its high IMDb rating will no doubt feel compelled to love it and rate it highly, just to prove that they 'get it.' But don't be brainwashed by the hype -- judge for yourself. You don't have to pretend to like it.<br /><br />Like Woody Allen, John Cassavetes could be accused of solipsism in his film-making, seeming to find his own psyche and his own life experiences so endlessly fascinating that he couldn't imagine that to others they appeared presumptive and tortuously self-indulgent. But Woody Allen at least has demonstrated a gift for keeping an audience entertained -- he knows that a compelling story structure and a good dose of humor are essential to any movie. If Cassavetes had employed some self-discipline (and a sharp pair of editing shears!), A Woman Under the Influence could have stood a chance. But what's the point of making a 'realistic' film if the only people who can stand to sit through it are the art-house devotees and film students who worship Cassavetes as some sort of anti-establishment deity? Without dumbing anything down, I believe Cassavetes could have made A Woman slightly more accessible by keeping the pace moving with an actual plot, instead of presenting a string of 30 minute-long scenes of ad-libbed arguments. If you just make films for yourself and a few of your fans, you're just reaching the already converted. Watch this movie with your own set of eyes and make your own decisions about it. If you are truly moved and fascinated by it, good for you.",negative
"Has this ever happened to you? I go into my local video store and see a few new arrivals in the ""film noir"" section. I spy a copy of a new arrival of a film I have never seen called NAKED ALIBI. Its from one of those mail order video companies that offers (mostly) ""dupey"" looking copies of hard to find titles. The description on the box sounds good. The film has players I like (Sterling Hayden, Gloria Grahame, and Gene Barry). So I take it home and watch it. About ten minutes into this film I started having second thoughts. About half way through this film I started to dislike it. By the time the film ended, I not only disliked it, I despised it. The film opens with cops questioning Al Willis on suspicion of robbery. Other than being drunk, the police have nothing on him. When he pushes a cop and demands to be allowed to go home, the cops beat him up. Detective Conroy arrives, lets the cops finish the beating and then announces Willis is in the clear. Willis swears he will get revenge. Later one of the police officers is shot dead. With no evidence other that Willis is ""sore"" about the beating, Conroy make Willis his sole suspect, despite the fact that his boss names a pair of mobsters as suspects. Conroy arrests him, but for lack evidence Willis is released. The next day two more cops are killed by a bomb. This time Conroy goes to the Bakery that Willis owns and tries to beat a confession out of him. Conroy doesn't know it but a local newsman whose paper has been accusing Conroys department of police brutality snaps a picture of Conroy trying strangle Willis and Conroy is fired. But Conroy continues his pursuit and Willis flees to Mexico where Willis has a mistress. Conroy manages to convince his mistress (who Willis treats rather rough) to help him prove Willis is a killer. What this film lacks is a convincing script. The script looks as if only a rough draft was written and shooting began before a finished script was completed. Things happen, characters personalities change, plot twists occur for no real reason other than that script calls for it. Other than the fact that Willis likes to tip a glass now and than, there is nothing in the early part of the film to make us think that he is a crazy killer that cheats on his wife. He treats his wife, his kid and employees well. Early in the film, one gets the impression that its Conroy is the one whose is a loose cannon. He seems to casually approve of police brutality. Conroy, for no reason is convinced from the very start Willis has criminal past. He seems to operate on the motto of the old Communist Bulgarian secret police; ""Everyone is guilty of something, we just have not found out about it yet."" Later Conroy shows kindness to Al's mistress and young son, now we are supposed to like him. Sorry! The early impression I got of Conroy stuck with me too long. And he is also a dumb cop. Only after he is fired and goes to Mexico does he run a background check on Willis and discovers that a warrant is out for him issued in Maryland. Why didn't he think of this before? Because this film hadn't used up enough running time. The cast is good. Gene Barry does well considering how poorly conceived his role of Al Willis is. I'm big fan of 40's and 50's crime thrillers but not only did I not think this film was good, it left a bad taste in my mouth (something many modern films do, but older films rarely do).",negative
"Once again, we are fortunate to see a gorgeous opening scene where the artists' work has been fully restored and we see this old-time grocery store on a street corner with the snow gently falling. Inside are the rich colors of all the merchandise, from produce to canned and boxed goods to medicine to candy, etc.<br /><br />In essence, this is a story of those goods ""coming to life,"" such as the animals on the labels of items, or a pie, or even a pack of cigarettes.<br /><br />The whole ""show"" is narrated by ""Jack Bunny,"" a Jack Benny impersonator, with music from conductor Leopold Stokowski, who was in so many Looney Tunes animated shorts I have lost count. A lot of the humor is topical, so it pays to know who ""Little Egypt"" and other characters. The Busby Berkeley-type ""aqua"" number with bathing suited-sardines coming out of the can, and the tomato can-can dance were both clever! <br /><br />All of the above, and more, was in the first half of this slightly longer-than-normal length cartoon. The second half was about a King Kong-type which escapes from the ""Animal Crackers"" box and terrorizes everyone. That part was not much, and ended on a somewhat stupid note. So..... an ""A"" for the first half, a ""D"" for the second, making it about a C-plus or B-minus overall.",positive
"The idea behind this movie was great. The story of a little girl facing abuse (both emotional and physical) and trying to deal with it and survive. What makes the movie fall apart is the terrible use of voice overs and the corny dialog. The actors have to point out the most obvious things over and over again. Also, there is very tedious, almost funny, overuse of metaphors in the voice overs. The high point is the acting of the little girl. Nice try, but this one's a stinker.",negative
"I just watched this movie, by mistake. What a little gem. This film made in 1956 looks, and feels, like a late Seventies movie. And is in fact better, more restrained and correct than, say, Blue Soldier. The environmental, anthropological undertones are way ahead of its time. The understated cinematography is superb and terribly realistic. Much more than Dances with Wolves, The Last Hunt manages to convey the look and feel of the buffalo ""killing fields"" of the late 1800s. Probably because those in the movie were real killing fields. The movie was shot during legal forestry directed buffalo culls, so the animals you see are really being shot, the bones are real. In conclusion, a very under-rated western masterpiece, superbly acted, directed and shot.",positive
"It's a really cheesy parody of Tomb Raider and some Indiana Jones, the humor's cheesy, and so is the acting. But after all it is a soft core movie, which is expected and doesn't matter because what you really want is the sex. Which gets me to the biggest problem of all, there barely is any of it. Which makes you feel like you're watching TV at 3 am and the independent movies are playing and the one that is on was made by some college kid that's going nowhere in that industry. You're left a very long time waiting for an actual sex scene, a lot of times you are thinking something is going to happen, then just left hanging. The one(maybe two, or one with two parts)that actually goes somewhere is very pleasing though. I personally can't recommend this unless you found it in a clear out bin for a dollar or two. If you lucking for a good movie with a plot and good acting, you don't want this. If you looking for a good soft core lesbian film, you don't want this either.",negative
"I really enjoyed the first half hour of this movie but, wow, did it turn corny, or should I say, ""just plain stupid."" This is just another example of outdated humor. It might have been funny in 1940, but not now....not even close.<br /><br />Dick Powell is always interesting to watch. I especially liked him once he started switching from his boyish looks and high voice of the Busby Berkeley musicals to where he's mature and sounds it, too.<br /><br />He was fine as ""Jimmy MacDonald,"" but the rest of the cast just played stupid characters, the worst being the boss (Raymond Walburn) of the Maxford House Coffee Company, who did nothing but shout all the time. He was brutal to hear and was a big detriment to the movie.",negative
"Haggard: The Movie is the real life story of Ryan Dunn, and his girlfriend who cheated on him, also with the help from his two friend, 1. A skate boarder who lives for nothing, and, 2. A trying-to-be funny scientist (which doesn't really work) played by Bam Margera and Brandom Dicamillo.<br /><br />The film Haggard The Movie also has a lot of the characters from Jackass, etc, but to say it was written by Bam Margera and Co. this is a very weak attempt, seems to me like it was written when he was bored, or as a project with they did not pay a lot of attention to.<br /><br />The films also stars Bam's girlfriend Jennifer Rivell, who plays Glauren, Ryan's girlfriend who basically cheated on him, again very bad acting by Jennifer, another actor that some people may be interested in is Steve a.k.a Hellboy, played by RakeYohn, which his character does not seem to be with the story, again bad acting, also this character does not really have a lot of lines in this film which basically makes it very boring. but worst of all, is Raab's character, the voice sound like a smoker who basically has throat cancer, also i think he could have been improved! Overall i think the characters in this film aren't with the story, like in one scene, it would be on one certain character, a minute later, a different scene, different character.<br /><br />To say that this is supposed to be a film, sort of a documentary, its not played by the characters as a documentary, the acting makes you think that its a cheap attempt at making a film with your spare time.<br /><br />Towards the middle of the film we start to lose focus on the main character Ryan Dunn, although a lot of the attention is on Bam and Brandon.<br /><br />In conclusion this film is OK, if you laugh at things that aren't very funny, stupid stunts, terrible acting and the occasional nude scene!, Also i think there there are too many scenes of just no talking and just music! 7/10",positive
"Just watched the film for the 3rd time and enjoyed Lindsay Crouse and the rest of the cast just as much as before. It just keeps getting better and better. You simply have to marvel at the carefully measured way of speech, the slow deliberate action, everything being exactly in place.<br /><br />Truly one of the great ones and definitely my all-time favourite!!!",positive
"The star of this film is the screenplay. Attention to detail for the period in dress, language ,social mores ( we don't hurt women) and the politics are remarkable. It is a reminder of Kosovo to-day. The subtle pieces in the action scenes are there for an attentive viewer and the choreography of these action sequences is superb. Perhaps this film is to close to the bone of reality to earn the support it should have received. It is like a staircase of increasing violence with well paced pauses of peace and serenity between each step. A great film....",positive
"Parker and Stone transplant their pacy expletive-ridden humour from their animated masterpiece to a feature length live action film with generally good results. Much of the film is Trey and Matt running amok with their new toy box. The plot is simplicity itself: two average guys invent a new sport, a blend of driveway basketball with baseball scoring which becomes a national craze. Along the way they encounter numerous sporting movie cliches and send them up, along with any other bit of popular culture that comes into their sights. It runs like a stretched South Park episode, with the usual machine-gun dialogue, toilet humour and homilies from the heart.<br /><br />If this film has a weakness it is the association with the team that gave us ""Airplane"" and the ""Naked Gun"" series. This influence is clearly seen with the heavy use of lame sight gags and the presence of a glossy and rather two-dimensional Yasmine Bleeth in the role usually given to Priscilla Presley. Robert Vaughn does a little better playing the corporate b**tard that has been his party piece ever since ""Bullitt"" and Ernest Borgnine overacts as only he can, but one must admit he's perfect for the role of the lunatic team owner.<br /><br />For those who haven't noticed yet, Parker and Stone seem to be more comfortable as rock star wannabes than comics. This manifests in the prominence given to the soundtrack in just about everything they create. As usual, they give a good selection here including the obligatory track by their own ultra-non-PC vehicle DVDA.<br /><br />A special mention must go to Dian Bachar, who deserves some sort of award for enduring the difficult job of playing Stan to Parker and Stone's rampaging pair of Cartmans.<br /><br />In summary, this is an entertaining comedy which is held back from its full potential by too much reliance on the ""Naked Gun/Airplane"" formula. Parker and Stone could do something truly brilliant (or absolutely awful) if given full control over a future film. America, either lock these guys up or put them in charge.",positive
"After two brief scenes that at first seem unrelated to the rest of the film, we see a dark-haired, obviously rich beauty in the back of a limousine. Her driver stops at an odd location on Mulholland Drive, which is a twisting, thickly wooded two-lane road full of mansions overlooking Los Angeles. Just as her driver and another man in the passenger seat turn around to kill her, two drag racing cars from the opposite direction come crashing into the limo. Only the dark-haired woman survives. She works her way down the ridge to Sunset Boulevard and hides in a vacationing woman's apartment. Shortly after, Betty (Naomi Watts), the vacationing woman's niece, shows up at the apartment and runs into the dark haired woman, who now has amnesia. The bulk of the first part of the film is Betty and the dark haired woman trying to figure out who she is, why people were trying to kill her and why she had thousands of dollars and a strange key in her purse. This is interspersed with oddly surreal threads about Hollywood producers and directors, with occasional forays into a land of hoodlums and prostitutes.<br /><br />The above may sound a bit complicated and disjointed, but that's not the half of it. The film is constructed so that the meaning will always be open to interpretation. It's basically guaranteed that you will not understand this film and you will not have very much confidence arriving at your own interpretation the first time around. Even if you have a lot of experience with like-minded films--such as Memento (2000), Donnie Darko (2001), The I Inside (2003) and The Butterfly Effect (2004)--you may not understand it on a second viewing, either. The studio was aware of this to the extent that they had director David Lynch write ""10 clues to unlocking this thriller"" and they put it on the back of the chapter listing insert in the DVD. Lynch being of a particular disposition, these clues are almost as cryptic as the film itself. It doesn't help when trying to figure it out in the early stages that the structure is extremely complex. It takes a very long time to figure out what parts are supposed to be ""real"" and there is a complex nesting of flashbacks in some sections, with only contextual clues that they're flashbacks.<br /><br />But is the film worth watching, or worth trying to figure out? That depends on your tastes, obviously. On a surface level, the film is certainly attractive if you are a fan of surrealism, although it will tend to seem a bit slow and overly disjointed to some viewers. But those qualities, and many other surrealist aspects of the film, are typical of Lynch. A prime Lynchian moment is the old couple in the beginning bizarrely smiling almost as if they're alien pod people trying to put on a front. If you're familiar with that style and like it, you'll find much to love here, although in many ways, Mulholland Drive is fairly understated for Lynch. It's also worth noting, for viewers who'll primarily be interested in it or who enjoy it just as much as other aspects, that Mulholland Drive has a quite steamy lesbian scene. It's not gratuitous, although I have no problems with gratuitousness, but is instead an important hinge in the film.<br /><br />Like all of Lynch's films, it's easy to become enraptured in his unique approach to every aspect of filmic art and his attention to detail. Any serious student of film (including ""armchair students""/""cinephiles"") should study Mulholland Drive; many will love it. Lynch doesn't let anything pass unmanipulated. He includes brilliant color schemes (such as the plethora of reds and pinks) with important symbolism. He makes unusual use of sound, such as the ringing telephone carrying over into the section of score that follows it (when Betty first arrives at the airport). He directs his actors to deliver their lines in a plethora of bizarre ways, such as his characteristic odd pauses. He lets his odd and surprising sense of humor poke through, such as the name ""Winkie's"", and the ""Hot Dogs--made for Pinks"" sign that provides a clue to some of the color symbolism.<br /><br />Lynch's attention to detail in production design provides important, subtle clues throughout the film to help one unlock the meaning. It's interesting to note that Lynch even apparently demands that the DVD programming be unusual--there are no chapters on the disc; you must either watch the film in real time or fast forward or rewind to get back to particular points.<br /><br />If the surrealism and veiled meaning of the film are attractive to you, or if you're just fond of ""puzzles"", then Mulholland Drive is well worth watching for that aspect. There is a fairly accepted interpretation of the film, at least on a broad, generalized level. I won't recount the standard interpretation here--it is worth researching, but only after you've seen the film a couple times and have reached your own conclusions. Many articles and monographs have been written on the film and interpretations; there are even websites dedicated to it.<br /><br />For my money, however, although I generally love Lynch and find many things about Mulholland Drive attractive, it is not quite a 10 for me, at least not yet (I have a feeling that my score could still rise on subsequent viewings). To me, though, the ""twist"" aspect of the film is done much better in other works such as The I Inside and The Butterfly Effect. Mulholland Drive is more attractive to me for its surface surrealistic touches, but the plot doesn't carry them as well as some of Lynch's other films.<br /><br />Still, Mulholland Drive is certainly recommended for the right crowd. If you're serious about film and do not mind having to think about what you watch (as if those two would not necessarily coincide), you shouldn't miss this one.",positive
"... Bad at being intentionally bad...<br /><br />This little gem shot straight onto the MST3k big screen. While it's obvious the movie isn't trying to be taken seriously (Hopefully that their goal, anyway...), the movie is still plain bad. Hell, it makes Leprechaun In Space look big budgeted...<br /><br />In short: Paint my muscle car prune colored!",negative
"Okay, so I'm not a big video game buff, but was the game House of the Dead really famous enough to make a movie from? Sure, they went as far as to actually put in quick video game clips throughout the movie, as though justifying any particular scene of violence, but there are dozens and dozens of games that look exactly the same, with the hand in the bottom on the screen, supposedly your own, holding whatever weapon and goo-ing all kinds of aliens or walking dead or snipers or whatever the case may be.<br /><br />It's an interesting premise in House of the Dead, with a lot of college kids (LOADED college kids, as it were, kids who are able to pay some fisherman something like $1,500 just for a ride after they miss their boat) trying to get out to this island for what is supposed to be the rave of the year. The first thing that comes to mind about House of the Dead after watching it is that it has become increasingly clear that modern horror movies have become nothing more than an exercise in coming up with creative ways to get a lot of scantily clad teenagers into exactly the same situations. At least in this case, the fact that they were on their way to a rave excuses the way the girls are dressed. They look badly out of place running around the woods in cute little halter-tops, but at least they THOUGHT they were dressed for the occasion.<br /><br />Clint Howard, tellingly the most interesting character in the film by far, delivers an absolutely awful performance, the greatness of which overshadows every other actor in the movie. I can't stand it when well-known actors change their accents in movies, it is so rarely effective, and Howard here shows that it is equally flat to have an well-known actor pretend that he's this hardened fisherman with a raspy voice from years of breathing salty air. He didn't even rasp well. It sounded like he was eating a cinnamon roll before shooting and accidentally inhaled some powdered sugar or something. Real tough there, Clint! I expected more from him, but then again, he did agree to a part in this mess.<br /><br />Once we get to the island, the movie temporarily turns into any one of the Friday the 13th movies that took place at Camp Crystal Lake. Lots of teenagers played by actors who were way too old for their parts getting naked and then killed. The nudity was impressive, I guess, but let's consider something for a minute. These kids pay almost two grand to get out to this island to go to the Rave Of The Year, find NO ONE, and say, well, who wants a beer! Even the guy who pulled that stack of hundreds out of his wallet to get them all over there didn't think anything of it that they found a full bar and not a single solitary person in sight. Here you have the input from director Uwe Boll - There's alcohol! They won't notice that the party they came for consists of no one but themselves!<br /><br />So not only do they start drinking, not minding the fact that the whole party seems to have vacated the island, but when one of the girls goes off into the dark woods to find out where everyone is (dragging one other girl and one of the guys reluctantly along), the guy and the girl who stay behind to get smashed decide that it would be a great idea to strip down for a quickie now that they're alone. It's like they expected to find the island empty, and now that they rest of the people that they came over with were gone for a little while, they would have some privacy since there's no one else around. Brilliant!<br /><br />Now for the things that everyone hated, judging by the reviews that I've read about the movie. Yes, intersplicing shots from the video game into the movie, mostly in order to show that, yes, the movie was being faithful to/directly copying the video game. Sure, it was a stupid idea. I can't imagine who thought up that little nugget, but worse than that is the Matrix-style bullet time scenes that were thrown in over and over and over and over. After the first time (at which point I found it pretentious and cheesy for a movie like this to have a shot like that as though it was something original) it is noticeable more for the technique of the shot itself rather than any dramatic meaning or creation of any kind of tension for the film.<br /><br />One of the things that makes a zombie film scary and gets you on the edge of your seat is to have them slowly but relentlessly coming after the living humans, who are much faster but getting tired, running out of places to run, and with a terrifying shortage of things with which to fight the zombies off with. The first two are done right in the movie, the kids are terrified and don't have a lot of places to run since they're on an island, but since they caught a ride over with a smuggler, they find themselves heavily armed. And I mean that very strongly. I mean, these people have everything from machine guns to hand grenades, which removes most of the tension of the impending walking dead.<br /><br />Then you have what I call the techno-slasher scene. Since the rave never happened, and I guess since Uwe Boll thought people were going to be disappointed at not hearing any techno music in the movie, there's one scene right in the middle where all the humans are fighting off the living dead, and amazingly enough it turns into something of a music video. There's techno music blasting as the shots are edited together faster and faster until it's nothing but a blur of gory shot, mostly only about 5 frames long (which is about 1/6 of a second) flashing across the screen in time with the speed techno music. Clever, I guess, but it has no place in a horror movie because it completely removes any sense of scariness or tension of even the gross-out effect because you can't see any one thing for long enough to react to it. You're just watching these shots fly across the screen and wondering what the hell the director was thinking when he decided that it would be a good idea to put something like this in the movie.<br /><br />I've seen a lot of people compare this movie to Resident Evil, mostly claiming that it copies the premise of it, and they're exactly right. I appreciate that at least here, as was not the case in Resident Evil, it wasn't some man-made virus that turned people into walking dead that were able to infect other people, changing them the way vampires turn others into vampires. 28 Days Later was also clearly an inspiration for this movie, it's just too bad that House of the Dead didn't do a single original thing, except for the somewhat moronic idea of putting in quick shots of the video game on which it is based, just in case you forget. I really think that this should have been a much better movie. While obviously I can't say that I know much about the game it's based on, just the title and the movie poster deserve a much better movie, but unfortunately I think that's more often the case than not with horror movies. It's really kind of sad when a movie comes out that is so obviously advertised as a no-holds-barred horror film, and the scariest thing in the entire movie is the closing shot, which suggests the possibility of a sequel.",negative
"I believe that this was supposed to be shocking or something.... All that I can say is....POOR GOAT!!! This flick is so poorly done that the parts that ""should"" shock and revolt you come across as laughable at best. The characters are so lame and 2....wait....1 dimensional, that I applauded each sick death.....all except that POOR GOAT.<br /><br />",negative
"Mary Poppins is definitely much better, but this is a lovely film nonetheless. Angela Lansbury is splendidly dotty as Engletine Price, and David Tomlinson has great fun as Mr. Brown. Their chemistry was just brilliant as well. The children, however just lacked the same sparkle, though Paul is very funny and cute. The songs were actually not as bad as some people say, ""Beautiful Briny Sea"" is the best, in fact all the songs are outstanding. The special effects were wonderful, that had plenty of magic, and the story is original enough. The highlights, though, like Mary Poppins, were the animated sequences. The underwater sequence was beautiful, but my favourite was the football match, which was absolutely hilarious. The only other criticism was that I didn't quite get the ending when I first saw it. All in all, a lovely film, that is hardly ever on. 8/10 Bethany Cox",positive
"Unfortunately the only spoiler in this review is that there's nothing to spoil about that movie.Even if B. Mattei had never done any master piece he use to do his job with a bit of humor and craziness that made him a fun Eurotrash director. But for the last 10 years he seemed to have lost it.This film is just empty, nothing at all to wake us up from the deep sleep you sink into after the first 10 min.No sex, no blood(it's suppose to be about snuff?),no actors, no dialogs, just as bad as an 90'T.V film.It's even worse than his last cannibals and zombies epics.So Rest in peace Bruno, you will stay in our minds forever anyway, thanks to such unforgettable gems as:Zombi 3, Robowar,Rats, l'altro inferno,Virus, Cruel jaws and few others.So except if you want to see B Mattei possessed by jess Franco's spirit's new film, pass on this one.But if you don't know this nice artisan's career track down his old films and have fun.",negative
"The 4th Pokemon movie made me cry when Celebi died. Don't you dare say that Pokemon sucks! I don't like it when people say that.... I've liked Pokemon for 5 or 6 years, so everyone should enjoy Pokemon, including this movie and other Pokemon movies. So, without further ado, please say that Pokemon is great and should be enjoyed by people for all ages. And also, why do Pokemon-haters give low ratings for all or most of the Pokemon movies? I don't understand.... They shouldn't do that.... There's absolutely no reason why people should just vote without proving that Pokemon sucks besides the fact that: 1) Pokemon is for little kids ONLY. 2) Pokemon is stupid. and 3) People shouldn't like Pokemon. I think this is why people don't like Pokemon.",positive
"It's been quite some time since I've watched this LOTR. I am currently hunting for a copy to purchase. Bakshi's work is quite true to the original work. The visuals are engrosing and sometimes haunting.<br /><br />Drawbacks? Occasionally, the movie is confusing or muddled. There are one or two times where the storyline slows to a crawl. But, overall -- buy this movie. It's great for kids, adults and collectors.",positive
"'The Rookie' was a wonderful movie about the second chances life holds for us and also puts an emotional thought over the audience, making them realize that your dreams can come true. If you loved 'Remember the Titans', 'The Rookie' is the movie for you!! It's the feel good movie of the year and it is the perfect movie for all ages. 'The Rookie' hits a major home run!",positive
"The Ladies Man is a funny movie. There's not much thought behind it, but what do you expect from an SNL movie? It's actually better than most SNL movies (i.e. Superstar or A Night At The Roxbury) Tim Meadows and Will Ferrell were both very funny. Chris Parnell was also funny in his short scene (one of the funnier ones in the movie). Other than that, the rest of the cast is average and is just there to support Meadows. I've definitely seen funnier movies, but I've seen dumber ones too. Again, it's not exactly a deep movie, but it's good for a few laughs. It was funnier as a skit though. But still, if you're looking for a pretty funny movie, I'd recommend this one. Just don't think about it too much, or you'll hate it.<br /><br />Rating: 6/10",negative
"""Victor doesn't have much, but that's not stopping him from trying to go out with Judy, the prettiest girl on the block. All he's got is hope and a one-bedroom apartment he shares with his family. His grandmother doesn't trust him, his brother worships him, and his half-sister just declared war. But Victor thinks love really can conquer all in this warm, genuine, and touching romantic comedy about life in the part of the city most people never see,"" according to the DVD sleeve's synopsis.<br /><br />Peter Sollett' ""Raising Victor Vargas"" elicits engaging ""debut"" performances from lead actor Victor Rasuk (as Victor Vargas) and the cast. Mr. Rasuk and juicy Judy Marte (as Judy Gonzalez) are sexy and endearing as ""Lower East Side Kids"" discovering the joy of sexual attraction. Considering how attractive they look in this picture, it's not hard to predict they hook up - and, although you may wonder how ""innocent"" they really are, their characterizations seem true.<br /><br />Victor's brother ""Nino"" is played by Victor's real-life brother Silvestre Rasuk, who looks the part his older brother is playing. Sometimes, it's nice to see movie brothers who actually look alike; and, hopefully they will work together again. ""Cuckoo for Cocoa Puffs"" sister Krystal Rodriguez (as Vicki) and old world Altagracia Guzman (as Grandma) round out the sex-starved Dominican immigrant family. So, are hand-held-camera coming-of-age films in vogue, or what? <br /><br />******* Raising Victor Vargas (5/16/02) Peter Sollett ~ Victor Rasuk, July Marte, Silvestre Rasuk",positive
"I just saw the third week of Stephen Kings' Nightmares and Dreamscapes mini series; meaning, I saw 6 episodes so far. I have to say that the stories are really weak. I have read Stephen King's Skeleton Crew, a collection of his short stories that was published way back. I recall most of the stories were average to poor but there was one that was really excellent, if not outstanding.<br /><br />What I'm trying to say is that just because this mini series is from a collection of stories from Stephen King does not mean that it will be any good. In fact, if his previous collection of short stories are of any indication, then most of this mini series will be average to poor.<br /><br />In Stephen King's defense, I have not read these new short stories. Perhaps they are good as stories in a book and not readily adaptable to television, or perhaps it was the fault of the scriptwriters in trying to write an interesting script. Who knows. Also, these short stories may have been made exclusively for this mini series and not not for print purpose. Maybe that may have been the problem. If Stephen King had submitted these crap stories to an editor, I am sure the editor would have immediately told him to make it more interesting because as is, it is simply boring.<br /><br />What is clear from all of this is that the problem is with the stories/script and not the actors and actresses because this mini series has some excellent people acting on it.<br /><br />Seeing this mini series really makes me appreciate those old ""Twilight Zone"" series. Each series was only half an hour but it was compelling and riveting. I don't understand why this mini series could not accomplish similar feat. I am sure this mini series had a good deal of money to make a good mini series but unfortunately, something must not have clicked.<br /><br />For instance, this week there were two episodes shown. The first involved a horror story writer who buys a picture drawn by an artist who committed suicide. The writer begins to see changes in the picture as he is driving homeward. Feeling uncomfortable, he throws away the painting but it keeps appearing near him. Also, the portrait of an individual in that picture is killing people and is out to kill him. (I will not even mention the second episode for this week involving criminals and their loot because it was even more boring than this episode!)<br /><br />This premise is interesting and so the story should be good but after seeing it, I was frustrated because there were too many gaps in the story as well as extraneous materials that was shown that did nothing to help the story. After the last scene, I was left with more questions than answers.<br /><br />I tried for 3 weeks to get into this mini series but it was just too aggravating due to poor stories/script. If this was a movie, I would have recommended that people should wait for the movie to come out on cable or such. I would not even recommend that it be rented in your video store. However, given that this is on TNT, a cable channel, I would say if you have not seen it already, then try it for one week. If you do not like it that week, then you will not like the past series nor the future ones, since they all share the same boring trait.",negative
"this is one of the funnier films i've seen. it had it's crude moments, but they were full of charm. it's Altmanesque screenplay, brilliant physical humour, and relaxed friendships were a pleasure to watch, and a slice of life most of us can relate to. and i can say with a measure of honesty that i was afraid for Steve Carell's nipple..i truly was. surprisingly, this is a good-natured, unabashed comedy that is essentially about love, and the many relationships we may find ourselves in along the way. Catherine Keener was terrific as Trish, and all of Steve Carell's friends were flawed but amiable, and so much fun. the idea that they suspected that Carell was a serial killer is a hilarious metaphor for a forty-year old virgin. but the simple truth was that he wanted to be in love first. original, charming, and very funny. highly recommended.",positive
"I thought this movie was awful. I understand it was shot on a small budget but the acting was terrible and the movie itself was just plain dumb. The plot was predictable and the central character was an unsympathetic moron. In fact, all of the characters were unsympathetic and none were fully developed at all. The audience relates to no one in the movie. It was supposed to be suspenseful but if you don't care about the characters, it's hard to get ""into"" the movie at all. I felt like an outsider being forced to listen to someone tell me a stupid story. All the plot twists at the end were just a little too much - I was actually laughing when I guess I was supposed to be ""shocked."" All in all, I thought it was really just a bad movie.",negative
"Despite its rather salacious title, this is a light teen dramedy. Unless you're an old coot, you'll probably find it likeable. It isn't so good on developing characters or situations smoothly, though. When you view it, you get the feeling that you've been running back and forth to the kitchen even if you've been sitting down watching the whole time. This is one of those films that counts a great deal on your liking the characters, and they are appealing enough. Jennifer Connelly is the heartthrob of many, I know, but I've always liked the more obscure Maddie Corman. The teens get most of the screen time without a lot of intrusions from those pesky grown-ups. Is it just me or did most of the young males look an awful lot alike?",positive
"Man, what a scam this turned out to be! Not because it wasn't any good (as I wasn't really expecting anything from it) but because I was misled by the DVD sleeve which ignorantly paraded its ""stars"" as being Stuart Whitman, Stella Stevens and Tony Bill. Sure enough, their names did not appear in the film's opening credits, much less themselves in the rest of it!! As it turned out, the only movie which connects those three actors together is the equally obscure LAS VEGAS LADY (1975)  but what that one has to do with THE CRATER LAKE MONSTER is anybody's guess <br /><br />Even so, since I paid $1.50 for its rental and I was in a monster-movie mood anyhow, I elected to watch the movie regardless and, yup, it stunk! Apart from the fact that it had a no-name cast and an anonymous crew, an unmistakably amateurish air was visible from miles away and the most I could do with it is laugh at the JAWS-like pretensions and, intentionally so, at the resistible antics of two moronic layabouts-cum-boat owners who frequently squabble among themselves with the bemused local sheriff looking on. The creature itself  a plesiosaur i.e. half-dinosaur/half-fish  is imperfectly realized (naturally) but, as had been the case with THE GIANT CLAW (1957) which I've also just seen, this didn't seem to bother the film-makers none as they flaunt it as much as they can, especially during the movie's second half!",negative
"I saw this movie tonight in a preview showing and it was fantastic. It does well in portraying issues that the average High School student is subjected to. <br /><br />I left the movie feeling stunned and saddened and yet grateful that this movie will have a chance to raise awareness through its audiences regarding these issues (bullying, rape, suicide and depression).<br /><br />Its a Fantastic Aussie Film.<br /><br />Go see it.<br /><br />Support it.<br /><br />Learn from it.",positive
"'Dead Letter Office' is a low-budget film about a couple of employees of the Australian postal service, struggling to rebuild their damaged lives. Unfortunately, the acting is poor and the links between the characters' past misfortunes and present mindsets are clumsily and over-schematically represented. What's most disappointing of all, however, is the portrayal is life in the office of the film's title: there's no mechanisation whatsoever, and it's quite impossible to ascertain what any of the staff really do for a living. Granted, part of the plot is that the office is threatened with closure, but this sort of office surely closed in the 1930s, if it ever truly existed. It's a shame, as the film's overall tone is poignant and wry, and there's some promise in the scenario: but few of the details convince. Overall, it feels the work of someone who hasn't actually experienced much of real life; a student film, with a concept and an outline, but sadly little else.",negative
"I caught this on IFC last week and I thought it was typical of the indie short subject film: heavy on style, little on substance and originality. Does it comes as any surprise that a coming out film stars an unusually attractive (and blond to boot) boy with 70s shag hair and too-cool-for-school clothes? Plus, this film wallows in late 1970s chic, which works for some (Sofia Coppola's ""The Virgin Suicides"" comes to mind) but not for this director.<br /><br />Another reviewer compared this to Harmony Korine's work and I agree. Yet I don't view this as a positive thing (what has HE done lately, anyway?). ""Bobbycrush"" is really just a waste of time and energy for all involved. If you happen to see it late night on cable, turn the channel and watch something else instead.",negative
"Tiny Toons:how i spent my vacation, has always been my favourite animation movie and loved it since i first watched it when i was 7 or sumthing,now i'm almost seventeen and i still love this wonderful work of art..<br /><br />I really like the idea how we track what each of them did in their vacation, and there were really some funny quotes said, that really made me laugh a lot...<br /><br />In this movie u'll never get bored and once u see it u'll want 2 c it again and again, because believe me it's really wonderful and it's suitable for all ages..",positive
"During filming, was Vanessa Redgrave taking mogadon? It was like she was reading from an autocue. I've seen more life in a wooden spoon. Or perhaps that was all part of the character? whatever, it was very very annoying, I kept wanting to shake the screen to hurry her up. I read the book a long time ago & didn't like much about it except that Septimus's descent into madness was very well done - but I don't think Rupert Graves showed this very well, his acting was all on the surface. The connection between his life and Clarissa's is not very well done either but I suspect the attempt is to show the sacrifice soldiers made to enable people like Clarissa to continue their vapid lives. The film is very bitty and has no real unity to it. Hated it.",negative
"This movie is a total dog. I found myself straining to find anything to laugh at just so I wouldn't feel like I'd totally wasted my money--and my time. The writing in this film is absolutely terrible. It's a shame it's not up to the standards of other Hale Storm movies.<br /><br />They should have saved the money on getting D-list actors like Fred Willard and Gary Coleman and spent the money working the script until it was right. Even Gary Coleman wasn't properly utilized for his role.<br /><br />This movie leaves you wondering what the point of most of the plot was--including the subplots. After viewing this movie, I'm left with the impression that the producers were hoping to capture some kind of Napolean Dynamite-like humor, where it's not so much the lines as the character and the delivery. Unfortunately, this movie fails to deliver the lines, the characters, the delivery or the humor. I should have gone to the dentist instead!",negative
"4 out of 10.<br /><br />This film was neither funny as a whole nor was it even worthing investing any kind of emotion into the characters. Eugene Levy is probably the most funny.... The rest of the cast do their jobs, but the story never really gets very deep and there are a lot of holes in the plot that never get filled. This just wasn't very much fun, despite being funny at times.<br /><br />",negative
"The actual crime story at the core of In Cold Blood might seem a little 'tame' for those who are weened on the classic serial killer stories (Gein, Bundy, Dahmer), or just the more notorious cases out in Hollywood (OJ, Manson). The essential facts in the case don't amount to anything terribly convoluted: Perry Smith and Dick Hickock (here played by Robert Blake and Scott Wilson respectively) met by some luck, conspired to rob a man's farmhouse safe out in Kansas, and after killing a family of four with a shotgun and dagger came away with 43 dollars. Aside from their returning to the US after fleeing briefly to Mexico, there isn't a whole lot of mystery to the resolution either. They were caught by some stroke of ironic chance (a cop followed them and stopped them for having a stolen car after Smith and Hickcock helped out a boy and his old man collecting bottles for change), and sentenced to hang by the neck until dead. The story ended in 1965.<br /><br />But it's the handling of the story, moments of moot, the performances, a pure cinematic touch that Brooks and his absolutely marvelous (the late/great) DP Conrad Hall provides in crisp widescreen black and white, and a storytelling style that feels realistic without going into too much naturalism or too much melodrama (save perhaps for near the end, which is pitch perfect). The air of tragedy hangs over the story, and not so much because of the killings themselves, no matter how brutal they are as the ""third"" man that is conjured up, as the narrator observes, by Smith and Hickcock teaming up, but because of the inevitability of the story. You feel somehow for these criminals, who in any other hands would be just be conventional figures or something out of a B-movie. These aren't good people, but they aren't necessarily monsters either, at least all the way through.<br /><br />It's also an excellent 'road-movie' as we see Smith and Hickcock on the road down to the Clutter residence (the actual night-time scene of the crime taking place late in the film), then on to Mexico, then back to America towards Las Vegas. We get to soak in the personalities of these two, probably even more than that of the police detectives who at first have no leads and then finally get a break with an inmate. It's actually kind of disturbing to get this close to these two (sort of akin to the aimless quality of Malick's Badlands characters), and it's also a sign of daring for the period. There's no sermonizing, like ""he did this because of that and this or the other."" We see how Smith had an abusive, psychotic father, but that Smith loved and hated him. The complexity there is too much for the movie, maybe even too much for Capote's book (which, I should confess, I've still yet to read, though I plan to). And we see Hickcock is this creature of slick confidence (i.e. getting the suit and other things with bad checks), but without any deep-rooted explanation to it all.<br /><br />The streak of fatalism in In Cold Blood is some of the starkest of the 60s, and it's the luck of Brooks to have its stars as Blake in his top-of-the-pops performance (this and Lost Highway, oddly enough considering his real life saga in recent years, his quintessential pieces of work), and Wilson's breakthrough before becoming a character actor. While they're surrounded by fine supporting work, they themselves are eerily absorbing, driven more or less by greed and fantasies of escapism with treasure, and staying pretty much grounded in their situation through the death row and on through their ends. Is this a morale of the story, if there could be one, that it's more horrifying to confront the possibility that those who kill can't be classified, of good vs evil getting smudged? Smith apologized for his crime before being hung, and he points out, ""but to who?"" This is a story bound to give the most hardened fans of true-crime the bonafide chills, and it's quite possibly the best American film of 1967.",positive
"This is a pretty decent example of film noir. The setting is the early 50's with the Communists trying to steal weapon secrets from the US Government.<br /><br />Richard Widmark is the suave pickpocket without scruples. He gives a pretty decent performance but there is nothing A-List about him. The interesting thing was that he was not only an anti-hero but through most of the film, an unlikeable anti-hero. That is not very normal. Jean Peters gave a so-so performance as the hooker with the heart of gold. That great character actress Thelma Ritter shines as the stool-pigeon.<br /><br />The plot had its fair share of twists and turns, wisecracks and tough talk. There is a fight scene near the end of the movie (in the subway station) that was pretty gritty and exciting.<br /><br />I think noir fans (like myself) will enjoy this film. For non-noir viewers, it may seem a little dated and the whole Commie thing a tad overdone.",positive
"This movie contains no humor for anyone who has lived with a family member who has a mental illness. So many scenes reminded me too graphically of my own life experiences. This movie was the man's version of ""Mommy Dearest."" It depicts both graphically and accurately the life many children of a mentally ill parent goes through. It also shows how easy it is for a psychiatrist to become corrupt and act like they are God. <br /><br />Someone told me it was funny. No way, I say! It is sick humor at best. <br /><br />The movie is so intense and depressing that my son and I had to leave the room. The best use for this movie is for people who don't understand mental illness or don't believe what we families actually do live through.",negative
"Although recognized as the best film treatment of the difficulties of having a house in the country built (or bought) to your specifications, it is not the first, nor the last. In 1940 Jack Benny and Ann Sheridan were the leads in the film version of the comedy GEORGE WASHINGTON SLEPT HERE by George S. Kaufman and Moss Hart. And about fifteen years ago Shelly Long and Tom Hanks had the lead in THE MONEY PIT. The former was about moving into an 18th Century country house that...err, needs work. The latter was about building your dream house - in the late 1980s. Although the two films have their moments, both are not as good as BLANDINGS, which was based on an autobiographical novel of the same name.<br /><br />Jim Blandings and his wife Muriel (Cary Grant and Myrna Loy) are noticing the tight corners of their apartment, which they share with their two daughters Joan and Betsy (Sharyn Moffett and Connie Marshall). Although Blandings has a good income as an advertising executive (in 1948 he is making $15,000.00 a year, which was like making $90,000.00 today), and lives in a luxury apartment - which in the New York City of that day he rents! - he feels they should seek something better. He and Muriel take a drive into the country (Connecticut) and soon find an old ruin that both imagine can be fixed up as that dream house they want.<br /><br />And they both fall into the financial worm hole that buying land and construction can lead to. For one thing, they are so gung ho about the idea of building a home like this they fail to heed warning after warning by their wise, if cynical friend and lawyer Bill Cole (Melvin Douglas, in a nicely sardonic role). For example, Jim buys land from a Connecticut dealer (Ian Wolfe, sucking his chops quietly), with a check before double checking the correct cost for the land in that part of Connecticut. Bill points out he's paid about five or six thousand dollars more for the land than it is worth. There are problems about water supply that both Blandings just never think about, such as hard and soft water - which leads to the Zis - Zis Water softening machine. They find that the designs they have in mind, and have worked out with their architect (Reginald Denny), can't be dropped cheaply at a spur of the moment decision by Muriel to build a little rookery that nobody planned for. <br /><br />The escalating costs of the project are one matter that bedevils Jim. He has been appointed to handle the ""Wham"" account (""Spam"" had become a popular result of World War II, in that the public started using it as a meat substitute, in the light of it's success with the armed forces). Jim can't get a grip on this (he's not alone - one or two other executives fumbled it before him). He comes up with the following bit of ""poetry""(?):<br /><br />""This little piggy went to market,<br /><br />He was pink and as pretty as ham.<br /><br />He smiled in his tracks,<br /><br />As they gave him the ax -<br /><br />He knew he would end up as ""Wham""!""<br /><br />His Secretary looks at him as though he needs a straight jacket when he reads that one!<br /><br />Jim also is increasingly suspicious of the attentions of Bill to Muriel, although (in this case) Bill is blameless. But he's always around (Jim keeps forgetting that Bill is the clearheaded one, and that he's keeping Jim and Muriel from making so many mistakes). All three have mishaps, the best being when they get locked in a room in the half constructed house, just as the men have left for the day. They can't open the door, and Jim (in a panic) tries breaking the door down by a make-shift battering ram. He breaks a window, and the door opens by itself.<br /><br />The film works quite satisfactorily, with all of the actors apparently enjoying themselves. It is one film which (despite changing price levels and salary levels) really does not age at all. After all, most Americans dream of owning their own home and always have.<br /><br />A number of years ago a paint company made use of a delightful scene with Myrna Loy and Emory Parnell regarding the paint job Parnell's company has to do on the various rooms. She carefully shows the distinct shades of red, blue, etc. she wants - even giving a polite Parnell a single thread for the right shade of blue. The commercials hinted that the paint company had a wide variety of colors to choose from for your paint job. They proudly called Loy ""Mrs. Blandings"" in the commercials' introduction. You can imagine though how the no-nonsense Parnell handles the situation afterward, when Loy leaves him with his paint crew.",positive
"I had high hopes when I went into the theatre-- having seen the trailer I was as hyped as the next person to see great talent participate in the making of a story with a beautiful premise.<br /><br />However, it's disappointing to see this talent laid waste by the poor composition of songs-the words are chunky and cheesy, probably because it was composed with a more western theme. I wouldn't find it difficult to imagine the same melodies with French or English lyrics. In Mandarin, they just sound strange.<br /><br />The musical items were also cut together badly-- far too quickly to be enjoyable, and the shots of the actors looking anguished lasted far too long.<br /><br />The special effects are the next disappointment. Suffice it to say, it is highly obvious where the special effects start and stop.<br /><br />It's not Moulin Rouge, and it's not In the Mood either, inspite of the occasional (and very similar) slow waltz theme. Altogether, and hour too long to tell a simple story.",negative
"haggard doesn't even need to be graded, since it was never designed to be graded like Oscar-winning movies are and it was never intended to have won an Oscar (obviously). if you just look at some of the stuff that Bam and Bran tried, like the fast-motion shots, it comes across as a film thats something more than just cky or jackass (even though those are cool too). For pure enjoyability i definitely give this film a 10; almost every scene made me laugh until my sides hurt, like falcone's trail movie. If you haven't seen this, see it and then buy it. Personally my favorite character is brandon (falcone), he's just so smooth and natural and random that its hilarious, he freestyles great (with the action figures) and makes up the funniest stuff- lol a diamond mountain bike? haggard is definitely a movie that in overall humor is only rivaled by anchorman and napoleon dynamite.",positive
"Don't you just hate it when you order steak but the restaurant gives you chicken?<br /><br />Such is how I felt watching this so-called ""Battlestar Galactica"". Arguments can be made over its quality but the fact remains, it's NOT what the fans ordered.<br /><br />Imagine if you were sitting down at that proverbial restaurant I mentioned. You have waited years for them to bring back their famous New York Strip steak which you loved. When your meal arrives, you find they've applied the name ""New York Strip"" to a chicken dish. You complain but the waiter merely states ""but ze cheeken, ees really GOOD zir""! Do you really care if the chicken is good? You wanted New York Strip - a STEAK! The waiter then explains, ""you zee zir, ze chef wanted to to do, as you zay, zomezing NEW. We felt ze cheeken would be more popular zo we gave it the name of our previous delicious deesh"". You ask if you will ever find the original New York Strip on the menu in the future but are informed that because the restaurant HAS a dish called ""New York Strip"" now on the menu, you'll never see the original New York Strip - ever again.<br /><br />Such is the case with creating something NEW and slapping the ""Battlestar Galactica"" namesake on it.<br /><br />* This mini series is an affront to all fans of the original show! *<br /><br />It's a shame the production team put in charge of this new version obviously held contempt for the original. The team put in charge of resurrecting BG should have LOVED the original series - seeking to improve what the fans loved, not try to shamelessly sell this new series by exploiting the Battlestar Galactica name.<br /><br />If SciFi Channel wanted to give us a NEW show, then DO so! Give it a new name! Don't use the name we fondly remember in an attempt to lure in viewers. That effectively robs us of the chance to see any semblance of the original in the future.<br /><br />We have been waiting for 25 years to see what we knew as BG because we LIKED something about the original! We didn't simply want the NAME and remnants of the basic concept. There are things we LOVED about the original series!<br /><br />Sadly, probably the BEST elements of the original were those which were omitted. Sure, the original BG was imperfect and could have used some updating. This mini series, however, was not an improvement in any regards but the special effects (which were good but not anything unusual by today's standards).<br /><br />Many viewers will debate back and forth about the quality of this NEW show but we will not forgive SciFi and Ron Moore for destroying our dream.<br /><br />That being said... I shall offer some comments about the merits of this new mini by itself (not in comparison to the original):<br /><br />The battle sequences were the best part. Effort was obviously put into making the effects more ""real"" in appearance and less ""wow - look at that effect"". I would not say these sequences were exceptional by today's standards yet they were in keeping with made-for-cable original movies. What was the deal with this ""pseudo-live-cam""? Some views tried to fake the effect of a ""real"" camera with lagging tracking and jerky zooms. However, it was over-used considering there was no apparent SOURCE of these cameras. The infinitely more intelligent series, Babylon 5, is the only instance I've seen such ""live cams"" used effectively, when we were supposedly witnessing action from Security Cams.<br /><br />The script, you ask? The script felt like it was written by a teenager, FOR other teenagers. The characters felt cardboard and stereotypical. Indeed, the whole story felt pieced together from other well-known stereotypes. The only good features of the entire story were those few elements which were preserved from the original series. It was obviously ""dumbed down"" for digestion of your average TV audience.<br /><br />The human interaction was pitiful. Rather than drama based on subtle looks, expressions and fine timing, every moment of human tension was exaggerated to the point of being so obvious they lost all ability to move any refined viewer. Such was obvious in any interaction between Adama and son. The director must have been trying to make sure the most dense and unfeeling viewer wouldn't miss it even if not paying attention. Sorry, but real humans don't behave like the continually.<br /><br />I wouldn't have considered this a BAD show had it stood on its own. Nothing great; it will never be revered by true SciFi fans or artisans, but it would be watchable by the masses. I personally could have lived without it, though. I only watched it to see how it really DID capture the spirit of the original. <br /><br />How this mini series will always be remembered is as a symbol of how quality in storytelling has been cast aside to appeal to greater numbers. How even SciFi Channel has ""dumbed down"" its productions to cater to the masses as opposed to its true niche market, the Science Fiction fans. It will be the time we asked for steak and they insisted on giving us chicken, despite our complaints.<br /><br />I leave you with only one thought - <br /><br />NO ""MOORE"".<br /><br />",negative
"This game was one of the main reasons I actually got a PS2. I remember playing Soul Edge (Sometimes called Soul Blade) back in the day and I was hooked on it.<br /><br />I did play the original Soul Calibur but I never got a chance to play it for a huge amount of time. I did however buy the Gamecube version of Soul Calibur II and that was what truly got me hooked on the series and I was ecstatic when I heard of Soul Calibur III. This game still gives us the classic characters such as Mitsurugi, Cervantes, Nightmare and Taki. However, it also adds several new characters such as Zasalamel, Tira and the unplayable Night Terror. (The TRUE boss of Tales of Souls) The strategy based ""Chronicles of thes Sword"" mode is a new feature which I really like, it can be quite challenging in the later chronicles but it's a good addition to the series.<br /><br />The Soul Arena mode has several missions in which you must fight a certain enemy under certain circumstances. (The exception is ""Final Battle"" in which you simply must defeat Night Terror) It's another fine touch that makes the game all the more fun.<br /><br />In some scenes in Tales of Should you will be made to press certain buttons in order to get a different result, this can be in order to dodge/block an attack or to get a better ending. (Every character has two endings) All in all, this is an excellent game and I'd recommend it if you're a fan of fighting games.",positive
"I rented domino on a whim, not even knowing it was inspired by a true story, and even though it's the least likely and true biopic you'll probably see. i found it to be rather awesome.<br /><br />With Richard Kelly writing he crams together a mass of plots and narratives into 2 hours of pure entertainment. And once you've seen it more than once you get it and appreciate it. <br /><br />Domino is a model turned bounty hunter who leaves the perfect Hollywood life to pursue a not so subtle or perfect career. It has an edgy acid trip style provided by director Tony Scott. And with fast paced music and editing, it provides the visual flare to keep your attention, with slick performances and unexpected comedy, the movie is well made and enjoyable and should have reached a wider audience. <br /><br />I suggest it to anyone who wants to think and be entertained at the same time for 2 hours.",positive
"Andreas arrives in a strange city. He doesn't remember where he came from and how he got there. He is ordered to arrive at work, and gets his own apartment in the city. All his co-workers are nice and polite to him, they say hi and smile when they pass by him. But then later on Andreas discovers that the city isn't that pleasant as it seems. Going home from work, he see some people wearing grey suits, cleaning up the bloody mess of a dead body, apparently a suicide victim that had thrown himself out of the window. The procedure is done with a calmed mind, as if they were emptying a trashcan. The following day, Andreas meets the suicide victim fully alive at work. More and more Andreas discovers the feelingless atmosphere of the city.<br /><br />Den brysomme mannen might be the best norwegian film I've seen. Original, artistic directing is usually missing in norwegian films, with only a few exceptions. The plot is also very original, and could even be called post-modern horror, as the film present us a terrifying thought of having to cope with a world that is completely feelingless. and the more you try to fill your life in this city with a meaning, the more meaningless it becomes. I am fascinated by how the director manages to create the feeling of a disembovled universe, a nightmare, that you simply cannot escape from, not even with death.<br /><br />go see it, its really worth it! i gave it 9 out of 10.",positive
"You can't really blame the movie maker for glorifying Che because the industry is all about money. Most of the stories you hear about this ""freedom fighter"" are absolute tripe fabricated by the communist Cuban government after Che's death. Che was a murdering scumbag from day one. Here's a list of the great things Che did for Cuba 1) Executed thousands of innocent Cuban Men, Women, AND CHILDREN to satisfy his lust for power.<br /><br />2) Destroyed Cuba's economy and good standing with the rest of the world. The Cuban peso used to be equal with the American dollar. Now it's basically worthless.<br /><br />3) Continually failed at all things that involved diplomacy, economy, and the military. He never made it past his first year in Medical School, and he was only in one real battle, in which he surrendered with a fully loaded gun.<br /><br />4) He took over the largest estate in Cuba to set up for himself. He had a Yacht, a 60"" custom made TV from America, a swimming pool, and a view of the Ocean. So much for shunning the materialist life style.<br /><br />Cuba today is an absolutely destitute country, and you have no one but Che and the Castro brothers to thank for it. If you go to Cuba today you will not be allowed out of the tourist areas. If you did manage to get out of what you're meant to see, you would find slums, beggars, and prostitutes.<br /><br />If you think any of what I'm saying is untrue then go do some studying. Compare Cuban exports from 1950/60 to those of today; talk with people who survived or who had parents in the so called Cuban ""revolution"" of the 1960's; read all of the reports of murdered innocents; read the reports from people who served under Che and Castro and fled because of what an evil, disgusting human being he was.<br /><br />And please, please, always remember to read or watch EVERYTHING objectively. Stop taking everything at face value and THINK ABOUT IT.",negative
"The only remarkable fact is the participation of Klaus Kinski who plays a priest. Don't ask me why he does it! A bad, bad movie overall.<br /><br />",negative
As a Czech I am very pleased when I read these comments here. I am absolutely sure that this film is great. And what you maybe don't know is that story was specially written for Mr. Brodský. The man you can see is him and his typical attitude - to live and to resist death. He was one of great actors and we are very lucky that we he has made so many beautiful films during his life. You are lucky you could see at least one of them. Enjoy.,positive
"Working at a movie theater as a projectionist, I have the opportunity to watch basically every movie that comes out. When I first saw the trailer for 'Black Snake Moan' I laughed and thought, ""Great. Another 'Snakes on a Plane' Samuel L Jackson movie"". But of course, I wanted to see it for the laugh factor. Many people have judged this movie too quickly based on the innuendo in the title, the images on promotional ads and on the fact that Justin Timberlake is in the film. Personally I loved every second of this movie. It tells the story of an older man and young woman who are both going through rough times and are able to reach out to one another. The story is truly touching and sends out a great message about life and how we live. Of course, I do not recommend it for young audiences due to some graphic material, but if you are looking for a great story and genuine acting from Sam Jackson, Christina Ricci and,yes, even Justin Timberlake, I encourage you to see 'Black Snake Moan'.",positive
"The movie invites comparisons to Shakespeare. The Mandarin is beautifully written and spoken, and the plot is intricate and intriguing. Never has Gong Li looked better, never has the glory that is China been better represented on the screen. The balance between political turmoil and personal intrigue that Gladiator hinted at but never really delivered is here in spades. Simply incredible.",positive
"The performances by the male leads make this long-hard-journey west interesting throughout. The soundtrack by the Sons of The Pioneers is one of the most beautiful I have every heard. The journey itself is somewhat episodic, and Joanne Dru is badly miscast. Overall, this is a very heartwarming and heartfelt western.",positive
"I really enjoyed Fierce People. I discovered the film by accident, searching through my On-Demand movie lists trying to find something interesting to watch. The film is mostly about class in America, and it quickly grabs your attention. The characters are smart and articulate and the story doesn't stick to the usual Hollywood rules.<br /><br />The main protagonist is Finn, a precocious, but underprivileged 15 year old who spends his summer with the Osbourne family. Donald Sutherland plays the patriarch, Ogden C. Osborne, the seventh richest man in America. Diane Lane plays Finn's mother, a friend of Ogden who is also a habitual cocaine user and a slut. The Osbournes own a large estate and seems to live by their own rules. At first they seem charming and sophisticated but the super-rich are different. They are used to getting their own way. The film is enjoyable mainly because it has crisp intelligent dialog, superb acting and a story which takes unexpected turns. It is also an R rated movie, so it's not entirely wholesome. <br /><br />The cast is excellent. Anton Yelchin is believable and sympathetic in the demanding role of Finn. Sutherland and Diane Lane have never been better. Chris Evans is impressive as Osbourne's devious grandson. Kristen Stewart is good as the pretty grand daughter. High quality movie.",positive
"It has its merit's; Morvern Callar is both the merits and the disappointments. She's so enigmatic, so original. Is it her method of dealing with the pain of a lost one that's making her so distant and un-relatable? Or is she as one reviewer called her a revolutionary? Personally I'd call her dysfunctional.<br /><br />Morvern is completely detaching herself. Disposing of her boyfriend, not thinking of informing family or using the money he gave her for a proper funeral, she selfishly splashes out on a trip to Spain. She's seems so devoid of anything relatively human bar greed. The only element that enables the audience see the human side of her is her close friend she takes on holiday with her. Although by the end her friend is dumped and Morvern has nothing that ties her down to humanity. She may as well have killed herself.<br /><br />Despite managing to make Spain look as gloomy and bland as the UK the director's shots were superb, the lighting and color made the film visually stunning.<br /><br />It's really a shame the movie has nothing in it that keeps interest. It's little over 90 minutes but feels a lot longer. They manage to make Morvern seem interesting to grab your attention but do nothing with her only alienate her from you more to the point where you don't care about the characters or the film.",negative
"Though this movie is cheesiness at its best, it is pulled off perfectly. This movie, without a doubt, has to be considered a modern classic. There are basically two kinds of movies I like - movies with depth (chick flicks, if you must - I blame my wife for this) and mindless comedies where I can sit back and relax. This movie is a perfect example of the latter.<br /><br />A friend of mine turned me on to this movie shortly after its release. Considering me to somewhat shallow, he said to me, ""You've got to see this movie. It's just your type of movie."" Foregoing the insult, I started watching. I know they mentioned The Ramones a million times, but when you actually see them, I said, ""Hey, it is The Ramones."" My friend replied, ""I don't know they were a real band."" I had my moment of glory.<br /><br />This movie, though now somewhat dated, is a must see for Ramones fans - or anyone else for that matter.",positive
"Three words: Piece of Art. This film is just great. It's beautiful, sad, frightening and thought-provoking at the same time. The score constantly stays in my head, the acting is wonderful the scenery scary and beautiful at the same time.<br /><br />It was more by chance than on purpose that I saw this movie. At the time I decided to watch this movie I was just bored and read lists of Asian films, which maybe good. Well, I saw the title ""A tale of two sisters"" which sounded very interesting. Then I read the summary of the plot and decided ""You don't just watch this film, you've gotta buy it"". Said, done. I bought this film and was hooked from the very first minute.<br /><br />The plot kept me interested from the beginning till the end; the twist near the end of the film made me scream. I really didn't see something like this coming. And the ending scene made me cry...it just made me cry. It was so sad.<br /><br />Well, I recommend this film to anyone who wants to see a film that combines an interesting plot, with scary scenes and atmosphere. Although you should be aware of the fact that the ending is, as I mentioned before, a very sad one. But this just fits in the mood of the film, doesn't it?",positive
"Don't see this movie! It's... repulsive! The start is indeed very good, but in the middle everything falls and I really regret spending 80 crowns (about 11 dollars) on the ticket! Peter Dalle should consider this as his last chance to gain peoples interest. AWFUL picture! The only bright spot is the splendid work of Robert Gustavsson, Lena Nyman and Gösta Ekman.<br /><br />Hope you take my advise... The picture is rubbish.",negative
"Penny Princess finds American working girl Yolande Donlon the inheritor of a small kingdom that lies in that triangle where France, Italy, and Switzerland meet called Lampidorra. It seems as though the Lampidorrans owe bills all over Europe and the main occupation of the country is smuggling due to its geography. An American multi-millionaire buys the place, but dies before he can take title. His nearest heir is Donlan.<br /><br />But of course the estate has to go through probate in America and what are the Lampidorrans to do? Especially since Donlan who has now become a princess has forbade smuggling.<br /><br />Enter Dirk Bogarde who is on a trip to Switzerland to learn about the cheese industry. It seems as though the Lampidorrans have a kind of cheese that they playfully refer to as Schmeeze. With a few bumps in the road, Schmeeze solves all the problems both financial, geopolitical, and romantic between Donlan and Bogarde.<br /><br />How does Schmeeze work, well that's the gimmick to the whole film. But here's a hint. In Lover Come Back Jack Kruschen might just have gotten a hold of the secret of Schmeeze when he was busy inventing VIP for Rock Hudson and his advertising agency.<br /><br />Anyway Penny Princess is a delightful blend of British farce and romantic comedy. Yolande Donlon once again plays a role that Marilyn Monroe would have been cast in if the film had been made this side of the pond. Dirk Bogarde was well cast in the part which was at the beginning of his career as a romantic heart throb, way before anyone but him suspected he had the acting chops he had.<br /><br />This film was sadly shown at three o'clock in the morning on TCM. But at least I found a reason to be grateful for insomnia.",positive
"I attended a screening of ""Fierce People"" at the 2006 Woodstock Film Festival. I hesitate to label it a ""premiere"" of any sort, since it was shot in the spring of 2004 and had its world premiere at Tribeca in 2005. It played several festivals that year. Release seemed imminent, then it disappeared. Poof. Vanished. Or so it appeared to the film-going public. Rumors of a theatrical or DVD release have popped up now and then, but all proved unfounded. Then this screening was announced. Perhaps one can call it a ""re-premiere?"" It certainly felt as if I was witness to a buried treasure. And what a treasure it was.<br /><br />I suppose one could characterize ""Fierce People"" as a coming-of-age drama. But it also has elements of comedy and tragedy, as well as mystery. And a bit of farce thrown in. In short, real life. That makes it hard to pigeonhole, which puts it more into the category of an indie as opposed to a Hollywood movie. But its high production values, big budget feel, and star caliber cast seem at odds with the indie label. So let's call it a hybrid. And, perhaps, that's why it's been ""lost."" It defies categorization.<br /><br />Meet Finn Earl (Anton Yelchin), 15, whose father is absent. In fact, Finn has never known him. But he sees him and hears him via the collection of home movies sent from South America. Dad is a renowned anthropologist, and has made a name for himself by setting up shop with the Yanomani, the tribe of ""Fierce People"" who live to kill and, well, procreate. All their activities are built around those two ""tasks,"" and Finn is captivated by it. Mom Liz (Diane Lane) is also somewhat absent. Although present physically, she is lost in a world of cocaine and alcohol. So Finn becomes an adult in his little solitary world with his reels of film.<br /><br />One summer, Mom decides to drag Finn along with her into the wilds of New Jersey. A massage therapist, Mom has catered to a wealthy client, Ogden C. Osborne (Donald Sutherland, in a tour de force performance) and he has invited her for an extended house call at his palatial estate. Osborne's ""tribe"" includes an assortment of eccentric rich kids, servants, and village idiots among whom Finn will find himself part of his own anthropological study. Will his experience with Dad's films help him survive life as a visitor to this tribe? Will he be accepted? Or will he be seen as an outsider, concurrently struggling with his own identity as an adolescent? Such is the stuff of fairy tales, and I suppose this would be if not for the dark underbelly which director Griffin Dunne and writer Dirk Wittenborn have infused into this magnificent story.<br /><br />With Anton Yelchin's voice-over, intercutting pieces of Dad's home movies, Finn must learn to go back to being the teenager he never really had a chance to be, stop being the parent to his Mom, allow newly-sober Mom to be parent to him, and learn responsibility on the way to adulthood the way it should have taken place all along. Yet he needs to make this transformation in a dangerous, dark world where playing with fire is folly to this fractured family.<br /><br />This is, first and foremost, a story-driven film and Griffin Dunne emphasized as much in the intro to the film. He bought the rights to Wittenborn's novel even as it was being written, and Wittenborn's own screenplay comes to life in the hands of the masterful Dunne in a way that's a work of wonder.<br /><br />This is also largely a character-driven film, and Sutherland has never been better. His star turn as Osborne stunned those around me and will likely leave you amazed as well. Diane Lane's character ultimately exhibits so many personalities that it's hard to imagine another actor pulling it off so well. She is breathtaking. But more than anything, ""Fierce People"" is Anton Yelchin's film. He has a long resume as a child actor but preciously little as a teen. Other than the little-known ""House of D"" (also a gem), he is best known as Byrd on TV's ""Huff."" In January, he will be seen in ""Alpha Dog"" (also sitting on the shelf since 2004, a film I saw at Sundance this year and in which he is the ""heart and soul""). His performance here goes far beyond what one would expect from someone so young, and is nothing short of spectacular.<br /><br />This complex, quirky film has remained out of sight long enough. ""Fierce People"" is a treasure filled with light and shadow, comedy and tragedy, joy and pathos, but mostly wonder.",positive
"""The Man Who Knew Too Much"" falls into that Hitchcock middle ground that characterized many of his films during the 1950s: not a masterpiece of suspense by any means, but an awful lot of fun nonetheless.<br /><br />James Stewart and Doris Day play a vacationing couple who get caught up in a plot heavy on foreign intrigue. The famous climactic scene takes place at a classical music concert, where someone is going to be assassinated during a particular cymbal clash in the score. The impish Hitchcock of course lets us know what that point is, so that the race to stop the assassin becomes a nail biting race against the cymbalist.<br /><br />So much of this movie reminded me of the 1978 Chevy Chase/Goldie Hawn comedy ""Foul Play"" that I have to believe that film was inspired by this. Neither film is a big deal, but both are easy to enjoy.<br /><br />Grade: B+",positive
"This is a clever story about relationships and a display of three main categories of players in the game of relationships: playboys (Max), manipulative women (Alice) and the fools who may be indeed in love (Lisa, Muriel and Lucien).<br /><br />Max and Alice are very unlikeable and perhaps despicable characters but who are always in control in the game leaving their partners around in the dark. But as the profusely discussed ending tells us, as veteran players as Max and Alice were, they would be happy to part ways anytime they see fit as if the game was just announced to be over and each one of them could not care less to get on with his or her own life and play another game with some other anonymous people when another opportunity presented itself. Lisa, Muriel and Lucien might be the ones who felt like investing something real in a relationship, only not being able to realise that they were the baits in the game and the ultimate losers (as far as what we were shown is concerned....who knows if they are also advance players of some sort in their worlds not shown to us on screen).<br /><br />This is a very fast-paced, delicately crafted and seductively witty story with an enticing execution by the cast. It also deserves some deeper thinking: how much is real in a game of relationship?",positive
"Here's a movie with a good cast and nice looking location work but it just don't have it. Director Richard Brooks must have been a little bit tired at this stage of the game; How much better his THE PROFESSIONALS was! The horses and the rest of the action seemed to be in slow motion even during the non-slow motion scenes. This film needed to be sped-up, if anything. That horse lather sure looked awful phony to me and the obvious tire tracks in those desert tracking moments- just lazy. sloppy work. Too bad. The actors did OK, but I've certainly seen all of them do better. Ben Johnson's always a joy, though. I first saw this flick almost 30 years ago; was disappointed then and remained so upon second viewing 30 years later.",negative
"Life Pod is one of those movies that you just watch and try not to analyze too hard. The acting is rather amateurish, at best. The special effects are obviously low budget, but not too bad. The story line is rather stock, but with an interesting twist. Computer run amok, but not exactly a computer and the running amok is very understandable when the truth is revealed. Still the movie has its moments and is quite watchable. For me, at least part of the allure of this movie is the prominent role of Kristine DeBell. She may not be the greatest actress in the world, but having been a former playmate of the month, she is cute enough. In all Life Pod is much like other low-budget Sci-Fi movies of the 1980s and somewhat predictable.<br /><br />The White Star Lines bit is cute, if completely inaccurate. The last of the White Star Lines Company stock was purchased by the Cunard Lines 1947 and the last ship to sail under the White Star colors was the Britannic (not the sister of Titanic) which was sold for scrap in 1960.",positive
"It's always interesting to view a horror movie after hearing so much praise from other fans. Experience has taught me that you should never generalize fan taste within a genre. My expectations of this movie were a great deal higher than my viewed opinion.<br /><br />Children Shouldn't Play With Dead Things is a movie with a good intended plot that trips up too many times to carry it out. The whole idea of a band of actors staging a reanimation of dead corpses had me intrigued. However, everything degenerated into cinematic chaos. The actors,who for the most part were competent and amazingly expressive, were offered roles that fail to maintain consistent characterization. Some of these characters go from ambivalence about the whole act of defiling a cemetery, to outspoken criticism, back to ambivalence. It's one thing for characters to have a change heart in the course of the film; it's another to produce an overly dynamic, circular attitude that loops every ten minutes.<br /><br />Another inconsistent element of this film is the premise. Does the main protagonist intend for the ceremony to be theatrical prank or does he actually conspire with dark spiritual forces to raise the dead? Even with the aforementioned flaws, I would recommend this movie to other horror fans, since I believe that only true horror fans will appreciate the dark atmospheric components and be able to ignore the plot's inconsistency. The scene where the dead rise out of the grave is made extremely haunting (even to a veteran zombie enthusiast) by the excellent combined use of scenery and sound, and the great choice of skilled actors chosen to play the reanimated dead. Current filmmakers should learn from CSPWDT about using the proper video and audio techniques in mood development.<br /><br />All in all, if you are zombie movie completionist like me, you should take time to locate and view this movie. It's a fun watch.",negative
"This picture reminds me of a Keneth More picture from 1957 called The Admirable Crighton"" whilst on the boat he was a servant and on the island he became the master and upon being saved reverted back to servant. Madonna did OK in some movies however this one doesn't fire. If there is any picture that show Madonna can't act it is this one.<br /><br />I am not sure whether this was a subtle copy of ""The Admirable Crighton"" but it sure looks like it and if thats the case then Hollywood must be running out of ideas and that is sad. to provide a platform for actors to improve their career profile and just on that this fails in every corner and detail.<br /><br />The plot is loose and the acting is mediocre. The script should have been put thru the shredder before taking it on location. While many here have canned Madoona for all her acting I think that in films like ""A League of Their own"" was quite good and enjoyable and ""Who's That Girl"" showed a quirkiness of Madonna's style not shown before or afterwards. Other Madonna films are not as enjoyable and I would have liked a to see a Madonna Animation series with the character from ""Who's That Girl"" I like the music from these two films however ""Swept away"" remains at the bottom of the pile here and will remain so.<br /><br />everyone has a bomb right?",negative
"This movie earned every one of the ten votes I gave it! Thank you guys for making a movie worth watching. You showed the world,you can still write, direct, produce and star in a black movie without the negative stereotypes. The poetry was awesome as well, hats off to the poets and musicians.<br /><br />I watched it last night, as I fell in love with my darling all over again. I will be adding it to my movie collection today, and recommending it to my friends and family.<br /><br />Please continue to produce quality, don't worry about the quantity....<br /><br />Thank you again, and best wishes and blesses to you!",positive
"Yes, this gets the full ten stars. It's plain as day that this fill is genius. The universe sent Trent Harris a young, wonderfully strange man one day and Harris caught him on tape, in all that true misfit glory that you just can't fake. Too bad it ended in tragedy for the young man, if only an alternate ending could be written for that fellow's story. The other two steps in the trilogy do retell the story, with Sean Penn and Crispin Glover in the roles of the young men, respectively. The world is expanded upon and the strangeness is contextualized by the retelling, giving us a broader glimpse into growing up weird in vanilla America. Recommended for anyone and everyone!",positive
I remember I saw this cartoon when I was 6 or 7. My grandfather picked up the video of it for free at the mall. I remember that it really sucked. The plot had no sense. I hated the fox that became Casper's friend. He was so stupid! Casper cried his head off if he couldn't find a friend. So what? Get over it! The only good part and I don't want to sound mean-spirited was when the fox got shot and died at the end. I laughed my head off in payback because this cartoon sucked so much. The bad news is the fox resurrects and becomes a ghost. I wish he had stayed dead. I think I even gave the video of this to somebody because I hated it. No wonder they were offering it for free at the mall. If you have a child don't let them watch this. They will probably agree with me that it sucks.,negative
"First of all yes I'm white, so I try to tread lightly in the ever delicate subject of race... anyway... White People Hating Black people = BAD but Black People Hating White people = OK (because apparently we deserved it!!). where do i start? i wish i had something good to say about this movie aside unintended comedy scenes: the infamous scene were Ice Cube and co. get in a fight with some really big, really strong, really really angry and scary looking Neo-Nazis and win!!! the neo-Nazi where twice the size :), and the chase! the chase is priceless... This is NOT a movie about race, tolerance and understanding, it doesn't deliver... this is a racist movie that re-affirm all the cliché stereotypes, the white wimpy guy who gets manhandled by his black roommate automatically transform in a skinhead...cmon simply awful I do regret ever seeing it.<br /><br />Save your time and the dreadful experience of a poorly written ,poorly acted, dull and clearly biased picture, if you are into the subject, go and Rent American History X, now thats a movie",negative
"I have no qualms with how the movie does NOT capture New Jersey (like Zach, I'm from there). Fine. Whatever. I lived there WAY long enough. I don't need to see a movie that captures the Garden State.<br /><br />What I do have qualms with is how bad this movie is. Let's make it easy on you. We'll use some bullet-points. There are probably some spoilers that follow. (Not that you wouldn't be able to predict the movie ANYWAY): <br /><br />-The music placement was maddeningly forced and patronizing. Example: Large: ""What are you listening to?"" Sam: ""The Shins. Ever heard of 'em?"" ""No."" ""Listen to this song - it will change your life!"" And then they proceed to play that Shins song that was in a McDonalds commercial. (Don't you love when the characters in a movie blatantly tell you - the viewer - how to react to something? I love that! Hey, they should have put subtitles during various scenes instructing us to ""chuckle,"" ""Say 'aaaaaw'"" ""cry"" ""feel inspired"" etc.) <br /><br />-The scenes were SO BAD. SO Cliché. SO MELODRAMATIC. Example: The entire movie. But no, really, example: They're in the rainy quarry by the ark. Large runs up - in the pouring rain (oh he's SO TORMENTED!) - on top of a piece of heavy machinery and SCREAMS! Oh how moving! But wait! Here comes Sam and his buddy (the annoying drug addict), and they ALL SCREAM!!!! BUT WAIT!!!! OH MY GOD!!!! Here it comes! THEY KISS!!! LONG, DEEP!!!! IN THE RAIN!!!!!!!! <br /><br />-The dialogue was SO BAD. SO Cliché. SO MELODRAMATIC. Example. They're leaving the ark and Sam says something like, ""Hey. Good luck exploring the infinite abyss."" And the guy says back, ""You, too."" Oh...Oh my! I never realized...could it be? Oh my God it is! Large's life is like...ohmigod...AN INFINITE ABYSS!!!! Another example: Large and Sam in the airport. Sam says something like, ""Is this goodbye?"" Not enough for ya? OK, Largeman says something like, ""This isn't a period at the end of the sentence... it's an ellipses."" And guess what happens when he tries to walk down the jetway and go back to his life in LA. You know, what? Don't guess. It's a waste of your time.<br /><br />-It's a Grade Z Wes Anderson rip-off movie. When not busy being melodramatic and cliché, the movie spends lots of times with crazy-kooky-off-kilter characters. Hey, Sam's brother... thank you Zach Braff for including him, because it really made the movie so much more textured. Also ripping off Anderson: the dialogue. Scene: Sam and Largeman are in a bar. In walks friends, ""Vagina!"" says one of them. Then they see him sitting with Sam, so one of the friends says, ""Sorry I said vagina."" And Sam says, ""It's OK."" <br /><br />-Inventive cinematography that's not inventive but pointless and annoying. Give me a break with the speed-up/slow down of film. Again, Wes Anderson does it effectively in his movies. And it was done well in ""Donnie Darko."" But, really, it was pointless. Wow. A crazy party where people are taking X and snorting coke. Better roll out all the tricks! <br /><br />-You can count the good moments on one hand (even if you're missing fingers). That's what makes it even WORSE. The retarded quarterback thing...well, that was good! The little thing he (largeman) says as they're about to enter the quarry (something about huffing turpentine)...that was good! Oh, wait, that's about it.<br /><br />You know, Zach Braff is, I think, always a little too cute. But, he's likable. But, man, this is forced, pretentious, melodramatic (have you gotten that yet?), overly cute, overly everything. This movie is terrible. Apparently, I'm outnumbered, as this waste of time is currently rated an 8.0.<br /><br />Please, though, if you're looking for something truly poignant and subtle and unique DO. NOT. RENT. THIS. MOVIE.",negative
"The dominating conflict is between a couple of fine actors (Huppert and Dutronc) and the horrible script. Evidently, the actors lost, since the director/screenwriter Claude Chabrol eventually forced the leading couple to follow this worthless piece of sick imagination to the letter. Fortunately, the powerful performances by Huppert and Dutronc dramatically improve the overall quality of the movie, which miraculously gains the depth and humor. As for Chabrol's persistence in keeping the film bland and illogical, it reaches the climax in the final scene, which is so incredibly poor that you will wonder which pills he was taking himself while directing it.",negative
"Do not see this film. In most cases, such as that of Ju-On and The Grudge, the Japanese film are infinitely better than the American remake. However, this movie was terrible. The ghosts, much like a trick or treater dressed as a sheet ghost moan and wheeze in an attempt to be scary in the absence of good makeup or special effects and the acting is just horrible. The story itself is inconsistent and confusing, not everything is explained leaving the film to go from bad to worse. Do not waste your time with this movie, it's not worth it and I am sure that there are more entertaining things to do - like watching paint dry.",negative
"Like many people in my general age range, I remember going to see this movie as a kid in '98 and coming out of the theatre practically in tears. It seemed, at the time, to be one of the most important, awe-inspiring cinematic experiences of our generation. At once riveting, action-packed, funny, heartbreaking, and truly inspirational, Armegeddeon really did have everything going on, right down to the catchy Aerosmith theme song and sappy tear-jerker of an ending.<br /><br />Sweet Jebus. What were we smoking? I watched it for the first time in years last night on one of the movie channels, and... I cannot even describe it. This is, truly, one of the worst movies ever made. Where to even begin? Leaving aside the plethora of LAUGHABLE scientific errors ('personnel trackers' on astronauts? yeah, sure, thanks for that, Billy Bob), I'd have to say the worst thing about it was the remarkable - dare I even say unmatched - way in which it combined crappy writing with crappy acting. There are too many examples of this to even begin listing here, but one in particular springs to mind - the scene where Bruce Willis is telling the Feds exactly where to go to track down each of the oh-so-charmingly-roguish members of his oil drilling team ('check every bar in New Orleans', 'the craps tables in Vegas', 'the only black guy on a motorcycle in Sturgis'... all to the tune of 'Come Together'... it reminded me a bit of the ""NEWS TEAM! ASSEMBLE!"" scene from Anchorman, except serious). Ben Affleck proves, once again, that he is by far the most overpaid actor in Hollywood, having less depth, range, and overall talent than anyone else in the business. Not that Bruce Willis, Liv Tyler, OR ANYONE ELSE IN THIS GODFORSAKEN PIECE OF GARBAGE was much better.<br /><br />(I have to say, though, I got a kick out of seeing a pre-stardom Owen Wilson get killed off half-way through... is this the only movie where his character dies?) <br /><br />Peter Stormare is perfect as THE MOST STEREOTYPICAL UNSHAVEN Russian COSMONAUT YOU HAVE EVER SCENE. (Then again, Peter Stormare does seem to have a talent for playing over-the-top Eurotypes.) It really was quite amusing how, almost IMMEDIATELY after the Americans dock with the Russian Space Station (which is actually called that in the movie), Ben Affleck succeeds in singlehandedly causing the whole joint to explode in spectacular Hollywood fashion. I also love the fact that, in the end, Paris is the only place on Earth to get destroyed, and that absolutely no one seems to care. And on top of all that, it at points literally turns into simultaneous ads for Lockheed Martin AND Kerr McGee. Oh how proud I am to be an American.<br /><br />There's plenty of other stuff to rant about, but I won't... suffice it to say that this is a really, really, REALLY terrible movie, that I feel ashamed to have ever genuinely liked.<br /><br />I give it two stars just for the mockability factor.",negative
"Recap: Based on the true story of Charlie Wilson, an American Congressman, who (according to this movie) was instrumental in USA's covert war in Afghanistan against the Soviet Union.<br /><br />Comments: A rather funny movie about not so funny things, especially since they were real. But focusing on the movie, Hanks performs very well as a mischievous womanizing Congressman with a good heart that becomes the champion for the covert war in Afghanistan. Hanks, and the entire movie, Philip Seymor Hoffman especially, has a rather humorous tone. So much that adding comedy to the genre would be appropriate. But, the story that it tell, and maybe the ending the most, are serious indeed.<br /><br />A story of what happened with some questions about what might have been. So the movie works as a comedy if you want one, and a much more serious one if you want that. Something for everybody? 7/10",positive
I absolutely loved this movie. It met all expectations and went beyond that. I loved the humor and the way the movie wasn't just randomly silly. It also had a message. Jim Carrey makes me happy. :),positive
"Alter Egos do not come funnier than the creation of Sacha Baron Cohen's Ali G. Completely misled by his delusional and non-existent sense of the Middle England Suburban surroundings that his social background consists of. He persists on living the style of a Los Angeles Gansta. While still living with his Gran in the London suburb of Staines, he keeps tight control of his Posse, the West Staines ""Massiv"".<br /><br />Spending his spare time between Me Julie, his girl, the Posse and teaching local eight year old Scouts at ""Keep it Real (advanced)"" lessons at the Government funded John Nike Leisure Centre.<br /><br />This is where the story takes off, being told that the Government funding has stopped, Ali G then proceeds on a one-man quest ""In the struggle for Justice I iz willing to lay down me Life, just like Martin Luther Van Dross did"". Being his reply to the local media crew when interviewing him on hunger strike while chained to a fence.<br /><br />Charles Dance here plays David Carlton, the sinister and devious Deputy Prime Minster, who is ""Even more eviller than Skeletor"". Using Ali G, unknowingly, to lose the Prime Minster 18,000 votes three weeks before the General Election. Seeing Ali G as a bumbling idiot, his plan backfires. Ali G suddenly becomes an over night sensation and a saviour of the people, working directly with the Prime Minster. The story becomes more sinister and with hilarious consequences.<br /><br />Ali G Indahouse is a great British movie that brings the hugely talented attributes of writing, along with Dan Mazer, executive production and acting of Sacha Baron Cohen. Charles Dance and Michael Gambon, as the P.M. play their parts with great seriousness among the gags and hilarity that is Ali G.<br /><br />Ironically, seeing the parodies playing their parts in a World that really is real, and who are continually preaching ""Keep it Real"" from their own little World that is the West Staines ""Massiv"" is true comic paradox.<br /><br />Directed by Mark Mylod, his first full length feature film since directing television work such as Shameless, Shooting Stars, The Fast Show and the Smell of Reeves and Mortimer to name a few.<br /><br />Very Real and very funny.",positive
"If you like movies that will make you think, this is absolutely one of the good ones. I always liked David Lynch and Cronenberg. They have always made high-quality movies.<br /><br />Iain Softley has directed K-PAX brilliantly. The movie tears in feelings and philosophy of the mind and world. Kevin Spacey and Jeff Bridges both delivers superb acting skills. It caught me, I did not take my eyes away from the screen during the movie. On the other hand, if you are hoping for a special effect sci-fi movie, this is not for you. The story is being dragged a bit, which can be a bit boring, but also works as a way of building up the theme of the movie.<br /><br /> Enjoy this film, I did..",positive
"The only reason I am giving a second star is for the first half of the movie. This was a good rendition of the story. I enjoy seeing a few fictional characters added to add some color to a well known story. But the second half was horrible!!! Yes there were violent aspects of this story. But the writers of this movie chose to only include the violence and forget about the good things God did for the Israelites. Towards the end of the movie Scott looked as though he were getting messages from the big giant head instead of talking and hearing from God. This rendition had some HUGE problems with deviation from scripture. And big surprise, there are no favorable deviations! Their portrayal of Moses as this screaming naked lunatic who did all of this against his will is totally false. It showed a Moses who had to scream in order to get God to talk to him. WRONG The scripture says God spoke to Moses all the time and not just after a temper tantrum. They got the people's complaining right, but failed to show that God spoke to Moses at Sinai in an audible voice that the followers could hear and believe.(Chapter 19). They also forgot the pillar of fire and cloud which guided them in the day and night.<br /><br />What was the whole Joshua thing? The righteous peace loving Jew who would not fight until Moses threatens him? WRONG (He was known as a great warrior) What about the great speech that Moses gave the army telling them God had helped them enough and now they were on their own?? WRONG (They only won through God's help as shown in their own scenes with Moses lifting his staff)And what was that sorry looking Ark of the Covenant? Instead of overlaying it with gold this movie was on a tight budget and attached little gold chips to it! Oh yeah, it was a ""molten calf"" not a straw one with little chips tacked on. Someone forgot that they came out of Egypt with a huge amount of gold tribute from the Egyptians. You wouldn't know it from this sorry looking bunch.<br /><br />By the way, the part about them slaying the Israelites after the golden calf incident says ""men"" and does not mention women and children which the movie delighted in showing the viewers. Oh yeah - Manna wasn't the only thing sent from heaven - don't forget the birds for meat. Also, the Bible mentions Jethro bringing Moses his wife and children and then says Jethro went back to his own land. It does not say that Moses gave up his family.<br /><br />Oh well, if you know nothing about the real story, read Exodus for yourself. If you know the real story, you will hate this version.",negative
"This movie is rated a classic on sentiment not on any quality of movie-making. It moves from the unlikely to the unbelievable, from the unrealistic to the ludicrous.<br /><br />The unbelievable plot revolves around an attempt by two British soldiers and a Hindu gofer to rescue a third soldier who has been captured by insurgent Indians. In the later scene we see a full regiment with drum and bagpipes marching into an ambush. In the British army, a sergeant does not order up a rescue attempt, and if you get past that, he does not attempt it with only one other soldier and an Indian servant when there is a full regiment on hand. The Indian insurgents are so incredibly inept it is laughable...there are hundreds of them but they can't hold their prisoner or kill the two rescuers, of course not. At one point we see the British soldiers throwing blocks of stone down from the battlements at the insurgents, who are scattered around the mountainside in ambush...one would have to have an eggplant for a brain to think this would do any damage. After Cary Grant as the rescued prisoner is shot, he lies on the floor looking around at the water boy...hardly the actions of someone who has been shot in the back. The water boy bravely blows a bugle (which comes from nowhere) to sound the alarm...this he does by standing up high on a wall so he can be seen and shot by the bad guys, and we shed a tear as he keeps trying to sound more notes as he is repeatedly shot and the bugle call breaks up into feeble squawks...instead of blowing the bugle while hiding behind cover as anybody with half a brain would do. This scene has deservedly been parodied in comedy sketches. If they wanted to make a Buster Keaton comedy, they should have hired Keaton and done it better.",negative
"I really have to say, this was always a favorite of mine when I went to see my grandma. And it still is. It is very, very close to the book. The way it is filmed, and the players were just all excellent! I have to recommend this movie to everyone who hasn't seen it. Almost everyone I talk to hates TV movies, but this was really great! I gave it 10/10.",positive
Okay like most Steven Seagal fans I know I not going expect a masterpiece every time he makes a film but I do expect the film to at least have some sorter budget. The main problem with the copy I watched was the terrible over dubbing I know that in some films this has to be done and I accept that but when they overdub with a totally different actors voice and keep doing this thru out the film it does take the magic of overdubbing away. Also the sets seem to be built with no care as in one scene the sliding glass top in a top secret lab has a massive crack going thru it. I was truly disappointed with this film and only hope Stevens next project will be more finished off before sending the film out for buying/renting. The story of this film had me wondering if I was watching a sci-fi film or not some parts seemed alien like but they never fully explained what was going on I found it very confusing.,negative
"I saw this by accident one lazy summer afternoon. It was playing on the family programming channel of HBO. At first I was drawn in, by what I thought was a Disney animation. But then, after a few minutes, I found myself searching for the remote, so I could find the 'INFO BUTTON', to find out what in the world was on my TV. I have nothing against Harvey F., I enjoy him in many of his films, but one thing he is not, is a voice-over artist. Sure he has one of the more unique voices in Hollywood, but it works only as a part of a bigger visual package. Attaching his voice to a cute duck made watching somewhat difficult. As for the rest of the cast, uninspired. I suppose working on this film didn't appeal to the really good voice over talent out there.<br /><br />So, weak voice talent, strong animation...who was this film targeting? Gay adolescent ducks? I don't get it. Is there really such a dearth of role-models for young up and coming homosexuals, that we must resort to animated ducks? Cute story, and like the title, this movie I found hard to love, just like an ugly duckling.",negative
"I expected this film to be a run-of-the-mill 1930's romance. Boy meets girl, they fall in love, boy loses girl, boy wins her back in the end. It wasn't like that at all. Clark Gable plays con artist Eddie with all his usual charisma and mischievous eyebrow raising. He is hiding out from the cops when he bursts into Ruby (Jean Harlow)'s apartment, to find her covered in bubbles in the bathtub, no less. Instant chemistry.She plays hard to get for a while, but a girl can only resist that grin for so long. The heat between them is evident, and there are some scenes that are definitely pre-production code! When a blackmail job goes bad and Ruby ends up in a boarding house for ""troubled girls"", she is miserable and, thanks to the ragging her roommate gives her, begins to believe that Eddie will never come for her. Harlow plays the hard-nosed, fast talking Ruby perfectly. She never lets Gable get all the good lines! There is an especially moving scene with her playing ""their song"" on the piano that is acted perfectly. The last fifteen minutes have me crying every time. A truly sweet romance.",positive
"Riding high on the success of ""Rebel Without a Cause"", came a tidal wave of 'teen' movies. Arguably this is one of the best. A very young McArthur excels here as the not really too troubled teen. The story concentrates more on perceptions of delinquency, than any traumatic occurrence. The supporting cast is memorable, Frankenheimer directs like an old pro. Just a story of a young man that finds others take his actions much too seriously.",positive
"If the Lion King was a Disney version of Hamlet, then the Lion King 3: Hakuna Matata is a Disney version of Guildenstern and Rosencrantz are Dead. Just like Tom Stoppard's beguiling film, we get to view the action from the point of view of two of the minor characters from the original: Timon, the meerkat with a penchant for breaking into song at the drop of a hat, and Pumbaa, the warthog with flatulence issues. By following their story - rather than Simba's - we get to see why all the animals bowed down as Simba was presented from Pride Rock. We find out what made Timon and Pumbaa decide to follow Simba back to Pride Rock to oust Scar. And we find out how they dealt with the hyena's once and for all. Nathan Lane as Timon gets most of the best jokes, but he is ably supported by Ernie Sabella as Pumbaa. It is also good to hear Matthew Broderick and Whoopi Goldberg reprising their roles. Julie Kavner and Jerry Stiller lend their distinctive voices to two new characters: Timon's mother and uncle. The only downside is the constant stop-start-rewind-fast-forward device which doesn't always help to progress the story. Having said that, there is a brilliant zoom near the beginning of the movie. With more laughs than any other third-in-a-Disney-series movie, Hakuna Matata is worth watching - if only for the hot tub scene which is still funny despite being a little bit predictable.",positive
"The GREAT NEWS is that this film is now AVAILABLE on DVD from http://treasureflix.com for all those who wish to own it as well as on video.This is good news as it is one of my favourite films!<br /><br />I watched this film for the first time in the 80s and it is compulsory holiday viewing. Living in the small market town called Tewkesbury, picturesque and with its own traditions,of reenactments,and traditions we are also a cosy tight community. We are now also faced with large housing developments which threaten to destroy the Community and you can see why I love this film First of all-and most important, there are LASHINGS of snow!!!! Then there is the lovely legend of the Christmas Tree and also the Christian denouement as all the community cough up the money to help the destitute farmer save his farm and stay in the community. The evil developers-only after the money are sent packing as the whole town pledge their money to help protect what they have , which is very special. I love the way the whole community send their message to Santa via the post office which is misunderstood by the hero . He and his daughter have a long journey to make after the death of the wife and mother of the family. (There is a likely candidate for this)-even a sleigh ride and most heartwarming of all is that the taxi driver, whose engine is broken is mysteriously given a new one on Christmas morning and no-one had engineered it! There is a lovely moment where Denver sings a lullaby and an exciting search. Great gentle film for everything Christmas is really about.",positive
"The 13th and last RKO Falcon film starts with the mutual injunction by Tom Conway as Tom Lawrence alias the Falcon and Ed Brophy as Goldie of ""No dames!"" whilst they prepare to go on vacation. While you're still wondering what they're going on vacation from as they hadn't had a job since the beginning of the 1st film in 1941 (with Sanders as Gay though and Jenkins as Goldie) they bump into a woman and get dragged into a seedy industrial espionage caper.<br /><br />They promise to help her when her uncle is murdered, by taking an envelope containing the details of a formula to make substitute industrial diamonds to his business colleague in Miami. Suspect everyone here except the cops here who are after Lawrence  and Goldie for the murder. To console himself Goldie keeps paraphrasing travel brochures: ""On the coldest day you can always enjoy the warmth of a nice cosy electric chair"" for one. Some nice languid atmospheric nightclub scenes rub shoulders with some especially bad behaviour from the baddies. Favourite bit: the dignified game of hide and seek/hunt the thimble the imperturbable and suave Lawrence has with the baddies on the sleeper train. Least favourite bit: the most embarrassing scene in the entire series in the alligator wrestling hut  definitely thrown in for the kids!<br /><br />All in all not the best in the series but yet another entertaining outing, with an overall satisfying plot and many episodes even in this that make me wish they could have gone on for just a few more years as Columbia did with Boston Blackie, although RKO were churning these out faster. Absolutely no sex, not much violence (in fact none at all by today's high standards), and positively no message all make this type of film anathema to serious people who can only regard movies as an art form that must depend on these three pillars.<br /><br />Three Diet Falcon's were made later with John Calvert in the title role, I don't mind them but could never bring myself to count them into the main series, which Tom Conway had made his own by this time. Sad also that it was all downhill after this for Conway, who moved into TV, voice overs and even played Norman Conquest in Park Plaza 605 rather well in 1953. He also developed serious eye and alcohol problems  I don't know if they were linked  wound up poverty stricken and after a spell in hospital in 1967 was found dead in his girlfriend's bed. For us folk that want to at least we still have his 10 entertaining Falcon's plus a number of other worthy, even classic RKO movies from 1942 to 1946 with which to remember him by.",positive
"Well, Killshot is not awful, but it comes close. Production values are decent and the main actors do a pretty good job (except for Rosario Dawson in a wasted role), but the story is just pathetic. I don't know if the Elmore Leonard book had such dumb characters,since I haven't read it, but I'm guessing that the book was supposed to be at least slightly humorous. The movie has no detectable humor. After the first twenty minutes, you'll be yelling at the screen, ""Oh, come on! Nobody's THAT stupid!!"" In a nutshell, and without any spoilers, everybody acts in a manner convenient to the plot, which makes no sense anyway. A very frustrating and unrealistic movie, which may account for it sitting on the shelf for as long as it did.",negative
"Let me give a quick summery of the film: A rotten, rude kid named Max stumbles upon a radio that contains Kazaam: a rapping genie. Like all genies, he grants 3 wishes but, being good natured, also helps Max with his personal life, as he has to deal with bullies and a father mixed up in organized crime. During all this, Kazaam raps from time to time, (also showcasing Shaq's dismal rap skills).<br /><br />This movie proves what we all know: Athletes need to stick to sports. I admit that it never looked like an Oscar-worthy movie, but EVERYTHING about this waste of film is horrible. The characters are either unlikable or stupid, the plot is not even worth mentioning, the dialog is a joke, and Shaq is only a quarter of the problem. Hell, even if Denzel Washington played Kazaam this movie would still be a joke. I know that the movie only drew ANYBODY was because Shaq was so big (no pun intended) at the time. I honestly cannot think of a single positive thing to say about this waste of time. Shaq should have put the time had used to make this movie toward practicing free throws.",negative
"This film was embarrassing in its clichés, poor acting and generally low production values. It starts out badly with the long haired 3 star general calling the hero, Masters, ""major"" when he is obviously wearing the silver oak leaves of lieutenant colonel. But what was most distressing was the crew of soldiers on Neptune Atoll. How out of touch with any kind of reality can you get? They were all experts on flying a 747 and the scenes of the soldiers digging the ditch were beyond comical.<br /><br />WARNING: THIS FILM IS DANGEROUS TO YOUR INTELLECTUAL HEALTH! WATCH AT YOUR OWN PERIL!",negative
"Also known as the Big Spook War. The Great Yokai War is Miike's attempt at a family film and damn fine job he does as well. The problem is that I can't imagine many parents wanting to subject their children to this movie. The best kids movies are the ones that are scary or have mildly disturbing imagery, Neverending Story and Return to Oz spring to mind, but in the case of the Great Yokai War Miike probably takes things a little too far. In fact at the screening I was at the person introducing the movie reiterated to the two families there that it was probably not very suitable.<br /><br />The film kicks off with the young hero of the piece introducing himself and explaining about his current family problems. This brief moment of mundanity is sharply broken as a cow gives birth to a calf with the face of a human whom screams that something horrendous is coming before falling dead like the abomination it is (it is quite possible that the sheer hideousness of the creature is some bizarre Quato homage).<br /><br />Following an incredible introduction for main baddie Kato, and his henchwoman Agi (a surprisingly attractive Chiaki Kuriyami), by way of an apocalyptic army raising. The story reverts to normal for a while, but it doesn't take long before any and all logic goes down the drain and the young boy teams up with a group of Miyazaki rejects to take out the evil sorcerer.<br /><br />The plot of the movie is fairly basic and surprisingly hackneyed at times, the entire chosen one just seems completely out of place in a movie which so regularly breaks clichés, but is aided by a simple awe inspiring vision of a magical world. This really is a Miyazaki movie made into a live action movie, albeit a much seedier and more vicious than usual Miyazaki movie.<br /><br />The film is simply a joy to look at the designs of the Yokai is colourful, and largely practical, while the evil robotic monstrosities while not displaying the best CGI in the world have a practicality and menace to them which gives them far more of a palpable threat than you would imagine.<br /><br />The cast is uniformly excellent, they just make their characters seem perfectly natural which is commendable when you consider that most of them are in full body makeup or latex suits. Even Agi lumbered with a ridiculous beehive comes across as sultry and deadly thanks to surprisingly excellent acting from Kuriyami.<br /><br />While the film does have many elements which put it firmly into family movie territory; cute creatures, junior heroes, a thoroughly evil villain, a sense of mischief and adventure, and a telling lack of violence. There are elements which make you question whether Miike should have directed such a movie.<br /><br />The robot army is a genuinely terrifying menace everyday items warped into monstrous beasts that look like T-101 sans skin and with added chainsaws. These beasts rip characters to pieces; suck creatures into their blood stained mouths, and abduct children from their homes by swiping them right from under their parent's nose before indulging in a little patricide.<br /><br />The creation of the creature is equally arduous for young minds. The Yokai, essentially the heroes, are feed into a giant furnace full of a liquidised form of hate which corrodes the Yokai's flesh and forces their angry souls to possess lumps of metal. If kids thought smouldering Anakin was bad wait til they see a man sized hedgehog burning to death in a vat of molten hatred for a minute before being turned into an abomination of a motorcycle. There is also limb severing, in one case a severed hand twitches in front of the camera dripping with blood, a fair amount of sexual energy (Agi wears one dress designed specifically for fan service and seems to only have sleeping with Kato as motivation, while the Princess of the Rivers wears next to nothing and gets her thighs groped by the young hero in several scenes), and general humour which will go right over the heads of those that this technicolour wonder was seemingly designed for.<br /><br />Spoilers An Example of this being that the Yokai only become interested in the final battle when they think it is a big party. The subsequent battle more of a festival than anything, complete with beer, crowd surfing and moshing. Also a scene where Agi beats the tar out of a cute furry creature seems designed to appeal to the masses jaded by pokemon overkill.<br /><br />End Spoilers At the end of the day The Great Yokai War is easily on of Miike's stronger recent films. While it lacks some of the perverse charm of say Gozu or Ichi it is just continually pushing the audience down a road of general insanity. In fact this is easily Miike's most deranged movie in that he embraces the sheer magic of the subject so wholeheartedly.<br /><br />Well worth a watch just for the occasional flash of Gogo arse.",positive
"A tight-knit musical family, cranky-benevolent father and four vivacious adolescent daughters, is up-rooted by, first, the appearance of Felix, a dashing young composer, and, secondly and most profoundly, Mickey, his insolently attractive orchestrator friend.<br /><br />It takes a while for Michael Curtiz to get this piece of Americana floating. The first part looks almost like a paraphrasing of a cereal commercial, not without a certain quaint, highly bourgeois charm, and then John Garfield enters the scene as the doomed Mickey, making his first appearance in motion pictures, with mussed-up black curls, sleepy, hung-over eyes, rude and disheveled, the absolute opposite to Jeffrey Lynn's smoothly persuasive, madly charming Felix. Garfield is in complete, and DIRELY needed, counterpoint to the rest of the household (""Nothing I would do would surprise me"", he muses), and suddenly the movie becomes interesting, although I agree with critics that find the plot-turns insufficiently motivated.<br /><br />The four sisters are rather blandly played and seriously underwritten, but Claude Rains as the pater familias has his moments.<br /><br />Watch it for Garfield, though, he is the only really lasting thing about it.",positive
"This is one of the finest films to come out of Hong Kong's 'New Wave' that began with Tsui Hark's ""ZU: Warriors of Magic Mountain"". Tsui set a tone for the New Wave's approach to the martial arts film that pretty much all the directors of the New Wave (Jackie Chan, Sammo Hung, Wong Jing, Ching Siu Tung, etc.) accepted from then on as a given; namely, the approach to such films thenceforth would need more than a touch of irony, if not outright comedy. ""Burning Paradise"" put a stop to all that, and with a vengeance.<br /><br />It's not that there isn't humor here; but it is a purely human humor, as with the aged Buddhist priest at the beginning who somehow manages a quick feel of the nubile young prostitute while hiding in a bundle of straw. But this is just as humans are, not even Buddhist priests can be saints all the time.<br /><br />When irony is at last introduced into the film, it is the nastiest possible, emanating from the 'abbot' of Red Lotus Temple, who is a study in pure nihilism such as has never been recorded on film before. He is the very incarnation of Milton's Satan from ""Paradise Lost"": ""Better to rule in Hell than serve in heaven!"" And if he can't get to Satan's hell soon enough, he'll turn the world around him into a living hell he can rule.<br /><br />That's the motif underscoring the brutal violence of much of the imagery here: It's not that the Abbot just wants to kill people; he wants them to despair, to feel utterly hopeless, to accept his nihilism as all-encompassing reality. Thus there's a definite sense pervading the Red Temple scenes that there just might not be any other reality outside of the Temple itself - it has become all there is to the universe, and the Abbot, claiming mastery of infinite power, is in charge.<br /><br />Of course, fortunately, the film doesn't end there. Though there are losses, the human will to be just ordinarily human at last prevails. (If you want to know how, see the film!) Yet there is no doubt that, in viewing this film, we visit hell. Hopefully, we do not witness our own afterlives; but we certainly feel chastened by the experience - and somehow better for it over all.",positive
"Having been born and raised in Odessa, and having graduated from the ""other"" high school in the late 70's, Odessa High School, I had mixed emotions about this movie. I no longer live in Odessa, but will always be a Texan at heart. I didn't like the way that this town of 80,000 plus was portrayed as a dirt poor small town. If I'm wrong about this, please feel free to correct me, but I believe OHS also plays in the town stadium, and the ""Home of the Permian Panthers"" sign that was shown at the stadium used to be at the practice field at Permian. I would have liked to have seen a little acknowledgment about the cross town rivalry of the big game in town every year, OHS vs Permian. I am curious why the outcome of the game was altered though, I think it would have been just as dramatic if the real outcome was portrayed. Overall, the movie was okay, made me a little homesick, remembering the ""good old days"" of MOJO.",negative
"I've enjoyed this movie ever since I first saw it in the theatre. Some movies have a cast of characters and a script that come together in perfect synergy, and this is one of them. The characters illustrate some truths about getting the best out of people, working together harmoniously, building a team and achieving goals, without ever preaching morality. The situations are crafted well and are consistent with the movie's opening premise. The tension builds nicely and the humor is clean and consistent throughout. The movie manages to pull me right in to root for the characters, and to laugh pretty well all the way through. This is a feel good movie as good as they come.<br /><br />What amazes me is that a movie which appears so simple can be so long term entertaining. The music is a perfect copy of music in the typical serious post war navy movies, which helps to create the humor and point out that greatness is in the eye of the beholder. The scenes in the credits are a great music video of ""In the Navy"", which deserve their own full screen special feature. The scenes and cuts are crafted well, and the casting and acting is right on.<br /><br />This movie is a classic as great as any ever made, without any pretensions. In fact, the lack of pretension is what makes it so much fun to watch. I love these guys and gal.<br /><br />The other day I thought of the film, and wondered whether it was available on DVD. Good fortune has come to us, and the DVD came out in May 2004. I headed to the store, and snapped up a copy. Then my wife and I enjoyed another hilarious night in front of the big screen. I've rated this movie as a 10 because it comes together on all levels, far better than many high budget films and Oscar winners. This is entertainment.<br /><br />Listen up Fox home video: you have a great movie in your vaults, and it's a shame to find a cheap shot DVD with badly degraded off tint colors only 8 years since release. So why not restore the colors and present the film as it was meant to be seen? I'd gladly pay a few bucks more to get the picture right. I'm grateful to have my own copy. Now give us the eye candy that the film deserves, and how about recreating the credit sequence as a full screen music video special feature.",positive
"I considered myself to be quite melancholy, especially when I watch a great touching and tear-jerking movies. But not for this one (which surprised me!) and it is also really surprising me to see how many people praised this movie so highly.<br /><br />There are several disturbing facts throughout the movies: 1. Despite guilt-ridden Ben's real intention to save 7 lives to redeem his past, I find it disturbing that the film seems encourage this type of suicidal action. Some people may perceive this is a heroic action and some others think he behaves cowardly, in the end this was a disturbing action to me.<br /><br />2. The movie story line is over-dramatized, but the logic is over-simplified. Medically, blood type match is required to be an organ donor. Toward the end of the film we learnt that Emily had rear blood type that limited her chance to get the donor within short time period. Nevertheless, it seemed that Ben had the rare blood type, same as hers which allowed him to be her donor and conveniently, despite the rarity of Ben's blood type, he was able to donate not only his heart, but also his kidney, his cornea and his bone marrow which in all cases require not only matching blood type but also tissue antigen.<br /><br />3. Why the doctors allow Ben's organs being donated despite the jellyfish venom he used to kill himself?<br /><br />I might be over-analyzing the whole story as after all this is just a movie. However, some disturbing facts outlined above hopefully will help you reconsider your plan to go to watch this movie. If you go for a soap-opera type of film, go for it. But it you go seeking for an intelligent entertainment, give this one a miss!",negative
"Dutiful wife Norma Shearer (as Katherine ""Kitty"" Brown) waits on husband Rod La Rocque (as Bob Brown) hand and foot. While making him breakfast in bed, and helping him dress for a Sunday golf outing, Ms. Shearer suggests joining Mr. La Rocque for the day, noting how infrequently the two see each other. But, La Rocque puts her off, saying her presence adversely affects his game. Then, unexpectedly, Shearer meets the real reason for her husband's frequent absences his pretty blonde mistress!<br /><br />Three years later, Shearer is a glamorous and flirty divorcée. While summering in Paris, she has struck up a friendship with wealthy, older socialite Marie Dressler (as as Mrs. ""Boucci"" Bouccicault). Ms. Dressler invites Shearer to her Long Island home, to socialize with some friends, and ask a favor. Dressler is worried about her granddaughter's relationship with a suave, worldly man. She wants young Sally Eilers (as Dionne) to marry Raymond Hackett (as Bruce), instead. Aware of Shearer's flirtatious conquests, Dressler asks her to lure the undesirable man away from Ms. Eilers. Shearer is stunned to discover the man is La Rocque, her ex-husband.<br /><br />Shearer and Dressler make this a cute, entertaining play. They are in top form, giving guaranteed-to-be-popular performances, with enthusiasm and professionalism. The story is silly and predictable; yet, in a way which helps the humorous situation. And, the ending is quite clever. In fact, the comic ""Let Us be Gay"" may have aged better than Shearer's larger-produced, and more serious, ""The Divorcée"", which was released around the same time. The cast uniformly fine. La Rocque is better than his film with Lilian Gish; but, his role is not at all endearing. Gilbert Emery (as Towney) and Tyrell Davis (as Wallace) are funny supporting suitors.<br /><br />Those not familiar with Norma Shearer may not realize it is she who appears as the dowdy wife in the opening scenes. This is Shearer as ""Kitty"" before her make-over. Watch the close-ups of Shearer with light, natural make-up, for a good look at an intriguingly beautiful woman.<br /><br />******* Let Us Be Gay (1930) Robert Z. Leonard ~ Norma Shearer, Marie Dressler, Rod La Rocque",positive
"This excellent drama had me in suspense the whole time. I could not take my eyes off the screen for one second because every word kept connecting the pieces to this puzzling murder. This movie really touched me because it showed how sad and hard life can be. I really did cry in the end (which I don't want to give away!) It also let me realize how cruel and sickening people can be when it comes to murder. <br /><br />The cast was also very good. The only bad cast member was the actress who played Anne Marie. The actress did a great job, but the director didn't. I say this because he found someone who didn't look a single bit like Anne Marie Fahey herself.",positive
"This film may have a questionable pedigree because it was made for TV, but it is one of the best movies I've seen. The film and its actors won several awards. It is gripping, fascinating, and it will absorb you completely. The story of a chase for a killer in iron-curtain Russia by people who are willing to risk their careers to try to save lives of future victims would be a compelling story if it were fiction -- but it's ostensibly a true story. I highly recommend it.",positive
"This would've been a *great* silent film. The acting really is good, at least in a Look Ma, I'm Doing Really Big Acting! sort of way.<br /><br />Everything is HUGE. Every line is PROFOUND! Every scene is SHATTERED BY HUMAN TRAGEDY!<br /><br />Mostly, I felt like gagging. Yet, like any train wreck, I couldn't tear my eyes away. This dialogue might've worked on the stage, although I doubt it. On the screen, it was cluttered, haphazard, hackneyed and pretty much every other stereotypical negative adjective you can come up with to describe a really bad dramatic work.<br /><br />If you enjoy your melodrama in huge, heaping doses, you *might* enjoy the movie. Be prepared to wait, however. For all that melodrama, this thing sure plods along at its own pace.<br /><br />This script must've sounded a lot different when the actors involved were reading it to themselves. It simply doesn't work once they get around to delivering it in front of the camera.<br /><br />IMDB does us a great disservice, at times, when it uses its goofy computer-controlled ""weighted score"". Curse of the Starving Class deserves less than a 1.<br /><br />Character-driven fiction is great, but when you develop your characters by simply pushing them through hoops with no plausible explanation for their maturation or evolution, it isn't character development! Your characters must have a motivation. Being drunk for a while and waking up in a field is *not* character development. That's a plot contrivance.<br /><br />Stay away from this movie. Or at the very least, watch it muted. Perhaps you'll get some amusement from all the arm-waving the characters do.<br /><br />Oh, and word to the wise -- to prove that this is truly an artsy film, you see James Woods in all his dangly male ""look-at-me, I'm-the-figurative-and-literal-representation-of-the-naked-vulnerability-of- man"" glory.<br /><br />Don't say you weren't warned.",negative
"This is an excellent film, but Momento (Nolan's other big budget film) is much better . I would recommend people go to see Momento and then if they like that, see this film. THe film is shot in black and white which I was a bit annoyed with at first but once into the film you understand black and white is the best way for the film to be seen. It is extremely gripping and reasonably easy to understand even though the way it is made is extremely clever. Elements of the storyline i think are a bit daft but the film is definitely worthy of a second viewing. To conculde the film has a clever plot, clever twists and turns, very good acting and bearing in mind the budget of the film I have to say that it is pretty amazing.",positive
"OK. So it can be done! We have here the perfect vampire movie. Gothic, beautiful. With all the ingredients. A realistic vampire. A wonderful story. Take note - I am from Transylvania and I assure you, this movie respects the vampire lore! It's exactly like the tales I heard in my childhood. For a transylvanian, it is quite... believable. You must see it, if you are interested by real vampires, as they were depicted in medieval chronicles and not how are they done in recent Hollywood movies (as far as I can guess, the Hollywood problem is they mix vampires with the incubus - which is pretty hilarious for me. Vampires are never good-looking or attractive, they can inspire only horror and repulsion. The incubus - called in my country The Night Flier, is the one beautiful demon which kills his victims by loving them.) I strongly recommend this for any Gothic person out there! See also the sequels, they are all 4 very good! And of course, don't miss DArk shadows! Something similar is Nosferatu In Venice with Klaus Kinski. I recommend that one to.",positive
"I had not seen the movie trailer when I went to see the movie, instead I based my judgments on a friend's opinions. Now I like Chris Rock and his comedy, but this movie just falls flat on its face.<br /><br />During the movie Rock delivers a couple of funny jokes, but unfortunately the movie is sorely lacking in comedy. The movie seems want to integrate both laughter and love into one, and it that endeavor it fails. The love story in the movie is straight forward (luckily), but it detracts too much from the movie by making Rock serious and bland. After all, the movie is first and foremost destined to be a comedy, where laughter should be the primary concern. Not much of that in the movie.<br /><br />The plot is also pretty uninteresting as a whole. Some parts were discontinuous altogether. If the supporting cast were meant to be funny, they certainly didn't do a good job. The couple of angels from heaven tried to make a couple of jokes, which were dry and dull. Rock's first incarnation's couple of underlings were also bland. If there's one thing they did do right, though, they made Rock seem funnier by comparison.",negative
"I can't quite say that ""Jerry Springer:Ringmaster"" is the worst film I have ever seen. The film would be better off if it were, because at least the worst film I've ever seen, (Prom Night II) interested me enough for me to hate it. My only reaction after leaving the theatre happened when I looked up at the clock and discovered that only 90 minutes had passed. It had seemed much more like years. It is an endless repetition of poor people, (or what Jerry Springer seems to believe poor people are), screwing each other, hitting each other, insulting each other, and then repeating the process with the same attention to duty the rest of us use when shampooing. The plot, which covers how a group of stupid people mangle their lives badly enough to provide grist for the Jerry Springer mill, advances solely because of the idiocy of the characters. This makes it impossible to care what happens to them. It never mattered to me whether they got on the show, or what they said, or who slept with whom. Maybe I'm not supposed to care about them. Maybe I'm supposed to look at them as some kind of comic type-- to see their outrageous behavior as inherently funny. Too bad it isn't. The humor is not outrageous. It's innocuous. It's predictable. Humor has to have something behind it, some kind of painful irony or life experience, in order to function. Scatology is not wit. An example. A mother catches her daughter and her husband in bed. To take revenge she marches across the trailer park and gives oral sex to her daughter's boyfriend. Since I was over the shock of Jerry Springer's show a long time ago, I had the same reaction I had to Andrew Dice Clay's obscene nursery rhymes; not laughter, just yawning. Lastly, I found Springer's pose as a populist tiresome and unconvincing. If he really were an advocate of the poor, he would bring on a single mom from Bed-Sty to talk about trying to raise her kids in New York City on $12,000 a year. Or, failing that, he would at least give the participants of his shows a cut of his profits. Jerry Springer gets millions for his shows, his movie, his book and videos. His guests just get round trip air fare, hotel accommodations, and a chance to humiliate themselves. If he liked poor people so much, he'd give them at least some of the money they earn for him. It appears that Springer wanted to make this movie to grab some legitimacy for himself. Jeez, with all his fine work, you'd think he'd have earned our respect already. Anyway, the film is weak and boring. It doesn't even succeed at being offensive. If you want to have a better evening, videotape a bug zapper for a night and then watch that.",negative
"This is a way cool fantasy movie. One of my faves, it really is so cool. The director is Bernard Rose who went on to direct Candyman, he made a great start with this film.<br /><br />The film about a girl called Anna who falls ill with glandular fever on her 11th birthday. She draws a house on a shred of paper from her exercise book and falls into a dream in which the house is real. Each subsequent dream that she has is altered by the presence of whatever she adds to the picture. In her third dream she meets a boy she thinks she has created called Mark. She befriends him and their relationship becomes stronger as the dreams become darker and scarier.<br /><br />Charlotte Burke who plays Anna is a terrific actress and it is very strange that, after just one film, she should disappear and never be in anything ever again. She really does give a great performance in this film.<br /><br />Hans Zimmer's score is also ace. Much like Broken Arrow, the music is ghostly and mysterious. It's a real shame that the soundtrack is not available on CD anymore. The DVD is available in R2 only.",positive
"in 1976 i had just moved to the us from ceylon. i was 23, and had been married for a little over three years, and was beginning to come out as a lesbian. i saw this movie on an old black and white TV, with terrible reception, alone, and uninterrupted, in an awakening that seemed like an echo of the story. i was living in a small house in tucson arizona, and it was summertime... like everyone else here, i never forgot the feelings the images of this story called forth, and its residue of fragile magic, and i have treasured a hope that i would see it again someday. i'll keep checking in. i also wish that someone would make a movie of shirley verel's 'the other side of venus'. it also has some of the same delicacy and persistent poignancy...",positive
"Take away all parts of the movie that were ""present"" day and stick to the flashbacks. Then you would have had a great story. Faith and Wolf's story and their relationship was the best part. Diaz and Eccleston were wonderful. Brewster was ponderous to sit through. Surprised to see Blythe Danner as mom. She was great. Also look for Patrick Bergen as the father, always like him (Sleeping with the Enemy). This is a very hippy, save the world, kind of film. Don't care for it much, but I recommend seeing it for Diaz's performance alone. She has excellent range and it should be used more. Eccleston is, as always, compelling. He's wonderful!",positive
"You've got to think along the lines of Last Tango in Paris for this one because the mood and emotion runs along the same lines and maintains the same heights - the difference being that in this exceptional, intense and torrid depiction of love among the ruins of a Dostoyevskyian dispossessed the setting is a gay-subcultural milieu - perhaps even one that is set to vanish in time, and not the equally arresting but heterosexual context of Bertolucci's own film.<br /><br />The last third of this film depicts a passionate love never seen in gay cinema. To talk of pornography or gay self-effacement misses the point and intelligence of this work. This film, though on first impression appears to take us into the familiar & often depicted underworld of gay street-life, then precedes to subvert the rules of this genre by exaggerating it to a super-real degree. The result is a hyper-charged emotional heightening - an exceptional strategy that elevates the drama to one of big universal themes and giant gestures.<br /><br />This film snatches the high ground because of the brilliant performances by it's actors, notably a young Jean Hugues Anglade and the directing. A tour- De -force of cinema. Outstanding in ambition and it's unceasing plummet into the depths of human emotion. As a contribution to gay cinema, this film conquers this difficult ground and makes it it's own triumph.",positive
"THE CELL (2000) Rating: 8/10<br /><br />The Cell, like Antz, must be watched twice to be appreciated. The first time I saw this film I thought it was mediocre, but the film had such a lasting impression on me after viewing, I decided I had to rent it again. I did, and I found the film to be much more likeable. The Cell is not for everyone, but it divides its stories up with quality and is a visually intelligent film that dreams up images and plot ideas that could not be matched. The film's script can be clunky at times, as can the acting, but the visuals are ingenious and bring the engaging story to an exotic and intriguing life. The Oscar nominated makeup is also daring and careful, while the beautiful costumes and utterly brilliant set decoration went unnoticed. Tarsem Singh who has also directed music videos, goes totally crazy with his direction and it results well. He has major talent and this film has a lot of potential if you give it a chance. Overall, The Cell is a powerful, disturbing and avoids being too tacky which makes it a great, pleasurable watch.",positive
"Honestly I can't understand why this movie rates so well here, nor why Bakshi himself thought it was his finest film. I'm a huge fan of Bakshi's earlier work - particularly 'Heavy Traffic' and 'Wizards', but frankly 'Wizards' (1977) was the last good film he made. After that he turned to the mainstream, beginning with the diabolical 'Lord of the Rings' and then knuckling down with sword and sorcery heavyweight Frank Frazetta, for 'Fire and Ice'.<br /><br />What can I say? The story is puerile, the animation is TV quality - I insist that it's considerably worse than his 70's stuff - and whereas 'Wizards' had real imagination, quirkiness, some gorgeous background art, and an underground, adult sensibility, 'Fire and Ice' is just designed for 14 year old boys, and has the intellectual clout of Robinson Crusoe on Mars.<br /><br />Yes, if you liked the Gor books, you might like this. In my view though, this was just another blip in the slide in quality after 'Wizards' from which Bakshi never recovered (though he's done some decent TV stuff fairly recently)<br /><br />4.5 out of 10",negative
"although i liked this Western,i do have to say,it's not one of my favourite John Ford Westerns.for me,it just lacks a certain something that most of his other films(the ones i have seen anyway)possess)i'm nit sure what that something is.it's not something tangible.anyway,the gist of the story is about a Mormon wagon train which is being used by a band of outlaws as a hideout from a pursuing posse.Ford employs a lot of his regulars here.there are some interesting characters,some nice scenery,a bit of action,and excitement.it all adds up to a watchable experience.it's certainly not boring.just not quite up to the usual John Ford standard.for me,Wagon Master is a 7/10",positive
"I wouldn't be so quick to look at all the good reviews and say this might be a good show..This show is only good if you don't know what ""talent"" is..I won't even say how offensive it is (I know it can be offensive to a lot of people) because thats not really what bothers me about the show.. What bothers me is that people watch this and think it's funny..It makes me feel like our generation is getting to stupid and I'm actually scared that it will one day be run by people who watch this garbage..<br /><br />Basically the plot is simple..it's about an offensive,self centered,spoiled women(Sarah Silvermen) getting through everyday life..<br /><br />Thats it..Like that hasn't been done a million times..In fact almost every joke either has been done or is racist..<br /><br />Sarah also likes to sing..I like her voice..thats it..not the lyrics..The lyrics are dreadful..which she likes to sing about a lot of things..<br /><br />If you like to see a hot women put everyone else down and make them feel like crap while at the same time farting and saying crap about every race then this show is for you..",negative
"This movie causes more unintentional laughter than anything else I've ever seen. Really, if you are a Tolkien fan, rent it just to laugh at it with your friends. I won't be the millionth person to rip apart its flaws... all I will say is that the movie (for me, anyway) lost major points for turning my favorite character, Sam, into a bumbling idiot. Shame, shame... 3/10",negative
"I just saw this at the Toronto Film Festival, and I hope it gets wide release because I want to see it again! It is a character-driven film, and Andrew and David are more than up to the task. Any discussion of the plot might be<br /><br />considered spoilers, so I'll just say that the storyline is clever, the acting is superb, and the effects are amazing. Well-filmed and well-paced too. One of the best films I have seen in ages, and very refreshing in this summer of dreary<br /><br />movies. It had the audience laughing the whole time. See it if you can. (I particularly liked the ""Candy bar! Candy bar!"" scene.)",positive
"I gave Timecop a perfect 10, I gave this 1<br /><br />It's story is very boring, and it has only little to do with the original Timecop. Lots of things from Timecop was scrapped, and they put in new stupid stuff instead. This story is taking place in 2060 (if I remember correctly), but for some reason the timetraveling is now more dangerous :confused:<br /><br />And the action scenes are nothing to be happy about, well most of them aren't... only the first one is great... and there aren't many action scenes at all, and they're all pretty short<br /><br />At one point in the story, the main character travels through time about 5 times within a few minutes... no wait, make that two times...<br /><br />In short: Don't waste time watching this movie, it's not worth it",negative
"It would be great if a discussion on this medium length film is initiated with a brief tale about hypocrisy of Hollywood people.It was in 1988 that Chuck Norris saw this film at Cannes International Film Festival.He made a silly remark by uttering that the senseless killing depicted in Dekalog 5 is far more effective than killings which have been filmed in his Hollywood films with him as a potent action star.He was speaking about an innocent taxi driver whose face is brutally disfigured in Kieslowski's film by a reckless psychopath who hits him cruelly with a big stone.There should be absolutely no justification for violence and its perpetrators in a dignified human society.This is the reason why Chuck Norris' statement appears as a cruel joke which defends violent means in a society which is increasing becoming restless.An honest reviewer would not be making a mistake if he/she states that Kieslowski's film ""Dekalog: Dekalog,Piec (#1.5)"" has universal connotations.This is because the events depicted in Dekalog 5 can happen in any part of world.The best lesson which Kielowski gives to us concerns levels of violence which are acceptable in a just society.This is the reason why the brutal slaying of an innocent cab driver is capable of causing a feeling of repugnance in us.We would not feel the same hatred for homicide when it appears in films featuring Arnold Schwarzenegger,Chuck Norris and Jean Claude Van Damme as they appear much too artificial.One can easily grasp that special effects and modern studio techniques can charm only toddlers but make no sense to serious film enthusiasts.Kieslowski also champions helplessness of human beings in rescuing fellow humans beings from the clutches of death and misery.This is particularly interesting as time and again it has been proved that strict laws and capital punishments have not been able to prevent homicide.",positive
"The Cat in the Hat is just a slap in the face film. Mike Myers as The Cat in the Hat is downright not funny and Mike Myers could not have been any worse. This is his worst film he has ever been in. The acting and the story was just terrible. I mean how could they make the most beloved stories by Dr. Seuss be made into film and being one of the worst films of all-time and such a disappointment. I couldn't have seen a more worst film than this besides, maybe Baby Geniuses. But this film is just so bad I can't even describe how badly they made this film. Bo Welch should be fired or the writer should. <br /><br />Hedeen's outlook: 0/10 No Stars F",negative
"this movie is so bad. but its so bad that i was laughing my ass off. for people that like movies, do not watch this one. for people who like movies good and bad, i recommend this one. the story lines shaky,the script is horrible,the acting is horrible to mediocre. the soundtrack throughout the movie was corny but i loved it. the cool catchphrases were a plus tho. ha ha. ""if it can bleed, it can die"". the fight scenes cracked me up. it seemed to me like they spent more time on those parts than any other cuz the fight scenes for the most part were pretty clean. i almost feel like this movie could have been good if it weren't for the f/x....no it would have still been a crapshoot. the eye thing was corny. and how the chick was eating the guys stomach in the kitchen,they coulda done something where shed be actually eating something or at least put more of the fake blood on her face. and the lighthouse explosion disappointed me. i thought they might have gotten real fire instead of crappy computer synthesized stuff. and the ending was so predictable, which surprised me when they actually did what i though they might do. so overall. id say this is a classic as far as crappy movies go. its in my bottom 5.",negative
"With looks that could kill, and a willingness to display her charms, Paget's sensuality leaves no doubt as to where her assets lay... <br /><br />She plays a sultry-innocent 13th-century princess who rouses her people to save Egypt from the ambitions of a powerful Beduin (Michael Rennie) and joins her forces with the son of the Caliph of Baghdad (Jeffrey Hunter) to save her trembling throne... She also finds time to fulfill a great deal of exotic dancing... Her luscious legs make her hard to forget!<br /><br />The emphasis is not on the plot, but on the visual pleasure of a great number of beautiful girls in sensual Technicolored costumes...",positive
"Intended as light entertainment, this film is indeed successful as such during its first half, but then succumbs to a rapidly foundering script that drops it down. Harry (Judd Nelson), a ""reformed"" burglar, and Daphne (Gina Gershon), an aspiring actress, are employed as live window mannequins at a department store where one evening they are late in leaving and are locked within, whereupon they witness, from their less than protective glass observation point, an apparent homicide occurring on the street. The ostensible murderer, Miles Raymond (Nick Mancuso), a local sculptor, returns the following day to observe the mannequins since he realizes that they are the only possible witnesses to the prior night's violent event and, when one of the posing pair ""flinches"", the fun begins. Daphne and Harry report their observations at a local police station, but when the detective taking a crime report remembers Harry's criminal background, he becomes cynical. There are a great many ways in which a film can become hackneyed, and this one manages to utilize most of them, including an obligatory slow motion bedroom scene of passion. A low budget affair shot in Vancouver, even police procedural aspects are displayed by rote. The always capable Gershon tries to make something of her role, but Mancuso is incredibly histrionic, bizarrely so, as he attacks his lines with an obvious loose rein. Although the film sags into nonsense, cinematographer Glen MacPherson prefers to not follow suit, as he sets up with camera and lighting some splendidly realised compositions that a viewer may focus upon while ignoring plot holes and witless dialogue. A well-crafted score, appropriately based upon the action, is contributed by Hal Beckett. The mentioned dialogue is initially somewhat fresh and delivered well in a bantering manner by Nelson and Gershon, but in a subsequent context of flawed continuity and logic, predictability takes over. The direction reflects a lack of original ideas or point of view, and post-production flaws set the work back farther than should be expected for a basic thriller.",negative
"i just glanced over another comment posted here in which the writer discusses the disturbing ways the teenagers in this film use the body of their dead friend. one overlooked in this statement is perhaps the most unsettling of them all, no surprise it's what crispin glover's character (layne) does. he is thrilled over one of his friends murdering another friend of his, the killer's girlfriend. not because layne did not like this individual, rather he is excited about her death because it gives him something to do. this poor boy is bored in life, and dead inside, that a murdered friend is something to get excited about because it provides him with something to focus on.",positive
"I'm surprised with the amount of negative reviews on this film. If you don't like this movie for what it is - a silly, over-the-top, mob story - then you are simply reading too much into it. This film is a classic tale of a mob wife trying to escape ""the life"" and the troubles that follow her. Michelle Pfeiffer is terrificly 80's 'jersey, who is an uncertain, uncomfortable mob wife while Matthew Modine is an anal retentive-like mob tracking cop who falls for her. The plot is mostly predictable and cutesy and Mercedes Ruel steals the show as the Queen of Mob Wives. If you aren't looking for something too dynamic and complex, this movie is absolutely entertaining and an 80's cult classic. You won't be able to stop watching if you start.",positive
"I found this film to be an utter dissapointment. The talent available to the director- notably Stanley Tucci, Chris Walken, Hank Azaria and Alan Arkin (without even mentioning the four main leads)- have been completely wasted on an unfunny, mediocre story, whose conclusion one couldn't really care about once introduced to the dire, stereo-typed characters. Julia Roberts is feeble, Zeta-Jones is just plain annoying (appearing to reprise her role from high fidelity, minus the humour), Crystal just plays his same old hyper-active, neurotic, annoying alter-ego and Cusack simply walks through his part, apparently bored with the whole project.<br /><br />For what is supposed to be a 'Romantic comedy', there is absolutely no romance between the central characters, let alone chemistry, and as for the comedy- (possible SPOILERS)well, the only moments of mild humour came off the back of Cusack's role in Grosse Pointe and his relationship with Alan Arkin- the scriptwriter obviously unable to show any originality whatsoever. (Spoilers) Azaria was reasonably amusing as the Mexican lover and Walken did quite an amusing turn as a parody of an arthouse-maverick-Dogme type director- but these parts constituted very little screen time and instead (Spoilers) we were treated to Billy Crystal having his groin sniffed by a dog. Pure genius.<br /><br />For a huge fan of the majority of John Cusack's work, not to mention the rest of the fantastic cast, I was completely let down by a film with plenty of good ideas, and at the same time completely unwilling to explore or elaborate on any of them, instead resorting to the same old genre cliches and even lowering itself to the depths of almost 'gross-out, teen-movie' humour at times.<br /><br />A very poor 4/10.",negative
"Functioning as a sort of midpoint between ""Waiting for Guffman"" and ""A Mighty Wind"", ""Best in Show"" portrays a dog show and the various people who bring their canine friends to participate. Some are weird, some crazy, and otherwise, but they all make the movie good. Director Christopher Guest is particularly funny as gay Harlan Pepper, very much trying to promote his dog. Eugene Levy, Parker Posey, Michael McKean, Catherine O'Hara, and Bob Balaban also do great jobs (I can't imagine them not doing great jobs, at least not in a Christopher Guest movie). As someone who's never attended a dog show, this movie is my main exposure to them. They sure look neat.",positive
I really like Ryan Reynolds and Hope Davis and I actually had high hopes watching this last night on DVD. Mainly as I try to avoid reviews until I watch something myself and form my own opinion Big mistake! My 2 /10 is for the first segment which in fairness is actually quite decent and if they had made the movie about the characters in section 1 alone it may have risen above the 5/10 mark.Once it moved into TV 'reality show' territory it stank to high heaven. Ryan Reynolds captured the essence of an actor on the edge wonderfully but as a gay TV writer and famous games creator / devoted family man he was definitely less effective. From the blurb on the box I expected a flashback thriller along the lines of 'Memento' - unfortunately this is nowhere near that standard of movie.,negative
"Add pure humor + quick and unique sentences + sex + unfaith sex! + love + lies + dark deadly thoughts + secret plans + fun + black humor + sex!.. again! + black dresses! (needed for the unlimited funerals!) = Eglimata!!! Or in English, Crimes!! Our Heroes are two married couples, their relatives, their friends and neighbors. There is Soso and Alekos and Flora and Achilleas, two married couples who have everything but not real love! Flora is the mistress of Alekos, and when Soso finds what's going on, she is planning with her best friend Pepi to kill Alekos and look like an accident! Many plans were made but everyone else dies except Alekos! Achilleas find's out that he has a sister who is a Hooker and tries to put her in the right road..Korina is a temptation to mens but her tries to get married all goes wrong, since when they learn her past, freaks and leave and she ends up marrying a rich farm man. As for the other roles they are like they are from Cartoons! Grandpa Aristidis which fakes that he is paralyzed, Machi is his nurse who is secretly marry to Aristidis for his fortune, Johny, son of Machi, who has it OK with everybody to have all the benefits, Michalakis who has only one purpose in life.. to suicide, but he is unable to do it so he is desperate! Every time, I see the replays and every time when it finishes I miss it.. One of my favorite All time classics...",positive
"There's something strange about the antisocial sentiment you can find in some Cheech And Chong material. One of the songs in Up In Smoke, well, I often wish more songs these days began that way. But in this excuse for a video, the stoner duo are showing us the videos for four songs from their album of the moment, also titled Get Out Of My Room. You hear a voice-over during the opening credits in which some anonymous producer describes the record as being a novelty recording that will just take up room on the charts. Unfortunately, this opening voice-over hits the nail right on the head.<br /><br />Most music recordings endorsed by the RIAA seem to keep to a rule of putting the best material early in the album. Often, when one gets past that first song, the discerning listener notices that the recording has little, if anything, to hold their attention. Bands that defied mainstream convention, on the other hand, often saved their best material for last, or at least spread it evenly throughout the disc. In this case, Cheech And Chong appear to have decided to hedge their bets. The opening piece, Get Out Of My Room, is a hilariously-themed song with an incredibly bad video. Many a viewer of a 1980s music video will find the sloppy direction somewhat nostalgic. Cheech's conception of British punk is also incredibly funny.<br /><br />Where it all goes downhill is the second number, I'm Not Home Right Now. Nothing kills interest in a song quite like repetition, and it's tough to get more repetitive than this aural turd. Honestly, one feels the urge to slap Cheech in the face and tell him that we get the idea, he isn't home right now, so please move on. The next song, along the theme of love being a strange thing, is the absolute rock bottom not only for this collection, but for Cheech And Chong in general. It's almost as if this song was made for the sole reason of padding out the album's running time.<br /><br />Fortunately, the stoner duo saved the best for last, but it is also curious to note that Chong is completely absent from this cut. Born In East L.A. is a simple number based upon the old Bruce Springsteen number that mocks Reagan's view of multiculturalism. As one is regaled by Cheech's tale, one has to wonder how many poor schleps who couldn't speak a word of Spanish were deported to Mexico simply because their skin wasn't bedsheet-white. Racism was an integral part of America's culture in 1985, and it remains so today. If anything, it has gotten worse, so one has to wonder what Born In East L.A. would be like if it were written in the current era.<br /><br />Unfortunately, two cuts does not an album make, especially when there is so much boring filler between them. The interviews before Get Out Of My Room, for example, are quite funny. Not side-splitting like much of Up In Smoke, but funny enough to justify their existence. Unfortunately, the two middle songs are reflected in their making-of footage. Boring song makes boring filler. If you cut out the middle half-hour of material from this video, you'd have something substantially better.<br /><br />I gave Get Out Of My Room a three out of ten. They are earned by the first and last video. I'm pretty certain that the stars look at material like this today and wonder what they were thinking.",negative
"I'm a Christian. I have always been skeptical about movies made by Christians, however. As a rule, they are ""know-nothings"" when it comes to movie production. I admire TBN for trying to present God and Jesus in a positive and honest way on the screen. However, they did a hideous job of it. The acting was horrible, and unless one is familiar with the Bible in some fashion, one COULD NOT have understood what the movie was trying to get across. Not only was the movie terribly made, but the people who made it even had some facts wrong. However, in this ""critique"", those facts are irrelevent and too deep to delve into. In short, the Omega Code is the absolute worst movie I have ever seen, and I would not recommend it to anyone, except for comic relief from the every day grind.",negative
"So Mary and Rhoda have aged--who hasn't? I was a teen when Mary premiered, and a ""young adult"" when it left the air. Yes, it was great to see Mary and Rho together, and yes, maybe the film didn't sustain the comedy of the original series, but there were enough moments that recalled the spirit of the series to make this a fitting tribute. Example: the producer who hires Mary and then dictates the idea for a new series about ""old people."" Isn't this typical of the mentality of present-day Hollywood TV and film ""bean counters?"" This may not be THE MARY TYLER MOORE SHOW at its best--but it's a pretty damned good look back at one of the best shows we grew up with in the 70s.",positive
"Troma founder, Lloyd Kaufman is The Crapkeeper in this anthology film made up of two films that were such celluloid feces that Llyod tried to salvage them by combining the two into one anthology film and throwing in copious amounts of nudity whenever possible. Does it work? nope, it's still crap that I'd have to scrape off my boots if I stepped in it.Will anyone like this mess? Sure, Young teen aged mongoloids with the combined IQs of a Vienna sausage have to laugh at something, I guess. For those who have brains that are even semi-functioning steer clear though and watch something less insulting to your intelligence, even ""Dude, Where's my car"" would do.<br /><br />My Grade: F",negative
Protocol is an implausible movie whose only saving grace is that it stars Goldie Hawn along with a good cast of supporting actors. The story revolves around a ditzy cocktail waitress who becomes famous after inadvertently saving the life of an Arab dignitary. The story goes downhill halfway through the movie and Goldie's charm just doesn't save this movie. Unless you are a Goldie Hawn fan don't go out of your way to see this film.,negative
"As a child I preferred the first Care Bear movie since this one seemed so dark. I always sat down and watched the first one. As I got older I learned to prefer this one. What I do think is that this film is too dark for infants, but as you get older you learn to treasure it since you understand it more, it doesn't seem as dark as it was back when you were a child.<br /><br />This movie, in my opinion, is better than the first one, everything is so much deeper. It may contradict the first movie but you must ignore the first movie to watch this one. The cubs are just too adorable, I rewind that 'Flying My Colors' scene. I tend to annoy everyone by singing it.<br /><br />The sound track is great! A big hand to Carol and Dean Parks. I love every song in this movie, I have downloaded them all and is all I am listening to, I'm listening to 'Our beginning' also known as 'Recalling' at the moment. I have always preferred this sound track to the first one, although I just totally love Carol Kings song in the first movie 'Care-A-Lot'.<br /><br />I think the animation is great, the animation in both movies are fantastic. I was surprised when I sat down and watched it about 10 years later and saw that the animation for the time was excellent. It was really surprising.<br /><br />There is not a lot of back up from other people to say that this movie is great, but it is. I do not think it is weird/strange. I think it is a wonderful movie.<br /><br />Basically, this movie is about how the Care Bears came about and to defeat the Demon, Dark Heart. The end is surprising and again, beats any 'Pokemon Movie' with the Care Bears Moral issues. It leaves an effect on you. Again this movie can teach everyone at all ages about morality.",positive
"I've seen all kinds of ""Hamlet""s. <br /><br />Kenneth Branagh's was most ambitious, Mel Gibson's was quick and to the point, Laurence Olivier's was the best - hands down. But now we come to Maximilian Schell's take on the Bard.<br /><br />For one, this is a dubbed version of a German TV production of William Shakespeare's venerable chestnut. But if there's a slower, more plodding, more lethargic and worse-staged version out there somewhere, it must have been acted at grade school-level. <br /><br />Having seen it on MST3K helps, with Mike and the robots taking jolly good jabs at the old boy, puncturing the profundity of black and white TV, Shakespeare and the wisdom (?) of Germans acting out an English play and making it look like an Ingmar Bergman reject.<br /><br />Of course, the best parts are the MST riffs. Best lines? ""I'm gonna unleash the Great Dane"", ""I don't think so, 'breather'"", ""Meet the Beatles"", ""Hey, Dad, will you help me with my science project"" and, my personal favorite, during a party - ""Garrison Keillor's leaving Germany (YAAAY!!)"".<br /><br />But then there's Schell, playing Shakespeare's greatest character much like a department store mannequin would, only not as expressive. No doubt he's a great actor, but here he comes off about as well as Paul Newman in ""The Silver Chalice"". Ever see that one? You GOTTA watch these two on a double-bill!<br /><br />In the end, this is one instance where it's true that you're much better off to just read the book. At least the book isn't dubbed by Ricardo Montalban.<br /><br />One star only for this ""Hamlet""; ten stars, naturally, for the MST3K version.<br /><br />Good-night, not-so-sweet prince.",negative
"I first saw this as a kid (THE LITTLE RASCALS first went on TV the year I was born) and fairly recently bought this on DVD. In between, I watched it on the occasions it was on and took careful notes at 1) the pie fight itself and 2) how racist some of these parts were: Farina as a Nubian slave, doing voodoo, for example. I think Roach and McGowan would have been beaten to death if they'd tried to do that now.<br /><br />Notice how the pie fights in The Three Stooges' HALFWITS' HOLIDAY and IN THE SWEET PIE AND PIE resemble this one...and this film came out a few years before their initial contract with Harry Cohn at Columbia Pictures. There was obviously some inspiration from SS and Laurel & Hardy's THE BATTLE OF THE CENTURY for these films...remember, at that time, they all stole from the best, each other!!! <br /><br />One more note: Laurel & Hardy buffs, that bake sale lady was none other than Dorothy Coburn, who also appeared in TBOTC-the 'flapper' getting into her car and getting it in the rear end. It always escapes me why she was never credited?",positive
"I bought this movie a few days ago, and thought that it would be a pretty shitty film. But when i popped it into the DVD-player, it surprised me in a very good way. James Belushi plays very well as Bill ""The Mouth"" Manuccie. But especially Timothy Dalton plays a very good roll as the Sheriff. The 'end' scene, in the house of Bill is very excellent, good camera-work, nice dialogues and very good acting. Bill ""The Mouth"" Manuccie has stolen 12 Million Dollars from the Mafia. Together with his wife he lives in South-Carolina in a witness protection program. But the Mafia tracks him down, and wants the 12 Million Dollar. Bill can only trust the only person he knows inside out, himself.",positive
"I had heard of John Garfield, but, didn't know him. I loved this movie. I had never heard of it. I just picked it up randomly. John Garfield is a boxer in the movie. He had been in real life also so he knew his part. He was a fugitive throughout the movie. Someone else killed a man. He character was blamed. He is befriended by a family who has questions and is not quite sure what to make of him. All sorts of minor plots ensue. My favorite was the scary swimming scene in a water tower where the water was deep and one Dead End Kid couldn't swim, AND none of them could get out.John's character saves the day. The Dead End Kids were great as his friends and followers. One of them right to the very end. Ann Sheridan played the family's daughter and John's eventual love interest. She was believable, but not lovable in my opinion-the only weak link in the movie.",positive
"I'll get to the movie in a minute. First, someone wanted ""proof"" about Clinton's comments at Georgetown, where he claimed that the USA ""deserved"" the 9-11 attacks. Well, here's what Clinton said:<br /><br />""In the first Crusade, when the Christian soldiers took Jerusalem, they first burned a synagogue with 300 Jews in it and proceeded to kill every woman and child who was a Muslim on the Temple Mount. I can tell you that story is still being told today in the Middle East and we are still paying for it.""<br /><br />WE'RE still paying for it? Whaddya mean ""we"", paleface? The Marines didn't storm the Temple Mount. <br /><br />But in truth, Clinton never really came out and flatly said that we ""deserved"" 9-11. Like all his statements during his presidency, he IMPLIED that we deserved 9-11. Just point out ""fact"" A, B, C, and maybe D, and let the listener deduce that they must add up to conclusion X. When in truth, most of Clinton's ""Facts"" added up to guacamole.<br /><br />But that's beside the point. We're here to talk movies, not politics. Unfortunately, when Oliver ""Captain Conspiracy"" Stone does a movie, you can't escape his warped politics. It was only a matter of time before he focused his paranoia and bitterness on the Reagan Era, and what better time than when Stone's dreams almost came true, on the day Reagan nearly bought the farm. Unable to find any nefarious plots or schemes in Hinckley's assassination attempt, he invents one with Al Haig. From a simple misunderstanding of the chain of Constitutional authority, Haig is transformed from a public servant who really should have brushed up on his remedial civics into a raving megalomaniac. You almost expect Haig to rub his hands together like Montgomery Burns and tell Cap Weinberger to ""Release the Hounds."" Stone even recruits the smarmiest person in Hollywood to play our former Secretary of State, Richard Dreyfuss. A guy you love to hate on sight.<br /><br />Overall, the movie is OK. Average, hovering on below average. Don't bother renting or buying. Try to catch it on cable. 4 out of 10.",negative
"Alright if you want to go see this movie just give me our money I'll<br /><br />kick you were it counts and you'll have the same amount of fun. I'll<br /><br />even guarantee more fun. This movie once again shows what happens when<br /><br />you can't get any one else to hire your family and your forced to make<br /><br />your own movies. Same, I'm going through puberty humor jokes, just<br /><br />dumber and grosser. This movie is really a disgrace to movie goers. They<br /><br />try to shock you into laughing because you can't believe the levels they<br /><br />have to stoop to make you laugh. So my offer above stands as",negative
"I caught this movie on late-night TV. Honestly i saw most of it, and the whole time i was sitting in complete and utter disbelief.<br /><br />Is there any genre that's more pointless than soft-core porn? If there is i don't want to know about it. Softcore porn combines all the horrors of porn (lousy production values, abominable acting, crappy scripts) with the coyness of sex-scenes in regular movies. So the end result is arousing nor entertaining. This movie also has the rather odd approach of a science-fiction setting, and it works horribly. All the sex is performed in some sort of virtual reality setting where the crew from the future learn about physical love. And yes, it's about as confused and silly as it sounds.<br /><br />But there has to be some positive points though, right? Well, there is one... Krista Allen is amazingly hot. That's about the only thing that was less than awful in this movie. I don't know what it is about her, but she has an amazing sex appeal. The rest of the cast look like the standard porn-cast though. Rather unattractive women with poorly done fake breasts, and men that have spent far too much time in the gym toning themselves grotesque. Probably a gym in Germany as well judging by haircuts and clothing.<br /><br />To sum things up. If you enjoy Krista Allens presence on screen you can watch this for the brief moments where she shows some of her seductive potential (most of the time she tries to articulate crappy lines of dialog though). If you don't enjoy Krista Allen then you might as well stay away altogether.<br /><br />I rate this 10/10 for Krista Allens sex appeal, 1/10 for everything else and 2/10 for entertainment value since this is a unique crappy porn/science fiction hybrid that's not really like anything i've ever seen.",negative
"I saw this movie on my local cable system under the title of 'Beyond Redemption'. I was searching for new material to watch, since most of the reruns one Saturday morning didn't interest me. I've always been a fan of Andrew McCarthy and Michael Ironside, so I chose this movie. I was pleasantly surprised.<br /><br />Personally, I enjoyed the film. Rich Roesing, who posted a comment about the film being spoiled for him by seeing scenes from the movie on the back of a video rental box, are well justified. I did not have the disappointment of knowing beforehand anything about the film. This led me to rate the movie higher than the average score listed on the page.<br /><br />I like suspense movies, and this one was no exception. The movie kept me guessing until the very end. I was surprised by the ending!<br /><br />The moments of reflection and remembrance of past experiences by the main character during the film only added to the suspense. His reactions to those remembrances gave the film a sense of the humanitarian, yet conflictual, side of police work. The struggle with his faith is also a welcome addition.<br /><br />If you like suspense films, but also like films that expound on the character's feeling, personal inflection side, this film is for you.<br /><br />Should you find this movie on your local cable or satellite system's guide, watch it!<br /><br />However, if you are looking for a rental video, follow Rich Roesing's advice and have someone get the video for you before watching it.",positive
"Early talkie feature based on a popular stage play. A murder has been committed and a bunch of people hire a medium to conduct a séance to see who the murderer is. While the lights are out there's ANOTHER murder...so it's someone in that room.<br /><br />What follows is an obvious, dull and creaky murder mystery. Most of the cast overacts to a ridiculous degree. They act like they're on stage (where you have to overdo things) and it looks silly on screen. Most embarrassing is Bela Lugosi (two years before ""Dracula"") who REALLY overdoes it as a police inspector. Static direction by Tod Browning (who was always overrated) doesn't help.<br /><br />For Browning and Lugosi completists only. I give it a 3.",negative
"Did anyone read the script. This has to be some of the worst writing and directing of the entire year. Three great actors, Paul Giamatti, Rachel Weisz and Miranda Richardson couldn't pull this one out. About two-thirds it looked like Giamatti eyes were saying, I can't believe I signed the contract. It's not the worst movie I ever saw, but it's on the really really bad Christmas movie list. Not enough lines, but what else can be said? Okay, the movie just doesn't move with Vaughn's con-man dialogue, his character is just a creepy guy that you just can't get past. It was just a lackluster walk through, that no one seemed to be able to get into.",negative
"THIS IS NOT A CHILDREN'S MOVIE!!!<br /><br />This movie is like a ""bad acid trip"" for kids under the age of 5. For a month my 4 year old from time-to-time would ask me ""Why was that rabbit bleeding from its mouth"" or ""Why did the bulldozer bury all the rabbits?"". (And that wasn't the worst of it). We stopped it about a 1/2 hour in but the damage had been done. Intensely morbid, oppressive, violent. Fortunately he's finally forgotten about the whole wretched thing. Whomever decided this movie should be marketed to children should be brought up on charges. ... (Go ahead censure me, my conscience is clear.).",negative
"Sci-Fi channel thinks this IS Sci-Fi; it's a shame. Big Bugs, Snakes, Mythical Beasties, on and on, they persist.<br /><br />Some one at Universal had the brains to include BattleStar Galactica (the new, good one) and Firefly for a brief moment in their line up. I know they know they difference between total garbage and extremely high quality sci-fi.<br /><br />A few years back they were on about how they were going all high and mighty, making productions that were not just for us mere, lame-o Trekkies. Thanks so much, Sci-Fi! You know, you make movies so bad, even Trekkies won't watch them, so you achieved your goal! Fire Serpent, Ice Spiders, Manticore, Larva etc.and a vast unrelenting crap-storm later, and they're still churning out just faster than the latest flu virus! How they do it is beyond my ken. Why they do it, I just don't know. How they can ignore these reviews, comments, blogs and e-mails, I don't know either, but it's clear they don't think much of their audience or care about our opinions! They seem to think this is what sci-fi fans want! You would think one or two good productions with some sense would creep through when whoever green lights this junk is on vacation. At least they're employing the collection of Misfit Toys; many of the sci-fi movie of the week actors were in Science Fiction shows once and now need the cash. Love you folks, and hope you get some better work!",negative
"Blood Castle (aka Scream of the Demon Lover, Altar of Blood, Ivanna--the best, but least exploitation cinema-sounding title, and so on) is a very traditional Gothic Romance film. That means that it has big, creepy castles, a headstrong young woman, a mysterious older man, hints of horror and the supernatural, and romance elements in the contemporary sense of that genre term. It also means that it is very deliberately paced, and that the film will work best for horror mavens who are big fans of understatement. If you love films like Robert Wise's The Haunting (1963), but you also have a taste for late 1960s/early 1970s Spanish and Italian horror, you may love Blood Castle, as well.<br /><br />Baron Janos Dalmar (Carlos Quiney) lives in a large castle on the outskirts of a traditional, unspecified European village. The locals fear him because legend has it that whenever he beds a woman, she soon after ends up dead--the consensus is that he sets his ferocious dogs on them. This is quite a problem because the Baron has a very healthy appetite for women. At the beginning of the film, yet another woman has turned up dead and mutilated.<br /><br />Meanwhile, Dr. Ivanna Rakowsky (Erna Schürer) has appeared in the center of the village, asking to be taken to Baron Dalmar's castle. She's an out-of-towner who has been hired by the Baron for her expertise in chemistry. Of course, no one wants to go near the castle. Finally, Ivanna finds a shady individual (who becomes even shadier) to take her. Once there, an odd woman who lives in the castle, Olga (Cristiana Galloni), rejects Ivanna and says that she shouldn't be there since she's a woman. Baron Dalmar vacillates over whether she should stay. She ends up staying, but somewhat reluctantly. The Baron has hired her to try to reverse the effects of severe burns, which the Baron's brother, Igor, is suffering from.<br /><br />Unfortunately, the Baron's brother appears to be just a lump of decomposing flesh in a vat of bizarre, blackish liquid. And furthermore, Ivanna is having bizarre, hallucinatory dreams. Just what is going on at the castle? Is the Baron responsible for the crimes? Is he insane? <br /><br />I wanted to like Blood Castle more than I did. As I mentioned, the film is very deliberate in its pacing, and most of it is very understated. I can go either way on material like that. I don't care for The Haunting (yes, I'm in a very small minority there), but I'm a big fan of 1960s and 1970s European horror. One of my favorite directors is Mario Bava. I also love Dario Argento's work from that period. But occasionally, Blood Castle moved a bit too slow for me at times. There are large chunks that amount to scenes of not very exciting talking alternated with scenes of Ivanna slowly walking the corridors of the castle.<br /><br />But the atmosphere of the film is decent. Director José Luis Merino managed more than passable sets and locations, and they're shot fairly well by Emanuele Di Cola. However, Blood Castle feels relatively low budget, and this is a Roger Corman-produced film, after all (which usually means a low-budget, though often surprisingly high quality ""quickie""). So while there is a hint of the lushness of Bava's colors and complex set decoration, everything is much more minimalist. Of course, it doesn't help that the Retromedia print I watched looks like a 30-year old photograph that's been left out in the sun too long. It appears ""washed out"", with compromised contrast.<br /><br />Still, Merino and Di Cola occasionally set up fantastic visuals. For example, a scene of Ivanna walking in a darkened hallway that's shot from an exaggerated angle, and where an important plot element is revealed through shadows on a wall only. There are also a couple Ingmar Bergmanesque shots, where actors are exquisitely blocked to imply complex relationships, besides just being visually attractive and pulling your eye deep into the frame.<br /><br />The performances are fairly good, and the women--especially Schürer--are very attractive. Merino exploits this fact by incorporating a decent amount of nudity. Schürer went on to do a number of films that were as much soft corn porn as they were other genres, with English titles such as Sex Life in a Woman's Prison (1974), Naked and Lustful (1974), Strip Nude for Your Killer (1975) and Erotic Exploits of a Sexy Seducer (1977). Blood Castle is much tamer, but in addition to the nudity, there are still mild scenes suggesting rape and bondage, and of course the scenes mixing sex and death.<br /><br />The primary attraction here, though, is probably the story, which is much a slow-burning romance as anything else. The horror elements, the mystery elements, and a somewhat unexpected twist near the end are bonuses, but in the end, Blood Castle is a love story, about a couple overcoming various difficulties and antagonisms (often with physical threats or harms) to be together.",positive
"This is definitely a touching movie, and a great expression of Charles Darwins personal struggle. The movie is not only about his struggle to get his book ""the origin of Species"" published, but also his relationship with his oldest daughter. His daughter was at start the only person in his family to approve of his views, something that she as well had to pay for. Een more than him at times.<br /><br />Now, this is not an evolutionary propaganda film, as a matter of fact I think it managed to stay very neutral. A hard thing to do in my opinion. of course it does not condone the way the characters was treated by the church, quite the opposite actually. If you need me to use the big words to shed light on this film; it will be liked by deists and atheists alike, but goes away from theism. The movie talks about evolution, and that's it.<br /><br />Paul Bettany as Charles Darwin was incredible. Of course we all may think of Darwin as that old man with the funny beard, but this movie centers around the man in his late 20's, early 30's. Jennifer Connelly (Emma Darwin) is great as always, but the actor who impressed me was Martha West as Annie Darwin, Darwins daughter. Definitely on of the best child actors of the decade. The story is about Darwin and his daughter, and it is beautifully acted.<br /><br />Except for a few jumps in time that was momentarily confusing, the production of this film is pretty flawless. Some scenes were Darwin observes nature is just marvelous, and is almost like taken out of a high production National geographic documentary.<br /><br />I must admit though, I'm not quite sure of why they chose ""Creation"" as the title. I doubt it is an irony, the movie is too respectful for that. Well, I'm sure there's a meaning too it, just don't let it scare you away. <br /><br />I give this movie a 9/10. This is truly a great tribute to Charles Darwin, and please give it a chance.",positive
"This self-important, confusing b+w ""film"" watches like an infant on a very bad acid trip. You're dealing with something that reminds you of a piece of rotting lettuce that accidentally fell out of the back of a garbage truck: no one cares to touch it because it will probably be washed away on its own down the storm drain. There's no room for plot when you've got ""visceral imagery"" and ""subtle"" allegory. To me, it seems like the director tries to make the next great art movie while begging for intellectual accolades. I didn't bring my beret either. Watching this, I felt almost insulted since the ""film"" does such an effective job of distancing itself from you.",negative
"The Mod Squad isn't a movie, it's a void. That's the most fascinating thing about it and the thing that kept me watching  I'd never seen a film that offered absolutely nothing before. It's a film without any reason to exist whatsoever, seemingly consciously designed to appeal to no-one as if made purely as a contractual obligation to someone the studio really dislike. There is no plot, there is no characterisation, there are no set piece action scenes, there aren't even any scenes as such, just a progression of increasingly empty shots projected at 24 frames per second. I'm not talking about empty as in dumb summer blockbuster but empty as in ""We haven't got the pages yet so just point the camera at something and stop when you've got 90 minutes worth."" It makes you appreciate the 'artistic achievements' of Charlie's Angels and S.W.A.T. that much more. What it does offer is far too much of Giovanni Ribisi at his most tediously execrable doing his bastard son of a thousand morons impersonating Marlon Brando method acting routine, Michael Lerner dancing with Omar Epps and no, that's it. Oh, Clare Danes has a nice smile in one shot. And Dennis Farina has the sense to get killed off early. Genuinely the most utterly pointless film ever made, it's like L'Humanite without the jokes but, you know, for kids.",negative
"College students (who are actually in their late 20's) on campus in Boston (which looks strangely like the Isle Of Man) are menaced by a fierce monster (assembled during a Blue Peter episode). The new teacher must save the day (Even though he is really... Oh, who cares?)<br /><br />I'll start with the positives... there is a nice shot of Eastenders new gal Samantha Janus's can in the obligatory campus shower scene with her best mate Katy Lawrence. A bit of side trivia: Katy was hired when she arrived at auditions with her sister, just as moral support to her sibling but ended up landing a part. Oh, joy. Picked from obscurity to... flash her pert buttocks in a meaningless scene added for titillation, then getting killed 30 minutes in for her troubles. Her latest (and only other credited role) is as Probationary Nurse #5 in Atonement. I wonder if she snuck a look at Keira Knightly (if extras and stars are allowed to mix) and wondered: where did it all go wrong?!<br /><br />I'll give a few hints Katy: If all the other British cast members are asked to speak with American accents in a doomed attempt at mass-marketing, and the only person who can manage it is the B-movie veteran USA native Todd Jensen, you know you're in trouble. If you look at your wage slip and it'll only just about cover your lunch and your bus ride home, you ain't starring in a movie with a trillion dollar budget. If the premiere is attended by loads of family members of the fourth assistant director and provokes gales of laughter when the Stickyback tape monster rampages through the sewers, it should dawn on you that this isn't exactly Alien. Or even a Critters IV, come to think of it. So Katy, in your next life (I'm a Buddhist, you see) perhaps you'll be a bit more selective in your choice of debut feature rather than impulsively jumping at the first pile of crap that heads your way. Flashing skin in your first movie does not guarantee long lasting success. Unless you're Sylvester Stallone. And he had the script to Rocky to back him up.<br /><br />To all intents and purposes this is as 0/10 a movie as I've ever seen. However, for sheer unintentional laughs and pure camp value, it gets a 1. Well done ;)",negative
"Father Hood is an entertaining tale of an unwilling Father who is definitely a HOOD! Patrick Swayze plays Jack Charles who is a hood always on the look-out for the one big ""score"" that is going to put him on easy street. His wife died while he was is prison and his two kids were put in foster care. When he ""got out"" he thought they were probably better off in foster care  besides he still had to score his fortune. His daughter Kathleen Charles (played wonderfully by Sabrina Lloyd) breaks out of a foster care institution that is abusing the kids and misappropriating money that is suppose to be being spent on the kids. She hunts down her father; tells him about how bad the place was and that her brother, Eddie Charles (played by Brian Bonsall) , ""just a little 7-year-old kid"" was being moved to the institution that she had just broken out of and convinces her father to kidnap him. The three start off on an adventure across country, all the while Jack keeps telling himself that he has to get rid of the kids! Patrick Swayze is really good in this comedy, playing a ""hood"" (probably a little understatement for this criminal character) who is similar to his Johnny Castle character of Dirty Dancing except Jack is appropriately funnier in this comedy and more optimistic than Johnny Castle. Swayze is funny and rally does comedy pretty well! Halle Berry plays Kathleen Mercer who is a reporter trying to get at the truth of the foster care system who becomes Sawyer's ally. Diane Ladd plays Rita the con-artist mother of Jack Charles.",positive
"Effect(s) without cause is generally not possible in the real world but in the world of Hollywood remakes, not only is it possible, it's required. The Haunting has been given the computer treatment courtesy of a 1st-class cinematographer-turner-director who once showed promise (Jan de Bont- Speed) but has since produced a string of big budget garbage (Twister, Speed 2).<br /><br />Actor are superfluous in a movie of this type and they seem to realize it. Liam Neeson and Cathrine Zeta-Jones act like they wish they were anywhere but in this film. Lili Taylor makes an attempt to add something to the proceedings but whatever that something might be is unknown since the script feels like half of it is missing. Events just happen, good and bad ghosts show up with no rhyme or reason and then the story just ends with a most unsatisfying non-event meant to wrap up the previous 90 minutes of inanity.<br /><br />There really isn't even reason to see this for the effects since we all know that anything can be put on screen now. Why not watch effects in the service of a good story instead of just for their own sake?",negative
"I saw this in a theatre back in 1982. I expected a stupid T&A movie. That's not what I got.<br /><br />It's basically about three teenage boys trying to have sex. We get the expected sex jokes and scenes--but, for once, they're actually pretty funny!<br /><br />Yeah, they're stupid but I enjoyed them anyways. Also, there was a surprising amount of male nudity.<br /><br />Then the movie, about halfway through, takes a sudden dramatic turn as one of the boys (winningly played by Lawrence Monoson) falls in love with a girl. Then the jokes stop and things get very dark. I'm not going to give away what happens but I was very surprised at the sudden turn in events. The movie brings up some very important subjects and treats them realistically and with intelligence. And it has a real heart-breaking ending.<br /><br />I'm giving this a 10 because this is probably one of the best teen sex comedy/dramas ever made. It mixes fantasy and realism together and works! What more can you ask for? Also it has a GREAT soundtrack.",positive
"It's curious that the two stars of Meet The People were a pair of movie stars who went into the new medium of television and became even bigger successes and who both went into the production end of things and enjoyed tycoon status on the small screen. Lucille Ball however was not a major star, that would come with television. As for Dick Powell he desperately wanted to get out of doing films like Meet The People and his career salvation would be coming in his next film.<br /><br />I think the only reason that Dick Powell did the film was because a young player from MGM was cast in a specialty number and he was seeing her at the time. His private time with June Allyson was far better than what we see on the screen. Powell looks crashingly bored and can't summon up any kind of emotion at all.<br /><br />He was probably tired of doing these musicals with silly plots, the kind he ran from Warner Brothers from. The original show Meet The People was not a book show, it was a revue and it ran in the 1940-41 season on Broadway for 160 performances. When MGM bought it, they scrapped everything but the title and the title song. The rest of the score was patched together from various and sundry songwriters, none of the songs is memorable. Odd when you consider some of the source material is from Burton Lane, E.Y. Harburg, Harold Arlen, and Rodgers&Hart. These guys just must have emptied the trunk for material.<br /><br />The plot is sillier than even most of the musical propaganda pieces of the time. Powell is the writer of a revue called Meet The People and he's a shipyard worker who wins a lottery date with movie star Lucille Ball. She's interested, he's interested, they're both interested in the revue, but creative differences keep them apart of course until the finale. That's the film in a nutshell.<br /><br />MGM did give Powell and Ball some good musical acts which are the main reason for watching Meet The People. The big bands of Vaughn Monroe and Spike Jones are here and the highlight of the film for me is Bert Lahr dressed in a commodore's suit like Lou Costello had in the dream sequence in In The Navy. The song Heave Ho is written by Arlen and Harburg who wrote for Lahr, the Courage number from The Wizard Of Oz. And as just about everyone in the world has seen that film, you have an idea of Heave Ho is like.<br /><br />Dick Powell's next film was Murder My Sweet in which he finally bid a not so fond adieu to musicals. And Lucy would have to wait for television before the world got to see what she really could do.",negative
"I think this is what this movie wants us to say at the end of the movie! or Damn Australian? I still don't know, but what I know is that I really liked this movie but that couldn't be my favorite movie!<br /><br />Great story with great actors but with a terrible end... To make you cry and say 'Oh, she's so good'... Still, who made it? What really happened? Who's that guy? No answer to these questions...<br /><br />Mysterious movie with a good mark overall... I give it a 8/10, going on the 8.5!",positive
"This is indeed the film that popularized kung fu in the 1970s. However, if it ever had any kind of excitement or even halfway interesting plot, it doesn't seem to have aged very well.<br /><br />Long story short: extremely drawn out, slow-moving, confusing plot with run-of-the-mill choreography, typically annoying and exaggerated whiplash sounds with every punch and kick, and constant ""plot twists"" that never come to an end. By the time the film reaches its emotional climax, I had long had all the wind knocked out of me to actually care.<br /><br />Watch it for its historical value as a milestone of Chinese kung fu cinema -- just leave your expectations at the door, or you'll be bitterly disappointed.<br /><br />For hardcore fans only.",negative
"First I bough this movie on VHS than I just had to buy it on dvd, it is on of my favorite movies of all time. I have read the book, but I really think the movie is much better. I loved Gwyneth Paltrow as Emma and Jeremy Northam as Mr. Knightley was an excellent chose. He was brilliant!<br /><br />It's a 10/10 movie!!!<br /><br />",positive
The material is poor....the script's dreadful....the acting mediocre at best and the music telegraphs what the scene is supposed to be communicating like a kick in the head.<br /><br />Give this one a miss....even Yancy Butlers not hot enough even in the semi nude scenes to save this tripe.<br /><br />I'm amazed people rave about Yancy Butler.....given what I've seen here and in the couple of other things I've seen her in she hasn't got the depth or presence to be a star...and her off screen behaviour would tend to indicate she knows that as well.<br /><br />Last thing is where was this shot? I don't recognise the externals.,negative
"Dr. Pena (Giancarlo Esposito), a ""crypto-zoologist"" (fancy term for one of those self-deluded losers who likes to study extremely rare - read: nonexistent - animals) and his crew of hunters manage to trap a Chupacabra, a big, scaly, elusive fast-moving beast. To get it to the mainland, they smuggle it on a Grecian cruise ship and some idiots open up the crate containing it despite being told specifically not to. I guess the strange growling noises coming from inside weren't a good enough deterrent either. The monster then does the monster thang; running around biting chunks out of various passengers until the ship's captain (John Rhys-Davies), a square-jawed special agent pretending to be an insurance salesman for some reason (Dylan Neal), a squeaky-voiced blonde Tai Bo instructor (Chelan Simmons), a bunch of guys with machine guns and others try to stop it. The main victims (who I think are supposed to be the comic relief but it's hard to tell) are an old rich bitch (Paula Shaw) with a yippy terrier and a snobby effete gold-digger (David Millbern). Apparently the monster can be knocked out with a single tranquilizer dart, but can live through dozens of bullet hits. The Chupacabra design is acceptable (though unoriginal) but the rest of the movie is devoid of suspense, surprise or interest. A boring Sci-Fi Channel ""original"" movie; they've made dozens of movies just like this with nearly interchangeable characters and plots, but with slight alterations on the creature. Enough already!",negative
"..Oh wait, I can! This movie is not for the typical film snob, unless you want to brush up on your typical cinematic definitions, like ""continuity editing"" and ""geographic match"". I couldn't tell where I was in this movie. One second they're in the present, next minute their supposedly in the 70's driving a modern SUV and wearing what looked like to me as 80's style clothing. I think. I couldn't pay long enough attention to it since the acting was just horrible. I think it only got attention because it has a 3d which I did not watch. If you're a b-movie buff, and by b-movie I mean BAD movie, then this film is for you. It's home-movie and all non-sense style will keep you laughing for as long as you can stay awake. If your tastes are more for Goddard and Antonioni, though, just skip this one.",negative
"Casting Jack Cassidy as Ken Frankin was sheer brilliance. Cassidy personified arrogance, confidence, charm and wit - all with a condescending, evil little smirk on his face. In my opinion, Jack Cassidy is by far the best murderer (having appeared three times) in the Columbo series. This particular (and first) performance, is my favorite Columbo episode ever - hands down. A fresh faced Steven Spielberg did amazing camera work (yes, there were a couple of camera shadows on the actors at times)capturing the nuances and banter at different and intriguing angles between Columbo and Franklin. Also, the panoramic and tight in shots at Big Bear Lake, CA (Franklin's cabin home) were very impressive.<br /><br />If you have not yet seen this episode, then you owe it to yourself to do so - it's a true masterpiece.<br /><br />Jack Cassidy was a very talented actor and singer. His charismatic personality was highly infectious. His death in 1976, at age 49 was very sad and indeed very tragic - he surely had his best years ahead of him. Rest in Peace Jack, you will live on for eternity through your great work.",positive
"The plot, character development, and gags in this movie are all extremely weak. Quite a waste of time. The conclusion of Saving Grace is supposed to make one feel warm and fuzzy as though the characters have grown through their struggles. There was no such development to make such warm fuzzy feelings possible. The drug gags are cliched and much of the movie doesn't ring true to life. The plot builds what is supposed to be tension but the characters aren't developed enough to care. Then it rushes through a resolution of all the outstanding problems in about a minute of screen time leaving the viewer feeling like they have just wasted their time.",negative
"If the Australian Post Office ever needed a promotional film for recruitment then this is it.This is one of those movies who's heart is in the right place and you can watch again and again. Miranda's performance is touching as it shows an aspect of Australia unimagined by many Europeans, in that it can be cold, wet and bleak, just like anywhere else and just like anywhere else what is important is the people that surrounds you. The characters in the movie are warm and welcoming and make the prospect of a career move into a 'dead letter office' a thought to be considered. Miranda has gone on to do bigger movies, but I hope she always keeps a thought inside for this one?.",positive
"Yes I admit I cried during this movie. It was so incredibly disappointing, that I couldn't help myself but cry. TBN (Trinity Broadcasting Network) has done it again. First with having the Million Dollar Man (ex-professional wrestler) on their program, and now this.<br /><br />The Omega Code follows a stream of sketchy religiously oriented movies. It was quite amusing, yet at the same time it was disturbing to find it so biblically inaccurate. The movie follows what is known as ""the bible code"" rather than following actual biblical scripture. This film is extremely poorly made; from its writing to its directing to its hilariously horrible acting. Its depressing that people actually put effort into this movie. It appeared more like a late night movie someone would watch on the USA channel or a straight to home video rather than a theatrical released movie.<br /><br />I highly recommend you do not watch this movie, even if your life depended on it.",negative
"SAPS AT SEA <br /><br />Aspect ratio: 1.37:1<br /><br />Sound format: Mono<br /><br />(Black and white)<br /><br />Suffering from 'hornophobia', Ollie embarks on a 'restful' boat trip, but he and Stan get mixed up with an escaped convict (Rychard Cramer). Chaos ensues.<br /><br />This feature length comedy - an OK entry which nonetheless unspools like a mere imitation of Laurel and Hardy's best work - marked the final collaboration between L&H and producer Hal Roach. Episodic in structure, the movie culminates in a memorable ocean voyage after The Boys are taken hostage by villainous Cramer (who shoots a seagull to prove how tough he is!). The gags are OK, but inspiration is lacking, perhaps due to the recruitment of actor-turned-director Gordon Douglas, previously responsible for Ollie's first solo effort in the sound era (ZENOBIA, produced in 1939), but whose work here lacks a measure of pzazz. Fair, but nothing special. L&H regulars Charlie Hall and James Finlayson make guest appearances.",negative
"Ouch! They don't come much worse than this horrid adaptation of C. S. Lewis's beloved novel. While the adaptation is very true to the novel, the acting is simply awful and the sets and special effects are on a scale equivalent to a school play. I've read that the budget for this miniseries was the grandest that the BBC has ever given at the time, but surely they could have scraped together a bit more than the $2 that it looks like this was filmed for. The worst effect of all is Mr. Beaver. I know computer effects weren't at the level necessary or even cost effective at the time, but the costume store man in a suit look was horrid. Better to have just cut the character from the film than do that to the role! Avoid this at all costs.",negative
"I saw this in the cinema during its initial release and can only ask ""has the world gone mad?"" The seemingly overwhelming positive response is mind boggling for this poorly written, embarrasingly predictable clap trap.<br /><br />Stephan Elliot is no genius film maker as evidenced by the consistent bombs he has produced since (check out 'Welcome to Woop Woop', 'Eye of the Beholder')<br /><br />I can only assume making a film dealing with the gay/transexual culture has people assuming that to dislike the film is an offense to this sector of the populace. Aren't we smarter than that? What about an interesting script and good performances? Ok so the 3 leads do alright considering what they have to work with, but this film includes the worst performance by a child actor I have ever seen, not helped by appalling dialogue and a really lame resolution that you can see a mile off.<br /><br />This is a disappointing film and one that doesn't deserve the overblown reputation it has garnered.",negative
"Una giornata particolare is a film which has made brilliant use of closed spaces.It is in these dull,empty spaces that the audience sees the emotional turmoil and boisterous outbursts of Ettore Scola's two leading characters.Marcello Mastroianni and Sophia Loren play two frustrated individuals who decide to come together for some brief moments of their listless lives.It is the element of sadness associated with the narrative that makes us believe that people will take sides with characters close to them.All men would really feel sorry for Sophia Loren's character.All women would surely cry their hearts out at Marcello Mastroianni's existential plight.Disguised sexualities are also one of the key issues of this somber,poignant film.Most of the characters grapple with issues related to their own sexualities.Una giornata particolare cannot be termed as a pro gay film although it has been nicely depicted that a homosexual chap mixes well with women.This is a film for which Italian director Ettore Scola has crafted a fairly good mix of fact and fiction.His idea is to show how the arrival of Hitler changed destinies of ordinary Italian folks.A word about the courageous personnage played magnificently by great Marcello Mastroianni.He acts as a real man who does not beg for pity.He happily accepts his fate and readies himself to face the worst time of his short yet meaningful life.A true masterpiece of cinema !!!",positive
"Dominick (Nicky) Luciano wears a 'Hulk' T-shirt and trudges off everyday to perform his duties as a garbage man. He uses his physical power in picking up other's trash and hauling it to the town dump. He reads comic-book hero stories and loves wrestlers and wrestling, Going to WrestleMania with his twin brother Eugene on their birthday is a yearly tradition. He talks kindly with the many people he comes in contact with during his day. He reads comic books, which he finds in the trash, with a young boy who he often passes by while on the garbage route. Unfortunately, Dominick has a diminished ability to use his mind. He has a disability.<br /><br />Dominick's disability came as a result of an injury to the head in which he suffered traumatic brain injury (TBI). This injury left him slower, though it did not change his core characteristic as a strong individual who helps to protect others. Dominick is actually more able to live independently than he may seem at the beginning of the film. He lives with Eugene who is studying to become a doctor. Dominick provides the main source of income, while Eugene is off studying. Eugene must face the fact that he is to continue his education in a different city, and that he must move away from Dominick. Eugene also develops a romance which begins to separate him from his twin brother.<br /><br />The film deals specifically with domestic abuse and how this can impact individuals, families, and then society as a whole. The strain that escalates between Eugene and Dominick as Eugene realizes that he must eventually leave Nicky, exploded on their birthday night. Eugene yells at Dominick and throws him against the wall. In this moment, Eugene must confront his own fears of being like his abusive father, the father which Dominick protected him against while he himself became the victim of the abuse. This event cemented the love between the two brothers, who from then on became the best of friends. Though they needed each other, they also both needed independence and the ability to grow and develop relationship with others. The fact that they must part ways became a very real emotional strain. However, by the end of the film, Dominick is able to say good bye to his brother and wish him luck. Eugene is able to leave his brother with the confidence that he has started to make a social network of people who care about him and will help him with his independence.<br /><br />When Dominick witnesses the abuse of his friend he is forced to come face to face with the cause of his own trauma. In this state of extreme stress, Dominick almost completely shuts down. He then runs after the ambulance to the hospital to see what happened to his friend. After learning that the boy has died, he is confronted by the abusive father who, fearing his testimonial, tells him he didn't see nothing, doesn't know anything, and not to say anything, and that if he does he will kill him. Now that his own life has been threatened, he goes and find the hand gun that Larry used to kill the rats. He goes to the wake of the deceased boy and at gunpoint, kidnaps the baby of the grieving family. He runs away from the scene and hides in a building. When the police surround him, Eugene goes in the building to talk to his brother. Eugene then reveals the cause of Dominick's disability and they bring the baby back. The abusive father then wields a gun of his own threatening to kill Dominick, but Eugene stops him and Dominick tells the crowd that he saw the father throw his son down the stairs.<br /><br />Through the climactic ending, the issue of dysfunctional behavior comes into view. Though Dominick's instinct to save the baby can be understood, we also see how damaging this response is. Dominick put the baby's life and his own life in grave danger. The larger societal consequences of these events is not directly implicated, but rather shown through the films ending. Despite the more optimistic ending portrayal, another sequence of events might just have likely occurred, in which Dominick is charged with kidnapping and possession of a firearm. It is somewhat difficult to believe that this went completely unaccounted. Furthermore, even if Dominick is not charged, there may still be a stigma against him within the community, not that there wasn't one before these events. Instead, the film shows that we must be able to recognize problematic behavior and act to curb it.<br /><br />Dominick and Eugene was released in 1988, the same year as another film, Rainman, which won 5 Academy Awards. While Rainman was an achievement and helped increase the visibility with person with disabilities, it could be argued that Dominick and Eugene holds more valuable lessons for society. Whereas, Rainman demonstrated that mainstream American society might be able to learn from and care for a 'savant', if the 'savant' is the inheritor of a large estate. Dominick and Eugene show that a person with a disability might be able to care for and help save members of American society. The message of an independent person with disabilities may have been too strong for 1988. Hopefully someday society will see the strengths of individuals with disabilities, not as a threat, but as imperative for the strength of society.",positive
"I give this marriage 3 years and thats stretching it. Adrianne Curry is fouled mouth, spoiled, controlling, loud, and her bi sexual past makes me laugh. She tells Chris he has an image to protect and must avoid strip clubs. He married her. Chris has low self esteem and from a different time warp. I have nothing against Adrianne Curry but this combination is not gonna have a happy ever after ending. Her mother said he was an old rooster and thinks this is his last attempt to recapture his youth. Here 2 very good people who are gonna end up in a nasty divorce. I don't think his old "" Brady Family"" is gonna fit into his new life. I see them being shut out. Chris said his friends were more important than his family. The supported him and was there for him.",negative
"Well, where do I start...<br /><br />As one of the other reviewers said, you know you're in for a real treat when you see the opening shot - minutes and minutes of film time spent on a guy standing on a travelator.<br /><br />I won't repeat Rubin's excellent summary of the story. What I would like to say, though, is that this film gripped me more than any film I can remember. I sat open-mouthed, and on the edge of my seat all the way through. The camera work, sound track and *fantastic* performances (particularly that of Tony Servillo) draw you to the screen and won't let you look away.<br /><br />It's Italian, so of course everyone looks fantastic, but it is by no means merely an exercise in cool style. This is a film with lots to say about luck, loss and love.<br /><br />Go and see it.",positive
"Ahhhh, 1984.... I was young and stupid, and just developing a taste for those exotic cigarettes, whilst living in a squat in Manchester's Moss Side, with the most unbelievable case of cockroach infestation.<br /><br />After a few of those doobies, this show was ROTFLMAO material - I was an avid fan. Then I'd look down at the floor (or up at the walls, or just about anywhere) and see my very own collection of ""little armadillos"" scuttling about.<br /><br />Not sure if it was the chemical enhancement, but I remember thinking at the time that the overt surrealism of the show was fantastic - it was my second favourite thing on TV at the time (#1 was the season of Luis Bunuel movies being shown by Channel 4). Radical art lives on! <br /><br />Also you gotta that theme tune! ....I swear, I'll never drink no more....",positive
"This is a film that really makes me cringe. In 1951, MGM and Looney Toons were making some of their very best cartoons--with amazing animation, exceptional backgrounds and great stories. Then, in the late 40s, a new style of animation began to appear (such as the ""Crusader Rabbit"" series on TV)--animation with extremely simplistic artwork in order to save money. Unfortunately, Columbia Picture's cynical ploy worked!! Instead of the public hating the toons (as they should have), many accepted them and the Oscar people (AMPAS) actually gave this film the award for Best Animated Short--giving legitimacy for an inferior product. Unfortunately, in the dollars and sense world of Hollywood, this soon began to creep into the products of legitimate studios--resulting in rather crappy cartoons. Later, it got even worse as in addition to lousy animation and backgrounds, the stories themselves became almost unbearable for adults to watch. The cleverness and style of the classic cartoons were gone. And for this tragedy, I blame, in part, GERALD MCBOING-BOING--one of the granddaddies of cheap cartoons. The story isn't that bad but the animation is a horror and listening to the kid saying ""boing-boing"" incessantly is a pain.",negative
"All I can say is I really miss this show!! My wife & I just got married around the time this show started up!! Why did CBS take it off the air??? I think it was the best show for the whole family to enjoy!! It made me laugh!! It also made me cry. But when CBS took it off the air my wife & I thought CBS made a big mistake. You know what would be so great?? Have a reunion show!! That would be so cool!!!! Anybody know if it is on DVD yet?? On the last season of Promised Land, did CBS show the whole last season?? I think CBS took it off the air at mid-season. My wife & I will never forget it. The opening with that theme song was fantastic!!! This show only comes once in a life time! May we never forget Promised Land!!",positive
"Films belonging to the ""film noir"" genre usually contain similar elements: a ""deus ex machina"" plot twist that drives the main character headlong into bedlam, a pretty but psychotic girl, a handsome but psychotic thug, lots of money, lots of brutality, and usually a denouement in the desert. Think ""High Sierra"" or ""White Heat.""<br /><br />There is plenty of hard-boiled bad film noir out there. But when film noir is good, you can't take your eyes off the train wreck of human lives.<br /><br />It is this latter tradition that ""Blind Spot"" belongs to. The film follows Danny Alton, a troubled teenager (superbly played with depth, grace, emotional integrity and downright plaintiveness by James Franco, who throws himself completely into this role) who has fallen in love with the rough-edged streetkid, Darcy.<br /><br />From the beginning, you know this is going to be bad.<br /><br />Darcy invites Danny to his house. But the house is empty and for sale, and a bloody check for thousands of dollars is on the floor. Danny is robbed of his clothing and possessions, but uses the check to track down the suicidal April -- Darcy's other lover. When they reach Darcy's real home, they find Wayne -- a thug hunting Darcy down for the money he's stolen. Together, the three manage to locate Darcy in a dusty, run-down motel in the desert. But that's only the beginning of the tale, as plastic explosives, drugs, gun-running, a creepy funeral home, bisexual assassins and a lonely half-finished house in the desert bring events to an explosive head in an alley outside a tattoo parlor in Los Angeles.<br /><br />This film contains some of the best noir cinematography I have seen in years. In one scene, Danny races on foot through the desert to the half-finished house in the desert where he believes Darcy may have been taken that evening by mobsters. A very long shot with sharp lighting effects shows Danny -- arms and legs flailing, palpable fear etched on his face (visible even at this distance), dust cloud trailing behind him as the wind whips in his direction -- racing across the desert flats toward the house. The loneliness, the desperation, the despair Danny feels is shocking depicted. There are many such scenes in this film, wonderfully crafted by the experienced Maximo Munzi. This is Oscar-winning material.<br /><br />The editing, too, is just astounding. The film contains little moments where the characters gain insight into themselves or their situation. Bits of time, where memory and feeling come flooding back. At these times, quick montages of images flash across the screen. This is superb editing by director-writer-editor Stephan Woloszczuk. In one early montage, Danny describes the wondrous feelings he has now that Darcy has entered his life. Quick images of Danny's diary flash across the screen: the words ""4 life,"" ""lucky"" and ""safe"" stop momentarily, while page upon page of words, the contents of a human heart, race across the screen -- out of focus, too quick to read. It's like the flood of emotion Danny himself feels.<br /><br />The flood of images reveals something else about this film: Just how beautiful Nathaniel Waters' production design is. Darcy's quonset-hut home is the perfect match of high-tech and slob (a tribute to the attentiveness of set decorator Kimberly Foster). The stunning desert house scene is just outright creepy. The ruined motel where Darcy hides out can be found in any abandoned small town in America. The creepy (and astoundingly lit) funeral home where the plot takes a horrific turn mixes starkness with the pall of death hanging over the entire film. (It's too bad the film's lighting director is not credited.) This film has a superb production design, one that enhances every single frame and every actor's performance.<br /><br />That's the fourth element of this film which makes it grab you and hold on to you: The acting. James Franco is a superb actor. Even in ""Spider-Man"" -- where he was given practically nothing to do -- Franco showed that he understands human emotion like no other actor of his generation. He's no pretty-boy coasting on his good looks like Brad Pitt. Franco portrays deep emotion with full force. His performances contain pure human heart. Consider the scene in the phone booth outside the funeral home, where Danny collapses after telling April and Wayne that Darcy is dead. Lesser actors couldn't carry off the complete emotional breakdown of a human being. Franco does.<br /><br />Shawn Montgomery, in her first film, simply blows you away with her performance as the suicidal April. Deeply in love with Darcy, suffering from massive depression after having to bury alone her unborn child (after the fetus spontaneously aborts) in a perfume box in the woods, her life of luxury and perfection now a shambles: April is one of the best-drawn characters on film that I have ever seen. While Danny's relationship to Darcy is slowly teased out during the film, April's nervous breakdown is revealed only to the audience. Neither Danny nor Wayne seem particularly interested in her as a human being. April's despair when she realizes Danny has also been Darcy's lover is poignant and potent, even if it is truncated by the character's complete inability to feel any emotion for very long now. Montgomery brings to April a pathos that puts your heart through the wringer.<br /><br />Mark Patrick Gleason is given the hardest job in the film: Having to make something human and real out of the thug, Wayne. At first, Wayne is simply one of any number of violent, foul-mouthed, obsessed drug-pushers/gun-runners that appears in any number of films (from ""Kindergarten Cop"" to ""Beverly Hills Cop 2""). Gleason does very well with what he's given, but he doesn't quite get to where you feel much for Wayne. It's difficult to say whether this is Gleason's problem or the material's. There is one moment -- where Wayne (who is Darcy's brother, although neither Danny nor April know this) reads Danny's diary and realizes the sexual and emotional link between the two men -- where you just know that Wayne is going to go homophobic on Danny's ass. But the explosion never comes. (Thank god! Trite plots are death to film noir.) Once the revelation about the siblings comes at the film's end, the audience is fairly astounded to realize the depth of love and compassion Wayne truly felt for Darcy -- so deep that Wayne accepted Danny's homosexual love for his bisexual brother. But this all happens off-screen. Gleason is never given a chance to act out Wayne's feelings. It must have been very frustrating for the performer.<br /><br />The story is rather inventive, although the smuggling device seen at the end of the film is likely to remind viewers of ""Diamonds Are Forever"" (yes, James Bond). A traditional narrative voice-over (which proves Franco is as great a voice talent as he is a physical actor) provides terrific atmosphere, although it does tend to flow over into schmaltz a few times toward the end of the film (providing some unintentional laughter). Terrific locales play key visual roles in the film. Kudos to the location scout for finding such astounding buildings! The end of the film struck me as a bit rushed; not pat, but a little too firm for my film noir tastes.<br /><br />Now, I've seen audiences either hate or love ""Blind Spot."" Modern film audiences, exposed to the most extreme brutality and violence, often have little appreciation for the subtleties of film noir. My suggestion is to take a small group of friends who don't see despair, emotional collapse, desperation or depression as laughable. Take them to a small theater, where they can glory in the spectacle of the film's vision, but where their viewing won't be ruined by a crowd of people who won't recognize good film noir. Get them some popcorn (trust me, they'll be so engrossed they won't finish it), get them a soda, and let them be overwhelmed. Go some place bright and cheery afterward, to wash the grime and awfullness out of your soul. Because this film is so good at making you feel, you'll need that restorative.",positive
"The first time i saw it i got half of it but i watched and i knew later on it was about a salem witch trials. They focused on the Sara Good's family. SHE is famous for cursing a priest which came true. In the film it depicts her daughter dorcas and her husband the spirit of Ann Putnam Sara's husband comes to the future hunts this girl to redeem her soul. which does happen at the end of the movie. Dorcas is depict as witch at 5years old who is burned at the stake. Which never happen Ann putnam saves her from the flames. the girl is safe she goes to Ann putnam's grave to to see that is not empty but it is at first because she accuse her of witchcraft, and lets her burn to death. Now that ann putnam saves her her spirit is redeemed, and she is not a outcast to society for the salem witch trials.",positive
"The main cast:<br /><br />Vlastimil Brodský .... Frantisek Hána Stella Zázvorková .... Emílie Hánová Stanislav Zindulka .... Eda<br /><br />Director Vladimir Michalek gives this charming story of elderly folks enchanting twists that make the characters appealing, really universal.<br /><br />Frantisek Hana is retired and on a pension, his previous occupation unknown. He lives in a very nice apartment with his wife of forty-four years, Emilie. His son Jara covets the spacious apartment as a problem-solver as he needs to house one of his ex-wives and several of their children. The son isn't a vicious schemer, just a guy with one past spouse too many and a blind eye to the attachment his dad has for the flat (which he moved into after relinquishing a previous residence to the son).<br /><br />Hana and his also elderly close friend, Ed, spend there more than ample free time doing small con jobs not for money but for the pleasure of putting one over on easily duped folks like estate agents. A favorite ploy is for Hana to act the part of a retired divo of New York's Metropolitan Opera returning home in need of a sprawling mansion. Ed is his companion as gullible realtors fall all over themselves proffering chauffeured limousines and fine French restaurant meals in hope of a lucrative sale.<br /><br />When not engaged in well-planned scams, the duo engage in quick ploys such as pretending to be railroad security agents so as to snatch kisses from breathless and ticketless teens trying to sneak onto trains. Chaste kisses, that is: there's no lechery here.<br /><br />Hana's long-suffering wife is obsessed with saving enough money to insure that the couple, individually and jointly, have a grand funeral, an event the life-loving Frantisek is in no hurry to experience.<br /><br />Disagreements about money and Frantisek's promiscuous disposition of marital funds lead to a crisis whose resolution rings both real and endearing. Michalek fishes for the viewer's emotions but he does it openly, honestly and effectively.<br /><br />""Autumn Spring,"" subtitled of course, is a product of an increasingly vibrant Czech cinema. It wasn't shown widely in the U.S. but its availability on DVD will, hopefully, bring this affecting flick to a wide audience. Sadly, Brodsky recently succumbed to cancer so this movie is a valedictory to a fine actor who imbued his character with a passion for life's pleasures that must have reflected the actor's own values.<br /><br />9/10.",positive
"And Gi Joe go stuck in the water, I die of laufther every time I see this movie, and then a big brown shark came, This is comedy at it's best, this blows away the kings of comedy and anyone else, Andrew Dice Clay, Jerry, Tucker, Rock, They can't thouch the man the myth the legend Eddie Murphy,<br /><br />Yo EDDIE WE WANT MORE<br /><br />MORE MORE MORE MORE MORE MORE !!!!!!!!!!!!!!!!!!!!!!!!!!",positive
"I didn't care much for this, it seemed too contrived for a documentary. Also, the filmmakers seemed to steer me towards certain characters, and yet I was completely unsympathetic towards the protagonist because of what they chose to show me of him.<br /><br />This movie disappointed me because the story and the people were interesting, yet the movie fell flat because of snappy editing that didn't allow the viewer enough time to understand each scene. The developments in the story were glossed over in lieu of showing the men in boxers or other stuff that was incidental to the tale that they were telling.<br /><br />I'd recommned that you skip this one and just read up on this story.",negative
"After the SuperFriends and Scooby Doo left the Saturday morning airwaves in the fall of 1986, I pretty much stopped watching Saturday morning cartoons at that point since those were the only two that kept me tuning in. And since neither the Real Ghostbusters nor the Flintstone Kids seemed very promising to me, I ""retired"" and started sleeping in on Saturday mornings. I only returned to Saturday morning TV in 1988 for that one year only for one and only one animated show. <br /><br />A new animated show of Superman was something I was not going to pass up. I was 17 and in high school at the time, but so what! I loved this show. From what I can recall, this series was a gift to fans I suppose in celebration of Superman's 50th birthday that particular year. It had the theme music and the music style reminiscent of John Williams movie score from the Richard Donner/Christopher Reeve Superman movies. I honestly felt that the animation style Ruby Spears did was reminiscent of the Super Powers Team: Galactic Guardians series by Hanna Barbera a few years before. Sadly, Danny Dark was not back as Superman, but I felt Beau Weaver did a very impressive job as the voice of Superman and his Clark Kent was nerdy like the Chris Reeve version. After hearing him as Reed Richards/Mr. Fantastic on the 90's Fantastic Four, I could still see this version of Superman in my mind. Ginny McSwain as Lois Lane. LOL! What a rhyme. She was a voice director for Hanna Barbera and Ruby Spears and I guess she took it upon herself to do Lois. Memories of the SuperFriends lingered in this series when it came to the voice over cast. Jimmy Olsen is Mark Taylor, who on the SuperFriends was formerly Firestorm. Perry White is none other than former Batman TV writer Stanley Ralph Ross, who on SuperFriends was Gorilla Grodd and Brainiac in the Super Powers shows. And Lex Luthor, now a wise cracking billionaire tycoon is none other than SuperFriends voice alum, Michael Bell, whom I know best as Zan and the Riddler as well as many other characters on many other series. <br /><br />I felt this series was a combination of the movie Superman along with the post crisis John Byrne re envision of Superman, with Lex Luthor as a billionaire tycoon, Jonathan and Martha Kent being alive to see Clark as Superman. The Bruce Timm series and Lois and Clark would also do this. Unfortunately, we never saw Brainiac, Bizarro, Toyman, Metallo, or Darkseid. Other than Luthor, we saw only the Prankster and we did see General Zod. I especially enjoyed that one episode with Wonder Woman, who was voiced over by BJ Ward who played her on the Super Powers Team as well. <br /><br />The episodes were smashing and I also enjoyed Clark's growing and development stories from infancy to childhood to adolescence to an adult moving to Metropolis in the short little segment, Superman's Family Album. <br /><br />The only two things I didn't like. It only lasted one season. And after Wonder Woman's guest spot, I was hoping Batman would turn up voiced over by Adam West (Still thinking about the Super Powers Team episodes I guess). I also hoped for it because on the Prankster episode, the Metropolis baseball team was pitted against the Gotham Goliaths. <br /><br />Every popular Super Hero has one cartoon series that is ultra rare. For SpiderMan, I feel it's the 1981 solo series that aired the same time as Amazing Friends. For the Incredible Hulk, it's the 1982 cartoon. For the Fantastic Four, it's the 1978 series with HERBIE the Robot. For Batman, it's the New Adventures of Batman 1977 by Filmation featuring BatMite. But for Superman, the rarest series is this one. <br /><br />Superman books and documentaries never cover or mention it. This is another series that WB should consider for DVD release. All in all, this 1988 version of Superman is well....Super!!",positive
"Don't get me wrong, the guy's a success dynamo, but he got to the top by selling overpriced plastic toys to impulsive brats. So I get a little peeved when he looks at comic book fans as an extension of that same market.<br /><br />See, ""The Invincible Iron Man"" wouldn't be bad if it were slotted on a Saturday morning and geared exclusively toward undiscerning children. But it's not directed exclusively at children. Periphery characters are killed every five minutes and there's enough bloodshed and semi-nude bodies to make network censors squirm, so it isn't quite cut out for children's television.<br /><br />So what audience is this video aiming for then? It's the audience that enjoys nigh intelligible story lines about reviving a tyrannical Chinese emperor with 5 arcane rings, that's who. And I think that audience is restrictively small.<br /><br />A lot of great writers have passed through Marvel's leathery yoni over the decades. So it's a shame that Marvel would risk their pricey animation investments on so many questionable storytellers and scribes who, like Mr. Arad, are better accustomed to peddling action figures during Saturday morning cartoons. How many lukewarm receptions do Marvel have to endure before they come up with a better strategy? <br /><br />***<br /><br />Animation: just passable cels, some segments are better than others, a low budget look all throughout -- this ain't no Bakshi (Ralph) and it ain't no Bluth (Don)! CG animation's okay, but far from impressive.<br /><br />Story: a litany of clichés, all over the place, convoluted, contrived, and uninspired.<br /><br />Characters: so why is Rhodes even here if all he does is add to Stark's sexual ambiguity? Hmmm... her Dad's in a wheelchair... Tony misses his mom... Asian chicks are hot and, apparently, little else; the female lead is thoroughly objectified by the feature's end.<br /><br />Performances: can't blame competent voice actors for a bad script.<br /><br />Art: very Western musculature, very clean lines, faces are very derivative of Eastern art, very boring mattes, very bland CG.<br /><br />Conclusion: Not great, but worth a watch for the fans and those who enjoy superhero myths. A 'must-buy' for collectors. A valuable ""what not to do"" course for junior animators.",negative
"I love movies, and I'll watch any movie all the way through, just to give it a chance. I can finally say that I found a movie I can't watch all the way through. The acting is terribly stale and monotone, the CGI looks like a computer geek did it in his mother's basement with minimal software, and.....the long scenes of just...walking!!!! And this movie is THREE HOURS LONG!!! I didn't even make it 15 minutes until I fast forwarded the DVD. The scenes with the aliens are very short. Ummm, instead of naming this ""War of the Worlds"", lets name this ""War of the Walking Long Distances"". This cost 5 million dollars to make! What they spend the money on, the dramatic opening song?<br /><br />Oh, but on a positive note, one scene you need to watch is when the aliens first begin killing people. That's hilarious, not because people are dying, but because when they turn to skeletons, they still squirm for 20 seconds afterward.<br /><br />So....like I said, if you are a fan of boring, stale, action-less movies, here is one for you DVD collection. But I didn't write this for you, I wrote this for the billions upon billions of other people who will HATE this movie. It is not worth your time or money<br /><br />I know this is by the book, but the book isn't that long, and I'm a complete book worm/nerd/geek/whatever, but why? Just get the Steven Spielberg version, it's not all that good, but it's 10 times better than this!! <br /><br />I give this a BIG, FAT ZERO out of 10.",negative
"I enjoyed this movie, granted it is mainly because I enjoy seeing Sean Connery act and this one has the added bonus of having Ed Harris and Lawrence Fishburne in it too. The story has a grandma seeking out Connery's assistance because her grandson is in prison and she says he was wrongly convicted. At first it seems there may have been some racist aspects of the case, however it later turns out the main officer on the case was black himself and it seems he did some rather bad things to coerce a confession out of the boy. Well the boy tries to point to another killer locked up in the same prison, one who is about to be put to death. He is a particularly nasty person too, as he takes a lot of joy in what he did, writing the relatives of his victims and trying to get people to mail them. A lot of twists and turns in this one with some of it being somewhat unexpected. Me I just enjoyed Sean Connery's character trying to make sense of the whole ordeal. The movie also made me mad in areas, especially when you find out what ultimately happened. You get very good interplay between Connery and Harris and Connery and Fishburne as they all shine rather well in this one. In the end this one makes for a rather good suspense/thriller.",positive
"It is the best film i have seen in the last 5 years. Surely, it will be in the same row with such masterpieces as The Platoon, Apocalypse Now, The Doors, The Dog's Heart (Russian film). Really, the play of the boy and his parents is so good that you can't even say that they ""play"". No, they LIVE as if it was happening to them. Notice the smile on there faces when the main hero agrees to go for a walk with them. The hate and love in one piece. And the final scene!<br /><br />Really, i'm still under impression of that film. It's very hard, even impossible to combine the humor and the tragedy, but if you succeed (and Frederikson did) the impact would be twice strong.<br /><br />I compared it with ""ONE FLEW OVER THE CUCKOO'S NEST"". I like this film either (and the novel itself is good, too), but after Frederikson's movie it seems simple. (the same difference I noticed after i watched the film ""American history X"" and ""ROMPER STOMPER"" - the latter is deeper). I mean Milos Forman only showed the material point of view of the problem. You watch it, then you say Yes, it's a good film, i like him, i don't like her, and that's it. But ""Angels"" leave you a wide base to think. There are no bad and good boys in the film. Cause each of them have the right to behave in the way they do. Like the girlfriend of one of the patient. Of course she's young and is pregnant and that is a problem for her that his husband is in the clinic, but the feelings and emotional experience of her exfriend are even stronger (the result is his suicide). Why ask him what have he done? Aren't you insane yourself to ask? Why do not support him, help him, understand him? Finally, it is even funny when those people talk to each other. They say genius things! There are a lot of things I would like to say about this film, but i'm not so good in english. But i'm sure, those of you, who have watched the movie, understand me.<br /><br />Good luck!<br /><br />",positive
"Nine out of ten might seem like a high mark to give for a straight to video sci-fi movie that's been vilified at the US box office and roundly criticized as the poorest movie of Kurt Russell's career.<br /><br />I have my reasons.<br /><br />Firstly when you read negative reviews of this film, they usually start with the wooden nature of Russell's interpretation of Todd, the eponymous Soldier. I'm going to start here too, with my surprising statement that this is possibly the finest piece of acting I've seen Russell pull off. Todd is an emotional cripple and suffering from intense PTSD - this movie being written before the phenomenon was as widely recognized as it is now.<br /><br />The portrayal is spot on. Todd is withdrawn, uncommunicative and a loner. He suffers from irrational anxiety - keyed to a fever pitch by training that teaches him to analyze every movement and interaction with another human being for signs of betrayal and danger. His hyper-focus brings with it an inability to comprehend the bigger continuum that the tasks he is given to do sit within - there is a scene where he cuts himself slicing carrots and continues to work unfazed, not cleaning up the cut or the blood. Many interpret this as a sign of his physical toughness and focus on the job at hand, but it is also a sign that he is simply performing the requested task by rote - not comprehending the relationship between the vegetables he's preparing and the food that will be eaten later.<br /><br />Todd's dialog is spartan to say the least - the two big talking scenes he gets are central to the plot of the movie and both underline the bleak nature of his existence. Fear and Discipline we are told. Always. Fear to keep him pumped up to a hyper alert state where the smallest detail will not pass him by, keeping him ready to react on a knife edge. Discipline to hold him in check through his fear, to overcome it and perform tactically. The inference is that he has no time to think and cannot afford feelings. Many viewers have different interpretations of his reaction to the hug from Nielsen's Sandra - but I believe you have to interpret it from the perspective of a human who's only experience of an embrace is in combat - the trembling represents him suppressing his fight / flight instincts reacting to the fear of being grappled, his movement and vision restricted - Fear and Discipline indeed.<br /><br />Then there is the subtext of his abandonment (Twice in fact) - so representative of the way our society tends to toss infantrymen onto the rubbish heap of society when they've served their terms. 40% of the unemployed are ex-military in OUR world, in HIS it can only be worse. Russell quickly picks up the mantle of Mace's responsibility to his wife and child - desperately in need of a mission, even one with such a high likelihood of his death.<br /><br />Then there is the military subtext too - the conflict between Busey's Church and the hotshot from HQ, Mekum. Mekum's new men are faster, stronger, more accurate and aggressive. Any one of them could pound Todd into the ground - but it's not about the tools you have it's how you use them. An incentivized Todd given the freedom to exercise his initiative and acting without the numbing effect of perceived superiority utilizes ambush tactics and sneaky tricks to cut a swathe through the newer unit - sent in without support, cover or reconnaissance. It is a reminder that military power cannot make up for a failure in leadership.<br /><br />There are many other subtle themes. When a film is shot and scripted so minimally, it leaves plenty of white space for your own interpretations to take root. Watch Soldier with an open mind and see what it teaches YOU.",positive
"I first saw this movie when it originally came out. I was about 9 yrs. old and found this movie both highly entertaining and very frightening and unlike any other movie I had seen up until that time.<br /><br />BASIC PLOT: An expedition is sent out from Earth to the fourth planet of Altair, a great mainsequence star in constellation Aquilae to find out what happened to a colony of settlers which landed twenty years before and had not been heard from since.<br /><br />THEME: An inferior civilization (namely ours) comes into contact with the remains of a greatly advanced alien civilization, the Krell-200,000 years removed. The ""seed"" of destruction from one civilization is being passed on to another, unknowingly at first. The theme of this movie is very much Good vs. Evil.<br /><br />I first saw this movie with my brother when it came out originally. I was just a boy and the tiger scenes really did scare me as did the battle scenes with the unseen Creature-force. I was also amazed at just how real things looked in the movie.<br /><br />What really captures my attention as an adult though is the truth of the movie ""forbidden knowledge"" and how relevant this will be when we do (if ever) come into contact with an advanced (alien) civilization far more developed than we ourselves are presently. Advanced technology and responsibility seem go hand in hand. We must do the work for ourselves to acquire the knowledge along with the wisdom of how to use advanced technology. This is, in my opinion, the great moral of the movie.<br /><br />I learned in graduate school that ""knowledge is power"" is at best, in fact, not correct! Knowledge is ""potential"" power depending upon how it is applied (... if it is applied at all.) [It's not what you know, but how you use what you know!]<br /><br />The overall impact of this movie may well be realized sometime in Mankind's own future. That is knowledge in and of itself is not enough, we must, MUST have the wisdom that knowledge depends on to truly control our own destiny OR we will end up like the Krell in the movie-just winked-out.<br /><br />Many thanks to those who responded to earlier versions of this article with comments and corrections, they are all very much appreciated!! I hope you are as entertained by this story as much as I have been over the past 40+ years ....<br /><br />Rating: 10 out 10 stars",positive
"""On a Clear Day You Can See Forever"" is nothing more than a New Age update of the ""Pygmalion"" / ""My Fair Lady"" story: A professor attempts to turn a common girl into an upper society woman. This time, however, instead of using language skills, the professor tries to do so by hypnotism and past life regression.<br /><br />You know a musical has problems when reviewers constantly mention the sets and the costumes before they mention the plot and the music. The songs are instantly forgettable. (No ""Get Me to the Church on Time"" here, I'm afraid.) And the plot goes nowhere. To paraphrase Gertrude Stein, there is no ""there"" here. The characters wander through the story without ever getting from point A to point B. Professor Chabot claims several times that he will get to the root of Daisy's troubles, but he never seems to do so.<br /><br />All meaningful conflict is avoided. For instance, there comes a time when Chabot's university demands he either stop his research into reincarnation or resign his position. Now there is conflict! Will he give up his career for Daisy? Alas! Nothing comes of this development. A scene or two later the university changes its mind and tells Chabot to continue on with his work. So much for conflict.<br /><br />The talent was certainly assembled for this movie: Directed by Vincente Minnelli. Written, in part, by Alan Jay Lerner. A cast of Yves Montand, Bob Newhart and Jack Nicholson. And, oh yes, starring Barabara Striesand who was nearly at the top of her game at this point in her career.<br /><br />But it all falls flat. Lerner's attempt to reincarnate his greatest success, the previously mentioned ""My Fair Lady,"" is as doomed to failure as Daisy's attempt to revive the greatness of her own past.<br /><br />If you enjoy movie musicals, there are far better choices than this.",negative
"Personally I've watched it because of Lea Thompson's appearance and I didn't really expect to enjoy the movie as such, but surprisingly I kept watching it until the end.<br /><br />Let's face it - it just one of the saga-like stories and isn't particularly original or entertaining, but strangely it just keeps you by the TV. My opinion about Will of Their Own would be much better if there wouldn't be one point that I just don't get.<br /><br />There is lovely and really touchy scene in which Lea Thompson's character is running on the street holding baby in her arms, the snow is falling, she is cold, scared, and has no place to stay, she doesn't know what to do next. And then about 10-12 years later, when things are better for her, she just leaves the same kid without any warning to take up the career she was dreaming about.<br /><br />I just don't get it - I don't see how is it possible that she would do such thing, it was the opposite action to all that she done so far in her life when all that she was doing was aimed on that child survival. After this character flip I just couldn't enjoy rest of the movie.",negative
"The reviews I read for this movie were pretty decent so I decided to check it out. BAD IDEA! This is another movie about a ghost out for revenge against a group friends. The story is stupid, mix two parts Ringu with one part Prom Night, a sprinkle of I Know what you did Last Summer, and add a tiny dash of Single White Female - now blend until completely nonsensical. There is nothing new to this plot, and revisiting the clichés I've grown so fond of wasn't even entertaining this time. This movie jumps to and from the past too much, and once I made sense of it all I realized it still didn't make much sense. Characters go from sane to psycho killer in the blink of an eye. Speaking of characters, they are all your stereotypical favorites - the greedy selfish lawyer, the egocentric actress, the has-been baseball star, the video voyeur, the bitter girl, the spooky quiet chick, the 'nicer-than-nice' nice girl, a freakin' black cat... and I didn't care about any of them. Perhaps a better writer could have made the movie work, there were some decent scenes in it, but overall this movie was a mess. I should also mention a certain 'video tape' that would have been IMPOSSIBLE to shoot. <br /><br />This movie isn't the worst Asian horror has to offer by far, but it is still pretty bad. If you just want to see some creepy images in the dark, or just want to laugh out loud at some over the top acting, or just want to yell ""you're stupid!"" at a movie screen, or just want to have another Asian horror flick up your sleeve when someone asks you how many you've seen - this movie is for you. <br /><br />Those seeking a decent plot look elsewhere.",negative
"This was one of the best shows ever made for TV. Full of mystery and intrigue and twists and turns. Compulsive viewing. I was lucky I saw this in the UK. They might have got the episode order wrong, I can't remember, but it at least was on at a regular time every week. My girlfriend and I got hooked from the trailer in, and neither of us is a big fan of American series normally.<br /><br />After the pilot, we knew this was something special. We missed a couple of episodes, and it made you sad and mad for a week missing those ones lol.<br /><br />Great casting, superb acting. Gary Cole was absolutely brilliant, better even than his role as Custer. Lucas Black turned in an amazing performance for a kid, and Paige Turco was at her best too since Party of Five. And Nick Searcy of course, as the Sheriff's long suffering sidekick.<br /><br />Yes, there were some confusing and perplexing bits, which I presume would have been explained later, and no doubt would have been in a later series. That made the ending weak, and you could tell they'd killed it. Made us go WHAT? Why did they do that with one of the best shows ever? Shoot the exec.",positive
"I have watched 3 episodes of Caveman, and I have no idea why I continue except maybe waiting for it to get better. <br /><br />To me this show is just pumping itself off the commercials, with no real humor. As we sat around watching these shows, we all speculated on what was going to happen.<br /><br />The episode of the woman cave-woman with a attitude was actually a big, yea right, for us. she's crude in a theater and acts tough to strangers, and truth be told, she needed a slap<br /><br />I consider myself a pretty good reviewer, taking in everything, but I must say, Cavemen is comparable to the old show, My mother, the car. I give it a 2, only because they deserve 1 better than a 1 because they actually spent money on it.",negative
"There have been some low moments in my life, when I have been bewildered and depressed. Sitting through Rancid Aluminium was one of these.<br /><br />The warning signs were there. No premiere (even the stars didn't want to attend) and no reviews in magazines. The only reason I sat through the film was in the hope that I might catch up on some sleep.<br /><br />Nothing in the film was explained. The narration was idiotic. I cheered at one point when the lead of the film appeared to have been shot, then to my growing despair, it was revealed that he hadn't really been shot dampening my joy. I sincerely hope all involved in the film are hanged for this atrocity. <br /><br />There were some positive aspects, mainly unintentional moments of humour. For example, the scene in which the main character, for some unknown reason feels the need to relieve himself manually in a toilet cubicle, while telling the person in the next cubicle to put his fingers in his ears.<br /><br />My words cannot explain the anger I feel, so I shall conclude thus.<br /><br />Rancid Aluminium: for sadists, wastrels, and regressives only who want to torture themselves.",negative
"Usually I'm a bit of a fan of the bad eighties & early nineties film featuring now has beens...but this film is so incredibly terrible that it was a real endurance test to sit through. Guys dressing up as girls has been done to death - but never so pathetically. Corey Haim's performance was abysmal as usual, Nicole Eggert was not much better. This has no redeeming qualities, even if you are a number #1 fan of an actor/actress in this piece of trash - stay away!",negative
"I can fondly remember Bo Derek's heyday and the UK press attention (the mucky Sun & News of the World papers especially)- all following her small role in ""10"" with Dudley Moore. Understandably, much fuss was made of her photogenic face, crystal clear blue eyes and her perfectly formed bouncing breasts. <br /><br />Unfortunately, acting is, and never was, her forte! I think they should make one of the triple disc collections you always find in the bargain DVD bins- Orca, Tarzan the Ape-man and Bolero. All these films could be nominated for the ""So Bad They Are Great"".<br /><br />It would be a guilty ""must buy"" of mine! Should you ever read your press, or this comment Ms Derek, please do not be offended- ALways had a soft spot for you and there are more important things going on in the world to worry about than your acting ability. Much Love.x",negative
"I have grown up pouring over the intertwined stories of the Wrinkle in Time Chronicles. My dream was that one day a screenwriter would come across their child sitting in a large sofa reading A Winkle in Time, and would think, what an amazing movie this would make. Sadly enough that screenwriter failed, changing characters, throwing in lame humor, and all out destroying the plot. I know that it is a hard task to change a well loved novel into a movie. But why can't you stay true to the book? Why must you change the way characters think and act? For those of you who have not read the book, pick it up, find a soft couch, and let your imagination run wild.",negative
"I have to admit, I wasn't expecting much going into this film viewing in my Japenese film class, but this film really blew me away. The director does a wonderful job following through with the title of his film, truly portraying a picture of madness. I think the fact that this film is silent adds to the resemblance of madness, helping the viewer experience the characters inner world rather than the world outside his mind. This film just added to my feelings about foreign silent films vs. American, in that the foreign films work much more to exercise your mind and make you think rather than going for the fluffy film always with the happy ending, exercising the imagination very little.",positive
"In my opinion, the movie is an excellent example of the realities of war and a tribute to the soldiers of all nations who fought and bled into the soil Gallipoli. The lack of violence in no way detracted from the magnitude of the tale in hand. It is honest, true and brave, just like the men that fought and died at the Hellespont. The lack of brutal depictions of violence are just and proper. Those men suffered enough for freedom, liberty and the right to self determination in a free and better world. They never wished to ever see such scene's again.That is the legacy of the event of Gallipoli. To suffer scene's of gratuitous pyro-technics and blood and gore is best not shown for the maintenance of proper respect for the combatants of this crucible of nationhood.<br /><br />This film glories in the magnificence of men fighting for their lives,with honour, courage, dignity and irrepressible spirit and humour in the face of appalling adversity. This film is not interested in making a spectacle for fools to cheer over. The brutal outcomes that occoured from these personal combats of these men is not a thing that those that survived ever wished to see on a screen for entertainment. They saw enough of that at the time, and would much rather have never seen it at first, and never wished to review such scenes again on a screen in the name of ""entertainment"". The brutal horrors of the actualities of the vicious combat fought at Gallipoli were scenes that haunted their waking and sleeping hours for the rest of their natural days. It was the painful internal scars they, the men of all those nations who fought, carried inside to their graves. They all fought,and many died in the face of it all and somehow they, those mighty hearted men, managed to laugh in the teeth of constant dread death because they would'nt insult their mates by not being prepared to die game beside them. That's Australasian for brave, game is, but it applied to all combatants to a greater or lesser degree, but word from the boy's that fought was that Johhny Turk was as game, that is as brave, as you would ever wish for a soldier to be.<br /><br />ANZAC's and Turks were fighting to establish their place on the world stage, and from 25/04/15 onwards, their respective claims for equality in Nationhood were made known and undeniable to that world. The director has made a masterpiece that truly honours the spirit and memory of those soldiers and serves as a reminder to future generations of all ages, for children can be taken without fear of frightening them for the sake of visual ""horror"" and it's morbid and pointless appeal. And children should attend this movie so as to learn what happened at that sacred shore before they were born. So that they can remember. For it is the nature of men, that they soon forget.",positive
"The worst film ever, with characters from Carnosaur 1-3 inserted merely to fall to the same demise that they had in the first film, so that footage and special effects could be reused.<br /><br />Stay away from this debacle.<br /><br />Corman is ruining his legacy. He made and produced some amazing films - but that era ended with Carnosaur being his last ""creative in its badness"" film.",negative
"Beautiful art direction, excellent editing and wonderful stories make this some of the best television ever produced. The fact that it was relatively short lived is sadly reflective on the state of television. I highly recommend snatching these up as they're released, you'll love them.",positive
"LL Cool J. Morgan Freeman. Dylan McDermott. Kevin Spacey. John Heard. Cary Elwes. Roslyn Sanchez. Justin Timberlake -- wait a minute. Justin Timberlake? And he's the star? I should have known better than to rent EDISON FORCE. In fact, I did know better. But in a moment of absolute weakness, I rented this STV. When you have big names like Freeman and Spacey in an STV, you know it's one of two things: an indie or a dog. As in sat-on-a-shelf. Which this did. And with good reason. The plot as such involves a squad of corrupt killer cops a la MAGNUM FORCE, and ""journalist"" Timberlake is the only one brave enough to uncover them. He is targeted for his efforts -- or maybe I should say for his horrible acting. I turned it off after one of the bad guys was shot through the forehead and still had the forethought to turn to his shooter and smile before collapsing. Just awful. The real tipoff to how bad this flick is to see Freeman on the cover and throughout the movie sporting an unruly beard, looking like nothing so much as a hobo. You just know the director was not in control. Freeman is clearly slumming.",negative
"Wow, umm this was a very, how to say it, different type of movie. It calls itself a comedy...but it wasnt really laught out loud funny at all. It was insane. If you are willing to accept that 3 people survive a calamity of a global scale, why not 4? or 5?.....and why did it suddenly end without anything happening??? They could have made this much better by simply having another element in the plot such as a dumpy female for the ugly dude or something.......zinc, riduculous....ahh<br /><br />i dunno..watch it...it wasnt that bad.....sorta funny at times....i guess...<br /><br />schneider",negative
"I watched the un-aired episodes online and I was so sad that the show won't be back. It had the best cast of mature, talented actors and an amazing chemistry. It seemed like all the actors are personal friends in real life. Towards the end the show became engaging, sexy and highly watchable. Of course, some of the story lines are not realistic, so what... The characters are all likable and you root for them. The show reminded me a cross between 2 other favorites: ""Sex and the City"" and ""Felicity"". Big kudos to all the cast. Note to ABC execs: Nielsen ratings reports do not show you true results. The show audience will mostly record it. I've been very disappointed with major networks for flooding us with reality-TV or teenage oriented shows. Why to get a mature, thoughtful, well-acted material we have to switch to HBO or FX? I can only thank the network for putting the rest of the episodes online. The new stream media will gain more and more popularity among viewers.",positive
"Domestic Import was a great movie. I laughed the whole time. It was funny on so many levels from the crazy outfits to the hilarious situations. The acting was great. Alla Korot, Larry Dorf, Howard Hesseman, and all the others did an awesome job. Because it is an independent film written by a first-time writer, it doesn't have the clichés that are expected of other comedies, which was such a relief. It was a unique and interesting and you fall in love with the characters and the heart-warming story. I heard it was based on a true story? If so, then that is hilarious (and amazing!). I highly recommend this movie.",positive
"Slaughter High is intrinsically your emblematic 80s slasher flick. A prank goes out of hand leaving a geeky guy horribly burnt. A few years later the geeky guy returns and starts killing the people who hurt him. Now the story might sound intriguing and very entertaining, but what makes this horrible film so different from the rest of the 80s slasher flicks is that it has some humorless flaws and continuation errors.<br /><br />The acting is horrendous, however, actually not as bad as one would suspect. Though it doesn't help that every character in the film are so grody and unlikable. The lead, Carol Manning (Caroline Munro) is the easily the biggest tormentor of them all and she's the one that we are ostensibly supposed to share compassion and root for. Not to mention, the geeky guy is almost too geeky and I think that even stereotypical geeks themselves would be rudely maddened and just downright antagonized by how geeky he his, so when he gets mauled, does anyone really care? <br /><br />There is much unintentional laughter potential. Munro's lack of acting talent is quite apparent, which puts her down at the same level as the rest of the awful cast. However, the most amusement is easily when the film poorly attempts to pose Munro, who is in her mid 30s at the time, as a teenager amongst a cast of teenagers. And then when it comes to later life and Munro is playing around her real age, the rest of the cast do not pass as adults. This all goes well with a theme song that is a hilariously pose of heavy metal thrash accompanied by maniacal laughter and a voice shrieking ""I'll get you."" With that being said, Slaughter High really isn't a very good slasher flick, but it does have a bad cheesy entertainment value to it. Perhaps an essential for hardcore slasher fans, but don't expect dilemma, suspense, or any credibility from it. Horrible!!!",negative
"Dolemite is a blaxploitation film about, well, Dolemite and his army of kung fu killer women, led by Queen Bee. He fights to get his club, The Total Experience, back from Willie Green by utilizing their kung fu abilities and their devotion to him. I liked this movie because of the witty dialogue and also the use of Rudy Ray Moore's ability to preach to his brothers in rhyme.",positive
"This was a good movie. It wasn't your typical war flick but something a bit different. This movie showed us recruits in training before the war and not actually fighting a war. This film is one of the more realist views on war and the army than most other films like this made. Colin Farrel did a great job at portraying an army recruit and Clifton Collins Jr and also Matthew Davis contributed reasonably well. Seeing Colin Farrel move from b grade to a grade in a few short years, You would never thought it would happen. I will also add that the makers of tigerland did a great job at filming a movie in the year 2000 and making it look like 1970 was a good touch. Its good to see talent used wisely and i hope to see this same talent again in the near future.",positive
"OK... so... I really like Kris Kristofferson and his usual easy going delivery of lines in his movies. Age has helped him with his soft spoken low energy style and he will steal a scene effortlessly. But, Disappearance is his misstep. Holy Moly, this was a bad movie! <br /><br />I must give kudos to the cinematography and and the actors, including Kris, for trying their darndest to make sense from this goofy, confusing story! None of it made sense and Kris probably didn't understand it either and he was just going through the motions hoping someone would come up to him and tell him what it was all about! <br /><br />I don't care that everyone on this movie was doing out of love for the project, or some such nonsense... I've seen low budget movies that had a plot for goodness sake! This had none, zilcho, nada, zippo, empty of reason... a complete waste of good talent, scenery and celluloid! <br /><br />I rented this piece of garbage for a buck, and I want my money back! I want my 2 hours back I invested on this Grade F waste of my time! Don't watch this movie, or waste 1 minute of your valuable time while passing through a room where it's playing or even open up the case that is holding the DVD! Believe me, you'll thank me for the advice!",negative
"How hard is it to write a watchable film with Vince Vaughn, Paul Giamatti and Kevin Spacey? Apparently VERY difficult for the writers here.<br /><br />I still have no idea how Santa is younger and looks 20 years older than Vince (who plays the BIG brother). I must have missed that part of the story but in reality, it really didn't matter. Many scenes seemed out of place and contrived; the kind of ""funny notion"" scenes that are drug out WAY too far to where any sense of comedy is lost.<br /><br />The director/producer tried to go ""tear jerker"" at the end, which would have been suitable if ANYTHING leading up that point had been worth following.<br /><br />Ugh, major disappointment. I can see how some people might enjoy this OK, since many people will take any garbage they're fed, but I would strongly encourage waiting for DVD on this one. NOT worth the $23,978 it takes to get your family to the movies these days.",negative
"I love the other reviews of this movie. They mirror my attitude. I am a 70's sort of guy, minus disco and ""Star Wars"" childishness. There was nothing great about this movie, except for a chase scene. That is why it was good, because it was tough, basic and economical. Roy Scheider carried the movie, which was based on the crew, the 7 Ups, that backed up Gene Hackman in the ""French Connection"". The people in it were believable and average, who burned themselves pouring coffee, showed fear in chase scene and almost lost it after a close call crash.<br /><br />Maybe it would be easier to tell you what it lacked. There was no fancy weapons, just basic revolvers and crude sawed off shotguns. There was no tough guy philosophizing, ala Tarantino. There was no kung fu or samurai nonsense and no fancy trick shooting either. There was no clever guy who carries out some complicated scheme based on hundreds of things going just the way he planned including everyone else's reactions. The criminals were bad guys but they didn't shoot people for the hell of it. As a matter of fact, there was a body count of just three. something that the average movie these days would pass in the opening credits. It could be a G movie today! No bus load of orphan school children were kidnapped nor were terrorists threatening to kill half of the city. There were no high tech hijinks, nor were the crimes themselves very moving or ingenious, the highest tech thing I saw was a touch tone ATT wall phone. It had no subplots or amusing character developments. Also, no sex or women, except for one mobster's wife who did some screaming as the Buddy our hero had her menaced.<br /><br />It was some little undertaker who exploited his connections with the local mob and the police to kidnap local mobsters for some easy payoffs. The undertakers. Vito, was played by Tony Lo Bianco who did a great job, as good as Roy Schneider, Buddy the head of 7 Ups cop, whom he informed and exploited. What ever happened to Tony Lo Bianco, he seemed like a Pacino shoe in, good looking and talented? What it did have was a great NYC backdrop to a simple crime story. Locations that were bleak and dehumanizing without being a sociological study. It had a simple plot that involved this kidnapping scheme where one of Buddy's cop got accidentally involved, literally accidentally dragged in then accidentally shot dead. Since Buddy and his 7 ups are a hot dogs unit, both the NYPD Brass and mobsters thought he was involved, since the kidnappers masqueraded as plain clothes cops to lure the mobsters into compliance. Obviously the mobsters figured they had lawyers and rights to protect them from normal police. Even the mobsters were plain, old and ugly, no Godfather royalty or Soprano hipness here.<br /><br />It is a good basic movie with a standout chase scene between two 70's d Pontiacs. Even the cars were plain and economical, not even a GTO or a Trans Am, like the acting and the story. In the days of Batman uber-hype or ""24"" levels of intensity doomsday scenarios, this movie reminds us that less is better. It should be shown to movie screen writers and directors as a caveat not to dazzle, amuse then ultimately insult us with stunts, gadgets and clown psychotic behavior galore.",positive
"I rented this film in DVD form without knowing anything at all about it, part of a winter marathon of watching a film every night. After several awful American action adventure films (Ballistic, Daredevil, Cradle of Life) Zhu Warriors struck me as brilliantly original filmmaking. The story is complete nonsense, but I found the film's sincerity, good- heartedness and complete lack of irony refreshing, and the film looks spectacular. Sure, the special effects are not technically as flawless as those produced by Hollywood, but the filmmakers wisely are more interested in color, composition and movement than realism and so many of the shots are breathtaking. In one shot, two of the superhuman characters stand on craggy spires of rock, a huge moon rising before them, the image perfectly balanced by the three elements. In another, a princess-warrior spires through the heavens behind her glowing sword like a heat-seeking missile. And the colors explode from shot to shot, used to express emotion rather than to represent reality.<br /><br />The characters have the same simplicity and directness of comic book characters, offering no great depth in themselves but referring to archtypes that resonate more deeply. Physically, several of the actors are astonishingly beautiful. They play their roles straight up, without irony or guile, and so are believable.<br /><br />Most strange of all, despite the clumsiness of plot and thin characterizations, I found myself very near tears at the end, moved by the beautiful simplicity of the actors and the wildly original, good-hearted vision of the director.<br /><br />",positive
"Previous commentator Steve Richmond stated that A Walk On The Moon is, in his words ""not worth your $7"". I ended up paying a bit more than that to import what is one of the worst-quality DVDs I have yet seen, of this film or any film in existence. Even when you ignore the fact that the DVD is clearly sourced from an interlaced master and just plain nasty to watch in motion, the film has no redeeming qualities (save Anna's presence) to make watching a top quality Blu-Ray transfer worthwhile. Not that this is any fault of the other actors. Liev Schreiber, Diane Lane, Tovah Feldshuh, and Viggo Mortensen all score high on the relative to Anna Paquin acting ability chart. Far more so than Holly Hunter or Sam Neill did in spite of an equally lousy script, anyway. Director Tony Goldwyn's resume is nothing to crow about, but Pamela Gray's resume includes Wes Craven's most dramatic excursions outside of the horror or slasher genre, so one could be forgiven for thinking this is a case of bad direction.<br /><br />As I have indicated already, the sole reason I watched this film is Anna Paquin. In her acting debut, she literally acted veterans of the industry with a minimum of twelve years' experience above hers under the table. While she is not as far ahead of her castmates here, her performance as a girl that starts the piece as a brat and grows into a woman whose world is crashing down around her proves her Oscar was no fluke. For some time I have been stating to friends that she would be the best choice to portray the heroine of my second complete novel, and a dialogue seventy-three minutes into this film is yet another demonstration of why. This woman could literally act the paint off walls. Anna aside, only Liev Schreiber comes close to eliciting any sympathy from an audience. Sure, his character spends the vast majority of the film neglecting a wife with an existential crisis, but he plays the angered reaction of a man who feels cheated brilliantly. I should know, even if it is not from the same circumstances here.<br /><br />Viggo Mortensen also deserves credit for his portrayal of a travelling salesman, although perhaps not to the same extent. In a manner of speaking, he is the villain of the piece, but he successfully gives the character a third dimension. Yes, his actions even after the whole thing explodes are underhanded, but not many men would act any differently in his situation. Nobody wants to be the other man in this kind of messed-up situation, so Viggo deserves a lot of credit for giving it a try here. Unfortunately, these are all participants in a story about a woman who feels trapped in a stagnant marriage where Tovah Feldshuh tells us that the Mills And Boon archetype of women being the only ones who feel life is passing by simply does not exist. Either writer Pamela Gray or director Tony Goldwyn thought they could just put this line into the film without thinking of how the audience might receive it. Anna even gets to speak the mind of the audience when she asks Diane who she is to be lecturing anyone about responsibility.<br /><br />That said, the film does have a couple of things besides Anna going for it. Mason Daring's original music, while not standing out in any way, gives the film a certain feeling of being keyed into the time depicted that helps where the other elements do not. Roger Ebert is right when he points out that while Liev is a great actor, putting him alongside Viggo in the story of a woman forced to choose between her marriage and her fantasy is a big mistake. He is also very correct in that when the film lingers over scenes of Lane and Mortensen skinny-dipping or mounting one another under a waterfall, it loses focus from being a story of a transgression and becomes soft porn. The film seems terminally confused about the position of its story. No matter how many times I rewatch Liev's scenes, I cannot help but feel he has been shortchanged in the direction or editing. One does not have to make their leads particularly handsome or beautiful, but taking steps to make them the most interesting or developed characters in the piece would have gone a long way.<br /><br />Ebert also hits the nail right on the head when he says that every time he saw Anna on the screen, he thought her character was where the real story lay. Stories about the wife feeling neglected and running into the arms of a man who seems interesting or even dangerous are a dime a dozen, to such an extent now that even setting the story in parallel with an event as Earth-shattering as the moon landing will not help. In spite of feeling revulsion at the manner in which her character's story is presented, Anna might as well be walking around with a neon sign above her head asking the audience if they would not prefer to see the whole thing through her eyes. While I am all too aware that it is difficult to control exactly which character your audience will find the most interesting from your cast, it is very much as if they did not bother to try with Lane and Schreiber. Fans of these two would be well advised to look elsewhere. Hopefully by now my ramblings about the respective performances will give some idea of where the whole thing went wrong.<br /><br />I gave A Walk On The Moon a three out of ten. Anna Paquin earns it a bonus point with one of her best performances (and that is saying something).",negative
"I was hoping that Pulp would be a interesting movie, but was profoundly disappointed.<br /><br />Pulp has very little storyline, and what there is never holds your interest. It was a real struggle to keep watching it. When its over you say to you self ""huh? that's it?!?"". This is one where you think after watching it - why did they ever bother?<br /><br />Its too bad since Michael Caine is a good actor. I was also hoping to see the great Lizabeth Scott in this, but she only appears on screen for a total of perhaps one minute. Scott is one of the all time great film noir femme fatale girls and this was her last film.<br /><br />Oh well...",negative
"The only reason I elected to give this flick a shot was due to the presence of Oscar winner Ernest Borgnine. All I can say is, it was the greatest waste of a good actor ever put to film. As far as I could tell, Borgnine was the ONLY actor in it. The other performances were so uniformly terrible, I am amazed a studio would actually pay the ""performers"" to appear. Couple this level of talent in the acting department with a story so plodding and insipid that I thought my eyes were going to start bleeding by the time the credits rolled, and you have a perfect cinematic disaster. Obviously the movie was made to appeal to an audience of children, and to its credit, it was better than most of the original programing on the Disney Channel and similar kid-focused networks. But honestly, that is not saying much.",negative
"Does anyone know, where I can see or download the ""What I like about you"" season 4 episodes in the internet? Because I would die to see them and here in Germany there won't be shown on TV. Please help me. I wanna see the season 4 episodes badly. I already have seen episode 4 and episode 18 on YouTube. But I couldn't find more episodes of season 4. Is there maybe a website where I can see the episodes? Because I've read some comments in forums from Germany and there were people which had already seen the season 4 episodes even though they haven't been shown at TV in Germany. I am happy about every information I can get. Thanks Kate",positive
"The scariest thing about freshman director Carter Smith's new horror movie ""The Ruins"" is the closing credits that list comedian Ben Stiller as one of the executive producers. What was Stiller thinking when he sank his bucks into this chiller about cursed carnivorous undergrowth that creeps up on its victims and devours them. Oscar-nominated scenarist Scott B. Smith of ""A Simple Plan,"" adapting his own bestselling novel, sticks steadfastly to the standard clichés and conventions of all twentysomething scary sagas where reckless youth do everything but tote signs begging the forces of evil to eat them. Were cretinous characters not enough to contend with in this nihilistic nonsense, we're treated to yet another film where American tourists find themselves in jeopardy simply because they are Americans. Furthermore, unlike really good horror movies that explain why the monsters have a need to feed, ""The Ruins"" provides no explanation for the supernatural shenanigans of its villainous vines. <br /><br />The set-up for ""The Ruins"" resembles the 2006 horror movie ""Turistas"" where slimy South Americans trapped brainless American backpackers and harvested them for their internal organs. Indeed, ""Turistas"" generated some legitimate thrills and chills. ""The Ruins"" spawns nothing in the way of either thrills or chills. A malicious mastiff that suddenly lurches on-camera to snarl at our heroes is as close as it gets to a thrill. <br /><br />The rest of ""The Ruins"" borrows from another movie: ""The Descent,"" a superb, 2006 chiller about a bunch of babes plunged into a nightmare experience when they get lost in warren of caves inhabited by albino mutants with a blood lust for murder. A couple of other movies that served either intentionally or unintentionally come to mind, too. They are the straightforward 1968 Hammer horror classic ""The Lost Continent"" about murderous vegetation that menaces innocent bystanders in a sea of derelict ships and the Roger Corman cult class ""The Little Shop of Horrors"" (1961)about a New York florist that grows a man-eating plant in his shop.. <br /><br />""The Ruins"" unfolds in the scenic, sunny Mexico where four frolicking American college kids, Eric (Shawn Ashmore of the ""X-Men"" movies), Stacy (Laura Ramsey of ""The Covenant""), Jeff (Jonathan Tucker of ""Sleepers"") and Amy (Jena Malone of ""Pride & Prejudice""), are wrapping up their tequila-soaked spring break. Stacy loses a prized earring in a motel swimming pool, but a helpful Teutonic, twentysomething tourist, Mathias (Joe Anderson of ""Copying Beethoven"") recovers it, and the group embraces him as newest best friend. These people live to party, and they have already made friends with a trio of Greek tourists. Mathias tells them about his wayward brother who has accompanied a cute female archaeologist to a remote Mayan pyramid that isn't listed in any guidebooks. He offers to take them with him and they accept. <br /><br />First rule of horror movies: if nobody knows about the place where you're going, you'd be well advised to avoid it. Since they have only one day left, and they haven't done anything adventurous, our two couples along with their Spanish-speaking Greek friend, Dimtri (newcomer Dimitri Baveas), decide to follow Mathias and check the pyramid out. They catch a bus into the interior of Mexico and look for a taxi to take them on the next leg of their journey. A cabbie glances at their map and warns them to stay away. Second rule of horror movies: when the natives warn you to steer clear, you steer clear. A crisp twenty dollar bill helps him change his mind, and he hauls them off to their destination and then he skedaddles in a heartbeat. <br /><br />No sooner have our heroes found the mysterious Mayan pyramid covered with undergrowth that looks suspiciously like a variation of Mississippi kudzu in the jungle than superstitious natives appear. They know that the pyramid is haunted, and they kill Dimtri without a qualm when he tries to dispel their fears. The remaining protagonists scramble to safety atop the pyramid while the paranoid natives surround them to prevent them from escaping. Eventually, the vines slink out to greet our heroes and eat them. At this point, ""The Ruins"" turns into ""Bug,"" the recent and ridiculous Ashley Judd schizoid movie about insects that get under your skin. Before long our heroes are carving each other up in a futile effort to extract the vines from under their skin. One particularly gruesome scene shows the Americans lopping off the German guy's legs to save his life. By comparison, it makes the tortures of the Spanish Inquisition look tame. <br /><br />""The Ruins"" ranks as just another vine mess with nothing to redeem it.",negative
"There is nothing like an Oscar Wilde comedy, and this movie is nothing like a comedy. The melodrama labors from scene to scene and the comedy is completely absent. In the original story, the humor comes from the Americans who are oblivious to the ghostly traditions of Canterville Chase. The American father even offers some oil to the ghost to quiet the creaking chains. Read the book!",negative
"That this poor excuse for an amateur hour showcase was heralded at Sundance is a great example of what is wrong with most indie filmmakers these days.<br /><br />First of all, there is such a thing as the art of cinematography. Just picking up a 16mm camera and pointing it at whomever has a line does not make for a real movie.<br /><br />I guess we have to consider ourselves lucky the director didn't pick up someone's camcorder...<br /><br />Second, indie films are supposed to be about real people. There's nothing real in this film. None of the characters come across as being even remotely human.<br /><br />What they come across as being is figments of the imagination of a writer trying to impress his buddies by showing them how ""cool and edgy"" he is.<br /><br />Sorry, but this is not good writing, or good directing.<br /><br />What is left is a husk of a bad movie that somehow made its way to Sundance. Hard to believe this was one of the best films submitted...<br /><br />In any case, it made me loose what was left of my respect for the Sundance brand.",negative
"Big S isn't playing with taboos or forcing an agenda like, say Mencia or Chapelle (though I like them both). She states the obvious in subtle, near subliminal remarks. Her show won't change the World, nor is it meant to. But, along with the hilarious Brian Posehn and Paget Brewster's ex-boyfriend Jay Johnston of ""Mr. Show"" fame, this is one mean show with an appetite for destruction! My side's were thoroughly wrecked by the first episode. Look, I love this woman and like her famed boyfriend, Jimmy Kimmel, she just delivers the lines and lets the viewer run- with-it. The best kind of comedy around. Spoofing anything and anyone, like ""Mary Poppins"" in the second episode when she sings to the fake birds on to quick hitting commentary on society and college aged existential nonsense. This one is highly recommended, but only for those who still have a funny bone (and didn't lose it in their most recent lippo-suction treatment or boob job).",positive
"It doesn't surprise me that the makers of this hopeless movie couldn't find a UK distributor, and then had to release it as a free DVD with a Sunday newspaper. The distributors could clearly see what the film-makers and the Sunday newspaper couldn't, that this was one movie that just wasn't going to recoup its costs.<br /><br />Since it's a thriller about riddles, it would have helped if they'd picked a lead actor who could enunciate properly, rather than the mumbling Vinnie Jones who appears to pronounce ""riddle"" as ""riell"". And it would have helped if the dialogue hadn't been swamped by noisy locations or scenes flooded with distracting and inappropriate music. The plot is ludicrous: The lost Charles Dickens story supposedly helps our hero solve a series of modern murders, but so would a copy of Herge's Adventures Of Tintin, since the link between Dickens and Jones is more non-existent than tenuous. And we have the ridiculous premise that a would-be investigative journalist who lays his hands on a previously undiscovered Dickens manuscript, would take several days to read it, just so that flashbacks to Dickens can continue to be played throughout the movie, as if they had some connection to it. Which they don't. I mean, if you found a new Dickens manuscript, wouldn't you just go somewhere quiet and read it ? The film ends with one of those surprise revelations that have become mandatory since The Sixth Sense, but in this case it doesn't so much surprise you as insult your intelligence. If the film is suddenly going to turn supernatural at the twelfth hour, then revealing that Vinnie Jones is a robot might have been more acceptable. It might not have seemed so turgid if the film had been stylish, but it isn't. And in several places it appears decidedly amateur: There's a scene where a table is laid with a 60's jump-cut technique, but they haven't made sure that the person actually laying the table is completely out of frame between the cuts. Consequently, you can see things changing at the edge of frame, when you're really supposed to be watching things changing at the centre of frame. A good rule in movie-making is: If you don't understand how to do a technique then try something else.<br /><br />The real riddle is why anyone thought it would be a good idea to make this movie in the first place.",negative
"I can't decide whether this is one of my favourite movies. It is a good thriller and has an emotional core but still I can't decide. I definitely liked it. This is the first movie of Terry Gilliam that I have seen. My first impression? I was engaged till the very end and it is not all that complex(to be confusing).<br /><br />The movie is set in the future. A man James Cole(Bruce Willis) is sent from the future in order to get some information from the past(1996 to be specific). A virus killed 5 billion people. He is sent from the future to get some information about it. Also involved here are a psychiatrist called Kathryn Railly. The love story is portrayed beautifully and you can really feel the longing in this love and longing for a regular life. The loose ends are tied up in a very interesting manner at the end.<br /><br />One thing I liked about this movie is that unlike other post-apocalyptic movies, the movie didn't prefer to give any boring social commentary and instead focused on this one guy and his longing for a regular life. ""You want to see the ocean, be with her"" is especially a poignant line in this movie. It chooses to focus on the tension and confusion in the person's mind. Therefore this is not exactly post apocalyptic movie but instead it could be described as a romantic sci fi movie with themes that range from time travel to blurred realities and so on. This is what makes this movie a special movie of the 1990's. The complex plot flows smoothly without adding too many characters.<br /><br />The performances are quite good. Bruce willis surprised me here as he didn't act the regular tough guy here but he gave a good performance of a confused man who is in love. His desperation in certain sequences is portrayed beautifully. I have to check out his other movies. The gorgeous Madeleine Stowe is quite a treat to watch. EVer since I saw this movie, I have become so obsessed with her. She has given a great performance of a woman who sympathises with her patient and finally falls in love with him. Brad Pitt is the real surprise though with his portrayal of a crazy man named Jeffrey Goines. His Oscar nominated performance is quite surprising considering that he doesn't have many critics who have kind words for him.<br /><br />The end is quite chilling and that is also another reason to watch the movie. The length or complexity is not as big a problem because this film is quite fast moving and there are enough incidents to keep people interested. And every incident in this movie has a meaning and nothing is there that is unnecessary.<br /><br />Good thriller 10/10",positive
"The film begins with promise, but lingers too long in a sepia world of distance and alienation. We are left hanging, but with nothing much else save languid shots of grave and pensive male faces to savour. Certainly no rope up the wall to help us climb over. It's a shame, because the concept is not without merit.<br /><br />We are left wondering why a loving couple - a father and son no less - should be so estranged from the real world that their own world is preferable when claustrophobic beyond all imagining. This loss of presence in the real world is, rather too obviously and unnecessarily, contrasted with the son having enlisted in the armed forces. Why not the circus, so we can at least appreciate some colour? We are left with a gnawing sense of loss, but sadly no enlightenment, which is bewildering given the film is apparently about some form of attainment not available to us all.",negative
"This ""horror"" movie lacks any horror or even mild suspense. Even the gore is not good. The plot would have some promise if it was done by someone who cared about what they're writing/filming, but the people who made this movie obviously did not. Basically, the film proceeds in a series of fits and starts thusly:<br /><br />Main character insists she's not crazy.<br /><br />""Milo"" lurks about in his yellow raincoat or rides in front of a car on his bike.<br /><br />Main character insists she's not crazy and rambles on about her passion as a schoolteacher.<br /><br />Someone gets killed in an unsatisfying manner.<br /><br />Main character insists she's not crazy and musters up a few fake sobs.<br /><br />Are we seeing a pattern here? If you don't, you may enjoy this film. Otherwise, watch something else. The budget is low, low, low AND IT SHOWS (unlike say, THE EVIL DEAD, which makes you forget about its crap budget), and the acting is bad, bad, bad (with the possible exception of the janitor). In general the movie is boring, boring, boring. I can't think of a single scene that's actually done well. In fact, I disliked the movie so much I actually turned it off ten minutes before the end, something I very rarely do... heck, I watched the non-MSTied MANOS, THE CLONES, and WILD WILD WEST all the way through.<br /><br />3/10. Spare yourself and watch PHANTASM again.",negative
"Night Of The Demons is definitely one the definitive cheesy 80's demons horror flick in the same vein as the brilliant Evil Dead and Demons movies. This movie combines boozy sexually active teens and demons into one hell of a fun movie. A definite welcome addition after the 80's were overrun by slasher flicks, it was nice to see something a little different.<br /><br />The plot follows a group of teens who all meet up for a Halloween party at hull house which used to be funeral parlour, hosted by Angela. About 40-minutes of boozing and sexing eventually leads to a demon or demons finding their way out of the furnace and possessing each and every one of the teens. Add some snazzy make-up effects, lots of gore, and cool-looking demons and you've got yourself a sweet 80's cheese-fest that would be ranked as one of the best demon-related films in many horror fans' lists.<br /><br />Firstly I loved the setting for this movie, ""Hull House"" is really creepy and scary and the perfect setting for a horror movie and plus when the Demons emerge, that's when the action really kicks in and it becomes a night of terror and fear. This movie spawned 2 sequels, the first one in 1994 which was okay but nothing come pared to this and the third one titled Demon House was absolutely horrendous. This is one of those horrors that has definitely stood the test of time and remains a true gem of mine for many years to come.<br /><br />All in all a fun cheesy flick with Demons that's definitely worth checking out.",positive
"ONE NIGHT AT McCOOL'S / (2001) *** (out of four)<br /><br />By Blake French:<br /><br />	According to Harald Zwart, the director of ""One Night at McCool's,"" this film is ""a dark comedy about the power of women over men, and how a group of people can all perceive different realities. It's the same story told from three different points of view, and each time we tell the story, we try to reveal a little bit more about what actually happened, which nobody really knows."" <br /><br />	""One Night at McCool's"" marks the feature film directorial debut of Zwart, an award winning commercial and music video director who began making short films when he was eight years old. I always get nervous when a director of commercials and music videos turns to filmmaking. We have seen so many examples of how these guys think they are making another advertisement or music video for TV with their productions. Zwart resists that tendency. He captures a specific humorous truth in ""One Night at McCool's,"" from an inventive, complex screenplay by the late Stan Seidel, even if it is often somewhat perplexing. <br /><br />	""One Night At McCool's"" features three men who share their separate experiences about a particularly beautiful young woman. In some ways, this movie is the comedy version of ""American Beauty,"" but in others, it is a world apart. <br /><br />	""It all started one night at McCool's"" explains each of the three men to their various listeners. There is Randy (Matt Dillon), a tender at the local bar, and his cousin, a lawyer named Carl (Paul Reiser), who stays until the place closes. Detective Dehling (John Goodman), arrives when the saloon becomes the crime scene of the dead boyfriend of a female fatal appropriately named Jewel (Liv Tyler). Randy is the first to see her, as an individual treats her unkindly. He stands up for her, and before you can say SEXY, they are having vigorous sex and she moves in with him. At first, Randy is reluctant: ""The sex and the violence, all in one night  it's a little much."" But who could turn a jewel like Jewel away.<br /><br />	Jewel changes the lives of each of the three men. For Detective Dehling, she pulls him out of a hole of grief since his wife died. For Carl, she makes him forget his loving family and nice little suburban household. For Randy, she lights a few fires, both positive and negative, the later persuading him to contact a bingo playing hit man named Burmeister (Michael Douglas) to put an end to her deceptive ways. <br /><br /> It is interesting how the movie perceives the three different chronicles-even the costuming of Jewel is relative to the man telling the story. Dehling sees Jewel as a beautiful, mesmerizing gift from God. Carl sees Jewel as two sexy legs and lots of cleavage. Randy is unsure what to make of her, an awakening to his otherwise boring, road to nowhere life. The most intriguing element of this movie is Jewel herself, however, deliciously played by the always delightful Liv Tyler (""Armageddon""). She is not really interested in the men, but what they can offer her. Her motives are all too simple, not truthfully diabolical or evil; she is simply a young lady who has learned at an early age that she can get what she wants out of life through her beauty. <br /><br />	The film has a lot of fun with its material. From the enthusiastically entertaining cast, to its violently hilarious showdown, ""One Night at McCool's"" takes advantage of most of its humorous ideas. What makes the movie even funnier is how the three men's points of view differ. The actors have a lot of fun with their characters, too. Goodman is curiously whimsical; Reiser fits his kinky, squirmy part quite well; Douglas is sly and mysterious in one of the movie's funniest performances; Dillon gives his character arrogant personality, even though Randy is a lackluster nobody; Liv Tyler is dazzling. She injects Jewel with the perfect amount of boastful charisma and tantalizing wit. She reminds us of Mena Suvari's intimate performance in ""American Beauty.""<br /><br />	""One Night at McCool's"" is the first film to come from Michael Douglas' new production company, Furthur Films. It is a creative, genuine, and sexy production. Along the way we often become caught up in the twisty structure, but that is a natural response to a movie that intentionally interweaves several angles to a single story. The movie ends on a note that is both black and comedic. This is another one of those comedies in which serious events take place in a humorous way; i.e., the black comedy. Many films of this genre come across as either too black or too lackadaisical. ""One Night at McCool's"" is one of the few that actually work. <br /><br />",positive
I thought this movie was great! I saw this when it came out in the theaters so I do not remember all the details. I remember it being based on Homer's tale on Odysseus. Names places and events are changed but you can still see the resemblance to the tale. <br /><br />I found it funny how they would get themselves into trouble and how they would get themselves out of it. I really enjoyed this version of modernized old tales much better than the Romeo and Juliet with Clair Danes.<br /><br />I will agree that in some parts of the tale it does get a little to silly at times but all in all it is a great adventure with some big name actors.,positive
"Well as the headline suggests this is not the particularly good movie i was hoping it would be. i thought it would be great with mr fully monty man himself but tragically not. From the beginning i literally lost interest immediately when 2 women are just making tea and then suddenly she points out there is random water coming from under the door, then bam a full on flood through the route of the house its hard to believe they didn't notice the rising water level outside or at least heard it. Sorry for this to sound like a rant but it really grinds my gears and has affected me. Most acting was poor and the story tried to copy nearly every cliché to each disaster movie ever but just failed in that sense. CGI was poor i could do a better job using ms paint, directing poor too, and at the end i didn't care about 1 character at all!!! don't waste your time people no wonder it was released straight to DVD. Well thanks for reading xxx",negative
"This movie is hilarious. I would say much more painful & disgusting than the previous movie. The entire cast from the previous movie & series is present.<br /><br />These kind of movies are great to watch in the MovieTheater cause the whole audience is crying with laughter, especially at the terrorist part that was damn disgusting. I wish they made more of these kind of movies.<br /><br />Strong stomach required! They got some insane stunts this time around. Warning: includes a lot of snakes! I would love to write about it but I just can't spoil the fun. Go see it!!!",positive
"I rented this film on Netflix after it won all the Oscars, to see if it was really that good.<br /><br />The Hurt Locker is a very realistic portrayal (for the most part) of a group of soldier's rotation in Iraq. The film centers around Will James, a reckless soldier who gets his adrenaline fix from taking risks, and defusing bombs.<br /><br />Where this film seems to lack in my opinion is the Plot and Direction of the movie. This film has no clear plot unlike other films such as Black Hawk Down. What this film tries to do is focus more on the characters, and their different attitudes about the war. Bigelow does an okay job of focusing on the characters, but there are many points in the film where the dialogue seems to drag. Hurt Locker is 131 minutes long, yet it feels like a 3 hour movie.<br /><br />One scene in the movie that was particularly awful, and ruined the films perfect credibility, was the sniping scene halfway through the movie. It was both unrealistic, and very long.<br /><br />Overall, I thought this film was OKAY, but the reason I gave it a 6 instead of a 7, was because it was a major letdown for winning Best Picture at the Oscars. I felt like this film could have been so much better considering Saving Private Ryan lost Best Picture, but was much better than this film. Another notable mention is Black Hawk Down which only won 2 Oscars. I honestly do not know how this won best picture.<br /><br />If you are looking for an action packed war flick, rent Black Hawk Down. This film will be forgotten in a year or two.",negative
"I can't believe anyone liked this movie. I've seen a lot of low-budget indie films, but this one absolutely sucked. Low budget doesn't mean the movie has to be demented. Horror doesn't mean the movie has to be demented. There was nothing scary about this movie at all. It was just a gore-fest, and a particularly disturbing one at that. The acting was average, considering they were all unheard of actors, but the story was pathetic, the dialog was pathetic. The movie tries to come off as ""artistic"", or something. This is not one of those really great indie films that cost only thousands of dollars to make, but are incredibly well done. This was nothing more than an excuse for some extremely sick people to put their perverse obsessions on film. Other reviews here also said that the soundtrack sucked...that's because most of it was written by the same person, and some of the songs were written by one of the writers of the movie. There were no redeeming qualities to this movie at all. A complete waste of my time and money.",negative
"Based on a true story of how a man ahead of his time - the great 19th century American poet and humanist Walt Whitman - made a significant contribution to how western medicine treats people with psychological problems.<br /><br />Interested in the treatment of people with psychological problems, he began to associate with psychiatric workers and patients. After seeing the psychological methods of the time (inhumane and ignorantly cruel methods), Walt rejected those methods, and treated patients with compassion and dignity, encouraging other people to do the same> The story of Walt's interactions with psychiatric workers, patients and townsfolk is full of drama, good humor and wisdom. : )",positive
"Okay -- the title ""House of Frankenstein"", was a reference to a line from the original Frankenstein movie. When they follow it up with a movie entitled ""House of Dracula"", which makes no real sense, you know that it's just beginning to turn into a franchise.<br /><br />Without explanation, Dracula is back, and he's calling himself Baron Latos. He infiltrates the home of a Doctor Edelmann, with the claim that he is seeking a cure for his vampirism. Edelmann has a hunchback nurse who assists him (what is it with hunchback assistants in these movies?), but what Dracula is really interested in is his other, more beautiful assistant. At this point, Larry ""Wolf Man"" Talbot returns (again, no explanation given) and just happens to be seeking the same doctor for a cure to his lycanthropy. And then he just happens to fall into a cave in which plants can be grown to help him, which also just so happens to contain the Frankenstein monster. Dear God, when will it end ... sure, the other Universal monster sequels were silly, but this is just ridiculous.<br /><br />First the good stuff. There are some great settings, and the vampire bat effects are slightly better than usual. Some of the other effects are pretty neat too. John Carradine isn't bad as Dracula once you get used to him, but still nothing like as brilliant as Lugosi was. In my opinion, Onslow Stevens plays a much better vampire in this movie, although he has exactly the opposite problem to Carradine -- all of the creepiness and none of the class. None of the performances are that great, but it's more due to the atrocious script than anything else -- the female parts are particularly badly written. But stupid as it is, it remains reasonably entertaining for the most part. The best thing about it is it's short length.<br /><br />Now the bad stuff ... it's not creepy, it's poorly written and it doesn't work. I was hoping the three monsters would begin some kind of a supernatural struggle for power, but it doesn't happen. The focus is almost entirely on Dracula, who isn't particularly well portrayed. On the other hand, this is the only movie in which Dracula infects another man, but it is done via a blood transfusion rather than a bite as Universal were always uncomfortable with the possible homosexual subtext. Larry Talbot is decent as always as the Wolf Man, but he plays a comparatively small part. Once again the part of Frankenstein's monster is reduced to the anti-climatic closing moments. For God's sake, Glenn Strange was fantastic as the creature! Why not give him more screen time? It's unfortunate that the series had to end on this note (not counting the classic comedy ""Abbott & Costello Meet Frankenstein""). In the end it just fizzled in the sunlight and died, much like Dracula himself.",negative
"This is a thoughtful film that lays bare the inequities of the so-called upper class and those who work for them, the haves and have-nots. Robert Shaw does a creditable job in his role as the obliging, correct chauffeur, Steven Ledbetter, who helps Lady Franklin (Sarah Miles) overcome her mental depression at the outset. However, Steven has many mixed feelings regarding this lady of the upper class. He inevitably falls in love with her, which of course is overstepping the societal boundaries that separate them.<br /><br />I have not read anything prior to this and only judge the movie as I have seen it. I consider it a very honest story about the realities of daily living and the conflict of what we might wish or expect from life and what we get. It's a fine drama worth seeing again.",positive
"The director seems like a good, solid man. His parents struggle with the same issues we all cope with. They strayed from each other. They loved each other. They misunderstood each other. And the poor audience has to sit through ninety minutes of what is possibly the trials and tribulations of one of the most boring families ever to come out of Long Island.<br /><br />There are few interesting choices in this documentary--the music is banal, the filming uninspired, and the story is the same story that has played out on every Birch Street in every town in America. I don't mean to sound too harsh--seldom has a sweeter, more well-intentioned documentary been made. The director is the kind of man with whom you'd want to be friends. You just wish he had struggled as much presenting the material as his parents did keeping their marriage alive.",negative
"Though it had the misfortune to hit the festival circuit here in Austin (SXSW Film) just as we were getting tired of things like Shakespeare in Love, and Elizabeth, this movie deserves an audience. An inside look at the staging of ""The Scottish Play"" as actors call ""Macbeth"" when producing it to avoid the curse, this is a crisp, efficient and stylish treatment of the treachery which befalls the troupe. With a wonderfully evocative score, and looking and sounding far better than its small budget would suggest, this is a quiet gem, not world-class, but totally satisfying.",positive
"The chaser's war on everything is a weekly show from the guys that brought you CNNNN and the chaser decides where each week the 5 chasers and Firth break down the issues that we didn't know were important.<br /><br />This show goes beyond the mere satirizing of politics and television by not being afraid to take the mickey out of anyone whether it be a counter-girl at subway or even the prime-minister of Australia and although this may be familiar ground in say American television it has never been this well executed.<br /><br />The Chaser's war on everything is the smartest, funniest and overall most entertaining show on Australian television and if you haven't seen it you seriously owe it to yourself to give it a watch.",positive
"As I mentioned previously, John Carpenter's 1978 classic is one of the first two movies I can remember seeing and being heavily influenced by (the other being the classic Conan the Barbarian). It so truly scared me that the only monster under my bed was Michael Meyers, whom I eventually befriended (imaginary friend) to keep him from killing me in my sleep. Now that is terror for a 10 year old.<br /><br />It is a horror classic and I am sure my modest review will not do it the justice it deserves. The most surprising thing of all is that the movie still works, perhaps not in the guttural reaction but more of a cognitive possibility or immediate subconscious. This all could happen. It isn't in the realm of impossibility or located in a foreign country (as most modern horror is, i.e. Hostel, Touristas, Cry Wolf, Saw,etc). At times it is graphic while the rest is relegated to our imaginations. I believe it is this element that keeps people terrified or at the very least wary of going outside at night with the signature soundtrack still vivid in their head. It still works because we can substitute implied or tertiary killing with anything more terrifying that our mind can create. So we ourselves are contributing to our own fears and anxiety.<br /><br />Carpenter weaves a simple story about an everyday, middle class, suburban and relatively benign child who snaps on Halloween and kills his sister. He then spends the next 15 years in an institution (which we thankfully do not experience) only to escape and return to his hometown, the infamous Haddonfield. On his way he kills and kills. The child's name is Michael Meyers, though he is not a person. John Carpenter uses Michael Meyers as a metaphor against the implied safety of middle class suburbia. In the bastion of American safety and security, chaos can still strike.<br /><br />Michael ceased to be a person once he killed. He is not a serial killer, human being or psychopath. He is as unstoppable force. The generic overalls, bleached-white Shatner mask, and lack of any dialog other then some breathing, helps to dehumanize and complete Michael's generification. This is the source of all his power. He is faceless, speechless and unremarkable in any way other than as a source of unrelenting chaos. This is helped by the cinematography (post card effect), a lack of information/motivation/explanation and the veteran narrative experience of Donald Pleasence (Dr. Loomis). His over the top performance and uneasiness sells ""the Shape"". This is also the first film performance by Jamie Lee Curtis as Laurie Strode, the innocent girl who deters chaos in the face of overwhelming odds (at least for a little bit). <br /><br />Though this isn't the first movie of this new niche of horror films (Black Christmas came out 4 years earlier), it is the most successful and does not diminish upon reviewing. If you haven't been scared by horror movies in a long time (like me), this will probably make the hairs on the back of your head tingle at the first chords of the signature soundtrack. I highly recommend this movie as a must see horror movie and as one of the pinnacles of John Carpenter's career.",positive
"This film makes you really appreciate the invention of the fast forward button on your remote control. It's exquisite boredom in beautiful pictures. For once Hamilton goes relatively easy on soft focus shots. However, what I found hard to take about the film was that although Anja Schüte was about 19 when it was shot the girls are portrayed as much younger than they actually are. This whole Lolita thing especially as there is an older man involved leaves me rather uneasy. The heroine is actually shaved in the pubic area in order to make her look even younger than she is. Come on, sex is a nice past time- between consenting adults. Another thing I found odd was that neither Beart nor Schüte have a nude scene in the film, well, not a proper one at least.",negative
"This film provides the saga of a legendary Wild Bill Hickock. He, Buffalo Bill Cody, and Calamity Jane, are the central characters.<br /><br />As the Civil War closes, Lincoln mentions his concern that the country's dynamism would be enhanced if people would follow the advice, ""Go West, young man,"" which, mercifully, the film didn't erroneously attribute to Horace Greeley, as a number of others did. But then, he gets assassinated, and some financiers speculate that they can get rich selling weapons to the American Indians.<br /><br />In the meantime, we see Wild Bill Hickock, who interacts with a small boy, while a steamboat is loading at a dock along the Mississippi. Wild Bill uses a Bowie knife, which he eventually gives to the boy, calling it an ""Arkansas Toothpick,"" which in reality was a different type of knife, though both were used throughout the frontier.<br /><br />Hickock eventually meets Buffalo Bill Cody, who looks close to the photographs and paintings of the actual man. Cody has just gotten married, and is bringing his bride to the Old West to settle down.<br /><br />When they arrive at their destination, they run into Calamity Jane, who has a crush on Hickock. She looks at Cody's wife, and asks Buffalo Bill, ""Is this your mopsy?"" The line was one that caused the Hayes Board some problem, since one definition of ""mopsy"" was prostitute. Demille wanted the line in, and one of his aides pointed out that in Beatrix Potter's books about Peter Rabbit, three of the rabbits were Flopsy, Mopsy, and Cottontail. He pointed this out and asked the censors to identify ""the rabbit of ill virtue."" It worked; the line stayed in.<br /><br />The Indians were getting restless, in part because of the superior weaponry they got from the agent of the Eastern financiers. Cody and Hickock were asked to help scout the area, so that troops could get safely through to a beleaguered area. Cody led the troops; Hickock went to check out the activities of an Indian chief, who was an old acquaintance, and who was leading some of the hostile Indians.<br /><br />Calamity Jane gets captured, and Hickock gets captured trying to save her. They are brought to the chief, and although neither would talk, torture applied to Hickock breaks Calamity Jane's willpower, and she tells the route Cody is using.<br /><br />The two are released, and Hickock joins up with Cody and his forces, in part to alert them they're walking into a trap. With Hickok's help, they hold off the Indian attack.<br /><br />Hickock decides to go after the gun runners, and finally takes them prisoner. As they're waiting for authorities, Hickock is gunned down by being shot in the back while playing cards.<br /><br />There are numerous historic anomalies in the film, but it retains the flavor of legend. Pretty good for the 1930s.",positive
"This is not the true story. It is the darkest possible fiction derived from the events. It endorses suicide, morose obsession with death, a totally gratuitous sideswipe at organized religion in general (and the Anglican Church, in particular) and generally provides a nihilistic, pointless world view from which filmgoers, I suppose, are intended to walk away, richer in their poverty and more hopeful in their hopelessness.<br /><br />Utter trash, though attractively performed by a capable cast. That anyone would suggest this is a true rendering, however, is very much false advertising. You want the real story? Rent 'Fairy Tale'. That's the real story. See if you can find any correspondence between the facts presented in either case. I only found one: the girls who made the original photographs were pre-pubescent.",negative
"Not knowing what this film was about, I checked it out at the video store and after seeing it, I enjoyed it. Little seen multi-genre flick from director Bernard Rose (Candyman, Immortal Beloved). Great story and characters. As a fan of Glenne Healdy's, I was surprised of her british accent. The only exception for this film was the ending. However, it is worth the rent.",positive
"First of all, let me start by saying that I have been a devoted follower of C Thomas Howell's career ever since ""The Outsiders"" and ""The Hitcher"". He was an up and coming star in the 1980s - with hits such as ""Soul Man"" also. The future was bright for this young actor and he had the potential to go on from there and really assert himself in Hollywood. Put it this way - Tom Cruise had a bit part in ""The Outsiders"" while Howell had the lead. Look at Cruise today !!! But picking material like this drivel will only denigrate Howell's career even more - if that was possible. Why does he pick stuff like this? A small part in a major movie would be of more benefit to him than this rubbish.<br /><br />Essentially the story here takes place in a post-apocalyptic world where everybody lives underground where chaos reigns. Howell is a Shepherd - protecting the flock of various religious leaders by killing off any undesirables. He's a hit-man in other words.<br /><br />The sets are so bad, they wouldn't look out of place on a Thunderbirds episode. The use of slow-motion needlessly repeats itself throughout the movie but is well backed up by bad acting (and bad is a kind word here), no continuity, scenes that are thrown in for no reason whatsoever, vehicles that looked like they were made from a Corn Flakes box and a directorial style that bordered on stupidity. Oh yeah, and the storyline was pathetic too.<br /><br />I hate writing bad reviews about films - especially those in which I really like the star - but this film is so bad I don't believe for one second that anyone could have been proud of it. I am not a filmmaker nor am I a director but I would hide my head in the sand if I'd spent whatever amount of money and time on this movie.<br /><br />In short - this was a monumental waste of time and energy and I would not recommend anyone to EVER see this film. It came free with a DVD player I bought but I still turned the thing off halfway through because I was embarrassed for Howell. Come on C - give yourself some credit and wrestle yourself away from these non-hit wonders and try to knuckle down and get a good part - however small.<br /><br />1/10 - and only because there is no setting for 0/10.",negative
"""Fred Claus"" somehow avoids becoming this year's ""The Santa Clause"" by at least having a bit more amusing moments than that Tim Allen starrer, but it doesn't mean that it's got enough going for it that's worth a trip to the theater.<br /><br />As holiday movies go, it's contrived and sentimental. But actually, that could be the least of one's concern as ""Fred Claus,"" boasting of having David Dobkin (""Shanghai Knights,"" ""The Wedding Crashers"") at the helm, contains virtually nary a genuinely funny moment as it clumsily treads the line between a boorish Vince Vaughn vehicle and a fuzzy Christmas film. In the end, it amounts to not much of both. And with a cast that comprises of Paul Giamatti, Kevin Spacey, Rachel Weisz, and Kathy Bates, all the more it leaves one disappointed.<br /><br />Vaughn plays Fred, Nick's (Giamatti) older and estranged brother, who once upon a time, left him and their parents (Bates and Trevor Peacock) after having had enough of enduring his parents' favoritism of his younger sibling. Nick grows up to be Santa Claus (and as the voice-over tells us, time freezes on you and your family when you become a saint), while Fred becomes a Yuletide-jaded repo man in Chicago who's having a hard time remembering his girlfriend Wanda's (Weisz) birthday.<br /><br />He runs in trouble with the law and had to call his younger brother (who eerily looks at least a decade older than him) to bail him out of jail. Nick agrees but only if Fred agrees to help out on the toy-wrapping business up in the North Pole. Fred reluctantly agrees but his cynicism clashes with Santa and the elves' perpetually cheery nature, even as an efficiency expert (Spacey) is checking on the toy factory operations, only too happy to have the whole Arctic operations shut down if things fail.<br /><br />The film, as said, does have its moments, but the padded running length stretches them thin across its duration. In between are piles of Christmas film clichés that were handled better in, say, ""Elf"" and the attempts at sentimentality are as endearing as last year's fruitcake.<br /><br />Vaugn, as usual, brings on his coarse charm to the table, but the neutered script of Dan Fogelman keeps him from REALLY doing his thing. Giamatti, underneath the bad fat suit, brings a jolly old charm to his iconic character, but unfortunately, has to play second fiddle to Fred. Spacey brings his game face, but his turns usually end as unfunnily vapid.<br /><br />Ultimately, ""Fred Claus"" becomes a forgettable film that falls below what those involved in it deserve. Sure, there are worse ways to start the season at the cinema, but there are certainly far better ways.",negative
"Here's a spoof that's guaranteed to entertain folks in the IQ range of Homer Simpson. It's a cheap shot at every great Superhero, notably Spiderman and Batman. But it doesn't end there; it gets progressively worse until it disintegrates into a pathetic ensemble of slapstick trollop by the truckload.<br /><br />For those interested in the plot, you've only to watch Spiderman while under the influence of some heavy narcotic. What you get is Dragonfly Man  a boy wonder, who loves the girl next door, suddenly inheriting some stupendous super-powers.<br /><br />The rest of the script is as predictable as waking up in the morning and brushing your teeth, but don't' take my word for it! For kids, this is somewhat amusing; for adults it's a great film to drop the kids off for.",negative
"For people interested in business and the corporate world, this show is simply the best of the best. As one of the former contestants of the show wrote in his blog about this innovative show: People in business finally had an audience. The whole idea is perfect; having a group of businesspeople competing against each other in business-related tasks, set in the best place in the world, New York City. Donald Trump is perfect as the boss, even though his ego is bigger than the whole universe times infinity. He also makes a lot of questionable decisions about whom to fire, which is one of the negatives about the show.<br /><br />Season 1: Great season overall, the best season of the ""normal"" ones. This season was the one that was most about actual business skills. Later on the series almost drowned in marketing related tasks with way too many product placements. Great and interesting contestants overall, with the most likable character ever in this series: Troy. I know I'm not the only person who suspect that the Trump World Tower-episode where he got fired was rigged to have Amy and Nick win this particular task.<br /><br />Season 2: Also a great season. The tasks were still pretty much OK, and it had many interesting contestants. Jen M was terrible and should never had made it to the final, IMO. Also, this season had the worst firing ever (Pamela).<br /><br />Season 3: Terrible. Actually, I liked the concept of book smarts vs. street smarts, but the cast was so utterly terrible (it turned out that Trump hated the cast as well) that the whole season was a total disaster. Best moments was the second episode (motel renovation), with PM Brian fired, a guy who added nothing but huge amounts of comedy value.<br /><br />Season 4: An excellent season, much because of the interesting and entertaining contestants this season (especially Randall, Alla, Marcus and the total disaster whose name was Toral). The ""Take me out to the Boardroom"" episode is one of the absolute classics of this show, ending with the well-remembered quadruple firing. Sadly, I think we got robbed for the Randall vs. Alla final. I think Trump was afraid that she could have won, and prevented that from happening.<br /><br />Season 5: A boring season with really no special things to it. Brent was just an embarrassment and obviously only there to create drama. The tasks were terrible overall (how has creating a jingle anything to do with business at all?). I guess the best man won, but personally I couldn't care less.<br /><br />Season 6: I can see why they wanted to try out L.A. as a new location for the show, but looking back it was a mistake. New York will always be the place for this. This season added so many new things, most of them terrible (like losing team having to sleep outside in tents, winning PM continues to be PM ,for example). The tasks were terrible and Trump also chose the wrong winner. James deserved it, no doubt.<br /><br />Season 7: Celebrity edition. Best season ever. Totally different rules (like the use of rolodexes), but all fun and entertainment. The biggest problem was that many of the contestants were not real celebrities at all, especially the women where everyone were unknown to me except for Omarosa, who is a total disgrace to everything she takes part in. This looked to be Gene Simmon's season, but after he made a complete fool of himself during the Kodak task , another man emerged from the shadows: Piers Morgan. Never has anyone dominated a season like he did. He crushed his opponents and also came across as a guy with a great sense of humor (although some uptight Americans (not all Americans, of course, don't take me wrong) sadly didn't have the social skills to understand it). WAY TO GO PIERS!!<br /><br />For fans of this i highly recommend the UK version starring Sir Alan Sugar as the boss. In fact, the British version is way better, and that says something since the American (and original) truly is a great show. One thing about the UK version is that the contestants normally tend to behave like decent human beings in the boardroom, unlike the constant yelling and rude behavior that takes place in the US version.",positive
"It's boring.<br /><br />It's slow.<br /><br />Where are the nasty and brutal murders? Where is the tension that is supposed to scare us? This is like watching Sesame Street without the funny characters of Ernie and Bert or Grover.<br /><br />It's really lame.<br /><br />Maybe it was the writing...maybe the direction...maybe the acting, maybe the editing, maybe the cinematography, maybe the special effects, maybe the makeup.<br /><br />Maybe all of the above brought this to something barely able to keep your eyes focused on.<br /><br />I wanted to get scared...not bored.<br /><br />This didn't scare me...it didn't even interest me...I had more fun watching the time on the microwave instead of watching this film.<br /><br />Don't bother to buy it..and if you see it on television by some freak chance, there is no need to tuck the kids asleep.",negative
"Wowwwwww, about an hour ago I finally finished watching this terrible movie!!! I wanted to turn it off within the first like 10 minutes but I figured I'd give it a chance because it just hadddd to get better. Or at least have some redeeming qualities, like I figured at the very least it would be a make you think type movie, or like really intelligent, or very well filmed or something...Needless to say, that was not the case and I wasted about an hour and a half of my life. Im not even going to get into why its terrible because its a waste of my time to explain that this ""may contain spoilers""...IMDb, you should calm down on the spoilers thing and pay more attention to making sure that the people who rate the movies and comment are not paid to write good reviews or involved somehow in the movie or anything else like that. I thought it would be humorous after this terrible film to come see hoe bad the rating would be and I was very very shocked to see the fairly high ratings...all the ratings with about 7-10 stars clearly must be about some COMPLETELY DIFFERENT movie... Im still a big IMDb fan, but seriously rethink this rating process because this movie should be rated no higher than maaaybbbeee like a 3.",negative
"I go to the cinema to be entertained. There is absolutely nothing entertaining about this film. From beginning to end, there is no respite from the gray, grinding reality of this woman's life. It is one-paced, with no change of mood. I remained until the end only because I was convinced that things must get better. They don't, and I don't think I was the only one, as evidenced by the many groans ringing around the cinema as the film drew mercifully to a close. Honestly depicting social depravation is no crime, but boring your audience to groans is not the way to win the sympathy of the public. A dreadful film.",negative
"An Italian/American co-production co-starring Linda Blair and David 'The Hoff' Hasselhoff: how could any fan of trashy horror resist such a treat?<br /><br />Well, based on the uneventful, extremely tedious, and utterly nonsensical first forty minutes or so, I would have said 'very easily'; thankfully, however, things do eventually get a tad more entertaining with the introduction of several inventive death scenes, and for those lucky enough to find an uncut copy, a smattering of nudity too (unfortunately, my copy was optically edited to remove such offensive material).<br /><br />The Hoff stars as Gary, a photographer who accompanies his beautiful girlfriend Leslie (Leslie Cumming) to a run-down hotel on a seemingly deserted island in order to take pictures for her latest project, a book about witches; whilst there, frustrated Gary also hopes to try and cure a bad case of blue balls by relieving Leslie of her virginity.<br /><br />His plans for nookie are scuppered, however, by the unexpected arrival of property developers Freddie and Rose Brooks (Robert Champagne and Annie Ross), their pregnant daughter Jane (Blair), son Tommy (Michael Manchester), pretty nymphomaniac architect Linda Sullivan (Catherine Hickland), and estate agent Jerry (Rick Farnsworth), who have come to inspect the island's hotel.<br /><br />After explaining their unexpected presence on the island, Gary and Leslie are welcomed by the property's new owners, and when a violent storm suddenly picks up, making it perilous to return to the mainland, everyone agrees to spend the night in the old building. Unfortunately, unbeknownst to the hotel's new guests, the place is also home to the spirit of an evil witch (Hildegard Knef), who requires human sacrifices in order to bring herself back to life. One by one, victims are pulled into a swirling red vortex (which is guaranteed to provide unintentional laughs), before meeting a terrible fate.<br /><br />None of this makes much sense, and the acting is atrocious (Manchester as Tommy is particularly bad, whilst Hasselhoff proves to be one of the better performers, which speaks volumes about the others), but those viewers who make it past the dreary first half are rewarded with some pretty decent moments of gore: Rose has her lips sewn together, before being roasted alive in a fireplace; Jerry is crucified and burnt alive; Linda is tortured by hags and impaled on a swordfish(!!); Freddie's veins pulsate and erupt in geysers of blood; and Gary gets stabbed in the back.<br /><br />Oh, and Leslie is raped by a guy with no lips and Blair gets possessed (again).",negative
"There is no doubt that the Kokoda Trail depicts a truly great event in Australian Military history the brave defence of Australia against the cruel barbaric Japanese Army.Howver this film fails to take into account the story of the ""Fuzzy Wuzzy's"" or the New Guinea natives that The Australians used to help them carry out there military operations. The film also fails to give a credible account of the Australian soldier and his behaviour in this event. It is more like an uninformed contemporary view of what is was like.<br /><br />Again the Australian film industry has failed to give this important chapter in Australia';s history the film it deserved. This is film making at its worst with arbitrary cinematography , bad scripting and dialogue , no character development and cliché jungle warfare scenes.<br /><br />It fails to imbue the audience in any meaningful perspective other than the Japanese Army were ruthless and cruel murderers of an ill-equipped and badly trained group of Australians fighting in a jungle.<br /><br />The film failed as most Australian films do to attract a significant Australian audience in fact they stayed away in droves.<br /><br />I am not going to join the usual parochial garbage of saying its great because its an Australian film. I say either do a great job or just leave it to some one who knows how. This government funded film is just another failure by Australia's wealthy and spoilt rich kids.<br /><br />I am giving it zero stars because its an insult to the descendants of these truly great Australians and their enormous sacrifice. What a shameful waste and disrespect and I know this review will provoke more negativity from the Movie Show crew and most reviewers but I have a right to my opinion and that's what Australians fought for OUR FREEDOM and that includes freedom of speech and the right to express an opinion.",negative
"Why oh why did they have to try and make a sequel to one of the greatest Christmas movies of all time. The movie is a train wreck on every level and should have never been made. Randy Quaid's portrayal of cousin Eddie is an over the top caricature of his previous outings as cousin Eddie. Also, the Eddie character is not interesting enough to carry an entire movie. Even ""eye candy"" Sung Hi Lee could not redeem this hunk of holiday crap. Please do not waste your time on this move, just watch the original again.",negative
"may contain spoilers!!!! so i watched this movie last night on LMN (Lifetime Movie Network) which is NOT known for showing quality movies. THIS MOVIE IS AWFUL! i am still amazed that i watched the entire thing, as it was terrible. could this movie contain any more stereotypes? (harping jewish mother who wants son to be a doctor, catholic family with priest sons, big big crucifixes in every room shown in the catholic family's house, mexican whores, ""bad"" guy who is really a softie at heart, incredibly bad country accents) GAG!!!! i was at first intrigued by the fact that i had never heard of this movie and after seeing that cheryl pollack and corin nemec were in it, i decided to stay awake until 4am to watch it. anyway, the only redeeming thing about this movie is madchen amick's beauty. i suppose pollack's and nemec's acting is okay, but they have a horrid script to work with. unlike the other reviewer who commented on the lack of texan accents (the movie is supposed to take place in austin and very few people there have a twang) i think that the accents were there (in supporting characters like mary margaret's date and john) and were unnecessary. they were also very very bad. i am so very tired of hollywood ""southern"" accents that sound nothing like the area where the accent is supposed to be from. and since it was supposed to take place in austin and shooting movies there in 1991 would not have been expensive, i fully expected there to be familiar shots of the town: the beautiful capitol building, the UT tower lit up for a winning football game, etc. none of these things were there. also, it takes about 5-6 hours to drive to mexico from austin. at one point in the movie, michael and his posse take off for mexico to lose their virginities and are able to drive off when it is dark (during the summer and early fall it doesn't get dark in austin until 9pm or so), spend time in mexico getting drunk and having sex with mexican (is there any other kind?) whores, and then return to austin by dawn. while this is theoretically possible it is NOT very likely. and if anyone has started school in the hill country (usually the third week of august, but may have been in september in 1960) they know that unless they want to pass out from heat stroke they DO NOT wear their letter jackets!!!!! in august and september in austin and the surrounding areas it is 90+ degrees. only people with no body temperature would be stupid enough to wear sweaters or letter jackets on the first day of school. all in all, a very bad made for tv movie experience.",negative
"Note that I did not say that it is better...just more enjoyable. The lack of social commentary and realism helps keep things moving.<br /><br />I was actually sort of surprised that this was not a Troma movie, as it has all the Troma trademarks, including spewing acidic liquids, wisecracks from the villain after every murder, a ridiculous bathtub rape scene (which is sort of hard to get upset about, since the rapist is a snowman), and dumb deputies.<br /><br />There's a lot to love: <br /><br />1. A snowman, about whom it is remarked that he has no legs or feet, drives a police cruiser around town.<br /><br />2. Even though it is supposed to be close to (or below) freezing, nobody's breath shows and there are no signs of car exhaust when cars are running.<br /><br />3. The snow reminds you more of flocking or Styrofoam peanuts than actual snow.<br /><br />4. A teenage girl gets the hots for her boyfriend just a few hours after her brother is gruesomely murdered. She talks him into breaking into the sheriff's house, of all places, in order to get it on. But first, she tells him that he has to build a nice fire in the fireplace and open some wine.<br /><br />5. After teen-aged Jake's head is cut off by a sled runner, his father argues with the sheriff about whether Tommy, the sheriff's son, had anything to do with it. The sheriff maintains that Tommy wouldn't have been fighting with Jake because Jake ""is at least two feet taller than Tommy."" At that moment, someone in the background chimes in, ""Not anymore!"" <br /><br />6. When the evil snowman finally starts to melt away, the sheriff wrestles with a flat snowman made out of some sort of fabric for an extended period. This is much better than Tarzan wrestling with rubber crocodiles or gladiators wrestling with stuffed lions. If I were an actor, I would not have been able to keep a straight face at this point.<br /><br />All in all, a fun film. There's not really even that much blood.",positive
"I always feel strange and guilty saying it (because I'm a fairly well-educated non-teenager), but I actually sort of like the Olsen twins, and I respect the movies they make, even though I've never really been their target audience. ""When in Rome"" was a traditional Mary-Kate and Ashley movie, complete with the foreign travel, accents, motorbikes, adult romance as a ""B"" storyline, fashion orientation, and even the gag reel over the credits. I enjoyed myself. ""When in Rome"" and the other Olsen twin movies never pretend to be anything they're not; most of the time, they only premiere on video, and they never claim to be the next ""Citizen Kane"" or even ""An Affair to Remember."" My point is, people who watch this movie and expect it to be anything other than another Olsen twin movie will be disappointed.<br /><br />That said, those who ARE fans of the Olsen twins will really enjoy themselves. For those of us who've watched them since the first episodes of ""Full House,"" it's really great to see them growing into more mature roles. This movie provides important historical and geographical information, just like many of their other movies (remember 10 Downing Street from ""Winning London"" and the visit to the Louvre from ""Passport to Paris""?) as well as providing good, clean fun that can be enjoyed by the whole family.<br /><br />As long as I still feel like I'm on my soapbox, and as long as I can make it relevant to the movie, let me take a moment to challenge those who reject the Olsen twins: in order to be a fan of the Olsen twins, you don't have to be some pre-teen ""valley girl"" from California. In fact, that's not really the target audience. If it were, the MK&A fashion line of clothes and accessories would be run through Gap or some store like that, not Wal-Mart. ""When in Rome,"" while it does feature ""high fashion"" and globe-trotting and two girls from a valley in Cali, isn't really ABOUT that... it's more about inspiring young girls who have initiative to let it take them places. If that means setting the movie in some glamorous foreign city with cute guys on motorbikes, so be it. That's called marketing--you take an idea and sell it by making it appealing. At least they're sending a good message, even if the means seem a little superficial. <br /><br />Basically, don't knock the film until you've seen it, and then don't knock it until you've tried to understand what the Olsen twins do: they encourage young girls to be creative, intuitive, and driven young women. This movie does that, I think, just like their others. Kids - enjoy. Parents - do the same. If you like the Olsen twins, you won't be disappointed.",positive
"Centered in the downtown and out skirts of Detroit, this comedy I found to be a terrific new comedic duo. 'Noriyuki Pat Morita' is a very funny man, who happens to be a cop from Japan on the trail of an industrial secrets thief, who has stolen a 'proto type' turbo super charger, reluctantly he goes to the United States to follow the thief, after being ordered by his commander. Pat's character collides with 'Jay Leno's' character, a fast talking' but down to business-player type Detroit cop. When they cross paths though, the honorable 'Ways' of Japan meet the all-out old school Detroit police investigative 'Ways'. The two stumble and trip over each other at first, but then develop a 'rythym' that turns into an explosive two layered powerhouse team, that solves the case, cold. After battling a city crime boss for the stolen 'equiptment' and closing the case, these two go from despising each other to being friends and working well together. A little worse for wear and in need of an extended-vacation on top of it all, they manage to come to a victorious closing. I rated this a 9. Lewis's direction makes' this a near perfect comedy. Fun for all ages. I recommend it highly.(***)",positive
"Perhaps not the absolute greatest entry in the Hammer House of Horror series, but it surely wins the award for most inventively titled episode! ""The House that Bled to Death"" I could yell out this title all day without ever getting tired of it! And besides the wondrous title, this short movie also benefices from a solidly written screenplay and a handful of genuinely suspenseful moments. It might require an extra viewing before you fully understand the peculiar end-twist, but it's definitely an original idea for a horror short. The story opens with images of an elderly couple drinking tea in their middle-class house. The husband sadistically kills his wife and several years later the ""cursed"" house is still for sale. A young couple and their cherubic daughter move in and start to restore it, but mysterious events occur and affect especially the young Sophie. Her beloved cat is killed an even her birthday party gets ruined when one of the house's pipes suddenly sprays blood all over the guests (a particularly chilling sequence, this one!). Is the old house really haunted? Or maybe the seemly helpful neighbors cause all the horror? The answers to these questions are provided in the original and fairly unpredictable climax and there's even room for a real shock at the very end. The tension is masterfully built up and the titular house is filled with eerie scenery, like the pair of rusty machetes used by the husband to slay his wife. Little warning though, the sequence with the cat is hard to watch when you're an animal lover. In conclusion, another winner for Hammer's short-running TV series!",positive
"This is the most elementary sort of traditional ghost story, not even enlivened to any great extent by the use of Irish locations. If the great M.R. James had ever come up with a tale this thin -- doesn't James in fact have a story called ""A Thin Ghost""? -- he wouldn't have bothered to have it published.<br /><br />Orson Welles appears in the limp endpieces as a favour to a brace of old friends, this film's producers. His presence and the one movie industry in-joke would have earned this will-o'-the-wisp its Oscar nomination. This is yet more proof, if any more were needed, that the Academy Awards have never been any guarantee of merit.",negative
"This movie is TRASH from the word go. First, it gives an account of a season that took place 16 YEARS AGO! Who cares? This movie had about as much depth as a bottle cap. It makes a complex person like Bob Knight into a cartoon character.<br /><br />Swearing doesn't bother me, but I'm still amazed that ESPN showed a movie with more cursing than a Kevin Smith movie on a basic cable channel. The F-word was dropped at least 20 times before the first commercial break.<br /><br />This movie was terrible and anyone associated with it should be embarrassed. I rate this on the same level as Jaws IV - The Revenge and Everybody Wins...2 movies that are in the Crapfest Hall of Fame.",negative
"The best Laurel and Hardy shorts are filled to the brim with mishaps, accidents and destruction, mostly caused by Stan, but with Ollie receiving the bulk (!) of the punishment-- see the great 'The Music Box' (1933) or 'Towed in a Hole' (1932) as some some classic examples.<br /><br />Here, however, for some reason (is it because it was based on a sketch by Stan's father?) the boys play it 'straight' in a 'comedy' built around jokes and supposedly funny situations. It doesn't come off. It's merely another third-rate tedious 30s comedy, heightened only by the personalities of Stan and Ollie who never really display any of their trademarked gestures (Ollie's finger wiggling, Stan's blank stares, etc.) or comic abilities.<br /><br />The film begins with them running from the police. Since we never see or know why, it's hard to believe or accept their fear of being caught, and thus hiding in Colonel Buckshot's mansion. The premise for the 'humor', Ollie passing himself off as the Colonel and Stan passing himself off as both the butler and the maid are never very engaging. They are not playing 'Stan and Ollie' in this film. Their parts could have been played by any of the pedestrian studio actors and it would be just as poor.<br /><br />Stan could mime and make whatever he would do funny, but he doesn't get the chance to do any of that here. He's constrained by uttering too much dialog to 'move' the plot, but none of it rises much above the silly. We are treated to endless third rate comedy chestnuts such as the running gag of not correctly pronouncing Lord Plumtree's name, the ""Call me a cab! Okay you're a cab!"" joke, cops losing their clothes and being seen in long johns, and a non-sequiter ending of Stan and Ollie as the two parts in a painfully obvious horse costume as they make their escape on a bicycle for two, and James Finlayson is still doing his silent-era full body takes and Keystone Kop jumping jacks.<br /><br />Stan and Ollie do much better in a situation comedy in 'Sons of the Desert'(1933) where we get to see them do what we love about them -- be themselves. In fact, 1932-34 seem to be their best years.<br /><br />Since this film does not play to any of their strengths, why bother with it? I have to give it a 3.",negative
"There was not one single redeeming factor in this movie. The girlfriend and I both love action films. Especially fight scenes (Bloodsport and Kickboxer was awesome), but this movie was not entertaining. Five minutes of action followed twenty minutes of talking and ""angry"" facial expressions. The main hero is a troubled character who has seen battle and thus is forced to look seriously constipated at all times. The Army has disrupted his bowel movements on top of perfecting his fighting technique. The music isn't good either. They fight to the rap and hip-hop style of the streets, 'cause these guys are thugs. The rest of the soundtrack is the usual background noise to low-budget dramas.<br /><br />Everything about this movie is classic B-style. The actors deliver their lines as if reading them from cue cards and the lines themselves should be set on fire and left burning in some rotten Hollywood alleyway. The film is called ""Honor,"" but there was no honor in making this film. It was simply a waste of money, and spending wisely is something I consider to be honorable.<br /><br />Go see Felon instead. The fight scenes and situations are more real.",negative
"I have to agree with everyone else that has posted.<br /><br />I watched it quite a while ago but I'll tell you, whenever I hear certain music from this anime I am reminded of the story, the beautiful animation, the characters and the feeling I got when watching it, and it does make me cry(such a happy yet sad feeling). I do however find that the love story in it felt alittle rushed and they didn't explain things properly but it didn't ruin any part of the viewing experience.<br /><br />I was into this anime so much that after the end I just had to do some research(and watch the ending a few more times) and I found all my answers and a whole lot more. I love how they configured historical legends to fit into this anime, it was amazing and just made me want to research a whole lot more.(I've always been very interested in certain historical figures associated with this anime)<br /><br />I do think it should have been a longer series but if this is all they had to work with then they pulled it off nicely. I'd recommend this to anyone who likes emotional anime with an excellent story, well built characters(some mysterious)and a bit of fantasy action.<br /><br />Also, even though this was based on a H-game it doesn't have any of that stuff in it and I actually prefer it this way.(I have no problem with mature anime, in most cases I prefer it)",positive
"The 1983 BBC production of ""Jane Eyre"" starring Zelah Clarke and Timothy Dalton (LOVE HIM) has always been and will always be my favorite Jane Eyre. If you watch any other version of Jane Eyre without reading the book, it will be like watching some regular movie which you will forget the next day. But watching this one almost equals to reading the book. I used to watch these miniseries a lot when I was little, and they inspired me to read the book. At the time I didn't pay attention to how close this television production was to the book. Recently, I watched the 1996 version of Jane Eyre and was very disappointed. It was only 2 hours long and didn't have many important scenes from the book (such as my favorite gypsy scene). After that I fell in love with This ""Jane Eyre"" even more because it includes all the important scenes of the book and it just tells the whole story( the other versions don't, if you haven't read the book). <br /><br />The cast of 1983 Jane Eyre is excellent. It's true that Timothy Dalton is a very handsome actor (handsome enough to play Butler in ""Scarlet"", and Julius Caesar), but he is so great as Rochester that I can't imagine anybody else playing this role. And Zelah Clarke is, without a doubt, the only Jane that follows the description of the book. The other thing that makes this film so great is the clothes and the makeup of the actors. Jane looks so modest and naive, just as Bronte describes her (although she doesn't look 18, but do you actually pay attention to that?...) <br /><br />Some people say that this ""Jane Eyre"" is too long, but I would rather spend my whole day watching it than spend 2 hours watching some other version. Some say the movie is dull and boring because Jane is not passionate enough, or because there are not enough ""kissing scenes"". I hate when they make Jane Eyre some ""Hollywood movie"" with inappropriate kissing scenes. You don't have to include ""crazy, madly in love"" scenes to show the love between Jane and Rochester. And both Zelah and Timothy express this love so perfectly that there are no other scenes needed!! I am 19 years old, and many girls of my age refer to this film as ""boring and old-fashioned"". But I can only feel sorry for them because they don't appreciate the purity and beauty of it. After all, the novel is set in 19th century, and that old-fashioned look makes it more attractive and more like the book. <br /><br />I don't think there will ever be any other version of Jane Ayre that will have the popularity and love of this one. No matter who plays Jane and Rochester in other movies, the real Jane and Rochester (for me at least) will always be Zelah Clarke and Timothy Dalton!",positive
"I understand ""Checking Out"" will likely be released in Theatres in the USA in June 2006, and on DVD in November 2006. My recommendation is to not miss ""Checking Out""!! This Comedy Film will entertain everyone, who will all relate to the characters, family relationships and multiple social issues that are portrayed. ""Checking Out"" will make you laugh throughout with quick fire clever humor built into almost every line, and may make you poignantly cry in a touching positive way as well. <br /><br />The subject of suicide is dealt with in a comical way, that at the same time may help people considering it understand the impacts this act may have on those their life has touched and on those who love them. Lets hope that ""Checking Out"" can have a positive impact and help prevent those considering suicide from acting it out, especially in the 16-25 age group that has the highest rate of suicide in the USA. <br /><br />The script is wonderfully written, perfectly casted, and loaded with synchronicity and meaningful flashbacks in time, whose significance become more apparent throughout the film and especially at the ending. I believe the script is worthy of an Academy Award Nomination for ""Best Screenplay, Play to a Movie"" ( The Phoenix Film Festival honored ""Checking Out"" with a ""Best Screenplay Award"" ).<br /><br />The cast is loaded with great actors that out do themselves, and have a long track record of great performances, acting award nominations and wins. I feel Peter Falk's performance in ""Checking Out"" is worthy of an Academy Award Nomination, and is the most challenging and wide ranging of his career. Laura San Giacomo's performance and chemistry with Peter Falk as her father is masterful, and was recognized at the Palm Beach International Film Festival with a ""Best Actress Award.""<br /><br />Even the teenage characters in the movie shine and are played by young acting phenoms Dan Byrd ( Movies: A Cinderalla Story with Hilary Duff; 3 Young Artist Award nominations, Won 1 ) and Mary Elizabeth Winstead ( TV: Monster Island, Wolf Lake, Passions, Touched by an Angel; 2 Young Star Nominations ).<br /><br />Director Jeff Hare and Producer Mark Lane wonderfully develop the characters, their interrelationships, and the story line of this entertaining, enjoyable yet complex script.<br /><br />The film editing keeps the pace of the film moving quickly, only appropriately slowing in the poignant scenes, so that the audience will never loose interest from the beginning to the end.<br /><br />Don't miss this film that you can take the whole family to see and all will enjoy it.",positive
"Perspective is a good thing. Since the release of ""Star Wars Episode I: The Phantom Menace"", claims and counter-claims of just how Episode's II and III will eventuate has taken the spotlight off the 'original' Star Wars films, making them part of a cohesive whole, rather than segregating the older and new films into separate trilogies. What the new films have done is allow fresh perspectives to be placed on the older films. This new outlook allows us to greater appreciate what has often been viewed as the weakest of the original trilogy: ""Return of the Jedi"". Often derided for its overly 'cute' factor, ROTJ is in a sense as strong as the original and only slightly less impressive than the nearly perfect ""The Empire Strikes Back"". Indeed the 'cute' element of ROTJ, namely the Ewoks, remains a weak link in the entire series. Did George Lucas place the furry midgets in the film purely for the merchandising possibilities? Only he can answer that question.<br /><br />This cute factor aside, the film is a brilliant full circle AND evolution of the saga. Following on from the conclusion of ""The Empire Strikes Back"", Luke Skywalker (Mark Hamill) follows his Rebel Alliance friends to Tatooine, his home planet, to rescue Han Solo (Harrison Ford), the space pirate turned Rebel hero who was captured by Jabba the Hutt for overdue debts.<br /><br />Skywalker is a changed man since leaving Tatooine with Ben 'Obi Wan' Kenobi (Alec Guiness) to fight the evil Empire. Now swathed all in black, Luke's discovery of his origins have left him confused and torn. His psychological make up is not as strong as his outward appearance would suggest. While he might aim to always assist his Rebel friends, he yearns for another chance to confront the evil Darth Vader again, despite his unassuredness as to whether he will destroy him or eventually turn to the Dark Side and join Vader at the Emperor's side.<br /><br />Early scenes in Tatooine are impressive, from Jabba's lair, to his floating palace and the 'almighty Sarlac' - an intenstine that lives in the sand. Lucas' CGI enhancements to the film in 1997 actually worsened the overall effect of the Sarlac, making it look fake and overdone.<br /><br />The battle scene on Tatooine is outstanding, and is one of the more memorable of the saga. Luke almost singlehandedly anihiliates Jabba and his cronies, proving his prowess as a Jedi is now almost complete.<br /><br />When Luke returns to the Degobah system to visit the ailing Yoda one more time, the viewer is let down by Yoda's distinct lack of screentime. Undoubtably the star of ""The Empire Strikes Back"", Yoda is all but erased from the story as the progression of Luke's destiny is played out on screen.<br /><br />ROTJ really is Luke's film, perhaps even more so than the original. His journey carries the movie as he moves closer to his confrontation with Darth Vader and his fate. The other Rebel characters certainly work in his shadow. The romance between Leia (Carrie Fisher) and Solo is all but non-existant, unlike in ""Empire"". In fact only Leia's character is developed in ROTJ, Solo's character seems to fade as the facets of his personality have become too familiar in the first two films.<br /><br />Their roles are consigned to working alongside the Rebels to destroy an all new Death Star that nears completion. This time the Emperor himself is overseeing the final stages of construction. The Empire intends to crush the Rebellion once and for all, while the Emperor himself schemes to bring the now powerful Skywalker to his side to work alongside (or is that replace?) Darth Vader. The Emperor is a different kind of evil for this film, less cunning than Governor Tarkin (Peter Cushing) from ""Star Wars"", more deeply psychologically dark than anything else. Played brilliantly by Ian McDiarmid, the Emperor is just one of those characters you love to hate.<br /><br />All the other actors are well entrenched in their roles. Hamill surprises as the more wisened Luke, making his character's progression from whiny teenager, impatient student to enlightened warrior one of the few real character developments of the series. Ford's role is waring thin, as all his charm and charisma was spent in the first two films -- he was the REAL star of the first film after all. Fisher's Leia is more of a prop, at least unti the end of the film where she learns things about herself that she was never sure about... Add in favourites like Alec Guiness as Kenobi, Yoda and the loveable Chewbacca, C-3PO and R2D2 and the series resembles a family more than a cast.<br /><br />Despite the film's corny forest battle involving the Ewoks and the Empire, it ends well and includes a three way battle sequence: on Endor, in space and on the Death Star, each with very impressive special effects. The music, as always, is brilliant and captures the mood perfectly in every instance. Just as the 'Blue Danube' worked perfectly for ""2001: A Space Odyssey"", John Williams' score is as much a part of ""Star Wars"" folklore as light sabers and the Force.<br /><br />Lucas left the ending open to interpretation, meaning there could have been more episodes made. Indeed sci-fi fans have created their own versions of Episodes VII, VIII and IX in their heads over and over again. ROTJ works when given a chance, and furry cute animals aside is a good finish to the series.<br /><br />When all six episodes get to be viewed together, this saga could well be the best ever made. Is it already? The addition of Episode I changed the landscape of the series. This is why ""Return of the Jedi"" can now be viewed in a different light and be given a whole new appreciation nearly 20 years after its release.",positive
"I happened to love the show growing up, along with millions of others. So I tuned in to this movie, thinking if not good it might be at least a bit dazzling and fun.<br /><br />WRONG! I just have to wonder, at the end of this, was Charlie's Angels really that boring? I don't seem to remember it as such. But this movie, as bad as movies of this type can be, bore little resemblance to the excitement of that time period and show. I did see it all, in spite of the negatives, it wasn't unwatchable. But it was very bland, which I do not fault the performers for at all, particularly the women who played the angels as they really did look like them. The movie just wasn't that interesting. It tried to make each angel a ""character"". (One angel is to feisty, one is the ""good girl"", one is to into her husband....),all characters were portrayed with one major characteristic defining them and little depth beyond stereotypes. The excitement of the show was missing and the dialog was....dialog. That's pretty much it.<br /><br />Not awful. Not the worst of TV movies. But missable.",negative
"Oh my... bad clothing, worse synth music and the worst: David Hasselhoff. The 80's are back with vengeance in Witchery, an American-Italian co-production, helmed by infamous Joe 'D'Amato on the production side and short-careered director (thank heavens for small miracles) Fabrizio Laurenti directing . Marketed as a kind of sequel to Sam Raimi's Evil Dead series in Italy (that was dubbed ""La Casa"" in there), Witchery delivers some modest gore groceries and bad acting.<br /><br />A mix of ghost story, possessions and witchcraft, the film bounces clueless from scene to another without letting some seriously wooden actors and hilarious day and night mix-ups slow it's progress to expectable ending, topped with some serious WTF surprise climax. (I just love the look on her face...) Surprisingly Laurenti manages to gather some suspense and air of malice in few - very few - scenes; unluckily for him, these few glimpses of mild movie magic go down quickly and effectively.<br /><br />The plus sides are experienced, when the gore hits the fan. This department is quite effective and entertaining in that classic latex and red paint style of the 80's Italo-gore, when things were made 100% hand-made and as shockingly and vivid as modest budgets could allow. I could only watch with sadistic glee and few laughters all the over-the-top ways that obnoxious characters (and actors) got mangled and misused, one by one. I only felt sorry for Linda Blair, who apparently haven't been let to try any other than that good old possessed girl / woman role ever in his career, or so it looks like when checking out his filmography.<br /><br />Well, folks - not much more to tell, and even less to tell home about. Don't expect too much when spending some rainy afternoon with this, and probably you'll experience at least some mild fun. It also helps if your rotten little heart pounds in the beat of 80's euro gore horror. And speaking of hearts - every movie that has David Hasselhoff getting skewered by a sizeable metal object and bleeding heavily around the room and corridors, MUST have it's one on the right place.<br /><br />This is my truth - what is yours?",negative
"An apt description by Spock of an all-powerful fop into whose clutches fall the crew of the Enterprise. This was one sector of space our starship should have avoided: first Sulu & Kirk simply disappear off the bridge; a landing party follows them to the surface of an unknown planet and encounter Trelane, a seemingly aristocratic man dressed in attire from an Earth of many centuries past. But he demonstrates abilities of someone or something far beyond human and doesn't register on McCoy's medical tricorder. The officers manage to escape back to the ship but, like some bad cosmic penny, Trelane keeps popping up. He brings them all back, including some female companionship, to continue his games. The dilemma now takes on elements of 'The Most Dangerous Game' out in space and there's an exasperating, even infuriating aspect to the crew's utter helplessness before such unbridled power.<br /><br />What really makes this a great episode is the memorable performance by guest star Campbell as the overpowering but not all-knowing alien. His character is obviously an early version of Q, who was introduced 20 years later in the pilot for the TNG series. Trelane's confrontation scene with Spock stands out among all the strange drama which unfolds. As usual, Kirk quickly begins to look for possible weaknesses in his new nemesis, despite being quite outmatched. The answers to exactly what or who Trelane is are right in front of us the whole time so, when we do learn the truth, it makes complete sense in view of Campbell's pitch-perfect acting. He indulges himself constantly, preening before some unknown audience, remarking on things with a flair which is infectious but not quite right - we can't quite pin it down at first, but there's something missing here. Every few minutes, his tone becomes sinister and the crew now appears to be in serious danger. In a way, you can't take your eyes off him, always waiting to see what he does next. Actor John de Lancie captured that similar tone as Q on the Next Generation series.",positive
"very few chess movies have been made over the last couple of years ,but this one is more than just a chess movie its a story about the need to be loved and the need to win it,John Toturro plays a psychologically challenged man ,nothing matters to him accept 64 squares and 32 pieces ,the game validates him as a person ,when he looses a game he looses the one thing that makes sense to him and John Torturro expresses this in a beautiful fashion,even the love of a woman was not enough to save him from his sad existence.It makes you wonder if there other Luzon's out there who obsess about the game,i am sure they are,if you are a chess enthusiast it won't hurt to watch it.Its an intelligent piece of work laid out properly and executed well,it achieves its objectives,unfortunately i doubt if there will be sequel.",positive
"Any Batman fan will know just how great the films are, they've been a major success. Batman Returns however is by far the best film in the series. A combination of excellent directing, brilliant acting and settings makes this worthy of watching on a night in.<br /><br />Tim Burton, who directed this movie, has specifically made sure that this film gives a realistic atmosphere and he's done a great job. Danny Devito (Penguin man) is a man who has inherited penguin characteristics as a baby, and grown up to become a hideous and ugly...thing! Michelle Pfiffer plays the sleek and very seducing 'Catwoman' after cats had given her there genes from being bitten. The result in both the character changes is excellent and both Catwoman and Penguin man play a very important role in this excellent film. The mysterious Catwoman is great fun to watch - her classic sayings and a funny part in which skips with her whip in a jewelry shop adds such fun to the film. Danny Devito also does well, his ability to impersonate some strange creature was vital, and he adds a great atmosphere to the film that takes us back to the dull sewers where he lives.<br /><br />You can't forget Batman though. Micheal Keaton once again pulls of a comfortable performance, and shows us a different side to Batman. His affection is let loose when he confronts Catwoman at the end of the film, and his meetings with her when she's a normal person, Selina Kyle, result in him being seduced badly in his own home. There's a clever part after this when they leave, and the film is full of great scenes. Its worth noting that Bruce Wayne's Bat mobile is not used as much as in the other Batman films, as close combat and story telling scenes make up this film.<br /><br />The winter setting is created perfectly in Gotham City with most of the scenes being set at night, and with the town being filled with snow. Therefore, if you watch this film during the summer like I have, it doesn't feel the same. Best watch it during the winter.<br /><br />Overall, its an amazing movie. All the credit goes to Tom Burton and the cast, they've done an incredible job.",positive
"My first question, is NOT about the horrible acting, NOT about the horrendous writing, it is the directing. The choices that were made about the cinematography are some of this worst decisions I have ever seen. Why does EVERY single bad guy have to die in slow motion? I was about to beat myself with a rubber hose. The camera shots make it so that you can't see whats going on. I was JUST about to turn the movie off because of Jalal Merhi's accent, when it made it to the sex scene, so I thought it might get better, well it did not. If you rate special effects on an A,B,C rating scale, I would have to put it around a W or so, and did I mention the acting? Wow, was it bad!!! And the WORST part of the entire ""Expect to DIE"" experience, is the blatant misuse of the phrase on the cover, which is: ""THE MATRIX JUST GOT DEADLIER"". comparing this movie to the Matrix is easily the WORST comparison I have EVER seen. If you haven't seen this movie, Don't, unless you are looking for a good reason to beat your head against the wall.",negative
"I first saw this movie when I was in elementary school, back in the 1960s. I was fascinated with the character played by Ingrid Bergman and it was my introduction to the French Quarter of New Orleans. The first part of the movie is the best as she comes back to exact some revenge on her father's wife and daughter (her mother had been driven out in disgrace). During this time she meets the wonderful Clint Maroon, played by Gary Cooper. The chemistry between the two is great. The second half of the movie takes place in Saratoga, NY (the Saratoga of the title) and I never enjoy it as much as the New Orleans setting but it's still very good. I give this movie a ten - partly out of nostalgia but mostly because it's just a darn good movie and the characters besides those of Bergman and Cooper are equally wonderful (Flora Robson comes close to stealing the scenes from Bergman). It used to be shown on TV periodically but it's shown rarely if ever - it would be a good one for one of the classic movie stations to pick up and put into their programming cycles.",positive
"Stefan is an x-con that five years ago got married to Marie. Their marriage has been stable until Stefan past catch up with them and he's offered to do a courier job. Stefan's job is a heroin delivery from Germany to Sweden which should go easily.<br /><br />In Germany Stefan meet Elli, a girl from Bosnia that has been sold to a stripclub owner. Stefan dislikes what he sees and decide to help Elli out of her misery. Due to the fact that Elli's father during the war fleed to Sweden Elli now goes with Stefan to Sweden. To make up with the past Stefan promises Elli to help her find her father, no matter what it takes. Finally back in Sweden the whole situation seems to be more complicated than Stefan ever thought of..<br /><br />This movie doesn't seem to fit in the ordinary class of swedish movies due to the fact that it's been americanized alot. Regina Lund and Cecilia Bergqvist makes it all average, the effects makes the movie a little too much though. See it and jugde for yourself.<br /><br />",negative
"This is the best made-for-TV movie of all-time! Am I saying this because I'm a huge Silverstone fan? Partially, but even without her, I'd still see it. I'm a fan of serial killer genre films, and believe this to be a great entry in that category. Also, Mary Giordano easily ranks among Alicia's top five character creations. Totally memorable - like she really exists. I'd have her on my side, too, if there was a mystery to be solved. She plays the character, like she does with her real life, with complete confidence in everything she does. Seems sweet, honest, nice...just like she is in real life. So is that acting? Yes, indeed, she's sort of a rebel once again. This time she's not bad, she's too good and a bit afraid to do things that seem above the law. But she doesn't do things the normal teenager would do. Instead, she spends her time reading detective mags and solves crimes. A cliche abounds: she's sort of avenging her father's death, in a different way than vigilante-style. At the time, Alicia seemed to be playing the same characters: rebellious, seductive, without a parent, a loner. This happens here, too, but she's a bit nerdy this time around. That doesn't matter; she's still cool as a nerd. Check this out soon, or else Giordano will be investigating why you haven't...",positive
"The only print of CHIKAMATUS MONOGATARI I've been able to find was abysmal - I almost couldn't watch it. Which is a shame as this is among the greatest Mizoguchi films. The story - which I believe had been done before and since by other Japanese directors - is a bit straighter than my favorite Mizoguchi films (SANSHO THE BAILIFF and UGETSU MONOGATARI), and is essentially a tale of tragic romance, in this case a transgressive romance that crosses strict class boundaries. As always with Mizoguchi, there is an exquisitely expressed tone of defiance, and - bad print aside - I was very pleased. As with all of Mizoguchi's films, I'm eagerly awaiting a restored DVD release - whenever that may come...",positive
"I am a huge Jane Austen fan and I ordered the movie from Amazon.UK just so I could see it without waiting forever for it to come to the U.S. I really should have saved my money. What is with Anne running after Wentworth? The whole point of Anne Elliot's character is that she was quiet and refined. She is not impulsive and vulgar. And Mary, was she suffering from a stroke or something? Her speech wasn't normal, nor was her walking normal. There was no chemistry between the two main characters which made their whole ""romance"" completely unbelievable. In the final scene they even have Sally Hawkins wearing the same dress Amanda Root wore during the letter scene. The same clothes do not make it the same movie. In my opinion they didn't watch the 1995 version, which even though it had it's flaws, it did stay pretty close to the book. The book, I don't even think they read it. This is kind of like a Cliff's Notes movie of Persuasion. Hit on all the high points without explaining anything.",negative
"***SPOILERS*** ***SPOILERS*** Released in 1956,and considered quite racy at the time, Douglas Sirk's over the top candy colored melodrama is still a wonderful thing. The plot concerns the goings on in an oil rich dysfunctional Texas family that includes big brother Kyle, who is insecure, weak, wounded & very alcoholic, played by Robert Stack in a very touching & vulneable performance and his sluty sister Marylee played in an extreme manner by Dorothy Malone. Ms. Malone's performance is telegraphed to us via her eyes, which she uses to show us her emotions, which mostly consist of lust (for Rock Hudson) and jealousy (for Lauren Bacall). Malone is the only actress I've ever seen in movies who enters a room eyes first. Now don't get me wrong, her performance to say the least is an absolute hoot, and is one of the supreme camp acting jobs of the 1950's. But it is also terrible, because as likeable and attractive as Malone is,she's not a very good actress, and she's not capable of subtly or shading. Her performace is of one note. She does get to do a wicked Mambo,and in a great montage, as unloving daddy played by the always good Robert Keith falls to his death climbing a staircase, Sirk mixes it up with an almost mad Malone doing a orgasmic dance as she undresses. Stack,(who should have won an Oscar) & Malone, (who won the award, but shouldn't have) are the real stars of the film, the ones who set all the hysteria, both sexual & otherwise in motion, while the ""real stars"" of the film, Hudson & Bacall fade to grey & brown,which are the colors that they are mainly costumed in. Hudson who was a better actor then given credit for plays the childhood & best friend of Stack's, and the stalked love interest of Malone's who moans & groans over Rock through most of the film. But Hudson wants no part of her,and instead is in love with Bacall who is married to Stack. No one is very happy & no one is happy for very long. The Stack-Bacall marriage falls apart big time after a year, and Stack pretty much drinks himself into oblivion because he thinks he is sterile, and can't give Bacall a baby to prove that he's a man. Sirk who was a very intelligent man, and had a long & fascinating career both in films and theatre in Germany, ended his Hollywood career at Universal in the mid 1950's with a series of intense vividly colored ""women's movies"" or melodramas. Although they were mainly adapted from medicore or trashy source material,in Sirk's hands they became masterpieces of the genre. Sirk had a wonderful sense of color & design which he brought to play in these films filling his wide screen spaces with characters who played out their emotional lives among weird color combinations & lighting, make believe shadows, and lots of mirroed reflections. In ""Written"" the characters are always peeking out of windows, listening at doors or sneaking around. So in the end, after much violence, an accidental murder, a miscarriage & more Sirk ends the movie with a final & startling scene of a ""reborn"" and reformed Malone in a man-tailored suit, sitting at a desk foundling a miniature oilwell.",positive
"""The Desperadoes"" (1943) is a genuine classic, not for its story (which is fairly routine), but for its technical production elements. This was a landmark western, the biggest ever at the time of its release and all the more unique because it was a Columbia production-a lightweight studio with a bottom feeding reputation. Only Fox's ""Jesse James"" (also starring Randolph Scott) from a few years earlier gave anywhere near this lavish a treatment to the genre. Although it would be eclipsed in a few years by ""The Searchers"" and ""High Noon"", ""The Desperadoes"" was a ground breaking effort and a historical treasure. <br /><br />In 1863, the economy in the town of Red Valley, Utah is based on rounding up and selling wild horses to the Union Army. The script gets a little messed up here with references to the railroad (which was several years away in Utah's future) and Custer's Last Stand (Custer was busy fighting Stuart in Pennsylvania at the time) but these are not important plot elements. <br /><br />Red Valley has an honest sheriff, Steve Upton (Scott), but the banker and several citizens are corrupt; robbing their own bank each time the government pays for a herd of horses. The town is visited by Cheyenne Rogers (Glenn Ford), a famous outlaw who is an old friend Steve's. He wants to go straight, especially after falling for the pretty livery stable owner Alison McLeod (Evelyn Keyes). Cheyenne's partner ""Nitro"" Rankin (Guinn ""Big Boy"" Williams) is mainly there for comic relief as are Uncle Willie McLeod (Edgar Buchanan) and the town judge (Raymond Walburn who models his character on Frank Morgan's ""Wizard of Oz"" crystal ball faker). <br /><br />Taking no chances with their huge budget Columbia packed this thing with tons of action and every western movie element but Indians and covered wagons. There is the best wild horse stampede ever filmed, a spectacular barroom brawl, an explosive climax, romance, and three-strip Technicolor. All this stuff doesn't necessarily fit together but who would have cared back in 1943. Unity is a problem as it tries to be both a serious action western and a comedy. <br /><br />The cinematography was probably the best ever at the time of its filming. The indoor scenes are solid but it is the naturalistic outdoor photography that is truly impressive; both the lyrical static shots and the moving camera filming of the action sequences. <br /><br />Scott and Claire Trevor were top billed, but the studio clearly wanted to promote Ford, who would soon be their biggest star. And Director Charles Vidor utilized the film to showcase his new wife Keyes (whose portrayal of Scarlett's sister in ""Gone With the Wind"" had connected with audiences more than any small part in the history of films). <br /><br />The Ford-Keyes dynamic is ""The Desperadoes"" most unique and important feature. Rather than go for the cliché ""love triangle"" with Scott and/or Trevor (which it first appears will happen), the entire romantic focus is on the two younger actors. This was probably the best role Keyes ever got and she makes the most of it. Playing a tomboyish but extremely sexy young woman who looks great in both leather pants and dresses, and who rides and fights like Kiera Knightley's character in ""Pirates of the Caribbean"". This was revolutionary at the time and coincided with the 1942 formation of the WAAC for WWII military service. <br /><br />""The Desperadoes"" is one film that has been well taken care of and the print looks like it is brand new. Unfortunately there are no special features on the DVD. <br /><br />Then again, what do I know? I'm only a child.",positive
"I just purchased An Zhan (Running out of time) on DVD and it was an excellent film I must say. Not really action-packed, in terms of gun play, but definitely exciting and witty. I do not think I have seen Andy Lau in better form. And the editing on this film was very well executed. Go watch this now if you are a fan of Lau or HK thiller/action film!",positive
"My friends and I walked out after 15 minutes, and we weren't the first. Afterwards, we tried to get our money back. Movie theater management wouldn't allow this, but they did agree to let us see another film. The only time that worked for us was to see Dickie Roberts: Former Child Star. As you can tell, this wasn't a memorable night. Probably one of my worst movie nights. Close second has to be when I saw a double header of Domestic Disturbance and Heist. In conclusion, for the sake of humanity, please don't see The Order.",negative
"A buddy and I went to see this movie when it came out in 1980. It was playing in a huge theater and we were the only two people in the place. It lasted two days in the theater before they stopped showing it. It was so bad that we laughed all the way through it. Since that time, we rate movies based on Kill or Be Killed as the worst movie of all time. Like other reviewers have mentioned, it is so bad that it is funny. It isn't worth a second look that's for sure. I just can't bring myself to give it more than a 1 because I don't think the makers of the movie intended for it to be so bad and I can't give credit for an accident. Sorry.",negative
"If it wasn't for some immature gullible idiot I know insisting that I watch this ""documentary"" I would never have seen this comedy! This film is full of bad scripting and laughable moments. One in particular is where the Afghan police / soldiers arrest Don Larson for filming in the streets while they allow the cameraman to carry on filming his arrest and then drive away, still filming, presumably to his plush hotel. Then there's the scene where a car crashes into another car which has been turned upside down and parked nicely on the side of the road without any evidence of it being in a crash or explosion.<br /><br />I am surprised this has currently got the rating it has (5.8 / 10). I thought IMDb users had more sense.",negative
"Harman and Isings 'Old Mill Pond' is a true masterpiece of the art of animation. The consummate skill and artistry that characterise this duos work is nowhere more in evidence than in this cartoon. It is a shame that so many people can see only offence in what is, and was always intended to be, a light hearted piece of entertainment that in no way sought to denigrate black people. If anything it is a tribute to the infectious humour and musicality of the black race. I have not been able to view this confection for many years as the 'race commissars' in England have deemed it too offensive to be shown in multi racial Britain. If anyone knows where I can obtain a copy I would dearly love to view this masterpiece again. I think those who routinely look for messages and intent that were never intended in these cartoons, which are, after all, sixty years old, should try to lighten up and remember that the world is a very different place today, but that does not mean that anyone has the right to censor what is viewable from the past.",positive
"This movie offers NOTHING to anyone. It doesn't succeed on ANY level. The acting is horrible, dull long-winded dribble. They obviously by the length of the end sex scene were trying to be shocking but just ended up being pretty much a parody of what the film was aiming for. Complete garbage, I can't believe what a laughable movie this was. <br /><br />And I'm very sure Rosario Dawson ended up in this film cause she though this would be her jarring break away indi hit, a wowing NC-17 movie. The problem is no adult is going to stick with this film as the film plays out like a uninteresting episode of the OC or something aimed at teens. Pathetic.",negative
"Many questions arise about the making of this film. The first of which is: Why make a film that plays out as little more than an awkward female fantasy? It's one thing to leave an audience with issues to discuss about a film's intent, it's something entirely different to go into the process of writing a script which fails to adequately address real human issues before they are rendered on the screen.<br /><br />Why the outrageously melodramatic and often comical soundtrack? Why the excessive and frequently clunky dialogue? Why is the lead character's girlfriend one of the hooded abductors? What purpose is there to turning the lead character's freedom from abduction into a joke by having him complete his ""mission""? (This is a classic Little Aussie Film moment. Resort to quirky comedy at the most inappropriate moment.) Why so many scenes where absolutely nothing happens? (This accounts for approximately 15 minutes of the film, which is at least 30 minutes too long.) Why, if a man is imprisoned for so many days, does he not endeavor to make a serious attempt at escape?<br /><br />The Director, who co-wrote the script, has failed on many counts to deliver a satisfactory story. <br /><br />Dave Garver, Australia.",negative
"Notable because of it's notorious explicit scene when the gorgeous Maruschka Detmers takes her young lover's penis from his trousers and into her mouth. Even without this moment the film is a splendid if slightly disturbing passionate and blindingly sexy ride. Detmers puts in a great performance as the partly deranged, insatiable delight, wandering about her flat nude. Dressed, partly dressed and naked she steals most of the film about love, sexual passion, philosophy and politics. For me the last two get a little lost and the ending is most confusing when her fiancé is released whilst fellow terrorists are released, she seems uncertain as to who she wants and the young lover seems more interested in his exams than anything else as she weeps, beautifully of course!",positive
"My wife and I both agree that this is one of the worst movies ever made. Certainly in the top ten of those I've watched all the way through. At least ""Plan 9"" was enjoyable.<br /><br />I DID really enjoy ""Christine"", ""The Dead Zone"", ""Firestarter"", ""Carrie"", and some of his other films. I didn't care much for ""Cujo"" (only because the sound was so bad on versions I've seen and I often couldn't tell what people were saying), or ""Pet Sematary (Pet Cemetery)"".<br /><br />But this mess was a total mistake in every way possible. The ""creatures"" themselves seemed designed by a 9-year-old. (No offense to 9-year-olds.)<br /><br />Even the ""one-liners"" made us groan and weren't remotely amusing.",negative
This movie has some of the worst acting that I have ever seen! Some scenes are original such as the nails coming through the floor. This nail trap catches these bad guys. The rest of the movie degrades as you go. I can't believe that this movie is not even in the bottom 100 movies of all time. I also can't believe that there are sequels! The next crap movie that I want to watch is R.O.T.O.R. Could R.O.T.O.R really be much worse than this?<br /><br />,negative
"I still don't know why I forced myself to sit through the whole thing. This ""film"" wasn't worth the Memorex DVD-R it was burned on; I thought I was watching the end result of a group of middle schoolers stealing their parents' camcorder. This is by far the worst movie ever made. I truly, from the bottom of my heart, want to sue Aaron Yamasato for the two hours he stole from my life.<br /><br />So apparently, it's supposed to be bad on purpose; However, if you should end up in Hell and are forced to watch this 90-minute coil of doo-doo, you'll see that Yamasato is really trying hard to make an awesome flick. The actors attempt dramatic kick-ass performances comparable to Crimson Tide but come closer to The Marine.<br /><br />The crap acting is just the tip of the iceberg. The camera angles are awful. The story is C-movie at best-- the plot isn't even good enough to be considered B-movie caliber. The dialogue attempts to be dynamic and witty, but is crap like everything else. Rumor has it that a hard copy of the screenplay actually attracts flies. Plus, the techno score is annoying... not because it's techno, but because it's NON-STOP. That's right, the music plays in the background THE WHOLE TIME, acting as a subliminal reminder of how bad this thing is. I don't care what the disclaimer claims, I don't buy it. BOTS was not made this bad on purpose, because it takes itself WAY too serious for what it was: a joke.<br /><br />This ""film"" was very low-budget. But that is no excuse for its record-setting suck factor. Great films are born of substance, not budget. BOTS had neither.<br /><br />Allow me to further articulate the overwhelming power of this 90-minute waste of time: if I were having a three-way with Jessica Alba and Jessica Biel in front of a TV and Blood of the Samurai came on, I'd be out of there quicker than Steven Seagal in Executive Decision.<br /><br />Undoubtedly, some people will try to defend the movie. Two, maybe three. They'll say, ""it's grindhouse chop-socky!"" or ""cheesy in a good way!"" or ""it's so bad, it's good!"" Those people are idiots. A movie is either good, or it's bad. There's no such thing as a good bad movie. But there ARE such things as idiots that like crappy movies. Don't get me wrong; there are lots of cornball not-to-be-taken-seriously movies out there that are enjoyable and entertaining. Slither is one. BOTS is not.<br /><br />This suckfest runs about an hour and a half, and in my humble opinion, it's 90 minutes too long. The best thing about this ""film"" is the DVD cover, so next time you're near the Wal-Mart DVD bargain bin, take a look at it-- DON'T TOUCH IT, just look-- and quietly walk away.",negative
"Anyone who rates this movie above a 3 has a very distorted view of movies, anyone who rated this piece of sh!t 7 or higher, i have absolutely no respect for their taste in movies, and doubt they have ever seen a good one. I am always up for giving any movie a shot and i did with this one, i tried to pay attention, i tried not to let my money go 2 waste but 15 minutes in my friends were laughing at me cause i was listenin 2 my iPod, 25 minutes later i couldn't even watch the overacting that was occurring within the film, so i up and left, i have never ever ever walked out of a movie, until this garbage, Anyone who said they enjoyed it is a liar, or they should be banned from this site. I get so angry when i see a person rate this an 8 when the Godfathers overall rating is a 9.1 its like saying that that movie was close which it isn't.",negative
"""The death of a performer at a Broadway stage play brings a theatre critic and a police detective together as an unlikely crime-solving duo. The dead performer's niece becomes not only the object of affection for our critic, but also a prime suspect in this death, and some other murders that occur at the theatre. 'The Phantom Killer' sets his sights upon the young woman as his next victim; so, it is a race against time for our heroes to catch the killer,"" according to the DVD sleeve's synopsis.<br /><br />Milton Raison's screenplay puts a little spark in this low-budget mystery whodunit. Helpfully, Dave O'Brien (as Anthony ""Tony"" Woolrich) does well in the lead role; his skills as an actor appear to be much greater than the productions employing him. O'Brien and cab driving sidekick Frank Jenks (as Egbert ""Romeo"" Egglehoffer) would have made a fine 1950s TV detective team. Leading lady Kay Aldridge (as Claudia Moore) and the supporting cast are also good. Unfortunately, the story becomes meandering, and anti-climactic.<br /><br />**** The Phantom of 42nd Street (5/2/45) Albert Herman ~ Dave O'Brien, Kay Aldridge, Frank Jenks",negative
"I thought it was comedy!! What a hoot! I can't believe Forsythe or Reynolds would actually appear in this piece of trash..And then there's the beautiful Erika Eleniak or whatever this piece of eye candy is called..Appears she put on a few pounds since her Playboy centerfold..Like about 50!! The story line is ludicrous, the acting absolutely horrendous, and the tired old cliché's that are run over and over and over again, boy it took a lot of stamina to sit through this dog..The only thing worth it was the LAUGHS!! And there are PLENTY! If you really want to kill say, an hour and a half pick this baby up at the rental shop, but make sure you have a room full of brain dead people to watch it with you. I think that's who it was written for.. it plays like they were thinking of a real low rent, drug induced audience for this one..",negative
"Luc Besson's first work is also his first foray in science fiction, a genre to which he will return fourteen years later with ""the Fifth Element"" (1997). Even if this film was strongly influenced by Hollywood cinema, it is still highly enjoyable. Back in 1983, ""le Dernier Combat"" reveals Besson's own approach of science fiction. He takes back a threadbare topic and his efforts are discernible to make a stylish work. Shot in widescreen and black and white, a disaster has destroyed virtually all the population from earth and we will never know what was this disaster and why men can't talk any more. Some barbarian hordes were formed. In parallel, a man (Pierre Jolivet) lives on his own and arrives in an unrecognizable Paris where he is received by a doctor (Jean Bouise).<br /><br />There are no words in Besson's work. The characters' actions and the progression of the events go through looks and gestures. Although the starting point and the backdrop are unnerving, the film has never the look of a despondent one. It seems that the man and the doctor try to reproduce gestures and actions linked to mankind before the disaster. The film opens with the man having sex with an inflatable doll. Later, the doctor tries to make him speak through a machine and he is a painter in his spare time. It's all the more intriguing as these paintings seem to come from the prehistoric times. Following this reasoning, one could argue that the bearded giant (Jean Reno) embodies evil and a threat to the efforts deployed by the man and the doctor to regain what finally made a human being. Ditto for the gang of baddies at the beginning of the film.<br /><br />The pessimistic whiff that such a film could convey isn't really at the fore and gives way to a glimmer of hope. Personally, the film could have gained with no music at all, except the one the man can hear with his cassette recorder. Luc Besson was to make better and still entrancing films like this one, he also boosted Pierre Jolivet's career as a director who will leave a patchy work behind him in the future: ""Force Majeure"" (1989), ""Simple Mortel"" (1991), ""ma Petite Entreprise"" (1999) or ""Filles Uniques"" (2003).",positive
"Probably the worst movie I have ever seen. It is so cheesily filmed, the focus is not even on this supposed ""real half-caste"", it is more on the crew coming from Hollywood to make the movie. No cinematic significance whatsoever, and if I could take back the almost 1 1/2 hours that I spent watching this film, I would feel much better.<br /><br />At first, it starts out giving you the impression it will be filmed somewhat generically, like an actual Hollywood production. However, then they go into the narration of the story, and it's filmed so f***ing terribly. It's supposed to be a take on ""Blair Witch Project"" really, since they pretty much use what you would think is 'real camera footage', it's not, don't be fooled.<br /><br />Worst movie I have ever seen . . . on the positive side, it has like one semi-scary scene in it, and the visuals of the half-caste weren't too bad looking at all. DON'T RENT",negative
"While Urban Cowboy did not ooze with the same testosterone you might find at a rodeo, it did provide an accurate glimpse of that day and age, in urban Texas. I also think that to truly critique this movie, one would have to have lived in the time and relative place that it was made. There was good music, fun times and, yes, a few ""rough and tumbles"" at the honky tonk roadhouses. The relationship of Bud and Sissy, like ""two ships passing in the night"", was well conceived. When Pam tore up the note that Sissy had written to Bud, it echoed the tragedy of many true life romances. The entire story was well thought out. I thought the cast and crew did an excellent job. I thought the screen play was well written and directed. Scott Glenn should have received an Oscar for best supporting actor.",positive
"Riding Giants is an incredible documentary detailing the history and stories of three influential big-wave surfers, Gregg Noll, Jeff Clark, and Laird Hamilton. Stacy Peralta did an amazing job taking on the role of director and should be congratulated for doing such a brilliant job. The structure of the film is edited brilliantly and works perfectly with the narration, interviews, animation and surfing footage. The music soundtrack just adds to the overall satisfaction of watching this film, making Riding Giants brilliant viewing. Personal highlights include any of Greg Noll's comments, what with his straight-to-the-point frankness, Laird Hamilton's footage at Teahupoo, and the out-takes at the end of the movie. But really this entire film is one big, recommended highlight that comes highly recommended if you have the opportunity to see. It's a shame it isn't more well known, but it is a gem deserving of attention. 10/10",positive
"Wizards of the Lost Kingdom is a movie about a young prince (Simon) who is banished from his kingdom due to his father (the king) being killed by the cliche ""evil adviser"". This movie's about Simon's adventures. The special effects, plot, acting, and generally everything about this movie is BAD. However, it's so bad that it's funny. You will keep watching this movie simply because it's so bad it's funny, and, like the other reviewer of the movie said, it's so bad it's good.",positive
"I really hoped for the best with this one, but it just didn't happen. Financed at a very non-dutch manner and still looking great, with a style and pace that's very much like Hollywood. What I don't understand is how-with all these great benefits- the director,writer,producer still managed to make this film a completely horrible picture to watch. Filled with bad jokes, cheap nudity and actors that just can't really talk [act] in the english language. Kudo's for pulling it off, but what was this guy thinking!",negative
"This is apparently one of Shemp's first shorts with the Stooges. (This excludes his much earlier vaudeville years with the team). But the threesome's comedic timing is at its honed best here. Aside from the intense slapstick scenes, there are others more subtle, but just as funny. Watch Larry when Shemp asks him to look at the camera for a snapshot. Or watch the real object prompting Moe's exclamation, ""Oh...highly polished mahogany!""<br /><br />Emil Sitka is at his bewildered goofiest. And the goon may look scary, but he's somehow funny. He seems as frustrated and perplexed with the Stooges as are ""regular"" people in other shorts.<br /><br />For Shemp aficionados, this is a must have episode. It won't disappoint.",positive
This could be a 10 if it wasn't for the quite predictable and hollywood-ish scenario. Daniel Day-Lewis confirms its position as one of the leading actors of our time (why not THE leading may I ask) and the rest of the cast stand in a very high level. I personally was impressed with Hugh O' Connor who played Christy Brown as a child. The very first scene I watched him was really strong. Wow.,positive
"This was a crappy, miserably acted movie based on sublimated male fantasies. A shame that it was based in Texas, an otherwise excellent state. I would recommend this movie to no-one, and wish that it had never entered my consciousness as I am now so irritated that I wasted my brain cells even paying the slightest attention to it.",negative
"I agree with the above comment, I love the realism in this, and in many movies (not just movies on eating disorders) the producers seem to forget that. They take an every day problem and create a hugely dramatic scene and then come the end of the movie everything is perfect again, which I dislike because its not reality. Not meaning to say things can't get better, and not meaning to say things don't in this movie, but it doesn't spend most of the movie creating all these problems, and come the end of the movie everything is perfect again. When people have eating disorders people don't just admit it and want to get better, and then life is peachy, it takes time, and I like how in this movie we grow with the characters, we go through the difficulties with them, getting better and worse, because it is a very important part of the movie. It gets into the minds of people with eating disorders, and shows the complications and pain, in a very realistic way, and I loved that. I also love how it shows The secrecy and betrayal people feel when suffering from eating disorders, it is scary to see how people react when they find out, especially if they approve of it. I thought this movie was very touching and beautiful and well told, and defiantly one of my favourites.",positive
"This is another film where the cinematography is the best thing to recommend it. That would be fine if the film were a travelogue, but as a dramatic exercise in cinematic artistry, that is not good enough. The theme of inter-species respect and co-operation ventures timidly into the forbidden world of inter-species love, but its approach is stereotypical, indicating a lack of understanding of the behavior motives of either species. As with many films, one always wonders what could have been achieved by a more innovative director and a more creative screenwriter. Alas, we probably will never know.",positive
"I absolutely LOVED this movie when I was a kid. I cried every time I watched it. It wasn't weird to me. I totally identified with the characters. I would love to see it again (and hope I wont be disappointed!). Pufnstuf rocks!!!! I was really drawn in to the fantasy world. And to me the movie was loooong. I wonder if I ever saw the series and have confused them? The acting I thought was strong. I loved Jack Wilde. He was so dreamy to an 10 year old (when I first saw the movie, not in 1970. I can still remember the characters vividly. The flute was totally believable and I can still 'feel' the evil woods. Witchy poo was scary - I wouldn't want to cross her path.",positive
"Obviously, Ponyo can be seen as just not another stupid animated movie that a studio might put out to simply survive. It is far from it, and it can be easily described as a captivating, beautiful movie experience.<br /><br />Miyazaki has indeed another masterpiece. Now, to many, this has been said to be the least of his achievements in film-making, due to in part of his ""certain weirdness factor"" not being there. That is true-the morals and insights that are not quite so evident in his previous films are very up front in this picture. Ponyo is not too difficult to understand or comprehend. His idea, I believe, was to make a children's movie that was just as suitable for adults as their kids, and for it not to be too complicated. He accomplished this perfectly, and he also didn't lose any substance along the way, which is the reason it gets a 10.<br /><br />Besides that, the film itself is so engrossing from the start, and the way its presented is so beautiful, it left me in awe at times because I remembered how they were all hand-drawn by Miyazaki himself. I haven't been so enlightened and happy after seeing a film since I saw Once a while back (another film not to be missed). Everything about Ponyo was absolutely stunning and breathtaking; even the music for it was pure perfection. The only bad thing I have to say about it was its English dubbing. Don't get me wrong, they were good, too, but I had seen Ponyo about 2 weeks before it came out nationally, and I believed that, in some parts, I wish it had kept some of its Japanese dialogue (not all of it, though; did enjoy the ""English way"" too). All in all, everyone should see Ponyo; it's absolutely flawless and in another league of film-making altogether. Finally, and don't hold me to this, but I wouldn't be surprised if Ponyo got a Best Picture nomination, as there are now 10 films that can be nominated for it. It's just that good.",positive
"I really enjoyed this episode, which was a great surprise given the bad reputation it seems to have acquired. From a pure writing perspective, 'The 16mm shrine' is an absolute treat, with fantastic dialogue and character analysis, typical of Sterling. In particular I really enjoyed the philosophical indulgences of the episode, tackling themes of existence and reality, whilst balancing it with more psychological topics such as denial, pride, and desire. 'The sixteen-millimeter shrine' is an episode about how these ideas based around an unwillingness to accept change can seemingly alienate a person from the rest of the ever-changing world. It is also a fantastic example of cerebral Twilight Zone; one that explores the mind rather than the world outside it. These elements all come together very nicely to create a thought provoking and incredibly interesting 25 minutes.<br /><br />The episode is not without its faults however, which mainly lay in Lupino and Leisen shoes. Ironically, I felt Lupino was unconvincing throughout, with only a few scenes that could count as memorable. This of course being an absolute shame considering how well Sterling had written her character. Furthermore Leisen didn't seem to know what to do with most of his characters, sometimes having them stand around on set doing next to nothing -which probably explains why accepted the poor performances from Lupino half the time-. Thankfully Balsam does a good job of covering up a lot of weak spots, helping redeem the show from an acting perspective at least.<br /><br />As I said previously however, if you're a fan of classic film and cerebral science fiction, this shouldn't be as bad as it's sometimes made out to be. In addition to the writing that I mentioned above, the episode also features some fantastic photography (it still amazes me that the show looks this good nearly fifty years later!) and decent enough set-design. Overall 'The sixteen-millimeter shrine"" is a great episode and above all is certainly one to make you think.",positive
"I started watching the show from the first season, and at the beginning I was pretty skeptical about it. Original movie was kind of childish, and I was just looking for some sci-fi show while waiting for the BSG new season.<br /><br />But after few episodes I became a fan. I've loved the characters - the not-so-stupid-as-you-think-he-is Jack O'Neill, the not-only-smart Samantha Carter, the glorious Teal'c, women and kids favorite, and brilliant Dr. Daniel Jackson.<br /><br />Of course, stories sometimes not serious, sometimes even ridiculous, but mostly it's not about technology or space fighting - it's about helping your friend, even risking your life for him. It's about ""we don't leave anybody behind"". Struggling to the end when all hope is lost. About the free will, and all good qualities that makes a human - Human.<br /><br />And now it's breaking a record, going 10th season, and still doing good.",positive
"I love this film. Tense with great characters. The kid from ""Sandlot"" is excellent as is Corey Feldman. When the kids storm the bank, it is pure adrenaline. Inside of the bank, it becomes a bit like a ""Lord of the Flies"" situation where they turn on each other. Justin Walker from ""Clueless"" is wonderful. I saw this on ""Showtime"" while channel surfing. It was a pleasant surprise. James Remar is also quite good here as the small town Sheriff. Taylor Nichols who I love from ""Barcelona"" does a nice job too as a Federal Agent. I recommend this film for any fan of bank robbery movies with a lot of good characters. I was shocked to discover that Roger Corman was a producer on this, since the film is not a B movie.",positive
"Walking With Dinosaurs is an amazing Documentary, educational for both the Ignorant of Dinosaurs and Dinosaur-Lovers (like myself) alike. I admit, I was very young when I saw this on Discovery, but I was obsessed with it immediately. (Spoliers!!!!!) The series contains 6 episodes, going from the Late Triassic when dinosaurs were just first evolving to the Late Cretaceous, at the end of Reign of the dinosaurs. When I first saw this film, it was like I really had traveled back in time. The majesty of the Diplodocus, the adventures of Opthalmosaurus, and the caring mother version of T-Rex all astounded my family and me. It is an amazing film, and I believe that BBC managed to do just what they set out to do. Awesome job!",positive
"If you've seen the trailer for this movie, you pretty much know what to expect, because what you see here is what you get. And even if you haven't seen the previews, it won't take you long to pick up on what you're in for-- specifically, a good time and plenty of laughs-- from this clever satire of `Reality TV' shows and `Buddy Cop' movies, `Showtime,' directed by Tom Dey, starring Robert De Niro and Eddie Murphy.<br /><br />	Mitch Preston (De Niro) is a detective with the L.A.P.D., and he's good at what he does; but working a case one night, things suddenly go south when another cop, Trey Sellars (Murphy), inadvertently intervenes, a television news crew shows up and Mitch loses his cool, which results in a lawsuit by the television station that's going to cost the department some big bucks. Except that they may be able to get around it, thanks to Chase Renzi (Rene Russo), who works for the station and likes what she sees in Mitch-- enough to pitch an idea to her boss for a `Reality' cop show, that would feature none other than Mitch Preston, whom Chase sees as a real life `Dirty Harry.'<br /><br />	Her boss likes the idea and gives Chase the green light. Now all she has to do is convince Mitch to participate, which shouldn't be too hard, since the station has agreed to drop the lawsuit if he will do the show. But Mitch is a cop, not an actor, and he wants nothing to do with any of it-- that is until he has a heart-to-heart with his boss, Captain Winship (Frankie Faison), who puts Mitch's future into succinct perspective for him. And just like that, the show is on. Oh, yes, there's one more thing; for the show, Mitch is going to need a partner. And who do you suppose they're going to come up with for that? Let's put it this way: Trey Sellars is more than one of the usual suspects.<br /><br />	This is Dey's second film as a director, his first being `Shanghai Noon,'-- also a comedy-- and he's definitely showing a penchant for the genre. From the opening frames he establishes a pace that keeps the story moving right along, and he allows his stars to make the most of their respective talents and personal strengths, including their impeccable timing. With stars like De Niro and Murphy, Dey, of course, had a leg up on this project to begin with, but he's the one who keeps it on track, demonstrating that he knows what works, achieving just the right blend of physical comedy and action, and employing the subtleties of the dialogue to great effect. <br /><br />	There isn't a more natural actor in the business than De Niro, and he steps into Mitch's skin like he was born to it. And after years of doing hard-edge, cutting drama (in which he turned in one remarkable performance after another), with such films as `Analyze This,' `Meet the Parents' and now this one, he has firmly established his proficiency for doing comedy, as well. Mitch is not an especially complex character; he is, in fact, something of an `ordinary' guy, but therein lies the challenge for the actor-- to make him believable, to make him seem like the guy who could be your neighbor and just another member of the community. And on all counts, De Niro succeeds. He's Mitch, the guy you run into at the grocery store or the bank, or say `good morning' to on your way to work; who likes to watch the game on TV and has a life, just like you and me, who happens to make his living by being a cop. It's the character Mitch has to be to make this film work, because it makes the `ordinary guy in extraordinary circumstances' angle credible. It's one of those role-- and work-- that is often wrongly dismissed out-of-hand, because it looks so easy; and, of course, this is what makes De Niro so exceptional-- he does make it look easy, and he does it with facility.<br /><br />	As Trey Sellars, Eddie Murphy turns in a winning performance, as well, and it's a role that fits him like the proverbial glove. Trey is a cop, but also an aspiring actor-- and a bad one-- and it gives Murphy the opportunity to play on the over-exuberant side of his personality (reigned in enough by Dey, however, to keep him from soaring over-the-top into Jim Carrey territory), which works perfectly for this character and this film. From his melodramatic take on a part during an audition, to his throwing out of one-liners-- delivered by looking directly into the camera (which as far as he's concerned isn't even there) while filming the `reality' show-- Murphy's a riot. And he has a chemistry with De Niro that really clicks (which is not unexpected, as this is another of De Niro's many talents; his ability to connect with and bring out the best in his co-stars, all of whom-- evidence will support-- are better at their craft after having worked with him, including the likes of Meryl Streep, Christopher Walken and Ed Harris, just to name a few). Most importantly, this is a part that allows Murphy to excel at what he does best, and he certainly makes the most of it.<br /><br />	Russo makes the most of her role as Chase, too, a character who isn't much of a stretch artistically, but whom she presents delightfully, with a strong, believable performance. And William Shatner (playing himself) absolutely steals a couple of scenes as the director of the show.<br /><br />	The supporting cast includes Drena De Niro (Annie), Pedro Damian (Vargas) and James Roday (Camera Man). Well crafted and delivered, `Showtime' is a comedy that's exactly what it is meant to be: Pure entertainment that provides plenty of laughs and a pleasant couple of hours that will have you chuckling for some time after. It's the magic of the movies. 8/10. <br /><br /> <br /><br /> <br /><br />",positive
"This movie is AWESOME. I watched it the other day with my cousin Jay-Jay. He said it was alright, but i think it RULEZZZ! I mean, it's so cool. Ted V. Mikels is so brave and smart. He made a movie totally unlike those terrible Hollywood films, like the Matrix and STop or my Mom will Shoot. It could have been better, though. I like ninjas and pirates. I also like that big talon that the funny man wears. I think he's the coolest guy since that Domino Pizza claymation guy. Not only does this movie look really cool, like those out-of-focus movies my dad made of my birthday when I turned 6. BUt it tells a complex tale with dozens of characters that seem to be totally unrelated, but they all meet up in the end. It's genius how this web is woven to make everything meet up. I wish Ted V. Mikels would make a sequel. But it needs more aliens. And a pirate.",negative
"This movie is one I strongly recommend. It's about a boy, Stanley Yelnats (Shia LeBeouf) who is wrongly convicted of a crime and sent to Camp Green Lake, a boys' detention center. There, he is forced to dig holes 5 feet deep and 5 feet in diamiter. While there, he meets the other boys of the camp (Zero, Magnet, Armpit, Squid, x-Ray, and ZigZag). All of them are digging, not to 'build charactor', but to find outlaw Kate Barlow's treasure. Throughout the movie (and book) Stanley learns more about the past, more about himself, and more about digging holes. I give this movie a 9.5, because, I am very picky when it comes to books to movies, (I want the movie to follow the book EXACTLY). But, still it did real well.",positive
"The premise of the movie had much going for it, however, despite the novelty of models selling off someone else's furniture to live the high life, this movie has nothing going for it. The characters are cardboard. The dialog is so painfully scripted, it's hard to sit through, and if there were any jokes in the movie, I missed them. Marilyn Monroe's walking into walls because she doesn't want to wear glasses is completely unbelievable & not funny. Grable's stupidity is also too ham-fisted to be believed. Bacall's gold-digging is so forced, it's annoying to listen to. Why anyone would want to sit through this is beyond me.",negative
"My commentary has nothing to do with the political sentiments found in the film. In fact, they're quite congruent with mine. What gets me is the fact that in terms of a movie, it is stupid and devoid of any semblance of story, motive or dialogue. Maybe someone should tell Neal that substituting lyrics of songs which are failing to inspire anyone outside of a dwindling audience isn't the same thing as creating characters who are motivated to speak because of events created by the writer or director. A silly narrative remains as such despite the iconic legacy of Neal Young. The most childish scene is the one where the devil dances his way into a bar, slips a tonic to an unsuspecting hero, who then finds his way onto the dance floor to mouth the words to Young song to the heroine, who is unaware of what's taken place. Somehow these two dream up a scheme where they will go up the West Coast in search of????? Sorry Neal, stick with music and leave film making to Steven Stills.",negative
"Loosely intended as a satire of D.W. Griffith's Intolerance, The Three Ages was Buster Keaton's first attempt at a full length comedy feature. The only similarities to Intolerance are the opening ""book"" scene and the fact that similar stories through the ages are edited together into a complete film. Keaton's reasoning for appropriating this style was that if it didn't succeed as a feature film, it could be reduced to three two-reelers. Fortunately, The Three Ages succeeds brilliantly as a comedy and contains some of the funniest routines I've seen in any of Keaton's film. There is nothing unique or daring about the story lines. They are simple boy-meets-girl, boy-loses-girl, boy-gets-girl plots, but the period satires are riotous and set the standard for future works by Mel Brooks and all films of this genre. However, I don't believe that anyone has ever topped this comedy. No one can play the lovable goof like Keaton and the stunts in this film are some of his best. In addition, Wallace Beery's appearance as Keaton's rival adds to this film's appeal. Anyone who thinks that comedy from the 1920's cannot be appreciated by modern audiences needs to see this movie.",positive
"I completely forgot that I'd seen this within a couple of days, which is pretty revealing in itself. The umpteenth version of Gaston 'Phantom of the Opera' Leroux's locked-door country-house mystery, I had heard that it was an engaging and witty update. So it appeared from the likable title sequence and a few neat touches in the opening scene, but the film very quickly ground to a halt and became vaguely tedious and wholly unsatisfying.<br /><br />As a mystery the major problem is that it is fundamentally unsolvable by the audience: like the worst Agatha Christies, it depends on a character appearing in the final act with a wealth of background information that we have not been privy to. As a film, be it comedy or thriller, the crucial problem is that characterisation is almost non-existent. With the exception of the killer, everyone is a face-value version of the typical suspects in the typical country-house murder story - reporter, endangered heiress, suspicious fiancé, scatterbrained scientist father (a surprisingly poor Michel Lonsdale), etc. There's no depth and little of interest, and the frequently over-ripe or misjudged performances don't help. You frankly don't care about anyone in it, so there's no jeopardy or suspense. Only Claude Rich and, in the last reel, Pierre Arditi get anything to work with, and only in the last reel does the film get close to a sense of resonance that is too fleeting to be really effective.<br /><br />For the rest, we get endless exposition and a couple of ineffective would-be comic set pieces (a promising one with a photographer trapped inside a grandfather clock is just too poorly thought through to pay off), with Dennis Podalydes reduced to Irving the Explainer for the last third of the picture. I'm not fond of country-house movies or Agatha Christie style whodunits, so those who are might cit it a lot more slack, but I found it a poor show. As Rich says when the mystery is revealed, ""It's all rather something of a disappointment.""",negative
"There is just one word for this film. Appalling. The director clearly has talent but like his character Robert Carmichael he throws it all away.<br /><br />Carmichael has potential, but like Cray he can't be bothered to use it. Being drawn into petty crime and then descending into depravity is Cray's vision of British youth. Like the British tabloids this film portrays young people with no aspirations or respect. Cray cries out for attention, but deserves none.<br /><br />I was appalled by the act of violence that Cray chose to shove in the faces of the audience. He assumes the audience are ignorant of world atrocities. Like a piece of obscene graffiti on a toilet wall he shows us male depravity with adolescent glee.<br /><br />Some actors of quality have small parts in this film. Danny Dyer and Leslie Manville both make short appearances. The acting is otherwise amateur, the young men Joe and Ben are cringe making. Carmichael played by Daniel Spencer is creepy. Miranda Wilson plays Monica, the attractive wife of celeb chef Jonathon (Michael Howe); how she was able to subject herself to such an ordeal is beyond belief. The film is never subtle and Monica is treated to the most gratuitous violence which is cut with war action. War imagery is used to convey the idea that young men cannot help themselves, that acts of violence will occur within even ""civilised"" countries. This is most certainly true and is symptomatic of our altered society where males have an increasingly less important position, but Cray descends to the level of the barbaric males he seeks to expose through his use of such brutal and violent images. The female characters in the film offer no relief. They are either victims or in Manville's case a washed out mother. The community is represented as dysfunctional.<br /><br />This is Cray's first film. I listened to what he had to say during a Q and A session at Edinburugh and he is not unintelligent, he simply lacks experience and his film exposes his naivety. The film is due to be released later this year, but I hope the company goes bust cos the public really don't need this kind of messed up material.",negative
"I am a relative latecomer to the transcendent work of film auteur Yasujiro Ozu, whose masterfully understated views of Japanese life, especially in the post-WWII era, illuminate universal truths. Having now seen several of his landmark films such as 1949's ""Late Spring"" and 1953's ""Tokyo Story"", I am convinced that Ozu had a particularly idiosyncratic gift of conveying the range of feelings arising from intergenerational conflict through elliptical narratives and subtle imagery. It is Taiwanese director Hou Hsiao-hsien's keen aspiration to pay homage to Ozu on his centenary with this generally enervating 2003 film. Among with co-screenwriter T'ien-wen Chu, Hsiao-hsien appears to get the visuals right but does not capture the requisite emotional weight that would have made the glacial pacing tolerable.<br /><br />The story concerns Yôko, a young Japanese writer researching the life of mid-20th century Taiwanese composer Jiang Wen-Ye in Tokyo after coming back from Taiwan where she taught Japanese. After 25 drawn-out minutes of character set-up, she reveals to her father and stepmother that she is pregnant by one of her students in Taiwan. At the same time, Yôko's coffeehouse friend Hajime, who runs a used bookstore, has an obsession for trains and seems likely to be in love with her. Hsiao-hsien connects this slim plot line with a series of shots held for inordinately lengthy takes as the frame composition changes. There are also long stretches of silence as well as an abundance of scenes featuring trains. While these techniques are consistent with Ozu's style, Hsiao-hsien cannot seem to dive into the characters' psyches the way Ozu did with maximal fluidity and minimal theatrics, in particular, Yôko's plight seems rather non-committal in the scheme of the drama presented and her parents' reaction overly passive to hold much interest. In fact, the whole film has an atmosphere of exhaustion about it, which makes the film feel interminable.<br /><br />The performances are unobtrusive though hardly memorable. J-pop music star Yo Hitoto brings a natural ease to Yôko, while Tadanobu Asano is something of a cipher as Hajime. The rest of the characters barely register, even Nenji Kobayashi and Kimiko Yo as Yôko's parents. Cinematographer Lee Ping-Bing provides expert work though he violates a cardinal rule of Ozu films by not keeping the camera stable during shots. Hitoto speak-sings the fetching pop song used over he ending credits, ""Hito-Shian"". The DVD includes an hour long, French-made documentary, ""Métro Lumière"", which actually does help provide some of the context for Hsiao-hsien's approach to the film. It includes excerpts from Ozu's films, in particular, ""Equinox Flower"", to show the parallels with this film though surprisingly no mention of either ""Tokyo Story"" or ""Early Summer"", the obvious basis for some of the scenes and situation set-ups. There are also edited interview clips of Hitoto, Asano and Hsiao-hsien, as well as the film's trailer.",negative
"This movie surprised me in a good way. From the box I got the impression that it was an action thriller but it was too funny to be a thriller, even though it was somewhat exciting.<br /><br />There's a lot of nice one-liners and funny situations in this movie and James Belushi was born to do Bill Manucci, he does a great job. The rest of the cast ain't half-bad either and especially Timothy Dalton is a treat.<br /><br />The story can get pretty confusing at times as new characters shows up during the film. Things get more complicated as nobody seldom tells the truth about things. If you don't pay attention things might get a bit messy in the end but I really liked it.<br /><br />Louis Morneau isn't all that well known but he has done a perfectly OK job with this one and I never really grew impatient while watching the movie.<br /><br />Made men is well worth checking out.",positive
"Funny how a studio thinks it can make a sequel to what was a classic Christmas story with an entirely new cast and expect it to float. Sure they used various actors for Batman, but in that instance Batman was a classic character before any of the actor donned his cape. In this instance you had a classic character in the blond headed horn rimmed glasses wearing Ralphy that wanted a red ryder bb gun for Christmas... Somehow we are supposed to forget him and accept another little boy that share no resemblance to the original... If I had not known it was a sequel I wouldn't have guessed it from the cast... except of course Charles Grodin tries so hard to imitate Darrin McGavin that your are constantly reminded that the original was far better...<br /><br />In the end it might have work if they had cast the movie better. They should have looked for look a likes or simply ignored the original and not tried to copy its look and feel. This one is just a cheap imitation. The Ralphy evokes no sympathy just a desire to seem his character shoot his eye out or die.",negative
"No, this wasn't one of the ten worst films of the 1980's, but it certainly skirts the bottom 100 somewhere. This movie looks like it was put on the shelf for two or three years and then released in 1981. How else would you explain special effects pre-dating ""An American Werewolf in London,"" disco still being considered cool, and Ronald Reagan not being the 40th President of the United States? While we're at it, let's not overlook those 1970's hairstyles in the 1950's and '60's. I've seen more of that here than in ""Happy Days"" & ""Laverne & Shirley"" combined.<br /><br />The one woman who elevates this movie to the ""so bad, it's good"" category was the late, great Elizabeth Hartman, but just barely. Biff plays as Miss Montgomery, the mousey high school teacher who becomes a sexpot, a stereotype that's been done to death and is still being churned out by Hollywood today, but even as a ""hot chick"" she retains her mousey qualities. Her call for help is evidence of this. She also looks much better as Miss Wimp. ""Seven bucks at the beauty parlor, shot to hell."" She wasn't kidding.<br /><br />This isn't to say that there aren't any good parts elsewhere, they're just few and far between, and I'm not just saying that because I like Hartman. Incidentally, ""Teen Wolf"" was better than this. ""Teen Wolf Too"" was better than this, and that wasn't even so good.<br /><br />",negative
"It's like a bad 80s TV show got loose and tried to become a soft-core porn movie. Oh my god was it bad. The plots of each character had little relevance. The plot itself wasn't anything to speak of. Something about a stalker, I guess. In the end he shoots himself? It's not really clear, but somehow there's a volleyball game involved. And the main character (Randy) sleeps around a lot. The only reason my friends rented this movie was because Casper Van Dien was in it, and they ended up wanting to fast forward to the scenes with him in it, which were barely watchable at that. Thank god I didn't spend any money on it, but I want that hour of my life back.",negative
"Yaaaaaaaaaaaaaawwwwwwwwwwwwwwwwwnnnnnnnnnnnnn! :=8O<br /><br />ZZZZZZZZzzzzzzzzzzzzzzzzzzzzzzzzzzzzzzzzz........... <=8.<br /><br />Oh, um excuse me, sorry, fell asleep there for a mooment. Now where was I? Oh yes, ""The Projected Man"", yes... ZZZZZZZZzzzzzzzzzzzzzzzzzzzzzzz........... <=8.<br /><br />Ooops, sorry. Yes, ""The Projected Man"". Well, it's a British sci-fi yawnfest about nothing. Some orange-headed guy projects himself on a laser, gets the touch of death. At last he vanishes, the end. Actually, the film's not even that interesting. Dull, droning, starchy, stiff, and back-breakingly boring, ""The Projected Man"" is 77 solid minutes of nothing, starring nobody. Dull as dishwater. Dull as doorknob dust. Dull as Ethan Hawke - we're talking really DULL here, people! But wait, in respect to our dull cousins from across the puddle, the MooCow will now do a proper review for ""The Projected Man"":<br /><br />ZZZZZZZZZZzzzzzzzzzzzzzzzzzzzzzzzzzzzzzzzzzz.............. <=8.",negative
"First I would like to say how great this. It is astounding and sometimes shocking. And to say the least I'm 11 years old and this is my favorite movie, I can definitely stand a boring film, but this is anything but boring. It is like a trip through humanity. Its stark realism shows through this monumental masterpiece. It is a heart wrenching tale of two down and outers (VOIGHT AND Hoffman) who build a mutual friendship. Joe Buck (VOIGHT) a naive Texan stud comes to New York to make it rich by entertaining women. Soon he meets Rico 'RATSO' Rizzo (HOFFMAN), who is a poor man barely being able to pay rent. Ratso becomes Joe's 'manager' but soon both men can't find Joe a job which results in stealing food. As they try and survive on the streets of New York we realize how tough it is. They can't get Joe a girl until they meet a lady at a party. Joe makes some money and soon Joe takes Ratso on a Ratso's dream spot, Florida. The final five minutes are heart breaking yet some of the greatest moments in the film. From MIDNIGHT COWBOY we get a stark and sometimes disturbing urban view on life.",positive
"All Risto Jarva's films are worth of seeing. Some like ""Jäniksen vuosi"" and ""Loma"" are best films in their genre and have reached a status of a classics in Finnish cinema-history.<br /><br />Most people have formed a impression of actor Antti Litja through Jarva's films. Litja acted leading role in three of Jarva's films which all became successes at box office and movie reviews.<br /><br />It's nice to see that idea of ""Jäniksen Vuosi"" still lives in commercials (I think it was tele-operator Sonera's TV add where Litja was walking in mountain fell at Lapland with hare in his arms. Everibody who has seen the film knows what I am talking about..) ""Jäniksen Vuosi"" Is a beautiful film with great actors and good filming locations - like famous small town in Lappland, Sodankylä, where the best Film festival in the world is held - The Midnight Sun Film Festival. I recommend it for all to go there on June - but remember warm clothes and raincoat :)",positive
"Woah! Is one thing I can say about this movie. Personally I'm one of those people who loves cats so that would have been a big down side to the movie, but I loved it how cats from every were got their revenge at the end.<br /><br />I liked the movie, but I have to admit it was because I found Brian Krause who played Charles Brady very very irresistible, I guess lust got the better of me while watching this movie.<br /><br />There was one thing that I was disappointed over. I've watched Charmed before and Brian Krause is married to Holly Marie Combs, his kissing scene was O.K. in Sleepwalkers, but really bad compare to his kissing scenes with Holly Marie Combs, I don't know if it is because Krause and Combs have great chemistry or maybe more it a bit more, that was the only disappointment in the movie but I guess it was made up for with Brian Krause in those tight ass jeans he was wearing in the movie.<br /><br />If you are use to seeing Brian Krause as Holly Marie Combs heavenly husband and the father of her son your in for a big surprise with this movie, he was nothing like angle boy. Although now that I think about it, it would be great to see Krause's character on Charmed taken over by evil making him something like his was in Sleepwalkers.<br /><br />I also have to say the music was GREAT in this movie too!",positive
"The movie was pretty bad. It's not so much a script problem. It's just that the movie is really boring in terms of pacing. The movie just seems to plod along at a slow, agonizing rate. The story in San Franpsycho is that there's a serial killer on the loose who is killing morally corrupt individuals (maybe I read too much into it, but hey, it's my nature apparently) after The San Franpsycho kills a pair of people under the Golden Gate Bridge we're introduced to one of the main characters of the film: Joe Estevez (brother of Martin Sheen) as a curmudgeony cop named Bill Culp. Bill is currently trying to hunt down the killer (seriously he doesn't have a name, he's just The Killer), and he is trying to coerce a local news reporter named Rita to help him with his investigation, Bill is the stereotypical hard-edged cop and he threatens Rita to throw her in jail for obstruction of justice. Anyway a few scenes pass by and suddenly Rita finds a letter left by the psychopath (He's a cold blooded psychopath!) and she has a change of heart and tells Bill and his partner Joe about it and help them with the investigation.<br /><br />The movie tries to be a taut murder-thriller, but sort of just fails at that. It's much like the movie The Black Dahlia it tries to be tense but it just is unbelievable in terms of that. The movie tries to be serious throughout, but it has scenes like where The Killer masturbates (obviously a fan of gore porn what with lines like: ""ooh blood on her"" or something to that effect) and Joe Estevez hitting the table going: ""He's a cold blooded murderer!"" I admit to chuckling more than once at the movie, even though I'm sure it was intended to be a deadly serious movie.<br /><br />One of the only positive points the movie has going for it is the fact that I didn't pay money to see it (huzzah netflix). And it's sad because I could see some good in their movies after watching The Damned. Sure the movie had its fair share of flaws, but it was enjoyable. Sadly though San Franpsycho has nothing going for it. Granted it has an okay script it's nothing too grand, but it could've been interesting. Instead what you get is a murder thriller that fails to thrill or have even vaguely enjoyable deaths. Also the other reviews claim that the movie has ""a great twist ending that's shocking"" apparently I was watching a different movie because by about the one hour mark I sort of figured out what was going to happen. The ending didn't shock me in the least bit. I would go on insulting this wreck of a movie but I don't think I will. Long story short this movie is a boring uninspired thriller (I use that term loosely) that fails to have the ""Hitchcockian thrills"" that another reviewer claims to have a predictable ending, bland deaths, acting with all of the emotion of a plank of wood, and a decent soundtrack.<br /><br />I'm sure others will try to defend this with the usual: It was a low budget movie, they did the best they could with such a low budget, and all that other nonsense. But when you get right down to it there was very little that they could've really spent that budget on, there was very little special effects work, the soundtrack sounds like it might've been recycled from Hood of the Living Dead or The Damned, and it's the same damn crew from those two films. This movie really reminds me a lot of another low budget flick that was no good, and it was called Mr. Jingles, the two are about the same quality, they fail to deliver anything close to enjoyment and should fade quickly into obscurity.",negative
"Honestly, I was disappointed in ""Expiration Date."" Super clever title and interesting premise, but I don't think it delivered. What was it about? The main character's desire to reconnect with his Native roots? Or, more likely, it was his need to overcome his fear of death. But, he wasn't set up as someone who has lived his life in fear -- it seems as if his life was going fine, but since doomsday is approaching he should now start worrying. I didn't buy it. Meanwhile, the supporting characters in the film didn't seem to have needs that blended into an overarching story. They were all just doing their thing, running parallel to the main character. Also, what was treated as a ""curse"" looked more like a coincidence. Who cursed the family? Why? When? Finally, why didn't he just plan on staying in his apartment all day on his birthday? Those are my criticisms, but I did love the shots of Seattle, cinematography was beautiful, acting was good in the times it wasn't outstanding.",negative
"""The Secret Life"" starts with the worst possible narrative intro: ""The crimes committed by Jeffrey Dahmer are too horrible to make a film about..."". Okay, so what are you suggesting? That we shouldn't bother to continue watching as the film won't be accurate or bloody, anyway? And they were right, too! The film isn't the least bit shocking and contains almost no blood or gore at all. Although I think that's mainly due to the low budget production values and not because of Dahmer's crimes being too horrific. Basically, ""The Secret Life: Jeffrey Dahmer"" is just one sequence repeated over and over again. Young, pitiful and mentally confused Jeffrey picks up victims (always males, as he was a homosexual), kills them and then talks about how it wasn't his intention to hurt them and about how lonely he is. This gets boring really quick and even the admirable performance by unknown actor Carl Crew can't save this movie from being a total dud. Still, this version is much better than the pretentious and hopelessly muddled ""Dahmer"" that got released in 2002.",negative
"On the face of it, any teen comedy runs the risk of being sophomoric and obvious, and fair enough, most of them are. There are a few that have risen above the usual banality of the source material (Bring It On, Eurotrip), and they give me hope that others can join that depressingly rare crowd of teen comedies that are actually funny and not just an excuse to flash some starlet's boobs or be a vehicle for some never-was like Tom Green.<br /><br />Enter Accepted, directed by John Cusack pal Steve Pink and led by the likable Justin Long (the smart nerdy kid in Galaxy Quest and more recently featured in Apple computer ads), about a bunch of kids who don't get accepted to college and decide, as disclosed in the trailer, to fake a bogus one to get their parents off their backs. When they go a little too far with the website and other kids end up enrolling, the kids have a few problems to solve.<br /><br />Okay, the set-up is obviously preposterous, but most comedy lives or dies in the execution, and here, Accepted does pretty well. Long's Bartleby Gaines (mostly shortened to 'B') is accompanied by enough well-meaning comically acceptable friends to help him share the load, but probably the best supporting character is 'Dean' Lewis (no doubt named as an homage to Rodney Dangerfield's Dean Martin), aka Uncle Ben, Lewis Black, who is wisely restricted to short spurts where he can rapid fire his unique brand of cranky observational humor. Black is terrific here, frankly telling the kids what life is really like (his expletive-laden final line is hysterical) and providing the adult face to the bogus university for the parents.<br /><br />But Long has to carry most of the film, and he does so, in spades; Bartleby is easily identified with and we take to him almost immediately. A nice twist was provided by Columbus Short's character Hands, an athlete who loses his scholarship due to an injury and ends up becoming the de facto art faculty at the fake college. Also noteworthy as Bartleby's hyper-intelligent and sarcastic little sister is Hannah Marks.<br /><br />Yes, the film does feel familiar in some spots; there's a debt here owed, of all places, to Revenge of the Nerds. Those who are rejected by everyone else find a home with Bartleby and his cohorts, and of course the villains are steroid-enhanced conformist Master Race types who run a fraternity (well, okay, frats are evil) and seek to humiliate and bury the oddballs for the  gasp  crime of being different. But that aside, Accepted has fun with the material, and even asks a few decent questions about the expectations on college kids and the course of higher education. Not that it's a brain teaser by any means, but Accepted isn't just another mindless teen comedy (or Owen Wilson vehicle). It's a funny, clever 90 minutes that, while not a great departure from its genre, is intelligent and creative enough to be very enjoyable.<br /><br />There is at least one moment of unadulterated brilliance in the film, when Bartleby checks out a nearby college in an attempt to harvest ideas for his own school's curriculum. When he sees that the kids are all stressed out at the other school (several refuse to even talk to him during class for fear of missing something), he shakes his head, thinking that there must be a better way. As he moves to leave he is met by a stream of kids going the other way, one person moving against a human tide, while in the background, the opening lines of Eleanor Rigby play. Perhaps an unplanned moment of brilliance, but brilliance none the less.",positive
"Maybe being a government bureaucrat is not the most glamorous way of making a living but it's still a way to make a living. However, after watching this movie, one may come away believing that every government bureaucrat is a lazy, bloated, conceited, paper pusher who lives exclusively to partake of his next lunch break. Not exactly a pretty picture, but this is the picture that the audience has to endure when watching what is nothing more than another tedious, noisy, overacted action movie. Just what the doctor ordered ... right? How many more of these movies has Hollywood made? One thousand? Two thousand? The formula for making these movies is so beaten into the dust that by now it should be completely unrecognizable. The locales change but the plots remain the same, and with the same shallow character development and the equally shallow acting as trained performers are asked to devolve into pseudo-cartoon characters and act accordingly. This movie seemed to run-on interminably. ""When will this movie end?"" I repeatedly thought to myself. Leonardo DiCaprio was totally unbelievable as a CIA operative, but what has to be one of the great gaffs of miscasting, an overweight Russell Crowe plays a CIA bureaucrat. Please note that in this movie the on site operative is ""lean and mean"" while his desk jockey supervisor is fat. This is called stereotyping. What was the casting director thinking? Why not have Jack Nicholson play an overweight office clerk? Or Nicole Kidman play a frumpy department store saleswoman? And the story was so fantastic that no amount of literary license could afford it credibility. An obviously non-Arab American (Mr. DiCaprio) trying to pass himself off as an Arab ... speaking fluent Arabic ... concocting all kinds of hair brain schemes that are doomed to failure ... trying to out think and outfox real Arabs who are completely unfooled by his laughable Arab masquerade ... trying to romance a Palestinian woman while in the middle of conducting a highly sensitive and complex espionage mission ... etc. By now you get the point. Next time try casting an actual Arab in the role. Not even the most naive movie goer can believe all that. There should be a rough balance between the protagonist and antagonist. In this movie the protagonist is so transparent and incompetent that it leaves the story in shambles. Next stop for this movie - DVD land and oblivion. And one other thing. Don;t let this movie discourage you from working for the government. The pay may not be great, but the fringe benefits are excellent, a critical fact that this movie conveniently omits.",negative
"What a strange atmosphere is being created in the streets and on the Golden Gate Bridge of San Francisco in this exciting action picture. Although the characters and the story are in fact bad, it still has a certain cult-flair.",positive
"This is a smart drama about the way of life in a Texas honky tonk in the early 1980's. John Travolta and Debra Winger turn out two very believable performances as Bud and Sissy Davis. This film really opens up the country music scene and helped introduce America to the mechanical bull. If you love a good romance film, then you will love this movie.",positive
"Although I haven't seen it yet, I know that Chaplin is a genius, and only someone of his talent would take on this daring subject matter--a comedy about Hitler. All great satire is based on going out on an edge. Also, all great comedy deals with the other side--pathos. This film seems like it will skirt both sides. Like Kubrick's Dr. Strangelove, The Great Dictator deals with history through the distorted lens of satire. The only way to deal with the horrors of this world is by laughing at it. And hopefully, through laughter, we can learn to view the world in a new light. Another film that does this that comes to my mind is Emir Kusturica's Underground, and Fando And Lis. So, let me watch the film first.",positive
"Though, short lived ""The Amazing Spider-Man"" was one of the best made for TV versions of a famed comic book hero. Only ""Wonder Woman"" (Lynda Carter) (the best of the genre and ""The Incredible Hulk"" (Bill Bixby, Lou Ferrigno) were better.<br /><br />""The Amazing Spider-Man"" outclasses the 1966-1968 ""Batman"", because the high camp elements of the latter often ruin the adventure. ""Spider-Man"" outclasses all three television interpretations of ""Superman""- ""Lois and Clark"", ""Smallville"", and of course the George Reeves ""Superman"" which brings up the rear.<br /><br />""The Amazing Spider-Man"" was an action drama, during the late 1970's, the pre-CGI era, when stunts had to be performed by stunt men, not in the database of a computer. ""Spider-Man"" had its own very talented stuntman to perform the death defying daredevil acrobatics. His name was Fred Waugh, who donned the spidy suit for the action sequences. Nicholas Hammond, better known as one of Julie Andrew's children on the all-time movie classic ""The Sound of Music"" was Spider-Man during the dialogue scenes. Hammond's Spider-Man also had his own secret identity as Peter Parker, similar to Christopher Reeve- Superman/ Clark Kent, Adam West-Batman/Bruce Wayne, and of course Lynda Carter as Wonder Woman/ Diana Prince.<br /><br />It's unfortunate that the series only had thirteen episodes. Because when the first episode hit the airwaves in November of 1977, the entire country was watching it on CBS that Wednesday night. In all fairness, CBS should release this pilot episode as well as ""The Deadly Dust"", the ""Captive Tower"" etc. on DVD shortly. ""Spider-Man"" was short lived, but did have a cult following, and in my opinion was a heck of a lot better than the movie interpretation of the famed comic book hero starring Toby McGuire.<br /><br />CBS might be hesitant to release these episodes for two reasons. (A) There might not be a broad market for them based on the lack of longevity of the series and a generation of children and young people who weren't born when the series originally aired in the 1970's. (B) One of the early ""Spider-Man"" episodes dealt with a terrorist with designs on the World Trade Center, which was attacked twice many years after this show went off the air, in 1993, and of course the devastating attack against this country on 9/11/01 in which the towers were destroyed and many innocent lives were lost.<br /><br />However I don't think that it would be in bad taste to release this ""Spider-Man"" episode even if the show was adventure, derived from a comic book, and camp in nature. The live action ""Amazing Spider-Man"" doesn't have a large following but it has a cult following. If and when CBS releases it out on DVD this cult following could be explained along with the episode in which Spiderman saved the towers in 1978, but how in September of 2001 real life proved to be different from the movies. I like to follow the news, but I also like Science Fiction/Fantasy. Therefore I am eagerly awaiting the release of ""The Amazing Spider-Man on DVD"".",positive
"This movie (and yes, it's a movie - it was shot as a two-parter, but the two parts together come down to slightly more than 2 hours) is one of the unsung masterpieces of world cinema. A very well-mannered, and yet at the same time absolutely savage denunciation of the Soviet regime and the type of person who flourished under it, the film is a faithful adaptation of the long-banned eponymous book by Mikhail Bulgakov. The sets are flawless, and the director made the brilliant decision to film in monochrome sepia, adding a feel of authenticity where a late-80s washed-out color incarnation would have all but ruined the film. I won't say much about the plot, which deserves to be discovered by the viewer himself, but the performances are true Oscar material; special mentions go out to E. Evstigneev, who plays the old professor with such presence, gravitas and kind wisdom that with barely a word or a gesture, he ends up stealing every scene he's in. The second, of course, is Creature/Sharikov, who, played to horrifying perfection by V. Tolokonnikov, is by far more frightening a character than Hannibal Lecter, because not only does he exist in real life - entire countries have been ran by men like him throughout history, with all that ensues.<br /><br />While it's a socio political allegory, it is worth mentioning that the movie is also brimming with humor, albeit dark - there are many outright comedies which haven't made me laugh as much as this film. What's more, when laughing at this movie, the feeling is not only one of hilarity but of understanding and agreement, which is always a plus.<br /><br />There is hardly a complaint I have with this movie - the only slight flaw is the tone of intellectual/bourgeois snobbery I caught at times from the ""enlightened"" characters. But that's a minor quibble.<br /><br />Sadly, this film appears to have been bypassed by Western licensing companies. It's a crying shame that one of the all-round best movies out there is languishing unrestored and untranslated (which shouldn't be incredibly hard - though all the cultural references and the revolutionary terminology will necessarily fade in translation, the film's main themes should be accessible to all). While we're waiting with our fingers crossed for the Criterion edition, I'm considering creating English subtitles myself. Will see how that works out.",positive
"Beautifully made with a wonderful performance from Gretchen Moll capturing such a stainless plain happiness in her work, and the recreations of the little movies and the photographs are perfectly made and often hilarious. According to Harron they used film stock that is no longer produced and fifties style studio lighting even for the outside locations to give the colour portions its distinctive look. Bettie Page saw the movie at Hugh Heffner's house (she is now eighty-three) with the producers there, but not the director, in case it got awkward if she didn't like it. She apparently did like it up until the official inquiry, which she found unsettling. Some great costumes too. The idea for the movie started in 1993, but this was worth the wait. The portrait of her never seems to ring false in reference to all those images and snippets of (dreadful) movies that many of us will have already seen. It would make an interesting companion piece with Goodnight and Goodluck, but much more pleasant viewing!",positive
"I went to see Random Hearts with 3 friends, and at first, I thought maybe it was just me who wasn't enjoying the movie. After all, I didn't like As Good As it Gets and that movie won all sorts of awards. Well, it wasn't just me...none of my friends liked it either. It was unbelievable slow, much like getting teeth pulled. The only action that is in the movie is what is in previews. We didn't walk out of the theatre because we all assumed something more would happen. We weren't as smart as the 7 or 8 people who did walk out. I have never walked out on a movie in my life, but I definitely should have. This is all tough for me to write, considering I am relatively easy to please when it comes to movies. It takes a lot for me to think a movie is awesome, but not much for me to just like it. This movie didn't even come close in the like category. Not only was the movie about 2 hours too long, but it was like two separate trite stories in one, but they weren't smoothly sewn together. Plus, the ""soundtrack"" if you could even call it that was so annoying. Like Seinfeld has the same riff that is played over and over again (difference being that i like Seinfeld)..this movie had this jazz riff that it kept playing, which sounded highly inappropriate at times, especially when people were dealing with the deaths of the plane crash. Hard to explain what I mean, but trust me it was awful. I cannot say enough to make people not waste their money. After I left the theatre, I honestly wanted to write to the movie company and demand my $7 back..sheeesh, I could have gone bowling or something for that money.",negative
"I'm not sure as to call this movie a children's drama or a fantasy film. When I first watched this I couldn't really make out the ending and that's the only part of movie that's seemed to lack depth and left me a bit depressed for awhile. Then I watched it a second time and realised how great the acting was and was clueless as to why it received the meager attention it did at the time.<br /><br />Unforgettable performances by the young Mazzello and Wood should have made this film a classic.<br /><br />Although the it was probably intended to be a fantasy/drama by the original writer/director (Evans), once Donner took over he presumably made it with a more dramatical outlook especially the ending, which left a lot to be desired as to what really happened to Bobby - Was he killed?, did he escape & really do all those fantastic journeys?, or was it just an imaginary story woven by Hanks to prove a point to the kids?<br /><br />But in all it didn't provide the closure of a happy ending that we are so used to in a children's film. Perhaps it's because it's not just that.<br /><br />To see what may have been a more classical ending check out the Official Elijah Wood Site where you'll find the First rough draft script of the conclusion of the movie(presumably by the original writer)<br /><br />Also a note of the music by Hans Zimmer which is one the best Soundtracks I've ever heard, a mixture of childish and dark sentiments throughout the movie. A great CD to get hold of if you can.<br /><br />",positive
"""Subconscious Cruelty"" has to be one of the most beautiful films I have ever seen.Still it's extremely grim and gory at times,so fans of politically correct mainstream horror garbage shouldn't bother.The film mixes many wonderful visuals with plenty of sleaze and gore.It is extremely odd,vicious and disturbing,so fans of bizarre cinema won't be disappointed. My favourite segment from ""Subconscious Cruelty"" is ""Human Larvae"" which shows us a twisted relationship between a young man and his pregnant sister.The birthing scene is particularly nasty and not easily forgotten.The last segment ""Right Brain/Martyrdom"" has to be seen to be believed.It's incredibly harsh and blasphemous with scenes of genital mutilation and grisly torture.We see Jesus Christ captured by three naked females who mutilate him,ripping flesh from his chest,licking a wound on his knee and pissing on him.There is also a Jesus statue with a projection of a swastika on it.""Subconscious Cruelty"" is a truly memorable film that should be seen by fans of extreme cinema.Check it out.",positive
"Boogie Nights follows a theme that is extremely familiar to gangster films (although it doesn't fit into that genre itself) - the rise and the fall. We see the rise of several individuals, some of them from complete obscurity, to achieving great heights ... and then falling from grace due to their excesses.<br /><br />I believe that this is the first feature by writer/director Paul Thomas Anderson, and it's a great start! I saw elements of other directors' influences, such as Robert Altman, but the film holds its own in originality and plot development.<br /><br />Character development is the movie's finest feature. I really identified with all of the characters and felt their pain and their success with them. All of the performances were brilliant. (It was especially good to see a small part performed by real-life porn veteran, Nina Hartley).<br /><br />Basically this film combines comedy and tragedy with the result being one of the best films of 1997, which was snubbed at the Oscars (probably due to the ""racy"" - as they would say - subject matter, and the general conservatism of the Academy.",positive
"Classic author C.S. Lewis once wrote an essay stating that no children's story is worth the reading, viewing etcetera if it can only be enjoyed by children. I'd say this film is an easy one to hold up as a defence of his argument.<br /><br />Around the age of five or six, I loved it, tracked it down only three or four years later and found it to be wet, poorly animated, dully and confusingly written, and with distressingly repetitive and awful songs (I'm looking t you, hi-cockalorum), showing a production aiming at joyful silliness and whimsy, but resulting with an ugly, twee, frustrating mess.<br /><br />By all means, show this to your infant, but I would heartily recommend that you don't buy a copy or attempt to sit in on the viewing. If you want something set in the same era but with genuine charm and wit, go after 'Oliver Twist' or the BBC's brilliant adaptation of 'The Box of Delights'.",negative
"I discovered this film after reading the book that inspired it. It is not a strictly biographical film; it is ""loosely based"" on the facts. But I found it a compelling and eerie exploration of evil and madness, and Michel Serrault gives an unforgettable performance as Dr. Petiot.<br /><br />There are many memorable images in this movie; Petiot traveling through the night like a vampire, his black cloak flapping behind him, is almost iconic. There are also several touches of expressionism - Petiot's crooked silhouette mounting the stairs leading from the cellar where the butchered remains of his victims await cremation, reminds me of some scenes from 'Nosferatu'.<br /><br />But I found the primary appeal of this movie to be aural. The soundtrack is loaded with ominous sounds, starting with the foreboding music of the opening credits, accompanied by wordless wailing. Petiot lives and runs his medical practice in a complex with many small shops, and there is a persistent background noise of knives being sharpened somewhere, as well as a peddler playing eerie tunes on a saw. There are animal noises as well - the concierge keeps a goat, unseen cats howl - and later in the film we see hapless cattle being herded through an underpass. The whole atmosphere is unsettling, with overtones of violence and slaughter.<br /><br />Not only animals, but human voices are often heard - the screams of Gestapo victims, Petiot's patients in his waiting room, monitored by a listening device, just the same as the suspected collaborators after the war are monitored in their cells. Even the action of the film is often arranged so that we hear the voices of the participants without seeing them - when Petiot goes to see Mme Kern, we hear her singing as she works, her voice echoing in the theater, before we ever see her. And even when she does appear, she is often filmed from behind, her voice calling out to her husband, whose voice calls out to her in conversation. Disembodied voices echo in large halls, and their owners, when seen at all, are photographed at a distance, so we cannot actually see them speaking. This is a ghost story, and these are the voices of ghosts - many of them Petiot's future victims.<br /><br />Yet Petiot himself is often only a voice; his frightening laughter echoes as he retreats from the camera, throwing comments behind him or into the air to nobody. In a way, he is as much a ghost as those he murders. He is always frantically busy, scurrying from appointment to appointment, never at rest. But his activity is that of a machine - lifeless and imperturbable. It is interesting that among all the horror and danger of occupied Paris, Petiot alone is unafraid; he is amused, enthusiastic, angry, irritated, contemptuous, but never afraid, unlike those real people he lures to their deaths. It is no surprise that he boasts of his mechanical inventions, including a perpetual motion machine (a true detail from the book - he did claim to have invented many machines); he is a sort of perpetual motion machine himself. And mechanical imagery is everywhere in the film, from the opening giant wheel in the movie house, to Petiot's bicycle (with its squeaking wheels echoing the sound of sharpening knives), to the Victrola he keeps winding up to play music before he makes a kill. Even his routine with his victims is mechanical - write a note to your wife, let me disguise you before you leave, you need a vaccination, Barcelona, Casablanca, Dakar - like a well-oiled machine, the routine is always the same, just as the record is always the same.<br /><br />Maeder, the author, says that it was the clockwork perfection of his crimes that weighed so heavily against Petiot at his trial. His system was as smooth and efficient as a Nazi concentration camp, and this may be why the movie invents a subplot of Petiot's involvement with the French Gestapo and the occupying Nazis. Unfortunately, it doesn't quite work as part of the story, because it's very hard to figure out just what Petiot is doing for the collaborators, or what is going on when he ends up at their headquarters in the middle of the night. Disposing of bodies? Hiding stolen goods? It's hard to say, and harder to believe; it's not likely the state would turn to a freelancer like Petiot.<br /><br />But it does remind us of the duality of evil people; Petiot is a robber and a murderer, but he is also a devoted father and husband. Just as we learned that Hitler loved dogs, and that Nazis guilty of the worst war crimes could also be loving fathers and family men, so we have to recognize that Petiot could commit unspeakable horrors and yet also function normally. His insanity is easily camouflaged by the insanity and horror of the wartime situation in Paris; when killing, robbing and disappearing are happening all around, nobody pays attention as Petiot tosses more corpses on the pile.",positive
"Oh dear. This sequel has a mirror, this time, which houses the evil spirit of a psychopath which murdered an entire family with a shotgun in the Amityville home. The mirror captured the entire ugly incident of the horrified family who had no time to prepare for their uninvited guest. The mirror is given to a photographer, Keyes(Ross Partridge)by a bum(..who just so happens to be his lunatic father, and the man responsible for killing the family)and it's evil soon terrorizes those in a loft(..such as Keyes' painter pal Suki, portrayed by Julia Nickson-Soul)where he lives when they look into it. Soon Keyes is having nightmares, looking through the eyes of his father as he guns down the family in cold blood, worried that he might follow in his footsteps. Soon he sees other occurrences through his father's eyes like that terrible day pops bashed his mother's head against the floor of an institution or experiencing a moment inside the cell as doctor's administered a drug to immobilize him.<br /><br />Pretty solid supporting cast who deserve better than being stuck in junk like this, such as David Naughton(American Werewolf in London)as the proprietor of the loft with which Keyes lives, Richard Roundtree as an eccentric sculptor/artist, Terry O'Quinn as a psychologist-detective, and especially Lin Shaye as a hilarious ditsy, rather strange secretary-nurse in the asylum(..the one which held Keyes' father) soon to be closed down.<br /><br />Rounding out the film, the sexy, leggy Lala Sloatman as Keyes' supportive girlfriend, Barbara Howard(Friday the 13th:The Final Chapter)as Naughton's betrayed wife(..he was on the verge of starting an affair with Nickman-Soul), Jack Orend as the sadistic fiend who attempts to provoke his son into killing innocent people as he did, and Robert Rusler(A Nightmare on Elm Street 2:Freddy's Revenge)as a rejected lover(..of Nickson-Soul)who meets an unfortunate demise while ripping apart paintings as a revenge for his dismissal.<br /><br />This film is a poor special effects movie merely using the Amityville title as a cash-in. The franchise has never been that great to begin with, but as each sequel was green-lit, it grew worse and worse. After the third film, furniture from the infamous house become ""possessed"" items tormenting folks. The cast try hard, though, but the material(..a mirror causing chaos and murder through supernatural means)is lacking in quality..and the rather mediocre special effects don't help matters. O'Quinn, as little as he has to work with, shows why he's such a great actor, he can even shine in excrement such as this. All's not lost, you get to see Sloatman always wearing super short skirts(..or her man's shirt in panties), showing off her legs throughout..hey, you have to find a silver lining somewhere. Believe it or not, AMITYVILLE:A NEW GENERATION was the seventh film in the franchise! Coolest part of the film were the portraits of demons painted by Nickson-Soul's artist, perhaps inspired by the evil mirror after looking into it.",negative
"I saw this in the theater and I instantly thought that it is good enough to own on video. I am a big nut for Sci-Fi action flicks though anyway.<br /><br />Without giving any of the story away, it is worth seeing if you like Sci-Fi without requiring much thought. The story is basic, and the plot is very good. Worth your time to see!<br /><br />Maybe they will make a sequel? :)<br /><br />8 out of 10",positive
"In a word, god-awful... too many plot holes.. um, yeah... Who takes their kid to dig up a dead body in the middle of the night? and what's up with his wife stealing the skeleton.. who does that? why, exactly did the shrink stab himself in the neck? and that whole dog thing.. i mean, really! Having Sparrow narrate from the beginning also just completely destroyed the suspense for me.. i mean, if he's narrating the story, clearly he's lived to tell it, so there's no chance of him getting offed.. where's the suspense there? <br /><br />Of course, you expect plot holes in a film like this. But, there are so many I lost track of the story completely because of them. What kind of name is Fingerling? Or Toppsy? Why did the wife dig up the body? (Who does that?) or go into that crazy spooky asylum alone? and where'd all those candles come from? Why does the writer have his PO BOX in the freaking book??? I mean come on... And the book just happens to find its way to the bookstore next door to the wife's bakery?? Way too convenient... Oh and Happy Birthday Honey, here's a book about a serial killer.. What a THOUGHTFUL gift! The book is like 20 pages long, half of which are blank, and it takes him freaking FOREVER to read it. If he's truly obsessed with this book, wouldn't he have read it all in one shot?<br /><br />A bit convenient for him to bump into his future wife (carrying a cake!) about 23 seconds after being released from a mental hospital.. how old was he playing? 36?? <br /><br />Was I the only one at the end rooting for the bus to actually run the guy down? Not good when you're rooting for the protagonist to bite it in the end.<br /><br />It seems like this was written by committee.. I imagine that the first draft probably had nothing to do with the number 23... It seems as if they needed a gimmicky hook to bait the audience into thinking there was some supernatural thing going on, when in the end it really didn't seem to have anything to do with anything. I mean, I wasn't expecting the Godfather or anything, but everything about this film was a total let-down. Without all the numerology stuff, this movie could actually have been OK, instead of some hackneyed Se7en knockoff.<br /><br />Not scary, unintentionally hilarious and otherwise a total snoozer.",negative
"Kramer vs. Kramer is the story of a marital breakup and the consequences of same. They can be devastating to the partners and even more so to a minor child which in this case is played by Justin Henry.<br /><br />What I really did like about Kramer vs. Kramer, it's greatest strength as a film is the way that parents Dustin Hoffman and Meryl Streep are presented to the audience as whole people with many sides to their nature. Though the film is slanted in Hoffman's direction and more about his relationship with his son, he's not presented as any kind of saint, nor is Streep a completely black villain. Hoffman's a career oriented man in the advertising game. He's pretty much ignored his wife's dreams and aspirations, still it's a big shock to him when Streep says the love's no longer there and she wants out. She also wants out of being a mother, at least for a while.<br /><br />Hoffman and Henry make do the best they can. The pressure of being both parents causes Hoffman to lose his job and he has to take a lower paying one in another agency. At that point after over a year, Streep decides she wants custody.<br /><br />Both parents make compelling witnesses and state their case beautifully, but in these situations, the tie is always broken in favor of the mother.<br /><br />Dustin Hoffman and Meryl Streep won their first of two Oscars respectively for this film, her in the Supporting Actress category. I'm not sure how these things are decided, Streep does get less screen time than Hoffman if that's the determining factor. The film does focus on Hoffman's relationship with his son and his evolving realization that he has his share of the blame for the marriage failure. As for Meryl it's a Hob's choice for her as it is for many women, to balance a career and motherhood. The conflict in her psyche registers for all to see on the screen.<br /><br />Dustin Hoffman may have won that Oscar partly for the same reason that Spencer Tracy picked up his first, by performing the impossible task of not letting a scene stealing child steal the film. Children with their lack of inhibitions are natural actors and Henry is great because he comes over as a real kid, not a Hollywood kid. I wonder if Hoffman saw Captains Courageous and saw how Spencer Tracy dealt with Freddie Bartholomew. Dustin could have done a lot worse than channel Spencer Tracy in his performance.<br /><br />Kramer vs. Kramer also won Oscars for Best Picture, Best Director for Robert Benton and Best Adapted Screenplay. It's an intelligent and compelling drama about adults falling out of love and trying to deal as best they can with it for themselves and their child. Don't miss it if ever broadcast.",positive
"As an adult, I am grateful to have caught this movie by chance when I was a teen. During the time, I was experiencing familial problems. This particular movie managed to capture what I was seeing from a closeted world. How much peer pressure is too much? I actually had to purchase this movie because it reached me on a level unlike most films try to reach an audience. How far might an individual go for social acceptance? Who is the ""bad"" crowd? Teenagers do struggle trying to find out the answers to these questions, but ultimately...who is the ""pack leader"" if there must be one? Is it the strong? The beautiful? Perhaps the person we just all seem to like? Could it be the moral character? As far as the movie goes, the cast worked together as if it were predestined. I only hope that more directors and producers try to create a piece of work that reaches all of us like this particular movie reached me. I wish I could vote higher than ten because this particular title deserves much more.",positive
I rented this movie from blockbuster on a whim .. i like alan arkin and the cover was catching ... i read the back and knew right away it was going to either be the best or the worst movie i have ever seen ... i guess i got lucky .. i laughed from beginning to end .. alan arkin brings a great character to this movie. i have since bought a used rental copy for my own collection and watch it all the time .. i have recommeded this movie to loads of people and they all enjoyed it as much as i did ... i see complaints about the menus and dvd functions .. but it doesn't take away from the movie .. the disk was authored for Blockbuster exculsivley which is why they didn't allow you to skip past the previews .. aside from that you shouldn't let the functions of the DVD to deterr you from watching the excellent film.,positive
"I would have given this otherwise terrific series a full 10 vote if Claudia Black had not continued on in it! Her inclusion as the silly 'Vela' has brought the series down in my estimation. To bring her in as a regular at the same time as including Ben Browder to replace RDA was a mistake.<br /><br />Unfortunately we were just reeling from the loss of 'Jack' and really didn't need this great series turned into new episodes of 'Farscape'.<br /><br />I was a great fan of the film ""Stargate"" and when the series was first announced I had reservations that it could live up to the film, but after watching the first episode I have to admit I was hooked. I have always looked forward to new episodes with great anticipation",positive
"I vaguely remember Ben from my Sci-Fi fandom days of the '60s, I was doing several interviews & bios of obscure actors/actresses, most notably Ben, actress Fay Spain, and Jody Fair, who played Angela in 1961's The Young Savages. Ben was one of the people at a low-key Sci-Fi con in Chicago, about 1970, when I had a nice chat with him and his ""career"" and life. All these were published in some now-long-forgotten fanzine of the day. Wish I still had copies of those interviews, but time marches on, and any of those people surely wouldn't' remember me at all so many years later. Ben was a really nice fellow, ekeing out a living (The cons of those days didn't even pay their guest, unless, of course they were big-name stars, and even then the pay was a couple hundred dollars, at most! Good to know Ben's still alive & kicking! How 'bout a remake of Creature, but 50 years older! Ugly then, uglier now!",negative
"Totally forgettable movie but an unbelievable soundtrack: I'd give it (soundtrack)a 9 out of 10. I have the CD and the guitar work (Nils Lofgren) is superb! I saw the movie years ago and had to check IMDb to remember what it was about. I obsessed about getting the soundtrack and have since had to replace it. It ranges from blues/soul/ballad to a dose of gospel. All songs written, arranged, produced and performed by Nils Lofgren who is the ""other"" lead guitarist opposite Steve Van Zandt in the E Street Band. This dude can play! The vocals are handled by Nils (he can't sing very good-too raspy), Bonnie Sheridan (who is a great singer) and Tom Lepson.",negative
"I can't see how a film of this quality only gets an average of 5.7 from IMDb voters. It's a classic Australian production that resembles recent efforts such as LOVE AND OTHER CATASTROPHES, THE SUGAR FACTORY, OCCASIONAL COARSE LANGUAGE, RUSSIAN DOLL, SAMPLE PEOPLE, THE SECRET LIFE OF US, LA SPAGNOLA, STRANGE PLANET, FRESH AIR, DUST OFF THE WINGS, DOING TIME FOR PATSY CLINE, etc..., as a 19-year-old uni student (Newton, in perhaps his best role yet, on par with CHANGI at least) with a bored, over-religious mother gets the shock of his life when she decides to enrol in the same course as him - and before you go thinking ANOTHER GOOFY MOVIE, it's not, there's some real substance here. Sure, it's a simplistic view of life in general and arts students in particular (but then they are rather simplistic under all that philosophical mumbo-jumbo aren't they?), and maybe the study of Sinead Cusack's character is a little muddled at times, but the film is bright, funny, and has some important messages. The principle cast is terrific: Cusack and Newton are wonderful, and Rose Byrne (see her also in THE GODDESS OF 1967) is so underrated it's not funny. She's a beautiful, fresh, confident actor who deserves every accolade she receives. I gave MY MOTHER FRANK 8/10.",positive
"Yes, it might be not historically accurate(actually only 6 soldiers of 9th rota were killed there), and yes, it has some mistakes and exaggeration(bended machine gun? come on! or the that ""history lesson"" about how Afghanistan was never conquered by anyone - educated Russian officer would know history much better than that - take for example British campaign in Afghanistan). And yes, it does not have multi-million dollars Hollywood-style special effects, but it's strongest point in showing soldier's life there, their relationships and their feelings when the best friends are being killed in front of their eyes. In my opinion 9ya rota really does a good job showing all those things.<br /><br />Again, movie has it weaknesses, but, in my opinion, it appears to be one of the strongest Russian movie for the past few years.<br /><br />8/10",negative
"I have a little hobby of finding really cool pics out there that are pretty much unknown -and then letting people know about them This one is on top of my list for getting the word out this summer. This indie film (and I really mean indie--not Miramax, Fox Searchlight indie) might be easy to overlook in the big maze of celluloid, but if you want something completely different--you have to check this one out. <br /><br />Basically, I thought it was totally great. I should have known from the DVD cover, front and back ,that this was going to be something totally different, but, they ALL say that their stuff is different to hook you. Well this one really IS totally different. It's in your face: beautiful and scary and unashamed to tell you to wake up. War, peace, 9/11, poetry, even a eerie sort of music video set to an old time ""patriotic"" song and a weird guy in an RV. Need I say more? Just see it.",positive
"Like most everyone who views this movie, I did it for the stars Michael Madsen and Dennis Hopper. The two are extremely underrated and sadly, because of that, have to headline a lot of crap. In this film, Hopper plays a guy who accidentally kills a blackmailer and is offered help from the mysterious Madsen.<br /><br />The film actually isn't as terrible as it could have been. I've seen both in much worse, both independently and working together (LAPD, horrible film). The direction was pretty poor and the script needed a few re-writes, but both give the best performance possible with the material offered. Also the ending is pretty strong, so you can tell the story had potential. But when a glowing review of a film is, ""It could have been much worse"", it doesn't say much for the film itself.<br /><br />All in all, this is one that can easily be skipped if neither of these actors draw you in. But if you're a fan of either or both, give it a watch. They both give strong performances that outshine the obvious flaws of the film. Trust me, there are much worse options out there.",negative
"I'm sorry, but this really does feel like a modern day Apollo 13 knock-off. Totally implausible (at least Armageddon FELT like a comic book! This felt like a bad High School film project), acting was about as cliché as one can get, and....landing a space shuttle on an LA freeway? Come on. Seriously. Jerry, what were you thinking? And all the clichés: The pregnant astronaut's wife, the nosy reporter who gets in everyone's way, the stalwart manager with ""Go Fever"". And it's one thing to twist the laws of physics or politics or whatever to make an entertaining story, but at least make it GOOD! Fact and science were totally butchered for this. The space shuttle doesn't have fuel tanks in it's wings, and even if it did, it couldn't steer by shifting fuel between them (and neither could a DC-10).<br /><br />If you like bad acting, bad storytelling, low realism, and cheesy clichés, this one can't be beat!",negative
"My wife and I are semi amused by Howie Mandel's show.. I also like Shatner - even when he's at his most pathetic..<br /><br />But this is absolutely the worst show on television.<br /><br />Please cancel this show. It sucks a**.<br /><br />The only positive thing I can say is that the girls are hotter on this show and seem to wear less clothing than Deal or no Deal...<br /><br />The questions are a mixture of way too easy and incredibly obscure. And watching Shatner or the contestant say ""Show me the money"" makes me want to vomit..<br /><br />This one will not last.",negative
"This wonderful little film has all of the elements that made the Spaghetti Western so exciting and fun: GREAT music (by one of the few..if not the only..female composer to work in the genre, Nora Orlandi), EXCITING action sequences (and very vicious ones for the day!), and BEAUTIFUL scenery and sets (all in Almeria, Spain, of course). It also has a very good story with a nice tragic romance edge to it. The actors do marvelous jobs--with truly standout performances from Lawrence Dobkin and Rosalba Neri (in the most vital role for a female in a Spaghetti Western..outside of Cardinale in Leone's ""Once Upon a Time in the West""). Without posting any spoilers, let me just say that this movie contains one of the best endings of any film I have EVER seen!",positive
"This is one of the worst movies I've seen in a long time. Not just the story, but the acting is shockingly bad. The dialog sounds like someone reading the news.<br /><br />This is rated as comedy/drama/romance, it's not of those things ! It's a little action, that's it. There's really NO comedy and drama at all.<br /><br />If you went to the cinema to see this I feel sorry for you. I would not recommend it at all. Pretty much anything else that you choose to look at will be better. This is pretty much a action/crime movie. The actions scenes sucked, and crime story part of it was very predictable.<br /><br />If you are not really interested in a good story, or good acting. And you simply want to look at a 'foreign' film for the appeal of being foreign. Then this might be for you.",negative
"I waited quite awhile till I was able to watch this Lone Ranger movie. I finally got to see it on the Lone Star Channel today and was very disappointed in the whole movie. Clayton Moore and John Hart acted better Lone Rangers and Jay Silverheels as Tonto, than the two stars in this movie. Very poor acting was done by everyone in this movie. Even the plot was bad and far fetching. I believe the horse, portraying Silver was the best actor throughout this movie.I am glad I didn't go out and buy a copy of this movie when it first came out, as I feel it's a waste of good money. I am truly sorry the characters that Clayton Moore, John Hart and Jay Silverheels played, and brought to life on the silver screen, have been tarnished so badly. Unless in the future, they find actors worthy of portraying the characters in the same manner which Clayton, John and Jay did so well in the past, I'll not spend the money to buy the movie. I'll not watch this movie again.<br /><br />Wayne Davies",negative
"One IMDb reviewer calls Eaten Alive a passable film for the ""cannibal connoisseur."" Are there such people? I didn't know. But if you are one of them, hey, have a ball. The rest of you might find this tripe a bit hard to swallow (pun intended), even if, like me, you consider yourself a horror film connoisseur. I have been an avid horror fan for about 15 years now, although I never got around to the cannibal subgenre until a few weeks ago, and I guess I owe my short-lived interest in these groan-inducing movies, strangely enough, to China's total disregard for copyright laws. You see, I bought a two-disc DVD collection of all of Wesley Snipes' films for 20 yuan (about $2.75), which turned out to include Last Cannibal World, Mountain of the Cannibal God, Eaten Alive, Cannibal Holocaust, Next, with Nicholas Cage, and something called Voodoo Lagoon, along with Blade 1-3, in Chinese. Nice.<br /><br />Being a second sequel, I immediately got a sinking feeling when the movie opened with a cannibal in street clothes wandering around major American cities, shooting unsuspecting Americans with poison darts and then scrambling away at full speed. Having run out of ways to keep movie cannibals scary, it seems that now they have made their way to the mainland. Later, you may be shocked to learn that this guy is on a ""training exercise."" Lock up your daughters! <br /><br />Before long the movie settles into the old missing sister routine, as a young blonde woman named Sheila begins her own investigation of the disappearance of her sister, who looks nothing like her in any way, but she's willing to spend most of the movie naked so I guess that doesn't matter. It seems that, after shooting one of his victims, the hapless cannibal we met early in the movie, not used to big city life, ran into the road and was struck dead by a moving van. <br /><br />The brilliant police force find a mysterious bit of film on him showing Sheila's sister involved in some bizarre ritual behavior, but other than the film, the guy is a complete mystery. As the piteous police chief laments, ""we know nothing about him except that he's dead!"" Poor guy, he must be getting a headache from all this. I recommend a nap. Luckily, Sheila is the kind of girl who can throw around tens of thousands of dollars like it's nothing in the search for her sister. Perfect for hiring a plucky backwoods guide caricature, since the police are clearly going to be no help.<br /><br />Obviously, nothing new is added to this miniscule sub-genre. Quite the contrary, cannibalism almost seems like a background to a completely different kind of bad movie, about the rescue of a missing person from the dangerous elements. Thickening the plot of that clothesline is not difficult, all you have to do is add in a cartoonish jungle cult of people who follow some guy who calls himself Jonas, who believes in using pain as a way to reunite man with nature, a process they call ""purification."" Personally, I prefer just peeing outside occasionally.<br /><br />One of my favorite parts of the movie is when Sheila is caught by one of the cult members - an overweight guy who looks like he took a three-day weekend from the office to appear in this movie. As he pulls out his trusty medical kit to give her an injection, he warns her, ""If you don't believe in Jonas and purification (through pain), God help you."" He then gives her a shot and, when she winces from the tiny pinch, he politely apologizes to her. I sense a true believer in this guy!<br /><br />As far as the gore, there are plenty of nasty sound effects over random shots of animals getting slaughtered and more than enough disgusting footage of women being cut up and eaten alive, so I guess right there the movie lives up to its name. The acting is astonishingly bad, as can be expected, and interestingly enough, the editing is also spectacularly botched but still strangely effective. <br /><br />Unfortunately, I think you have to be able to relate to people who believe in utterly insane cults in order to relate to anyone in the movie. There are plenty of outlandish religious ceremonies that take place, which make it more and more difficult to understand why Sheila's sister decided to turn her back on normal society. I'm all for individualism and doing your own thing, but come ON. <br /><br />After a while the movie descends even further into your basic, run of the mill escape movie, just before we witness the most wildly inappropriate rendition of Glory, Glory Hallelujah in film history. WOW. <br /><br />Note: in this movie, a woman is raped with a severed snake. If you need any more reason never to watch it, seek professional help. Avoid this mess at all costs.",negative
"My partner and I had never heard of this movie and decided to give it a shot picking the title from a list of movies on cable without knowing a single thing about it. As it opened and revealed the cast, we thought, well how bad can it be? -- Kathy Bates, Jonathan Pryce, Rupert Everett, Lynn Redgrave, Dan Akroyd and more. As the story unfolded we became more and more tickled with our selection, and the film soon had us laughing out loud throughout. This is not a ""great"" film, but it is one of those rare films that has such a great combination of memorable characters taken through ""truth is stranger than fiction"" type surreal events that I couldn't help but love it. I had no problem ""suspending my disbelief"" at some of the wackier story elements because the intentions of the filmmakers are so warm-hearted while they still manage to poke fun at everyone involved. As others on IMDb said, this is a comfort movie and I too wouldn't be surprised if it became a cult classic.",positive
"The only way to truly understand and relate to the characters in this movie is to have experienced the situations your self. To a lot of people this movie is almost mock-biographical, a sort of snapshot of one weekend in our lives. (I have done about 85 percent of the things in this movie and witnessed the other 15 percent, usually all in the same weekend) For me and others I know it is nice to have this movie to look back on because other than a few pictures of people we sort of remember and nights that are patches and blurs, this movie is our generations ""Studio 54"", a piece to add to our scrap books to look back on and smile. Personally I'm glad those days are past but it is great to watch this movie and say ""I remember when........."" Thank you Justin for making this mock-biography of one weekend in my life.",positive
"As the film begins a narrator warns us THE SCREAMING SKULL is so terrifying you might die of fright--and if such happens a free burial is guaranteed. Well, I don't think any one has died of fright from seeing this film, but a few may have died of boredom. THE SCREAMING SKULL is the sort of movie that makes Ed Wood look good.<br /><br />Very loosely based on the famous Francis Marion Crawford story, SKULL is about a wealthy but nervous woman who marries a sinister man whose first wife died under mysterious circumstances. Once installed in his home, she is tormented by a half-wit gardener, a badly executed portrait, peacocks, and ultimately a skull that rolls around the room and causes her to scream a lot. And to her credit, actress Peggy Webber screams rather well.<br /><br />Unfortunately, her ability to do so is the high point of the film. The plot is pretty transparent, to say the least, and while the cast is actually okay, the script is dreadful and the movie so uninspired you'll be ready to run screaming yourself. True, the thing only runs about sixty-eight minutes, but it all feels a lot longer. Add to this a truly terrible print quality and there you are.<br /><br />There are films that are so bad they are fun to watch. It is true that THE SCREAMING SKULL has a few howlers--but the film drags so much I couldn't work up more than an occasional giggle, and by the time the whole thing is over your head will roll from ennui. If it weren't for Peggy Webber's way with a scream, this would be the surefire cure for insomnia. Give it a miss.<br /><br />GFT, Amazon Reviewer",negative
"Most war films made in the US during WWII were great fun to watch but suffered from severe gaps in realism because they were being produced more for propaganda value to raise the spirits at home than anything else. I am not knocking these films as many of them are still very watchable. However, because they so often lack realism they are prevented from being truly great films. A perfect example was the John Garfield film Air Force--in which a B-17 nearly single-handedly takes out half the Japanese air force! However, Pride Of The Marines is a welcome departure--scoring high marks for portraying a true story in a reasonably accurate manner. When I first saw this film, I thought it was NOT a true story as it seemed way too improbable to be true. However, after researching further I found that it was in fact rather true to the amazing story of two men who did so much to earn the Medal of Honor. This is one case where real life seemed too incredible to be true!",positive
"I can't think of much to say about this film. <br /><br />This was an awful movie...I can't even tell you what made me decide to view it. It had SO few redeeming qualities that I don't even know where to begin.<br /><br />The plot moved from implausible to downright absurd. My entire body was tense throughout the duration of the movie because I could not wait for the awful thing to be over and done. By the end of the movie, I found myself feeling beyond relieved. <br /><br />The editing was poor, the acting was sub-par, and the storyline was weak. Francoise Robinson was cast as a Native American, even though she does not even closely resemble someone of Native American heritage. <br /><br />If a movie is going to be this idiotic, it should be laughably stupid -- at the very least. It wasn't. It was just pathetic.",negative
"The Cat in the Hat is just a slap in the face film. Mike Myers as The Cat in the Hat is downright not funny and Mike Myers could not have been any worse. This is his worst film he has ever been in. The acting and the story was just terrible. I mean how could they make the most beloved stories by Dr. Seuss be made into film and being one of the worst films of all-time and such a disappointment. I couldn't have seen a more worst film than this besides, maybe Baby Geniuses. But this film is just so bad I can't even describe how badly they made this film. Bo Welch should be fired or the writer should. <br /><br />Hedeen's outlook: 0/10 No Stars F",negative
"*SPOILER ALERT: I wish I could discuss this without revealing specific plot points, but I can't. Sorry.*<br /><br />I was looking for an IMDb review of the George C. Scott movie when I stumbled across the summary and reviews for this version. It had so many positive reviews that I decided to order it even though: (a)while truncated and rushed, I thought George C. Scott embodied the tortured nature (and physical appearance) of the book's Rochester to a T; and (b)even while looking at the DVD's cover, I was thinking ""Isn't Timothy Dalton too good-looking for the role?"" The latter concern was reinforced by the fact that I decided to re-read the book while the DVD was on backorder. That said, the minute I started watching this, I was captivated. At first it was disconcerting to hear 1840's dialog spoken as written--with little or no attempts at modernization--but Dalton and Clarke threw themselves into it so thoroughly, that I actually enjoyed the fact that the adapters trusted the audience to follow archaic speech. To have so much of the book up on the screen was an extra bonus. I know someone who won't watch any versions of Jane Eyre because ""who wants to see a film about a man who keeps a poor crazy woman in the attic?"" Frankly, if someone who hadn't read the book stumbled across the hour and a half or two hour versions, they would think that's pretty much all the story entails--Rochester's secret and its affect on everyone around him. Luckily, this version is actually about Jane Eyre's whole life.<br /><br />Some people have criticized the casting. Dalton is too dashing; Clarke is too reserved. I can't argue against the first point, but he is so ""in the moment"" that I believe he IS Rochester. To me, Clarke's performance is on the mark. Jane Eyre is quiet, guarded. If one remembers the book, so much of the adult Jane's fieriness and passion occurs during her private struggles. Some of the criticisms baffle me. Reviewers say Clarke is too short or isn't pretty enough. The book goes on ad infinitum about how small and plain Jane is. Ms. Clarke shouldn't be tall and the filmmakers toned down her looks to make Jane's declarations of her lack of beauty credible. She can scarcely help it if Dalton is tall. Some say there is no chemistry between the leads. What?!! The scene when Jane finally comes out of her room after the wedding fiasco fairly vibrates with passion and longing and sadness and regret--and that's just the first example that comes to mind.<br /><br />I do agree with some of the other criticisms. I too missed more scenes with Helen Burns and the Rivers siblings. Some of the dialog was oddly truncated. When Rochester declares, ""Jane, you misjudge me. I do not hate her because she is mad,"" I waited for the rest of the exchange when Rochester explains how if Jane were to go mad, he would still love and care for her. It's a powerful moment in the book, and I wish it had been included. I think it was a mistake to bring a scene with Rochester into the part of the story where Jane is on her own. It might have been done for clarity's sake, but I found it jarring. I wanted the sly humor of the scene where Jane opines that Rochester's ardor will cool and he'll become gruff again, but he may ""like"" her again by and by. Dalton's performance is so good that the rare misstep is glaring--when Rochester weeps in the library, I saw him as an actor doing a crying scene, not as Rochester. As for the sets, if anyone has ever caught an episode of the 1960's show ""Dark Shadows,"" one knows what to expect--very stark and sometimes rickety looking interiors. Others have commented thoroughly and succinctly about the make-up job Rochester sports at the end. Yikes! It IS bad. The conclusion is too abrupt. After all that anguish and suspense, I wanted a more rounded off ending. And, on my copy of the DVD, having credits at the beginning and end of all eleven 25-30 minute episodes gets to be a bit much. That said, I am so glad I have this film and will watch it again and again.",positive
"If you are among the IMDB audience that put High Fidelity in the all-time top 200, then this movie probably is NOT for you. This film is as unhip as Steve Frears is self-consciously hip. Renee Zellweger is excellent as a hip urbane magazine writer who returns to her suburban Bucks County nest in order to care for mother Streep (who delivers yet another hall-of-fame performance). William Hurt is ideally cast and the feckless, faithless, and egotistical husband. If this movie doesn't move you to cry and laugh, then you are much too hip to enjoy it.",positive
"Jack Frost 2 was a horrible, terrible, sadly pathetic excuse for a sequal to a great movie. The original, was a low budget comedy horror film about a murdered who was turned into a snowman after an accident with some toxic waste. And the snowman went around murdering people, and avoiding blow dryers like the plague. This, however, was a far cry from the quality of the original. It seems like this even had a lower-budget because for some reason, after an hour into this film, I still hadn't seen the snowman. Some revenge he's getting if he's always in the form of Ice cubes with a cheesy voice-over and a little shake of the cooler he rests in to give animation to the character. Disappointing to no belief, even for a fan of bad cinema.",negative
"First, the positives: an excellent job at depicting urban landscapes to suit the mood of the film. Some of the shots could be paintings by De Chirico. Sophie Marceau, beautiful.<br /><br />The negatives: the stories are hard to believe. Unreal, uni-dimensional characters preen and posture 100% of the time, as if they were in some kind of catwalk. This is neither the Antonioni of his earlier, much better movies nor the Wenders we've all come to know and appreciate. Malkovich is excess baggage in this movie.",positive
"I won't bore you with any synopsis, chances are you already know them. And hopefully you are already familiar with Park Chan-Wook's work.<br /><br />I STRONGLY disagree with some of the other commentators in saying that ""Park has not moved on from the vengeance trilogy blah blah blah."" Because you know what? He HAS!!! The vengeance trilogy were different from each other in style to begin with, how can you even compare the sombreness and subtlety of ""Sympathy For Mr Vengeance"" with the frantic and extravagance of ""Oldboy""? Park Chan-Wook has incredible style, but his movies don't all share the SAME style! That has been true and remains true with the release of ""Thirst"". <br /><br />""Thirst"" is an incredible picture, it literally has EVERYTHING you want in a movie. Jaw-dropping violence, tasteful gore, great humour, incredible suspense and even very realistic sex scenes. The story is so crazy that at no point can you guess what will happen next. I'm so happy to say that Park is back in top form with this fantastic dark-comic-vampire-love-story. Watch it as soon as you can!",positive
"Titanic is a long but well made tragic adventure love story that takes place during the ill-fated voyage on the unsinkable ship. Writer/Director James Cameron has done a great job of making this movie about a fictional love story between two very different people and combining that with the real event of the Titanic that sunk after hitting an iceberg on April 15, 1912 claiming thousands of lives who perished in the icy freeing waters of the North Atlantic. The two leads in the film are great in their roles including Leonardo DiCaprio and Kate Winslet. They make for a good on-screen couple. DiCpario and Winslet also had genuine chemistry together which made the romance that eventually blossoms between them that much more believable. They both showed real talent when this one came out and both of them have continued to show just that in their most recently films as well. The rest of the supporting cast including Billy Zane, Kathy Bates, Frances Fisher, Jonathan Hyde, and Bill Paxton in a small role are equally impressive as their characters who help bring them to life in this film. The love story, the action, suspense, and the special effects are magnificent done especially for that time. The horror of the situation the characters were in felt so real because it really happened making you want most of them to survive this life and death situation. The pacing was a little slow at times and it was a little long but the rest of the movie made up for it's few flaws. Titanic makes for a great date movie which is sure to make some girls cry almost every time they watch it. The fact that this really happened definitely added to the movie making you feel sorry for all the lives lost when the Titanic sunk into the Atlantic after hitting an iceberg. Overall Titanic is a tragic heartbreaking story about two people who fall in love while on the ill-fated ship thats brought to life by the exceptional performances from the cast especially DiCaprio and Winslet who definitely make this movie worth the time to watch.",positive
"I just want to comment to the woman above, that the movie DOES credit Beethoven in the begging. In the beginning credits they show it. Thank you. I think this is an amazing movie. They picked just the right music for the mood of the movie, the animation is wonderful, and they picked the voices for the characters very well. It teaches children to never give up, and to always have hope. Princess Annika doesn't give up , and it shows children that they can do the same. The movie also has humor in in for all ages, parents and children, to laugh at. The colors in this movie are great, and kids can really feel good while they are watching it. I watched this movie for the first time, now I am a huge fan, and I'm sure your child will be too. Walmart sells tons of Barbie and the Magic of Pegasus stuff, so your child can continue to enjoy the movie even when they aren't watching it. Thank You!",positive
"_Waterdance_ explores a wide variety of aspects of the life of the spinally injured artfully. From the petty torments of faulty fluorescent lights flashing overhead to sexuality, masculinity and depression, the experience of disability is laid open.<br /><br />The diversity of the central characters themselves underscores the complexity of the material examined - Joel, the writer, Raymond, the black man with a murky past, and Bloss, the racist biker. At first, these men are united by nothing other than the nature of their injuries, but retain their competitive spirit. Over time, shared experience, both good and bad, brings them together as friends to support one another.<br /><br />Most obvious of the transformations is that experienced by Joel, who initially distances himself from his fellow patients with sunglasses, headphones and curtains. As he comes to accept the changes that disablement has made to his life, Joel discards these props and begins to involve himself in the struggles of the men with whom he shares the ward.<br /><br />The dance referred to in the title is a reference to this daily struggle to keep one's head above water; to give up the dance is to reject life. _Waterdance_ is a moving and powerful film on many levels, and I do not hesitate to recommend it.",positive
"Here's a well-made war story, nicely shot and well-acted. The portraying of the Italian and German occupancy of Greek island Kefalonia is well-done. John Hurt as Pelagia's father and the island doctor is superb, Nicolas Cage does a good job as the Captain from the title, Penelope Cruz does a good job of being beautiful and batting her eyelashes at Cage. There's heroics and humor, there's drama and romance, and it is all set on an idyllic island.<br /><br />Oddly enough, a very similar, or should I say almost identical, storyline, with the same characters going through the same series of events, is told in a novel by the same title, written by Louis de Bernieres. This wonderful historical novel tells the story of beautiful Pelagia, daughter of doctor Iannis, and their life on Kefalonia during WWII. Pelagia's fiancee, local fisherman Mandras, enlists when the Italian Army invades northern Greece from Albania under false pretenses. When the Axis finally prevails, with a lot of help from the Germans, a garrison of Italian soldiers is stationed on the island, and Captain Corelli plays a big part in keeping the occupation a peaceful time. As Mandras joins the partisans, charming Corelli and his mandolin are quartered with the doctor and his beautiful daughter. Of course, this makes it a novel about love. But it is also a war novel, a summary of Greek history, a tale of Communist uprising in post-war Greece, a portrait of the madness of Mussolini, and, most importantly, an ode to island life on Kefalonia.<br /><br />Some of these elements return in the movie, but in general, it is an impossible book to film. I am glad nobody ever tried.<br /><br />The movie 'Captain Corelli's Mandolin', however, is worth seeing. Just make sure you read the book *after* you see the movie.",positive
"I'm somewhat of a fan of Lynche's work, so I was excited when I found this DVD. Unfortunately, I was very let down. It's a series of short cartoons which attempt to show a disturbing and disgusting sort of humor. The animation is very crude, no doubt done using Macromedia. Each cartoon has a big fat guy beating up his family and generally acting like a jerk to everyone he knows. <br /><br />For people who are not familiar with this vein of animation, they will probably be somewhat impressed by it. However, if you've spent much time on Newgrounds.com, like me, then these cartoons will be no different than any of the other stuff you've seen before. Many of the popular amateur artists on Newgrounds are doing much better work than what was shown on this DVD. If Lynch submitted this work to the website, then he would blend in perfectly with some of the better of Newgrounds artists. But, since I saw this on DVD, instead of on Newgrounds, I give it a 4/10, instead of a 7/10, as I would have otherwise. These cartoons are fit for the internet, but with a name like David Lynch on it, I expected better quality both in story and in animation.",negative
"It got to be a running joke around Bonanza about how fatal it was for any women to get involved with any Cartwright men. After all Ben Cartwright was three times a widower with a son by each marriage. And any woman who got involved with Adam, Hoss, and Little Joe were going to end up dying because we couldn't get rid of the formula of the widower and the three sons that started this classic TV western.<br /><br />Perhaps if Bonanza were being done today the writers would have had revolving women characters who came in and out of the lives of the Cartwrights. People have relationships, some go good, some not so good, it's just life. And we're less demanding of our heroes today so if a relationship with one of them goes south we don't have to kill the character off to keep the survivor's nobility intact. But that's if Bonanza were done today.<br /><br />But we were still expecting a lot from our western heroes and Bonanza though it took a while to take hold and a change of viewing time from NBC certainly helped, the secret of Bonanza's success was the noble patriarch Ben Cartwright and his stalwart sons. Ben Cartwright was THE ideal TV Dad in any genre you want to name. His whole life was spent in the hard work of building that immense Ponderosa spread for his three children. The kids were all different in personality, but all came together in a pinch.<br /><br />The Cartwrights became and still are an American institution. I daresay more people cared about this family than the Kennedys. Just the popularity that Bonanza has in syndication testifies to that. <br /><br />Pernell Roberts as oldest son Adam was written out of the show. Rumor has it he didn't care for the noble Cartwright characters which he felt bordered on sanctimonious. Perhaps if it were done now, he'd have liked it better in the way I describe.<br /><br />This was just the beginning for Michael Landon, how many people get three hit TV shows to their credit. Landon also has Highway to Heaven and Little House On the Prarie where he had creative control. Little Joe was the youngest, most hot headed, but the most romantic of the Cartwrights. <br /><br />When Roberts left. the show kept going with the two younger sons, but when big Dan Blocker left, the heart went out of Bonanza. Other characters had been added on by that time, David Canary, Tim Matheson, and Ben Cartwright adopted young Mitch Vogel. But big, loyal, but a little thick Hoss was easily the most lovable of the Cartwrights. His sudden demise after surgery left too big a hole in that family.<br /><br />So the Cartwrights of the Ponderosa have passed into history. I got a real taste of how America took the Cartwrights to heart when I visited the real Virginia City. It doesn't look anything like what you see in Bonanza. But near Lake Tahoe, just about where you see the Ponderosa on the map at the opening credits, is the Cartwright home, the set maintained and open as a tourist attraction. Like 21 Baker Street for Sherlock Holmes fans, the ranchhouse and the Cartwrights are real.<br /><br />And if they weren't real, they should have been.",positive
"WOW! What a horrible, hideous waste of time this celluloid atrocity turned out to be. I remember seeing it years ago and thinking it was fun but now...it's just plain silly. Not to mention the fact that it is a blatant rip-off of ""The Exorcist"" to the point where it was re-released at one point under the title ""The Sex-orcist"". The only real difference is that the producers have the gall to further discredit themselves by slapping on the claim that the events in the film are REAL! Who in their right mind would actually believe such a bold faced lie? To make matters even worse, there was a video release in circulation with cover art that blatantly tried to cash in on the ""Rocky Horror Picture Show"" by throwing a pair of lips on the cover! How low could one possibly sink? Do not be fooled by the false claims, blatant lies or title rip-off because you will be SORELY disappointed if you do!",negative
"It's been about 14 years since Sharon Stone awarded viewers a leg-crossing that twisted many people's minds. And now, God knows why, she's in the game again. ""Basic Instinct 2"" is the sequel to the smash-hit erotica ""Basic Instinct"" featuring a sexy Stone and a vulnerable Michael Douglas. However, fans of the original might not even get close to this one, since ""Instinct 2"" is painful film-making, as the mediocre director Michael Caton-Jones assassinates the legacy of the first film.<br /><br />The plot of the movie starts when a car explosion breaks in right at the beginning. Catherine Tramell (Sharon Stone, trying to look forcefully sexy) is a suspect and appears to be involved in the murder. A psychiatrist (a horrible David Morrisey) is appointed to examine her, but eventually falls for an intimate game of seduction.<br /><br />And there it is, without no further explanations, the basic force that moves this ""Instinct"". Nothing much is explained and we have to sit through a sleazy, C-class erotic film. Sharon Stone stars in her first role where she is most of the time a turn-off. Part of it because of the amateurish writing, the careless direction, and terrifyingly low chemistry. The movie is full of vulgar dialogues and even more sexuality (a menage a trois scene was cut off so that this wouldn't be rated NC-17) than the first entrance in the series. ""Instinct"" is a compelling torture.<br /><br />To top it off, everything that made the original film a guilty pleasure is not found anywhere in the film. The acting here is really bad. Sharon Stone has some highlights, but here, she gets extremely obnoxious. David Morrisey stars in the worst role of his life, and seems to never make more than two expressions in the movie- confused and aroused. ""Instinct 2"" is a horrible way to continue an otherwise original series, that managed to put in thriller with erotica extremely well. Paul Verhoeven, how I miss you....<br /><br />""Basic Instinct 2"" never sounded like a good movie, and, indeed, it isn't. Some films should never get out of paper, and that is the feeling you get after watching this. Now, it is much easier to understand why Douglas and David Cronenberg dropped out, and why Sharon Stone was expecting a huge paycheck for this......-----3/10",negative
"This is one of the worst movies i have ever seen it's EXTREMELY boring with lots of boring dialog and has some VERY annoying characters and a laughable looking creature. The only reason i watched this piece of garbage is because it was on that 8 disc horror set i got. The plot is preposterous and totally stupid as is the finale. No blood what so ever except a few bloody marks on the creature, and a couple of bloody gunshot wounds. The acting is TERRIBLE!!. Richard Cardella is terrible as the sheriff and was quite laughable plus his character is annoying. Glen Roberts is the comic relief and was not funny at all!. Mark Siegel is extremely annoying and was also NOT FUNNY!. Bob Hyman is decent but not much more then that. Richard Garrison is annoying and had no chemistry with Kacey Cobb what so ever. Kacey Cobb is so so here and had no chemistry with Richard. Overall Avoid this piece of garbage at all costs! BOMB out of 5.",negative
"... I am left with little choice but to employ it at least once during the course of my review of Respiro. Among other things, what defines pretension is in my opinion a lack of emotional sincerity on the author's part. Respiro seems made with an all too contrived and self-aware intent to be artistic, symbolic, spiritual, provocative, metaphorical... mythical, even. But luckily for all true artists out there, a predisposed formula to achieve artistic beauty and depth doesn't exist. Stunning natural locations (yes, these remote parts of Southern Italy look exotic even to most other Italians), pretty actors and some amusing, gutsy, spontaneous performances by a handful of attractive children won't elevate a substanceless movie beyond a pretty succession of images. Yet this insincere and vain, and ultimately hollow movie aches to be art, succeeding only to a very limited extent, perhaps in some cases by accident. I'll admit that the conceptually pompous ending does have a certain visual poetry to it. However, it's my belief that this was achieved in ways that had more to do with the beauty of the Lampedusa sea and the strong symbolic power of bathing and water (connecting it to so much that's mythical, mystical, religious, archetypical, etc) than with Crialese's talent.<br /><br />Valeria Golino is gratingly histrionic and affected in her performance as Grazia. For a mentally unstable woman from a humble and provincial background, she sure has a fashionable wardrobe. Her flattering, floaty floral dresses and attractive, sun-kissed beach hair could have graced the pages of any Vogue summer edition. The fact she was a ""nutcase"" could in a way have been nothing but a fashionable addition to her trendy demeanour and look - that's how skin-deep her ""condition"" seemed to me. Golino's two-dimensional stereotype of the innocent, natural child-woman misunderstood and oppressed by her backward community was tiresome and irritating at worse, while leaving me unmoved and indifferent at best. I agree with the reviewer from London who wrote that mental illness is very badly served by cinema - during the course of the entire movie we never really get a sense of Grazia's illness and have no idea what is actually wrong with her (other than her being a tiresome stereotype of a ""free spirit""). We don't know why she's given injections and is required to see a specialist in Milan. This generic way of writing mental illness is one of the main tell-tale signs of the movie's overall shallowness.<br /><br />Another fairly insulting aspect of Respiro is the quaintification of its location. I struggled to figure out whether this movie was supposed to be set in the present day or the past, seeing as it aimed to make even an admittedly backward part of Italy (by comparison) seem a dozen times quainter and more conveniently primitive than it actually is. Again, this smacks of shallowness and a complete lack of sincerity on Crialese's part. Some non-Italian viewers will gleefully lap up the picturesque backwardness, the cliché of the possessive, macho Italian man as if it were common-place, so keen will they be to continue viewing my country as one culturally stranded sometime in the 1950s (the question I'd like to ask David Ferguson, the reviewer from Dallas, Texas is as follows: is YOUR country's mentality stuck in the 1950s? No? OK, then why should mine be?). Unfortunately for whoever still wishes to view Italy in such an anachronistic way, that aspect of Respiro is actually ridiculous and phoney even in the eyes of THIS Italian viewer. The subtly incestuous tension between Grazia and her eldest son was as tiresome and predictable as Fabrizio Bentivoglio's sexist-but-loving-husband routine. I especially loathed the scene in which Grazia joins her husband and male friend in some man-to-man banter over a bottle of beer, to her husband's macho embarrassment and displeasure. According to this movie, it isn't a woman's place to take part in a man's conversations. Ah, but our ""loveable"" ""free-spirit"" is too good for this place and doesn't understand the oppressive, unwritten rules of Lampedusan patriarchy! Not only does this scene depict something so fake, it should be enough on its own to discredit the entire movie's credibility. It also completely gets the wrong end of the stick of the culture it strives to depict, clearly showing that it was written without a clear understanding of the location or its population. I would challenge anyone who knows contemporary Italy to say otherwise.<br /><br />For a truly accomplished contemporary Italian filmmaker, one who in my opinion deserves to be listed among the greats of Italy's glorious cinematic past (which alas, isn't the shadow of its former self!), look no further than Gianni Amelio - especially Lamerica, Così Ridevano and his latest, La Stella Che Non C'è. Unlike most contemporary Italian cinema, sadly derivative and stagnant, Amelio's is a fresh and independently creative voice. Despite my scathing review of Respiro, I am now more than willing to believe that Crialese's latest Nuovomondo, now showing in Italian cinemas, will be a worthwhile one. I therefore look forwards to enjoying it, though it won't be overly shocking to me if I don't (considering my feelings for Respiro!).",negative
"This is one horror movie based TV show that gets it right. Friday the 13th the series had no connection to the movies. Poltergeist the legacy: I'm not so sure. It may have been loosely connected to the movies. It feels like they just throw a famous title on a show so fans will watch it.<br /><br />It shows Freddy being burned by the Elm street parents(in the 1st episode I believe) and the amount of parents were disappointing. With all the kids he targeted in the 1st 3 movies, you'd expect there to be more parents. But oh well.<br /><br />Freddy is basically the narrator for the show. He watches the actions of people in the real world sometimes getting involved somehow. Just like other anthology shows like Tales from the crypt, there's a supernatural or surprise ending twist involved.<br /><br />The acting lacks but believe it or not: the violence sometimes surpasses that of the movie. This show lasted a couple of seasons and was made around the time of the 4th movie. i heard it was canceled due to protesting parents. I watched a lot of R rated stuff as a kid, so its a shame parents had to ruin it for everyone. 4 more movies came after the series , so it wasn't a total loss.",positive
Not an easy film to like at first with both the lead characters quite unlikeable but luckily the heart and soul of the film is Paula Sage's touching performance which drives the film into uncharted waters and transcends the rather awkward storyline. This gives the film a feeling of real truth and makes you think you've seen something special.(7/10),positive
"After watching Caddyshack 1 I'd heard there was a sequel and decided to look it up. The movie seemed pretty bad and I told myself to stay away but stupid me gave in and actually bought the damn thing! All the reviews and everything bad you've heard about Caddyshack II are true. The movie is simply worn of ideas and the lamest plot and jokes I've ever heard, the gopher, the acting the whole movie really is bad (Randy Quaid was funny though).<br /><br />Just stay away from this movie as much as you can is all I can really say. I deeply regret watching and buying the DVD but not sure which was the worser decision. Just stay away as much as possible.",negative
"Oh my god, this movie is incredible, it's the baddest movie ever and I know what I am talking about! I am a scary movies fan!<br /><br />The story is totally silly, a group of adults decide to make a party and a silly guy with an awful mask comes and kills everybody... the dialogs are a kind of parody, worst, they're just talking about sex with a so bad accent. The end is (oh!!!!!!) discover by yourself! you will be really really surprised... (not possible! yes it is!) and surprise the movie is just 58minutes. (not possible (bis) yes it is!) Worst than House IV and Howling V.<br /><br />To put it in a nutshell, forget it forever!!!",negative
"By far this has to be one of the worst movies I've ever seen in my life. I watch practically every movie that is on at night (either showtime, hbo, cinemax, etc). ""Three"" AKA ""Survivor Island"" keeps you in as much suspense as watching paint dry only to let you down even more miserably. If you want to feel like you just wasted what seems like an eternity on the worst film ever created then by all means watch this movie. I must have screamed at a minimum 900 times from the idiotic twists. If I had 4 hands I'd give this movie 4 thumbs DOWN.<br /><br />In my personal opinion, I believe the only people who would like this movie are those with terrible morals.",negative
"What a surprising treat to come across on late television. Had I only read a brief plot rundown on a television listing before seeing the movie, I would have passed. The idea of a movie about a hit-man-seeing-a shrink-wanting-to leave-the-business-and-falling-in-love....sounds trite. But the film works. From the start of the movie, it's clear the man carries a weight on his shoulders, before he even says a word. The look and feel of the film is perfect. dark, but not obnoxiously so.<br /><br />Aside from the hit-man family aspect which provides a touch of surrealism, Macy's character grapples with his marriage, and his father's control. Macy shows a repressed sadness, and his bedtime talks with his young son are amazing. The young boy shows acting skills well beyond his years, and the interaction between the father and son is so very natural, personal and loving.<br /><br />This is one of the best movies I've seen in a while, and I can't believe I came across it by accident on late night television.",positive
"The apolitical musicians Eva (Liv Ullmann) and Jan Rosenberg (Max von Sydow) have been married for seven years and live in a small farm in a remote island to escape from a civil war in the continent. They provide lingenberry to a couple of costumers to raise some money and buy some supplies. They love each other and Eva is twenty years old and wants to have a baby but the reluctant Jan, who is a weak and sensitive man, does not want to have children. When the rebels arrive in the island, their peaceful and calm lives turn to hell, and they get in the middle of accusations from both sides. When Colonel Jacobi (Gunnar Björnstrand) stalks Eva, Jan changes his behavior and becomes a brutal man, and the love and affection they feel for each other change to hatred and indifference.<br /><br />""Shame"" is an antiwar movie by the master Ingmar Bergman focused by the eyes of a couple of artists that are apolitical and does not listen to the news, but when the war arrives to their lands, they have their love, friendship and affection destroyed by the senseless soldiers. Liv Ullmann and Max von Sydow have top-notch performances as usual and I do not recall seeing the breast of Liv Ullmann in any other movie. The process of brutalization of the pacific and sensitive Jan Rosenberg by the war is impressive and the bleak open conclusion is pessimist and adequate to the dramatic story. My vote is nine.<br /><br />Title (Brazil): ""Vergonha"" (""Shame"")",positive
"Coming from Kiarostami, this art-house visual and sound exposition is a surprise. For a director known for his narratives and keen observation of humans, especially children, this excursion into minimalist cinematography begs for questions: Why did he do it? Was it to keep him busy during a vacation at the shore? <br /><br />""Five, 5 Long Takes"" consists of, you guessed it, five long takes. They are (the title names are my own and the times approximate): <br /><br />""Driftwood and waves"". The camera stands nearly still looking at a small piece of driftwood as it gets moved around by small waves splashing on a beach. Ten minutes.<br /><br />""Watching people on the boardwalk"". The camera stands still looking at the ocean horizon and a boardwalk. People walk across the camera frame, their faces too far and blurry to make them interesting. Eleven minutes.<br /><br />""Six dogs at the water's edge"". The camera stands still looking at the ocean horizon with a sandy stretch of beach nearby. Far away at the water's edge, six dogs not doing much, just relaxing. Sixteen minutes.<br /><br />""Ducks in line, gaggle of ducks"". The camera stands still looking at the ocean horizon near the water's edge. Dozen and dozen of ducks stream in single file from left to right. I assume that Kiarostami released them gradually. The last two ducks stop dead on their track and suddenly a gaggle of ducks rolls quietly from right to left. I assume Kiarostami collected the ducks and re-released all at the same time. It is not the first time that he deals with the contrast between organized and disorganized behavior. Eight minutes.<br /><br />""Frog symphony, oops, I mean cacophony, for a stormy night"". The camera stands over a pond at night. It's pitch black except for what appears to be the reflection of the moon on the undulating water. It is a stormy night and clouds race to cover the moon. The screen goes dark. What remains for us is the cacophony of frogs, howling dogs and, eventually, morning roosters. Hit me on the head if this was done in a single take. I saw this segment as a sound composition put together in the editing room and accompanied by a simple visualization. Twenty seven minutes! <br /><br />Except for the mildly amusing ducks, this exercise in minimalism left me cold. A nonessential film for Kiarostami admirers.<br /><br />I thought I would rate ""Five"" a five, but four is what it deserves.<br /><br />The film is dedicated to Yasujiru Ozu.",negative
"Leave it to Braik to put on a good show. Finally he and Zorak are living their own lives outside of Spac Ghost Coast To Coast. I have to say that I love both of these shows a whole lot. They are completely what started Adult Swim. Brak made it big with an album that came out in the year 2000. It may not have been platinum, but his show was really popular to tons of people out there that love Adult Swims shows. I have to say that out of all the Adult Swim shows with no plot, this has to be the one with the most none plot ever made. That is why I like it so much, it is just such a classic in the Adult Swim history. I believe this is just such a great show, if you don't like it. Hey there were tons who hated it and tons who loved it.",positive
"Although the movie takes place at an ""Ivy League"" college, it was in fact shot entirely in Northern Arizona, mostly at Northern Arizona University in Flagstaff in the fall of 1976. I was involved in the theater department there, and most of the extras in the film are then-members of the theater department. <br /><br />There is an absolutely ludicrous scene in this film (if you know your Arizona geography) that shows several cast members riding bikes from the college to a creek. We NAU'ers know that the campus and said creek (Actually Oak Creek Canyon) are about 35 miles apart, and while the trip there is all downhill, it would be literally IMPOSSIBLE to ride a bike back UP that same road!",negative
"I have to say that there is nothing wrong with low budget films, so that was not my problem with it. My problem with it is that I felt like I was watching my next door neighbor's home movie. IMO everything about it just seemed like a guy wrote out a quick story, grabbed a camera, and started shooting. I understand how hard this must be to do effectively, but when I pay to rent a film, I expect to feel like I am watching some type of professionally made movie.<br /><br />John Schneider has a huge resume, is a great actor, and was fine in this film. The other people in it were not. I understand how it must be fun, and cheaper to use friends, and relatives as the cast, but it doesn't make for convincing acting. It seemed like the way it was shot, he was trying to give many of the scenes a more interesting look, but when the writing, plot, and acting are there to begin with, that type of style isn't necessary, and it is a distraction.<br /><br />Also on a technical level, it had digital artifacts all over the place. In the first scene of all of those fine cars, when they did a slow scan of them, they appeared to jerk back and forth just a little bit. The problem isn't in my viewing equipment, (Benq PE-8700 84"" diagonal) but somewhere in the production. I've never seen that kind of artifact in a professionally made film before. Then there was the sound. It sounded like they didn't do any voice-overs, which may be o.k. unless it sounded like the track in this film. It sounded like the built in microphone on the camera.",negative
"I'll keep this short; thanks to Greg for helping me to put this succinctly: Captivity is about a guy who drugs a girl's drink, imprisons and tortures her, then poses as a captive to have sex with her. That is the single twist and punchline of the film. It's torture as slow motion date rape. And, it's not even a good movie. It's not so bad it's good; it's just bad.<br /><br />It should also be mentioned that among critics, there is a ""spoiler code"" that they dare not break, even though some were tempted to on this one because it is so vile. Why NO ONE had the cojones to step up and say, ""this is garbage, and this is why,"" is beyond me.<br /><br />Don't give your money to these poop-peddlers.",negative
"THE 40 YEAR-OLD VIRGIN (2005) **** Steve Carell, Catherine Keener, Paul Rudd, Romany Malco, Seth Rogen, Elizabeth Banks, Leslie Mann, Jane Lynch, Gerry Bednob, Shelley Malil, Kat Dennings. Hysterically funny high-concept comedy about the titular Andy Stitzer (wonderfully played by perennial second banana Carell in a truly extraordinarily comic breakthrough performance sure to stratosphere him to the A-list), a tech services rep for an electronics store in Southern California who is found out about his secretive identity by a trio of well-meaning yet entirely clueless womanizing co-worker buddies (Rudd, Malco & Rogen, each one degree funnier than the next) determined to get their friend deflowered no matter the cost. What follows is an unlikely yet very warm-hearted romance with a vivacious mother (the marvelous Keener having lots of fun here) leading to add more fuel to the fires within Andy. A surprisingly good-spirited and unapologetically raunchy romantic comedy; the funniest since ""There's Something About Mary"" with a shrewdly observant script by director Judd Apatow and Carell that features some astoundingly gut-busting sequences including a scathingly accurate David Caruso joke, homophobic debunking ribbing, send-ups of 'date-a-paloozas' and demystifying the war of the sexes with cheeky aplomb. A true winner and an instant classic; the funniest film of the year.",positive
"Viewed this the other night on cable on-demand and thought, ""this is the type of movie that might have starred Alec Guiness and Glynis Johns if it had been made in the late 50's"". A farce in the English tradition. Alfred Molina and Brenda Blethyn are very sweet and sincere in their portrayals. Naomi Watts simply sizzles in a ditzy Jayne Mansfield-ish (if she could have acted) way. Rest of the cast have some great turns and bits. The Welsh landscape is delightful. An absurd premise, indeed and not at all believable, but that doesn't get in the way of enjoyment. Not a GREAT movie, mind you, but a truly fun watch. And Walken is at his wacky best. A joy to behold!",positive
"Usually, Alan Alda plays characters that are too ""soft"" and overly verbal -- it's probably how he really lives. This time, he fits the character. Though he overacts when the verdict is being delivered.<br /><br />The 1971 Attica Prison Riot and the State of New York's response is remembered by many of us as a terrifying event. Only a few journalists have told the true story. This film provides a quick look at the horrors and excesses associated with the Attica riot/revolt. Attica had a major impact on this country. Maybe the movie will stimulate someone to research the history.<br /><br />I can't remember a feature movie made from the perspective of the prisoners -- though there is a great PBS piece with the actual Attica survivors/participants. The perspective of the guards held hostage is explored in ""Against the Wall"" with Kyle MacLachlan, Samuel L. Jackson, Clarence Williams III, and Frederic Forrest.<br /><br />Back in the day, we shouted, ""Attica! Attica!"" It was nice to hear it in the movie. Brought back memories.<br /><br />The worst part of the movie are the natural wigs Morris Chestnut and the other African Americans must wear. It would have been easy for these people to grow a 'Fro.",positive
"Overall, I enjoyed this film and would recommend it to indie film lovers.<br /><br />However, I really want to note the similarities between parts of this film and Nichols' Closer. One scene especially where Adrian Grenier's character is questioning Rosario Dawson's about her sex life while he was away is remarkably similar to the scene in Closer where Clive Owen's character is questioning Julia Roberts, although it is acted with less harshness and intensity in ""Love."" Also note that ""Anna"" is the name of both Dawson's and Roberts' character. Can't be coincidence. Now Closer is based on Patrick Marber's play and supposedly this film is loosely based on Arthur Schnitzler's ""Reigen"" so I'm not sure how this connection formed.<br /><br />Anyone have an idea?",positive
"Charlotte's deadly beauty and lethal kicks make the movie cooler than it'd be otherwise.The story is so poor and Charlotte's character dies in such a foolish way, that you wonder if this's the ending they had thought of for this movie. I wish somebody could tell that an alternative ending exists, but I fear it doesn't. As for the rest of the cst, well I'd say they simply didn't act very well; although the blame should be put on the poor script.This movie reminds me of Rush Hour 2 where Zhang Ziyi dies in absurd way, since she had been the only one who had stolen the show during the whole movie. I could give this movie 2/5",negative
"My very favorite character in films, but in nearly all of them the character of Zorro has a small bit of cloth as a mask and if the villain`s can`t tell who is under that cloth then they are daft.<br /><br />But in Reed Hadley`s ""Zorro`s Fighting Legion"" (serial 1939) the mask fills his whole face making it a real mystery as to who Zorro really is.<br /><br />But anyway Zorro is one of the best character`s in films and to bring it up to date l think Anthony Hopkins in ""The Mask of Zorro"" (1998) is a delight.<br /><br />My interest in films is vast, but l have a real liking for the serial`s of the 30s/40s....<br /><br />Bond2a",positive
"This movie was well done in all respects. The acting is superb along with the fine audio soundtrack which I purchased because it was so moving. It is my all time favorite movie ahead of eastwoods ""white hunter,black heart"". This movie is simply the best.<br /><br />cheers Zuf",positive
"THE RINGMASTER stars Jerry Springer as a TV talkshow host called Jerry , but it`s not THE JERRY SPRINGER SHOW , his guests are trailer trash , but not the trailer trash you get on THE JERRY SPRINGER SHOW, they attack one another , but not like on.....What is the point of making a movie about THE JERRY SPRINGER show and pretending it`s not THE JERRY SPRINGER SHOW ? And on top of that this is a very boring film",negative
"Big fat slob 'Uncle Buck', played by John (eats-a-lot-of) Candy, visits the sane members of his family for a week in order to baby-sit two cute kids (Gaby Hoffman and MacCauley Culkin) and a pretty but snobby teenager (Jean Louisa Kelly). The shenanigans begin when Buck makes breakfast and then tries to sleep in a bed two sizes too small for his blimp of a body. <br /><br />Mostly dull, but peppered with two or three funny scenes including Buck trying to get a word in edge-wise on the telephone with his angry girlfriend (Amy Madigan) and his meeting with a very disgusting clown.<br /><br />Candy looks like he weighs 600 pounds.",negative
"If this is classed as 'real life' of London, then the producers must be on different planet.<br /><br />It is the most depressing, suicidal, dark, dingy, dross on TV.<br /><br />Everyone is fighting, everything has nasty under tones running through it, nothing is done for genuine reasons.<br /><br />If you want a real life picture of people in London or the UK, then this programme is by the farthest from reality.<br /><br />There is not one good word I can say about this programme. The only certainty is that will be a great big fight over Christmas dinner.<br /><br />Even the characters are totally unbelievable!",negative
"So I'm looking to rent a DVD and I come across this movie called 'End Game'. It stars James Woods and Cuba Gooding JR and has the synopsis of a taught political thriller. Well worth a look then. Or so I thought.<br /><br />Boy, was I wrong.<br /><br />End Game has just about the most ridiculous plot I have ever had the displeasure of enduring. Now being something of a whodunnit, I can't really tear into it as I would like without 'ruining' it for those who have yet to experience this monstrosity. But questions such as 'Why has he/she/they done this?', and 'Where on earth did they get the resources to pull this off?' are all too abundant following the film's unintentionally hilarious conclusion.<br /><br />As for the acting - you know those films where you can almost feel that an actor's realised that they've made a terrible mistake in signing on for a movie, and this then shows in their performance? This is one of those. Accompany this with a laughable script and seriously flawed, irritating direction and you have the recipe for cinematic poison.<br /><br />Of course, this didn't make it to the cinema, and for the same reason you should not allow it into your living room; it is appalling.",negative
"How Disney can you get? Preppy rich girls act like idiots, buy a bunch of stuff, and get taught a lesson. Is Disney trying to send a lesson to itself? That maybe while buying everything it should maybe still be human? Whatever the psycho-analysis, this movie sucked.<br /><br />The girls want a rich party for their rich lives. But then money disappears and they have to use their riches to get the milk plant (yes, milk) going to employ the workers. They keep it afloat until daddy comes home. And the man at the beginning, who appears to be the one that takes the money, is the one. But the ending is dumb. Webcam in the Cayman Islands? Huh? Not worth my time ever again. <br /><br />But it is better than Howl's Moving Castle. ""D-""",negative
"Michael Rooker is a decent actor, but he has no business being the lead except in a low budget movie. He really does not have much charisma. Ryo Ishibashi has a lot more screen presence, and sadly he is not really the main character. Most of the screen time goes to the brick-faced Rooker.<br /><br />Danielle Harris (from the Halloween 4 and 5 movies) plays his daughter, and she is cute and entertaining but she is written as not being too smart and one of her dumb mistakes gets one of the main characters killed. Comedians Fred Willard, Bobcat Goldthwait, and Stephen Furst are here in interesting roles. Just watching what happens to these characters is priceless. <br /><br />Vincent Schiavelli plays the Consigliare to the local Mafia Godfather, and it is hard to tell whether or not he is working the movie as a comedy. Tim Thomerson is also in this movie. He seems to be in every extremely low budget direct-to-video action movie. Thomerson is also in some low-budget comedies. Seeing so many comedians and comic actors in this film made it feel like a spoof. Is it a parody of a Yakuza movie? It is hard to tell at some points. There is certainly very little Yakuza action. <br /><br />The supporting cast of Thugs and Goons is menacing and well cast. Some of these kinds of movies have Thugs that look like they work at the local Comic Book Store or as stock boys at Piggly-Wiggly. Overall this movie is very uneven. At some points it seems like a comedy or a parody. Then at other points it works as a good action movie. Then it sputters to an end. Without the contributions of Danielle Harris and Ryo Ishibashi this movie would rate a Zero in my humble opinion.",negative
"I've just watched Fingersmith, and I'm stunned to see the 8/10 average rating for the show.<br /><br />Not only was the plot was difficult to follow, but it seems character development was randomly applied.<br /><br />The actors were adequate, but in the process of attempting to create twists and turns, their characters are rendered entirely one dimensional. Once this happens, the story really falls flat and becomes tedious.<br /><br />And just in case anyone didn't see the predictable lesbian undertones from miles way, this is hammered home in the most banal terms at the end of the film.<br /><br />The end scene is disappointing and phoned in, and anyone who sat back and went ""Ohhh, so they were carpet munchers all along!"", must have been out for the evening.<br /><br />Two stars for the tonsil hockey in the earlier scene which was at least a bit raunchy, none for the rest of it...",negative
"The ""film"" consists of the audition tapes of the ""Surrender girls"" and some footage from previous films. It's not hot or even suitable for late night viewing on Cinemax. Only an adolescent boy could be interested in Auditions from Beyond. I recommend avoiding this one.",negative
"Sergio Martino's The Case of the Scorpion's Tail is a scenic giallo from the early 70's heyday of the genre. An explosion on an aeroplane results in one million dollars in insurance money for a bereaved but unfaithful wife. The money is subsequently snatched by a black-clad assassin and a series of brutal murders follow.<br /><br />Scorpion's Tail plays the mystery element, written by giallo specialist Ernesto Gastaldi, fairly straight. But, being a giallo, the murders themselves are memorable and well-staged. In fact, the violence in this movie is very strong in places - a scene with a broken bottle being particularly graphic. The emphasis on the violence no doubt influencing the giallo genre to move into more and more extreme territory. But like the best films in the genre the brutality is offset by a good score and attractive photography. The music by Bruno Nicolai is at times reminiscent of Ennio Morricone's avant-garde work in The Bird with the Crystal Plumage but is also strong in its own right. The photography is helped by the nice use of foreign locales - in this case London and Athens - where Martino manages to get in, respectively, the Houses of Parliament and the Acropolis! There is also some inventive camera-work too, the most effective being the use of slow motion in a sequence where a woman runs towards the door where the maniac is prowling outside. In this particular scene Martino has the killer hack through the door with a knife in a manner influenced by Dario Argento's Crystal Plumage, however, it also has the killer attempt to flick the latch open with the blade of a knife which is something repeated later by Argento in Suspiria. So Martino's film is influential in its own right.<br /><br />This is a good solid giallo that both genre and non-genre fans can appreciate. The performances are good and the production values are fine (although the plane explosion is, shall we say, somewhat low-budget!). The DVD release by NoShame is nice. It has both the English and Italian language options which is a real bonus. However, it is worth pointing out that at times you need to be a fast reader to fully appreciate the English subtitle option. This applies to both the movie and the documentary in the extras. This is a minor point though, the DVD release is a worthy addition to any giallo collection.",positive
"The message of this movie is ""personality is more important than beauty"". Jeanine Garofalo is supposed to be the ""ugly duckling"", but the funny thing is that she's not at all ugly (actually she's a lot more attractive than Uma Thurman, the friend who looks like a model).<br /><br />Now, would this movie work if the ""ugly duckling"" was really unattractive? When will Hollywood stop with this hypocrisy?<br /><br />In my opinion, despite the message that it wants to convey, this movie is simply ridiculous.<br /><br />",negative
"Extremely entertaining mid-1950's western that packs a whole lot into just a 96-minute running time. Most viewers will quickly get drawn into this story and will find the experience quite enjoyable. More than just a B-Western but not really an epic, the budget was modest and the cast affordable despite several big names. Glenn Ford was the only box office draw at the time. Edward G. Robinson and Barbara Stanwyck were past their primes and looking for work, Stanwyck was 10 years away from a new popularity in ""The Big Valley"". Brian Keith and Dianne Foster were just starting out.<br /><br />Ford plays John Parrish, a small rancher who decides to sell out when the sympathetic sheriff is murdered by the big rancher's (Robinson) hired gunman. Parrish is a former Confederate officer who only moved out west for health reasons. <br /><br />Robinson plays Lee Wilkison, who already owns most of the valley and intends to acquire the rest, making good on a promise to his wife Martha (Stanwyck). Lee was crippled in a land war he fought 12 years earlier; his brother Cole (Keith) has come up from Texas to help him run the huge spread. Lee has been turning a blind eye to obvious hookups between Stanwyck and Keith but sensitive daughter Judith (Foster) is understandably upset by what is going on in their home. <br /><br />John Parrish has promised his fiancée Caroline (May Winn) that he will move back east. Caroline, who is modeled on Grace Kelly's ""High Noon"" character, breaks off the engagement at the first sign of trouble and simply disappears from the film. This leaves the way open for a John and Judith romance to develop. <br /><br />The violence starts early and continues throughout the film, with Parrish able to apply military tactics against an enemy who underestimates his ability and determination. He has a very original confrontation with the main gunfighter about midway into the film. Ford plays one of his standard characters; the modest guy who disarms everyone with a self- deprecating manner, who is slow to take offense but brutal when finally provoked (very much like his role in ""The Sheepman""). <br /><br />Robinson is likewise excellent as a man who maintains his personal integrity even though physically just a shadow of his former self. And he gets enough lines and screen time to adequately develop his character. <br /><br />Stanwyck has the most difficult role and she is simply not convincing as the classic two-faced woman, a seemingly loyal wife who is scheming to replace her husband with his brother. In part this is because she is not allocated enough time to do anything more than superficially convey either side of the character. That said, a talented actress could have done a much better job even with these limitations.<br /><br />Dianne Foster is a pleasant surprise. She should remind viewers a lot of Carroll Baker, both physically and in acting style. Although required to play Judith according to 1950's convention (she is allowed to be tough but then required to break into hysterics after each major confrontation), Foster shows a nice range. She conveys a growing attraction for Parrish but does it so subtly that it is only in retrospect that the various clues click into place. <br /><br />The real problem with ""The Violent Men"" is that it tries to be both an action western and a character study morality play. Because so much has to happen on the screen much of the action is rushed and many of the characters get only a cursory treatment. This is neither fatal flaw nor a reason to avoid the film, but it could have been significantly better with another 20 minutes of running time or the absence of unnecessary characters like Caroline.<br /><br />Then again, what do I know? I'm only a child.",positive
"I have seen this movie a number of times and find it very compelling and sad. The lack of real emotion from most of the characters is very disturbing. They seem empty, hopeless. The story is based on a real event.<br /><br />A teenage girl is murdered by her boyfriend for no obvious reason - apparently he just felt like it. Then he boasts about it to his friends and as they don't believe him he takes them to view the body - a number of times. No one reports the murder. There are two strong leads - Keanu Reeves and Crispen Glover - Crispen Glovers character is seriously annoying.<br /><br />Keanu's character Matt appears to be the only one who has a sense of right and wrong. This is Keanu at his best - a flawless performance and very believable - anyone who thinks this man can't act should watch this movie. Matt's little brother is almost the most disturbing character in the movie. Only twelve and no compassion or love factor in his life. It is very sad to think there are kids out there like this. It really makes you grateful for what you have. 9/10.",positive
"Having just seen this, I find it hard to believe that it is not better known. This and the slightly-better-known, but almost-as-shamefully-neglected COME AND SEE (Klimov, 1986) must be two of the greatest war films. They are meaningful, powerful, incisive. THE ASCENT is also gifted with a sparingly-used, but brilliantly trenchant score by Schnittke.",positive
"I gave it a 2 instead of a 1 because I think ""The Wild Women of Wongo"" is worse. This is an exercise in patience. It's like having your teeth cleaned by a bad dental hygienist. There's no plot. There's no logic. There is certainly no acting (although the shark has some quality dialogue). We don't wonder about anything. We don't know how people got where they got. It's always amazing to me how things like this even get released. I agree with the previous writer that it isn't even funny bad. I know. It's about 90 minutes long and that will fill up about that much space on a DVD collection. It's like a paperweight. Or a bad painting you bought at a starving artists' sale. It covers the crack in the wall.",negative
"when you add up all the aspects from the movie---the dancing, singing, acting---the only one who stands out as the best in the cast is Vanessa Williams...her dedication, energy and timeless beauty make Rosie the perfect role for her. Never have i ever seen someone portray Rose with such vibrancy! Vanessa's singing talent shows beautifully with all the songs she performs as Rose and her acting skills never cease to amaze me! Her dancing is so incredible, even if as some people say the choreography was bad---her dancing skills were displayed better than ever before! I'd recommend this version over the '63 just because i find that although lengthy the acting by Vanessa is superb-----not to mention the fact that Jason Alexander and the rest of the cast are very impressive as well (with the exception of Chynna Philips...what in hell were they thinking when they cast her?)<br /><br />All in all I'd say this version is wonderful and I recommend that everyone see this version!",positive
"Despite having a very pretty leading lady (Rosita Arenas, one of my boy-crushes), the acting and the direction are examples of what NOT to do while making a movie.<br /><br />Placed in southern Mexico, Popoca, the Aztec Mummy (real Aztecs, by the way, DID not made mummies) has been waken up by the lead characters and starts making trouble in Mexico City suburbia, during the first movie (The Aztec Mummy). In this second part, the leading man and woman want to find th mummy and put it in its final resting place (a fireplace would have been my first choice...)<br /><br />Into this appears The Bat, a criminal master-mindless stereotype of a criminal genius who creates a ""human robot"" (some idiot inside a robot SUIT) to control Popoca and (get this) take over the world. The final match between the robot and the mummy is hilarious, some of the worst choreography ever witnessed. The funniest part is that this movie was made and released by a serious Mexican movie studio!<br /><br />The acting is just as awful hearing the movie in Spanish as it is in English (they dubbed the over-acting!). You should watch this movie through MST:3000. The comments are even funnier.",negative
"I was giddy with girlish-glee when I found out about this movie shortly after seeing Spirits Within.<br /><br />After years of anticipation, they gave November 2005 release date. Well, November came. And went. Followed by December. Oh, look, today's January 31, 2006. No US release as of yet.<br /><br />Oh well, I'm so glad I had a friend with a bootlegged subtitled copy. ;D<br /><br />Well, the cg was great. Not as good as expected, but near perfect. I cringed, however, at the unnatural movements made by the children throughout the movie. I had thought that we were passed this by now. Also, I didn't really care for the anime look given to their faces. I was under the impression that they were shooting for a realistic look to the film, and yet most of the characters have larger-than-norm eyes, especially the girl characters. They had personality, though, I'll give them that.<br /><br />Even though I'm not a big fan of anime, I do have to say I was impressed with the wild fight scenes. They were animated beautifully and had me hanging onto the edge of my seat.<br /><br />For about the first two.<br /><br />And there-in lies Advent Children's biggest flaw. It's mostly just a bunch of hyper-stylized fight scenes.<br /><br />A FF7 sequel of epic proportions had been promised for years. Instead, they gave us a pretty piece of cg with barely a plot to excuse it's just-under-two-hours running time.<br /><br />Where Final Fantasy is famous for its intricate stories, this movie falls short. You don't really get to know the characters. The only way you'd have any understanding of most of what occurred in the film would have been if you had played the game. We barely got to see them before they were battling it out with whatever current threat.<br /><br />What hurts the fans even more is the awful cameos that the majority of FF7 characters were given. They were nothing more than Cloud's ""I'll call if I need you, but I probably won't"" back up singers. And, to add to the hurt, they had each character individually throw Cloud higher and higher. This little part here was so cheesy I almost turned it off. I would have been much more impressed if he had just simply jumped up all on his own, ricocheting off of walls to get himself up higher.<br /><br />It hurt even more when they reduced the Turks to less-than-just comic relief. That was fine for the game, but this is cinema. People do not act like cartoon characters in a harsh battle. They took away their dignity :/<br /><br />And, spoiler (yeah right, most of you probably already know, anyhow). Who remembers Darth Maul being hyped up in SW: Episode 1? Yeah, now, picture that, but with Sephiroth. That's right. He had maybe 5 minutes of screen time. Maybe that. End Spoiler :P<br /><br />If this movie was made for the fans, then way to go Square. If this is any indication of the direction you're taking the FF series, I doubt you're going to be seeing much of my money. I played your games for the wonderful story and the excellent characters.<br /><br />You had a chance to make something epic. Something truly beautiful, a masterpiece that flies in the face of all of the Disney CG films.<br /><br />Instead you gave us a pretty piece of flesh with hardly anything underneath to hold it together. Way to go.<br /><br />And I'm sure if the rest of the fans paused for a moment and tried to just pay attention to everything but the CG they'd know what I'm talking about. Well, I was gonna rate this a 5/10, but after thinking about it while righting this, I'm giving it a 3/10 because they could have done better. They have done better. And this is just sad.<br /><br />If they're gonna remake anything FFVII, they need to do this one first.",negative
"ERROL FLYNN had one of his favorite roles as the brash braggart from a fighting Irish family who went on to become the heavyweight champion of the world at a time when John L. Sullivan (WARD BOND) went around claiming that he ""could beat any man alive."" Both Flynn and Ward Bond give what is probably among the best performances they ever gave on screen.<br /><br />Raoul Walsh has directed the colorful tale with robust style, capturing the family life as well with scenes that are warm-hearted and full of good humor. All the Warner contract players make up the fine cast--including the always reliable ALAN HALE as Flynn's rambunctious father, proud of his son's fighting abilities, and ALEXIS SMITH who makes the most of her role as a feisty society girl who enjoys taking Flynn down a peg with saucy one-liners dealing with his conceited manners.<br /><br />All of the 1880s atmosphere is captured in glorious B&W, although it's too bad Warners didn't have more faith in Flynn to do the film in color. He was entering a rocky phase of his film career at the time, engaged in a widely publicized rape trial that had all of the tabloids busy sorting things out.<br /><br />The fighting scenes are among the best ever choreographed for the screen, with Flynn obviously in fine form and making very little use of doubles for most of the action. And the scene where Bond turns over his award plaque to Flynn at a social gathering is one of Ward's finest moments in a long career as a character actor.<br /><br />Summing up: Maintains interest all the way through, whether you're a sports fan or not.",positive
"I never actually thought that a film could be so atrocious, but alas I was wrong. Terrible acting, terrible plot, terrible effects. The Crocodile was awful and as for the stupid sex/killing scene all in one, that was a bad move from the word go. It was truly shocking and that is not a compliment! How can someone make this film, watch it back and then actually say ""Yeah, thats a good movie. People will watch that"" If you haven't seen it I beg you DON'T BOTHER :-(",negative
"A collection of Deleted scenes and alternative takes, edited together and with added voice-over to make it appear to take place after the events of the first. Pretty cool idea, but deleted scenes are left on the cutting room floor for a reason and this is further proof. As it's just not as funny as ""Anchorman"", and really let's face it THAT film wasn't exactly comedy gold either, so you get a 'movie' worse than one that was moderately funny. In my eyes that STILL puts it one or two notches above ""Kicking and Screaming"", or ""Bewitched"". Chross your fingers that ""The Wedding Crashers"" is a return to old school form (no pun intended) <br /><br />My Grade: D",negative
"Growing up with the Beast Wars transformers, I wasn't very familiar with the original Transformers, and now that I have seen the awesome movie, and now that I have seen the older cartoon on which it's based, I have to say I like the original cartoon and the live action movie more than Beast Wars.<br /><br />Not that I don't like the BW characters, I just think that characters like Optimus Prime are better than Optimus Primal.<br /><br />I mean, ""AUTOBOTS TRANSFORM AND ROLL OUT!"" sounds a lot better than ""MAXIMALS MAXIMIZE!"" The voice of the original Optimus Prime still makes me a strong believer that he's a real commander, more so than Optimus Primal.<br /><br />Besides, Powermaster Optimus Prime is a lot more powerful than Optimal Optimus. Just look on the web! <br /><br />Megatron in the BW character seemed more like a humorous version of the more evil version of him in the original series.<br /><br />Besides what's cooler, robots changing into animals or robots changing into vehicles and spaceships? Gimme the original Transformers any day over Beast Wars!",negative
"The events of the 11th of September 2001 cast its shadow on this Oscar award ceremony with a one minute silence before the in memoriam montage and there was little in the way of the all singing all dancing comedy extravaganza that we`d come to expect of this award show but this was by no means a bad thing . Entertainment was more or less curtailed to a LOTR send up with Ben Stiller and Owen Wilson and that was it . The rest of the show was taken up with clips from the nominations and I have to admit this was actually more enjoyable than the overblown song and dance numbers we`ve seen over the years and Whoopi Goldberg was by no means a bad presenter unlike the very esoteric David Letterman from a few years ago and the one minute silence for the victims of 9/11 was haunting and dignified <br /><br />As for the awards New Zealand was absolutely robbed . FELLOWSHIP OF THE RING went home with four minor awards while A BEAUTIFUL MIND undeservingly picked up most of the major prizes except for best actor which should have gone to a tough guy New Zealander but went to an An all American nice guy instead . The only Oscar awards I agreed with apart from the ones presented to FELLOWSHIP were the awards for best supporting actress and best supporting actor , both correct calls .",positive
"I have only managed to see this classic for the first time a few weeks ago. Being made almost 30 years ago I thought the scary moments would be rather tame. Boy was I wrong. There are some great moments that sent shivers down my spine. Even the acting was great, Jamie Lee Curtis was fantastic and Donald Pleasance was superb.<br /><br />On the downside it can be rather slow to start but once it gets going there is no stopping it. It makes all the copycats, e.g. Nightmare on Elm Street, Scream look very tame. I can't really say it is Carpenter's best because I have not seen many of his, the only one I can remember of his is Starman (I think he made it). Halloween is the crowning achievement of the horror genre.",positive
"The first 4 episodes of season 6 are just to throw up, to predictable and the worst scenario i've seen. Won't and hopefully i din't buy it. Also seen in seasons back that episodes about space they did, suck even more. All i want to say to the people who make this is: don't do whole episode about space, because they suck. The point is that season 6 sucks even more than the seasons before. Gets worse from season to season. I got so disappointed and frustrated watching first 4 episodes of season 6 that i just had to write this. Only people who are brain washed can watch this crap. Seems that people writing the scenario are getting out of ideas for a long time. Think that my 2 year old nephew had a better idea for the episode than these people do.",negative
"Found an old VHS version of this film in my parents house so I thought I'd give it a go. Right from the start I wasn't expecting much from this film and I'm glad for that because overall the film was no good.<br /><br />The acting overall was very poor, even for a Nicolas Cage movie. One scene with a radio controller stands out as being so pitiful that I found it hilarious that this scene wasn't cut. The first 30 minutes of the film had almost no developed plot and I didn't know what was going on.<br /><br />The story itself had the possibility of being decent but either the director was just bad or was trying too hard to put his own unique touch on the style of the film. I managed to watch the whole thing but I won't likely ever see this film again.",negative
"Possibly John Cassavetes best film to date, and definitely his funniest. Seymour Cassel plays the young Moskowitz smitten with real-life wife of Cassavetes, Gena Rowlands, excellent as usual. A must see gem of a film, if you can locate it.",positive
"After reading more than my fair share of reviews for a vast number of different movies I have noticed a certain trend, people judge to harshly on what the expected to see. I figure if you go into a movie open-minded not expecting anything certain than you will have better feelings towards it then if you try and watch but have pre-created standards you want it to reach.<br /><br />Since I try not to be hypocritical I watched this movie with a very clean slate and open-mind, and was very much pleased. Since it is not a mainstream title or award winning for that matter I did not know quite what to expect, but in all truth I enjoyed it a good deal more than Ninja Scroll. Lovely animation, deep story, and the always joyful ninja hack-n-slashing combined extremely well to one of my personal favorite animes ever made.<br /><br />I am not promising that you will enjoy it, but just give it a chance and you may come out with a pleasant surprise.<br /><br />- ""Before speaking, be sure of what you will say will be more beautiful than the silence"" - Chinese proverb",positive
The first murder scene is one of the best murders in film history(almost as good as the shower scene in Psycho) and the acting by Robert Walker is fantastic.A psychopath involved with tennis star in exchange murders.That´s the story and overall this film is very good but theres one problem:why dosen´t Guy Haines go to<br /><br />the cop in the first place.4/5,positive
"The Outer Limits is a brilliant show that for the most part leaves me with very strong emotions. There are, undoubtedly, some stinker-episodes, but it's essentially an old pulp-comic turned into a TV-show, so that can be expected. For the most part it's excellently done, well produced and directed, and often featuring some big-name talent who seem to enjoy working in a solid translation of short fiction to hour long television format.<br /><br />The Outer Limits tends to focus on rather large ethical/philosophical/moral questions and rarely ends without the voice-over intciting serious thought.<br /><br />From time-to-time, the themes are hammered in a little bit too heavily for all but the most thick-headed viewers. Additionally, while a certain level of distrust of the Government is conducive to an effective democracy, you can unluckily catch several episodes back-to-back that border on the absurd with regards to distrust of the Army/CIA, etc. One further note is that any large group with power (the Roman Catholic Church, Evangelicals, The People's Republic of China, and so on) are cast in a bad light in frequency ranging from once to often.<br /><br />While the show can beat a dead horse if it's watched enough, the overall quality is astounding, and I'm grateful that Sci-Fi has decided to continue airing it until they produce a season-by-season DVD set (and I can afford it.",positive
"The White Warrior is definitely one of,if not Steve Reeves weakest films. Set in 18th or 19th century Russia (??) Steve plays a cossack warrior who tries to over run a mad man Russian czar by running up a mountain side with his rebel band in a goofy looking Russian white tunic..... For the most part the great Reeves physique is hidden in a goofy, knee length tunic, with an even more sillier looking russian hat.<br /><br />The action is rather minimal, with only a good wrestling scene from the mid waist up that shows off the great Reeves physique. This is an apparent attempt by the producers to move Reeves out of the sword and sandal genre into another historic era, with poor results. The dialogue from the script is hard to understand at various points, and only commentary from the narrator allows the viewer to understand what is really happening from scene to scene. I would image Reeves regretted making this film, but in an attempt to try and get out of his toga and sandals and tribune armor it helped launch him to other historic characters such as Morgan the Pirate and the Thief of Baghdad.",negative
"Seldom is seen a film sequel that surpasses or even equalls the greatness of it's original predecessor. Such a film is VIrtual Encounters 2.<br /><br />It's about a couple guys in college who sell virtual sex to the entire campus. If you like seeing naked chicks, this one delivers. Six-foot tall Chrissy Styler is an amazing specimen and you will be dreaming about her for days if you ever have the good fortune to catch the unrated version. She wears just the right amount of body glitter in her multiple nude scenes and her giant cans appear to be real. ( = Giddyup!!<br /><br />W/the exception of James Cameron's ""Aliens,"" Francis For Coppola's ""The Godfather Part II"" and - of course - the Zuckers' ""Airplane 2,"" this is the only sequel in movie history that takes a classic film and improves upon it. <br /><br />It's criminal the way this film was ignored by the academy. Nikki Fritz and that broad who gets tied up in the beginning (as well as the brunette who gets a rubdown towards the end) all deserved Best Supporting Actress nods. <br /><br />Shame on you, Hollywood!!!",positive
"What a crappy movie! The main character in this movie was supposed to be born and brought up in Canada, yet he had a thicker Indian accent than his parents! Is it just me or does Uday look gay in this movie? Also, do all the chicks in Canada dress like sluts? At least that's how it is in this movie. All the females are dressed like strippers. Don't waste your time with this one! The only good thing about this movie is the setting in beautiful Vancouver. Wonder why Bollywood is going through a slump? It's because of movies like this. I miss the good old' days when Hindi movies were actually entertaining!I couldn't even finish this movie because it was so bad. I think Bollywood needs to stop trying to replicate the style of Hollywood because it's just not working out. They need to stick to their roots because that's what makes Indian movies entertaining.",negative
"'Major Payne' is a film about a major who makes life a living Hell for his small group of boys in the marines. This film does not really have a lot to offer, but it provides several hilarious moments that are well-worth a watch. Don't expect it to be a memorable film, however. Just expect to laugh your way through the film and at the expense of other people. The confrontation between Major Payne and the chubby boy were hilarious, and that's really all I remember about the film except for the boys wanting revenge on Major Payne. Again, it is not a great film, and it is probably best watched on a rainy day when you need some laughter.",negative
"Lately, I've been watching a lot of westerns from the 1930s to the present. There are some great low budget spaghetti westerns from the late 1960s and early 1970s. This movie had all the elements of a decent western: a good story with talented actors and everything else. Although, it's a spoof of this genre, and for me the way it was done just didn't work and made for a disappointing movie.<br /><br />This movie can easily be divided into two parts.<br /><br />The first part is great; it has a great opening scene and an interesting story develops of a bounty hunter (a.k.a. the stranger) going after a bandit who is going after a large bank shipment guarded, in part, by a banker. Over the course of the movie these three characters form shifting alliances in an attempt to get the money. There are subtle comic nods to the contrivances of earlier films from this genre, but the comedy doesn't disrupt the overall story.<br /><br />The second half of the film is where the comedy goes over-the-top and essentially ruins the movie. The turning point is right at the part where the barmaid causally scolds the dwarf to stop shooting the customers as she goes about waiting on other patrons seemingly oblivious to the four dead bodies laying about the place. From this point onward the movie shifts from a decent spaghetti western with comic undertones to a stupid-silly spoof.<br /><br />There are three horrible fist-fight scenes (one at the river, one in the market and one at the baths) that follow in rapid succession as if one wasn't bad enough. The fighting is so fake it's ridiculous, and since the sound is out-of-sync with the picture it makes it even worse. In the market fight scene the banker bounces about the place on hidden trampolines and twirls around on poles like he is in the circus; it's clownish. Although, the worst part of these fight scenes is the music; it's this light-hearted, sprightly mix more suited for a square dance or a cheesy episode of 'Hee-Haw'. These scenes practically derail the main story.<br /><br />Overall, this movie was disappointing because it had a lot of potential as a decent western, but the comic turns just mucked it up. If you want to see a good western spoof then see 'Blazing Saddles'. If you want to see a good spaghetti western, then avoid this movie.",negative
"Surreal film noir released soon after the ""real,"" genre-defining classics ""The Maltese Falcon,"" ""Double Indemnity"" and ""The Postman Always Rings Twice."" Welles films shouldn't be evaluated against others. He was playing by different rules. In fact, he was playing. This starts where other femme fatale films leave off, so the vaguely logical (but interesting) whodunit is embellished with a display of Wellesian scenes (typical rapid-fire style), dialog (lots of ""hard-boiled"" philosophy), and unusual acting (good Hayworth presumably intentionally one-dimensional). To Welles ""genre"" may have meant ""formula"" but he seemed to like using ""mysteries"" as backgrounds for his ""entertainments.""",positive
"This is an awesome movie, and if you haven't seen it, you should go to the video store right now and rent it. First off, the cast is superb. Not only does it have current stars, like Ryan Philippe and Billy Bob Thornton, but it also has your stars of yesteryear like Judge Reinhold. It also has numerous cameos by actors like Jon Bon Jovi, Ted Danson, and Jamie Lee Curtis. Second off, the story was quite good also. It was interesting how they took a plot for a stoner movie, and almost made it dramatic. It takes the drug situation in the United States, and instead of giving it a comedic face like in ""Half Baked"" it has a true, life lesson image like ""Traffic"". So watch this movie, if you're a stoner it will give you insight into something you love, if you don't do drugs it will give you a more realistic view of drugs than either side wants you to see.",positive
"I watched this movie on TCM last night, all excited expectation, having last seen it (twice) in its memorable 1957 release in Toronto. I told my wife, who hadn't seen it before, to watch for the thrilling long tracking shot, no cuts, where Veronika is seen on a bus on her way to find her Boris. In a hand-held frame that certainly predates the modern Steadicam, the shot then pulls back up and cranes (pun unintended) over the street as she exits the bus, and darts among the tanks to cross the road. THEN I remember that, no cuts, we follow her up close to the fence as she peers through, anxiously looking for him, but does not find him. But we do continue to follow Veronika as she searches the faces of harried recruits and their emotionally racked women, all extras, and each one a gem of riveting Stanislavskian behavior. How, one wonders, did Kalatozov and his cameraman Urusevsky set up this extraordinary sequence. But what did I see in this version? After crossing the street dodging the tanks, the scene abruptly ended, and cut back to scenes at the apartment, before continuing to the soldiers and their families at the fence. Seems to me that this film was not only restored, but also re-edited. What a downer!",positive
"'The Shop Around the Corner (1940)' is a pleasant romantic comedy, not the sort that I will hold dear to me until the end of my days, but nonetheless a film thoroughly deserving of its reputation. By 1940, director Ernst Lubitsch had long ago taken Hollywood by storm, and his famed ""Lubitsch touch"" had become a sparkling commercial trademark. This film was planned for a 1939 release, but scheduling conflicts meant that James Stewart and Margaret Sullavan were unavailable for filming. Rather than substituting either of his main stars, Lubitsch decided to postpone production, in the meantime directing Greta Garbo in 'Ninotchka (1939).' When it was finally completed, 'The Shop Around the Corner' appears to have been met with relative indifference, receiving zero Oscar nominations despite an excellent screenplay by Samson Raphaelson and fine performances from its two leads and Frank Morgan in a supporting role. Time, nevertheless, has betrayed the film's massive and enduring influence, with high-profile remakes including 'In the Good Old Summertime (1949)' and 'You've Got Mail (1998).'<br /><br />At its surface, one might assume 'The Shop Around the Corner' to simply be the story of two lovers, Klara Novak (Sullavan) and Alfred Kralik (Stewart), who love each other without knowing it. However, Lubitsch's film runs much deeper than that. It's the story of Matuschek and Company, a stylish gift shop in Budapest, and the various human relationships that make the store such a close-knit family. When store-owner Hugo Matuschek (Frank Morgan) begins to suspect his oldest employee of having an affair with his wife, we witness the breakdown of two families, both at home and at work. There's absolutely no reason why the story should not have been set in the United States  perhaps in the blustery streets of New York  but Lubitsch was deliberately recreating the passions and memories of his former years in Europe, the quaintness of love and life before war brought terror and bloodshed to every doorstep. This subtle subtext brings a more meaningful, personal touch to the film  in fact, even as I write this review, I'm beginning to appreciate the story even more.<br /><br />Sullavan and Stewart are both lovely in their respective roles, but I think that it's the supporting cast that really make the film. Each character brings a distinctive personality to the mix, and their interactions are always believable and enjoyable. I especially liked how Lubitsch knowingly directed much of our sympathy towards Hugo Matuschek, who, in any other film, would have been restricted to an underdeveloped, two-dimensional portrayal. Matuschek may have lost the love of his family, but he recaptures it in the affection of his employees, and you feel a heartwarming glow when, in the bitter cold of a Christmas Eve snowstorm, he finds companionship in a freckle-faced young errand-boy (Charles Smith). This genuine warmth towards a supporting character strikes me as being similar to several of Billy Wilder's later creations, for example, Boom Boom Jackson in 'The Fortune Cookie (1966)' or Carlo Carlucci in 'Avanti! (1972).' Of course, it doesn't really need saying, but Billy Wilder learned from the best.",positive
"I have not seen such a stupid,dumb movie since quite a while. It absolutely has no logic, no horror- doesn't scare you, no suspense, not thrilling.. I mean I didn't find even one part of the movie appealing..<br /><br />I don't know what they were thinking when they made the movie.. You watch the whole movie to find out that, there is a plant that can walk around, drag human dead bodies and eat human flesh. Not just that but it can also talk i.e. imitate sounds, like a cellphone ringing or human talking... so its like, the plant makes the noise of a cell phone ringing, so they go after the cellphone and find out its a plant... how intelligent of the plant to setup an ambush. <br /><br />This clearly is the creativity level of a primary school kid... Bad!!!",negative
"This movie is simply not worth the time or money spent. Full of clichés and a plot that makes absolutely no sense ! I cant believe that so many people have given this awful movie a 10. My guess is they are stooges of the movie maker. <br /><br />If I could give this movie a zero, I would. Too bad IMDb doesn't allow that. <br /><br />The only reason I watched it because I went with a friend who really wanted to see it. Whats sad is that I never had great expectations from this movie to begin with and yet I felt short changed. Take my word, don't waste your $8 on this piece of trash. The only entertainment I got out of the movie was making fun of the directors name. In all, highly NOT RECOMMENDED !",negative
"I also joined IMDB for the sole purpose of commenting on this film, but so that I can sing its praises. I had never heard of this movie (it's packaged so horribly that it's easy to see why it may get passed over) but a good friend suggested it to me and I'm so glad she did. It's a gem of a film. The actors are great (Kathy Bates and Meredith Eaton in particular) and look like they are truly having a fun time. Sure at times it was a bit over the top, but I cannot remember the last time I laughed so hard or so many times over the course of two hours. If you love to laugh, then you owe it to yourself to see this film.<br /><br />Highly Recommended.",positive
"Just a stilted rip-off of the infinitely better ""Murder, She Wrote"", it is absolutely amazing that this poorly-written garbage lasted for a full eight years. I'm sure most of the people who watched this unentertaining crap were in their sixties and seventies and just tuned in because they had nothing better to do, or simply remembered its star from the old Dick Van Dyke Show. Van Dyke, who only had a decent career in the 1960s, never was much of an actor at all (by his own admission) and he was already far too old to play a doctor when the series began in 1993. He looks absolutely ancient as a result of years of chain smoking and heavy drinking. His talentless real life son Barry, a wooden actor who has rarely been in anything that didn't involve his father, plays his son in the series.",negative
"Morris and Reva Applebaum had been the toast of Broadway in its heyday. At ninety, Morris is a widower. He summons his sons--the psychotherapist and the BMW car dealer--and his daughter, the television writer/producer--to attend a party in his honor, after which he will euthanize himself. Literal-minded creatures that they are, they take what he says at face value. He leads them, his grandchildren, and some others including an African-American-Jewish psychiatrist reminiscent of Godfrey Cambridge, on a merry chase through Manhattan as they try to stop him or dissuade him.<br /><br />The comedy totally works. The performances are excellent. Peter Falk is in top form. This film does more than deserve an audience: it deserves popular success.",positive
"This was the second entry in the regular Columbo series, and it holds up well today. As I am able to look at it closely now on DVD and see how it is constructed, I am very impressed with the direction of Bernard L. Kowalski (who directed the fine MACHO CALLAHAN as well as countless TV episodes)--watch how the post-murder actions of the killer are shown on a split-screen effect on his two eyeglasses, watch how the murder itself is shown in montage fashion, watch the point-of-view shot from the perspective of the corpse. Also, the wild but impressive avant-garde musical score from noted jazzman Gil Melle was incredible and helped so much to create atmosphere. And the supporting performance of Brett Halsey as the golf pro was wonderful--such subtlety and complexity in a role that nine out of ten times would be a one-dimensional cutout. The ""formula"" had not yet been set when this episode was filmed, so there are still some surprises in Columbo's methods. Of course, Falk, Robert Culp, and Ray Milland are the highest-quality actors and it's a pleasure to see them work--all men are familiar from many other roles yet lose themselves in their characters here. In all, this entry in the Columbo series--and MANY of the others--are as well-crafted as a very good feature film.",positive
"Wow. This was probably the worst DCOM ever. I watched the first half hour and I laughed. Brenda Song plays Wendy, the popular girl with the hot jock boyfriend and stuck up friends who is determined to be Homecoming Queen. She is supposed to save the world as a warrior, and Shin comes to her aid to help her with her Martial Arts. Shin teaches her the skills of a snake, tiger, etc. and she has to learn certain techniques to save the world.<br /><br />This movie is great for kids who want to learn about Martial Arts and the Chinese culture but the acting and casting was horrible.<br /><br />Brenda Song is a comedic actress and I can't see her playing a serious role. It was laugh out loud funny watching her cry over Shin. Shin couldn't act at all, and everything was totally unbelievable.<br /><br />I watched this movie and tried to think of something similar, and the thing I came up with was the Power Rangers. This movie is so fake and the stunts were so Power Ranger-esquire that it was just corny and stupid. The characters weren't likable and I just couldn't stand to watch it. Disney really needs to take time to make some decent movies. High School Musical is the only movie that deserves to be on Disney Channel, along with other movies like Jumping Ship, Color of Friendship, Go Figure, Read It and Weep, & Stuck in the Suburbs.<br /><br />If you like action-adventure and corny jokes, you'll like this movie.",negative
"I've Seen The Beginning Of The Muppet Movie, But Just The Half. Because I Only Watched It At Mrs Kelly's Friend's House. The Songs Were The Best And The Muppets Were So Hilarious. They Learn That If They Believe In The End Of The Rainbow, Anyone Can Make It, No Matter How Small, No Matter How Green(Which Was Included In The Trailer).<br /><br />Kermit Is My Favorite Protagonist(Which Means It Describes The Main Character) And So Are The Other Muppets. Mel Brooks Was Amazing When He Played Professor Max Krassman. The Scene Where Miss Piggy Saves Kermit By Doing Kung Fu On Those Guys. It Was So Cool.<br /><br />The Muppet Movie Is The Best Jim Henson Film With The Most Hilarious Characters And People Will Cherish For His Successful Film.",positive
"......... and you get Chori Chori Chupke Chupke. Don't get me wrong, this movie is much less explicit (or not even) than Pretty Woman, but it (was) a new topic for Bollywood. The topic was accepted but it is far from Jism, Murder, and Julie. To tell you the truth, the topic is presented in a very clean manner. But the plot has it's number of clichés. The beginning of the movie is presented in a very ""filmi"" way. There are some very little plot holes. The movie picks up once Rani has her miscarriage where you feel that you are watching something other than a typical movie. Otherwise the whole family sequence felt overdone in the beginning. The acting couldn't have been any better. Salman Khan sometimes impresses, and sometimes lets you down. Over here he gave one of the best performances. On top of that his role is written so well, that you applaud every time he solves a problem. Rani Mukherjee was adequate. Throughout the movie, you feel for her character the most, but she is overshadowed by Preity Zinta. Preity Zinta is picture perfect. Out of the three, she gives everyone a run for their money. Its surprising how she can be just as convincing when she is innocent. And trust me, Madhubala is far from your girl next door. This role is one of the reasons why I rate her high. The supporting cast are like the family you see in HAHK, where they have no significance to the plot yet I found them tolerable here. The songs are pretty nice. The title song is my favorite of them all along with Dil Tera Mera Dil (Hearts). Mehndi Mehndi (Henna) and Dekhne Walon Ne (Look at the World's Sight) are two song that fit the film perfectly. Preity's cabaret number, Diwani Diwani (Crazy), could've been shortened while No. 1 Punjabi came across boring though it had good dancing. Otherwise the movie is definitely worth a watch.",positive
"I too have gone thru very painful personal loss (Twice) and this movie portrays the gut wrenching reality of that experience very well, Life out of balance, nothing makes sense, well meaning relatives, etc...<br /><br />It was nice to see Ally again. She is one of my all time favorite movie actors.<br /><br />I laughed and cried as the story unfolded. Great story and cast. Well done!",positive
"I'm a huge fan of war movies, and, as a Vietnam combat vet, have some experience with the technical details. I worked with the bomb guys more than once and have nothing but respect for them. Other vets, and Iraq vets in particular, have summarized the inaccuracies in this movie very well. Poetic license is one thing, but this movie is a complete fantasy, and fails badly because of it. No bomb disposal unit, or any unit, would ever have tolerated this rogue operator for more than 5 minutes. Military units prize conformity and discipline for a reason;it saves lives. The opening scene particularly annoyed me. The guy with the cell phone would have been shot immediately. Yelling, ""Stop dialing"" is not an effective deterrent. It got worse from there. The scenes with the sniper were particularly egregious. As others have noted, your average EOD guy doesn't know jack about being a sniper, and to think any Arab sniper is that good really stretches the imagination. Kidnapping an Arab businessman for some form of personal revenge just wouldn't happen. Somebody might shoot him, but this kind of risk-taking is limited to the movies. I could go on, but, as I said, others have pointed these things out in detail. This is not a good movie, and if it wins any awards at all, it's a further reflection of why ""La La land"" is so named.",negative
"{Possible spoilers coming up... you've been forewarned.}<br /><br />This is absolutely one of my all time favorite musicals and movie musicals! (The other is Damn Yankees with Gwen Verdon, Tab Hunter and Ray Walston) As we all know, sometimes the luster (not to mention the songs) of a show are lost in its transition from stage to screen. This is, for the most part, DEFINITELY not the case here.<br /><br />The sets are divine, bright and colorful, the characters are bigger than life and you can't help but love them, and Michael Kidd's choreography is absolutely stunning. (So glad to know they used the original Broadway choreographer)<br /><br />All of the actors ""bounce the ball"" (that is, have unbeatable chemistry) to perfection in this film. Frank and Marlon are absolutely believable as the proprietor of the oldest established permanent floating crap game in New York, and the most notorious gambler who bets on even the most minute things-- such as his fever going up to 104 if he doesn't take penicillin. Sweet, fresh faced Jean Simmons is perfect for the role of Sarah (although it is true, her singing pipes are not as outstanding as that of Isabel Bigley or Josie de Guzman)-- the mission doll with a heart of gold and a drive to heal all. And last but certainly not least (on my list anyway) is Miss Vivian Blaine, reprising her Broadway role as Miss Adelaide-- the Hot Box lead singer and dancer who would like to finally end her 14 year engagement to Nathan with marriage, and rid herself of the psychosomatic cold he's given her.<br /><br />First off, kudos to Stubby Kaye and B.S. Pulley as they reprise their Broadway roles as Nicely-Nicely Johnson and Benny Southstreet. There were never two more loveable gamblers than these guys.<br /><br />Brando is superb, as usual, and though he's not got the voice of Robert Alda or Peter Gallagher, you forget it-- as he has this sense of determination to bring all he can to his role as Sky Masterson. ""Luck Be A Lady"" gives me chills every time I see him perform the number. Especially enjoyable is hearing him say ""Daddy... I got cider in my ear.""<br /><br />Simmons is charming and pleasant in a role well suited to her looks, voice and the way she carries herself. You long so dearly for her not only to win Sky (or, toward the end, believe him), but to help people overcome their gambling, drinking and other sins, and live a life with God. Her rendition of ""If I Were A Bell"" is splendid, to say the least!<br /><br />Sinatra is the man. He is so perfect for the role of Nathan Detroit-- and here he sings parts that Sam Levene from the Broadway cast never could (terrific actor, but the chap was tone deaf... go figure). I really enjoyed the addition of the song ""Adelaide""... wish some guy would sing like that to ME. Frankie's cool, slick demeanor transcends the boundaries of this movie. But most importantly, you want him to marry Adelaide.<br /><br />And speaking of Adelaide, Vivian Blaine is just sheer perfection in this role. From the accent to her belting out ""Adelaide's Lament"", she's just terrific. And she's also my favorite part of the entire movie. She really makes you feel for Adelaide... especially when she cries right before and then again during ""Sue Me"". I still haven't decided whether I like ""Pet Me Poppa"" better than ""Bushel and a Peck""... maybe I like them equally. Either way, she does fantastic with those as well as ""Take Back Your Mink."" (I'm sad that they left out ""hollanderize"" from the film...) She's absolutely MARVELOUS, not to mention hilarious, and my favorite part of the entire film.<br /><br />One of the best things about this movie is their lingo. It's a mixture of high class and street slang. Never do they use ""It's"", ""I'll"" or ""That's."" It's always ""It is"", ""I will"" and ""That is."" Overall, Guys & Dolls is one of my favorite all time movies and musicals, and it's one that you should take time to watch every time it comes on. My only complaint? No ""Marry The Man Today."" Now THAT'S a good song.",positive
"Lucio Fulci's ""Don't Torture a Duckling"" paints an exceptionally unflattering portrait of small-town Sicily plagued by series of brutal murders of young boys.This surprisingly well-directed film(especially in comparison to later Fulci's gorefests)is distinguished by overall atmosphere of perversity,nastiness and two truly grotesque scenes of brutal violence.The soon-to-be-dead children are depicted as casually cruel and budding peeping toms;Bruno's near-seduction by the naked Patrizia(Barbara Bouchet)really has to be seen to be believed.Highly recommended-especially in pair with my another cult favourite ""House with the Windows That Laugh""(1976).",positive
"After sitting through this pile of dung, my husband and I wondered whether it was actually the product of an experiment to see whether a computer program could produce a movie. It was that listless and formulaic. But the U.S. propaganda thrown in your face throughout the film proves--disappointingly--that it's the work of humans. Call me a conspiracy theorist, but quotes like, ""We have to steal the Declaration of Independence to protect it"" seem like ways to justify actions like the invasion of Iraq, etc. The fact that Nicholas Cage spews lines like, ""I would never use the Declaration of Independence as a bargaining chip"" with a straight face made me and my husband wonder whether the entire cast took Valium before shooting each scene. The ""reasoning"" behind each plot turn and new ""clue"" is truly ridiculous and impossible to follow. And there's also a bonus side plot of misogyny, with Dr. Whatever-Her-Name-Was being chided by all involved for ""never shutting up."" She's clearly in the movie only for looks, but they felt the need to slap a ""Dr."" title on her character to give her some gravity. At one point, Cage's character says, ""Don't you ever shut up?"" and the camera pans to her looking poutily down at her hands, like she's a child. Truly grotesque. The only benefit to this movie was that it's so astonishingly bad, you do get a few laughs out of it. The really scary thing is that a majority of the people watching the movie with us seemed to enjoy it. Creepy....",negative
"Ah, such an original title for a very shoddy film. The dubbing is hilarious since the voices and mouths never seem to match. As a result, I had no idea what was going on as I watched this mess unfold. There are flashbacks within the flashbacks and no real time takes place until towards the very end. The Aztec ceremony had me laughing. I rewinded it twice and got the best ab workout ever. The singing Aztec lady is comic naturale and the dancing and costumes are a hoot. Some guy gets a face full of acid, there's a lot of fighting, you have no idea who any character is (not that I really cared), and it's a whole noir mess. Oh, and the actual fight doesn't happen for awhile, so during the movie feel free to get up, take a nap, take a trip. You won't miss anything exciting.",negative
"Dark and bleak sets, thrilling music that cuts through your spin like aknife (or razor) a perfect cast lead by Broadway greats Hearn and Lansbury. This is exciting theatre flawlessly transferred to the small screen. Sondheim is the most talented songwriter of our age and Todd is his Masterpiece, from the Brechtian opening ballad to the darkly humorous Act I finale- ""A Little Priest"" where Lovett and Todd fantasize about the victims that will wind up in their meat pies , this play never ceases to thrill,excite and satisfy. Betsy Joslyn also excels as Johanna, even she, as the plays ingenue seems slightly mad.Edmund Lyndeck turns in a bravado performance as the corrupt Judge who lusts after Joslyn and is the subject of Todd's vendetta. Lansbury and Hearn command the show as only two great actor/stars can do. Other musical highlights include Todd's ""johanna"" Lovett's ""worst pies in London"" and the Act II opening 'GOD THATS GOOD"", And that is a title to describe this production !",positive
"This Movie is really an entertaining, good clean fun movie, for the kiddies. Kaley(played by Nickelodeon's talented Amanda) is the sidekick to a rambunctious boy who has a hard time telling the truth. He eventually works this into a movie script that gets stolen. I won't bore you with the details. If you have children and want to see an entertaining if not thrilling kids movie, I highly recommend this one.",positive
"TIGERLAND / (2000) ***1/2 (out of four)<br /><br />By Blake French:<br /><br />	Throughout the years audiences have seen and understood war films with every point of view possible, and somehow producers and writers always come up with new and innovative methods of portraying various soldiers on the battlefield. Joel Schumacher (""8MM,"" ""A Time to Kill""), easily one of the riskiest directors currently working, has found resemblance with ""The Thin Red Line"" in the way his new drama ""Tigerland"" steps in an individual soldier's shoes. This movie, written by Ross Klavan and Michael McGuther, has more guts and irony than ""The Thin Red Line"" or even ""Saving Private Ryan."" Although the movie's dramatic impact is somewhat lessened due to the perversity of the material present, it certainly enlightens us on a new perspective of young men training for war. <br /><br />	I would want to know Joel Schumacher's experiences with the army. Are the men really this unabashed and brutal? I am sure some of them are, but the movie views its uncompromising world through the eyes of a young man named Roland Bozz (Colin Farrell), who is rebellious against the ideas of war. His personality instantly counteracts with several other characters, one who becomes his best friend, Paxton (Matthew Davis), and another, Wilson (Russell Richardson), whose flamed temper often exasperates Bozz's tension with the idea of going to war. The war depicted in this production is not found on a battlefield, but on training grounds of a Louisiana-based instruction camp between conceptions and fears of the soldiers in training. This film is specifically about the preparation for war, nothing more nothing less. It ends when the soldiers finally go to war, kind of disappointing since witnessing the characters in action would have served as a supurb payoff. <br /><br /> Shot on location in about 28 days using 16mm stock and a minuscule budget, Joel Schumacher accurately displays a gritty, perverse, cruel, and unmerciful atmosphere using hand-held cinematography, unique lighting techniques and direct sound. Schumacher's grainy and blown-out images make the movie feel like a documentary feature. This unusual style of filmmaking only contributes to the hard core realism of the movie, quite graphic in its use of coarse language, perhaps a little too disturbing. Waves of four-letter words pound the audience, some in shock of what they are hearing. Even the extreme amount of vulgarism does not keep the dialogue from prevailing as heartbreaking, true, and emotional.<br /><br />	If anything, ""Tigerland"" provides us with a minor appreciation of how much our soldiers go through for our country in the beginning stages of combat. Such bravery must it take to enlist in the army during times of war, knowing the hardships and risks that are being taken. Such thought-provoking ideas are made possible through the heartbreaking performances by the young aspiring actors who portray the various trainees. This movie is not for all audiences, but one that young men should take a look at before enlisting themselves in the army...and adult audiences should watch to appreciate the courage needed to do such. <br /><br />",positive
"This is an excellent modern-day film noir....""excellent"" in that it's interesting, start-to-finish. There are some holes in here and some goofy parts that make you shake your head in disbelief.....but I haven't found anyone who didn't get caught up in this story. The movie has the right amount of action, suspense, plot twists and interesting characters. In addition, it sports some nice colors and cinematography plus a good guitar-based soundtrack. <br /><br />I labeled this crime movie a ""film noir"" because it's gritty and the all the characters are no good. Even the only supposed-good guy, played by Nicholas Cage, gets himself in trouble by lying and has a quick affair he should't have. He also does something at the end which isn't right, but I'm not going the spoil it by saying. Suffice to say, however, that the rest of the characters are so bad they make Cage look good!<br /><br />Speaking of ""bad guys,"" does anyone do it better than Dennis Hopper? Not many. At least in the ""deranged"" category, he's tough to beat. Lara Flynn Boyle is fun to watch for a bunch of reasons. J.T. Walsh gives another great supporting performance, too.<br /><br />This is one of those films that never got much publicity, but it should have. You'll have fun watching this. By the way, try saying the name of this movie out loud three times fast without messing it up!",positive
"If you Listen to Ween (The Pod, God/Satan), then you know what's going on with ""Split"" I found that watching the film under the influence of LSD helped to deal with Audio/Video tracers from fantastic editing job. The plot was only important from second to second. The acid helped to interact with the sounds, subliminal and general pace of this masterpiece. Don't bother writing about something out of your comprehension's reach...There just isn't enough of these great independent attempts at expression at it's most raw , amateur level. I dare anyone to make a movie that can equally Mess with my head and change the way I look at visual arts and the world's reality. Not to mention the many realities that haven't yet been explored by this humans mind. I love the vision of Chris Shaw. I also appreciate the texturing terroristic film ""The Begotten"" by E. Elias Merhige.",positive
"When a group of businessmen start dying in the presence of the mysterious Mr. Coulomb, FBI agent Dick Martin is assigned to the case. As the deaths continue to mount, Mr. Martin obviously isn't having much success. By the end of the movie, the strange truth is revealed, which I won't reveal here.<br /><br />One of the other users commenting on this states ""This is a Classic film and should be ENJOYED and not picked apart"". I'm sorry but I have to respectfully disagree with this opinion. It is ""classic"" only in that it is old, not in any sense pertaining to its quality. I've enjoyed a lot of low budget ""B"" movies from around this time period, but this isn't one of them.<br /><br />The pacing is unbearably slow, the camera work is pretty bland, most of the acting is fairly wooden (even Lugosi isn't great in this one in my opinion) and the plot, while it has an interesting premise, seems to be thrown together in a very difficult to follow manner.",negative
"Curl up with this one on a dark and stormy night and prepare to be alternately amused, irritated and frightened. The creaky old plot about about a phantom train that's said to run through the lonely English countryside at dead of night may be implausible, but it's a lot of fun. There are some wonderful old cliches like ""THE ACCIDENT"" which the locals can remember but won't talk about. But primarily the movie's a vehicle for comedian Arthur Askey to showcase his particular brand of vaudeville style humour in between the scary bits. Askey's corny humor is not very trendy these days but if you just let it wash over you it can be fun. This is probably the best of Askey's movies.",positive
"Awful, simply awful. It proves my theory about ""star power."" This is supposed to be great TV because the guy who directed (battlestar) Titanica is the same guy who directed this shlop schtock schtick about a chick. B O R I N G.<br /><br />Find something a thousand times more interesting to do - like watch your TV with no picture and no sound. 1/10 (I rated it so high b/c there aren't any negative scores in the IMDb.com rating system.)<br /><br />-Zaphoid<br /><br />PS: My theory about ""star power"" is: the more ""star power"" used in a show, the weaker the show is. (It's called an indirect proportionality: quality 1/""star power"", less ""sp"" makes for better quality, etc. Another way to look at it is: ""more is less."")<br /><br />-Z",negative
"Offbeat, slow-paced, entertaining erotic thriller with many graphic and ""blasphemous"" scenes that will undoubtedly disturb some viewers. However, it'll be hard even for them not to appreciate the several imaginative sequences this film contains, or to ignore Krabbe's first-rate performance. Verhoeven maintains an intriguing ambivalence throughout the film, playing with the meaning of the hero's visions-omens. Unfortunately, in the last 5 minutes everything turns into a blur, and the unsatisfying ending is certainly not as good as the rest of the movie. (***)",positive
"OK. A warning for anyone out there who is a parent or guardian. Be careful about who you see this film with - ie - DO NOT TAKE KIDS TO SEE THIS FILM. I'll explain why.<br /><br />1 - the title is misleading and the film has nothing to do with romance - I assume this was fully intentional on the producers behalf, but is annoying 2 - the film itself is really very very disturbing. I have some problems - first is the fact that the film is neither violent or sexual and therefore is not a 'horror film'. But it IS a very disturbing film ,and involves a child and his parents, and a small town.<br /><br />OK, it boils down to this. The film is not suitable for minors, because it contains sequences and images that are unsettling and would be confusing to a child. Is has a bizarre quality to it, and its ONLY because it has a child in it that makes me feel its unsuitable. As a parent myself I feel strongly enough to want to tell people because I read only the other day that it is having a release in theatres.<br /><br />I hope im not offending the film makers by saying this, but I think its my right, because its getting a release, and has an M rating only.(because its not violent or sexual). Just weird and unsettling but pretty good in and of itself.",positive
"One year after 'Love Thy Neighbour' made its I.T.V. debut, it followed the route taken by 'On The Buses' and 'Steptoe & Son' by graduating onto the big screen, in a picture made by Hammer Films. It opens with a stirring patriotic speech lauding the virtues of England's green and pleasant land, then cuts to a shot of Eddie and Bill walking up a street, arguing furiously. This escalates into a strange sequence of white and black neighbours vandalising their each other's homes. At least the original theme tune is retained ( even if it is sung by someone other than Stuart Gillies ).<br /><br />The local paper - 'The Gazette' - is holding a contest to find the best neighbours, the winners landing a Mediterranean cruise. Barbie suggests to Joan that they should enter. The thing is, can Bill and Eddie stay friends long enough to win it? That's the main part of the plot. The film is by and large episodic. One chunk is lifted directly from Season 1, namely Bill and Eddie going to the Club pretending to be on 'union business'. In reality they're going to see a stripper ( not meeting two girls ). Another portion of the movie has Bill, along with other black factory workers ( in the series he was the only one ), breaking a strike Eddie has helped bring about by various ploys ( including being smuggled in through the gates in beer barrels ). While another ( seemingly inspired by Powell and Driver's 'For The Love Of Ada' ) sees Eddie's talkative mother ( the magnificent Patricia Hayes ) getting friendly with Bill's father ( Charles Hyatt ).<br /><br />The climax to Episode 1 Season 1 reappears in an expanded form. Bill once more puts on paint and a towel to terrify Eddie, but his friends join him, and they dance round a drum containing a naked Booth, so that they can pretend to cook and eat him. Eddie then has to make his way home in the nude ( surprisingly, there is less nudity here than there was in Episode 2 Season 2 ).<br /><br />The film ends with the Reynolds and the Booths winning the 'Love Thy Neighbour' contest, and taking the cruise together, but there's an unexpected twist involving Joan's sex-mad brother Cyril ( James Beck - 'Private Walker' of 'Dad's Army' ), who is working as a steward.<br /><br />This is your typical '70's sitcom-into-movie, with all the faults usually prevalent in such films. The laughs are scattered about, and interest wanes after about half an hour. The cast is augmented by familiar faces such as Melvyn Hayes ( cast as 'Terry', a character from Episode 2 Season 1, played on that occasion by Leslie Meadows ), Bill Fraser ( as the factory manager ), Anna Dawson, Andria Lawrence ( who seems to have been in every '70's British comedy film, mostly cast as nymphomaniacs ), and Arthur English. The director, John Robins, was also responsible for the 'Man About The House' movie.<br /><br />Funniest moment - while Eddie sleeps in a quiet part of the factory, Bill paints his face black. The first he knows of it is when the manager's secretary screams in terror. The tables have been turned!",positive
"I first came across this film when I read a book (written in the 1970s) about the career of Mitchell Leisin. I have to admit that over the years I have watched many of his films and find his best work really high quality. SWING HIGH, SWING LOW was supposed to be one of his best. While it did not bore me, it did not impress me as much as HOLD BACK THE DAWN, DEATH TAKES A HOLIDAY, KITTY, or even GOLDEN EARINGS. I suspect it just dates too much now to be well liked.<br /><br />Working at Paramount Leisin had a problem in those films that he did which were musicals. Most of the scores he worked with were fairly mediocre. It's true that twice standards appeared in his films, but they were really rare cases: ""Cocktales for Two"" appeared in MURDER AT THE VANITIES, and ""Mona Lisa"" came out of CAPTAIN CAREY, U.S.A. But the rest of the score for MURDER AT THE VANITIES was forgettable. ""Mona Lisa"" was the only tune in CAPTAIN CAREY. It shouldn't have been this way - Leisin's studio had Rogers and Hart working for it in the early 1930s. Why couldn't he have been assigned to a project with them? The score for SWING HIGH, SWING LOW, is pleasant but forgettable. Unfortunately, the movie is centered in the entertainment world, as Fred Macmurray demonstrates great talents as a trumpet player (he even works Carole Lombard into his act by looping his arms around her when he blows his trumpet). The song (sung by Lombard) about how her lover's playing thrills her, is important to the plot. It works in the film, but it would have been better if the song was more memorable.<br /><br />There is a picaresque style to the film - it begins on an ocean liner that Lombard works on, as a manicurist. She is constantly being bullied by her boss Franklin Pangborn (the ship's barber). Then the ship is entering into the Panama Canal, and we see MacMurray as a soldier, who's enlistment is ending shortly. Their first scene together has a nice Leisin touch in it: MacMurray is talking to Lombard, she on the deck of the boat and he on the edge of the wall of the lock. Nice way to keep the action going while the dialog hits a dull bit.<br /><br />The film follows the rise and fall of the Skid Johnson (MacMurray) as he meets Lombard, and begins his reputation as a trumpet player, but meets the ""other woman"" in the film, Dorothy Lamore. The best moments in the film deal with the collapse of the relationship with Lombard, and his collapse as a jazz trumpeter (his appearance and need for alcohol is very untypical for a MacMurray character - even his darker figures like Walter Neff or Mr. Sheldrake or the naval officer who pushes the Caine Mutiny did not demonstrate a reliance on alcohol.<br /><br />Lombard is good as the woman loved but wronged by MacMurray. Lamore has little to really do - possibly the film had more scenes with her in it, but one stands out is her attempt to get MacMurray onto the wagon again. In his opening bit Pangborn is fine. Rarely noticed in films, small part actor Carl Judels is effective as a fair weather fan/friend of MacMurray, who drops him as he goes under (though he gives him a hand-out).<br /><br />Charles Butterworth is as trivial in this film as usual, but he does have one moment when he looks sheepishly at his hands on the keyboard of a piano in the rooms he, his girlfriend, MacMurray, and Lombard share - his red faced appearance is due to embarrassment about a lie that MacMurray is insisting is true. It was a nice, subtle moment. If only his subtlety had been in his acting rather than his moments of diffident humor.",positive
"I hate to comment on something I didn't finish, but if I spare one person what I sat through for almost an hour before turning it off in disgust, it will be worth it. <br /><br />I decided to watch this with an open mind, knowing it was on the bottom 100.<br /><br />Bad idea. I usually love crude humor, or can at least tolerate it. I love so-called ""black"" comedies. I'm not easily offended, either. <br /><br />It started off okay and quickly went downhill. I laughed a few times (for example, when the main character got stuck in the airplane toilet), but that was it and didn't compensate for the strong disgust I felt.<br /><br />I didn't laugh when the dog got sucked into a jet engine. I usually can't see the humor in animals dying (except in Animal House). I didn't laugh at much else of the nastiness, either. I turned it off after an incident involving a blind man and a baked potato that I don't care to repeat the details of, only that the wave of nausea still hasn't passed over me. <br /><br />Simply put, it was smut-filled and simply not funny with barely any plot. This is one of the times when if you don't have something nice to say, you should get the word out.<br /><br />Don't say I didn't warn you.",negative
"Why, oh, why won't they learn? When you've got a nice, juicy exploitation gimmick, use it! Don't go messing around trying to get all deep and thoughtful; you're only gonna wind up looking foolish.<br /><br />Christmas Evil is the story of Harry Stadling, who saw a little bit too much of Mommy kissing (Daddy-dressed-as-)Santa Claus back when he was a kid. So, of course, Harry grows up obsessed with Christmas, and finally, when his disillusionment becomes too great, he flips out, dresses as Santa, and wanders the city giving out toys to good little children, and viciously killing anyone he deems naughty.<br /><br />Simple enough, and not a bad place to start. (After all, how many other holiday-themed horror flicks use the same schtick?) Unfortunately, this film wants to be more ""Santa, Portrait of a Serial Killer"" than ""Silent Night, Deadly Night"". Two-thirds of the film are spent documenting Harry's slow but inevitable breakdown, when I would have been willing to buy the premise by the time the opening titles were rolling. You know a slasher film is in trouble when you find yourself urging the killer to just get on with it already.<br /><br />Perhaps Harry's descent into madness could have been compelling in the hands of a competent director, but alas, we've got some guy named Lewis Jackson. Apparently, this is his only film, and it shows. The action jumps giddily from scene to scene, without establishing shots or clear views of the actors to let us know where we are and who we are seeing.<br /><br />Even once the film gets rolling, we're still treated to heaping helpings of Harry's self-pity, insecurity, and neurotic behavior. More depressing than frightening, Christmas Evil is one to avoid.",negative
"Last year's remake of 'The Hills Have Eyes' was one of the better attempts to update the vaguely exploitational horror flicks of the 1970s for a new audience. Alexandre Aja allowed for an admirable degree of character development and when the violence started it was mean and savage and all carried out in a landscape of impeccable photography and production design. I was one of the few people who actually thought that it was better than the original and looked forward to a second visit to the particularly dark and cruel world of the savage desert mutants.<br /><br />'The Hills have Eyes 2', released just a year after the original, seems a rushed and ill-conceived attempt to cash in on the franchise with little thought to quality. Jonathan Craven's screenplay could have been written in a weekend, and given the speed with which this movie made it into cinemas, probably was. It falls back on every hackneyed genre cliché in the book while offering absolutely nothing new to the desert mutant mythology. I always let out a groan of disappointment when a sequel replaces civilian characters with the military. Soldiers are always so lazily written and never fail to thoroughly bore with crude caricatures of strutting macho bullshit. In my mind, 'Aliens' was the only movie to successfully make such a transition, due to James Cameron's talent, not simply for directing the best action sequences around, but never forgetting that an audience has to care about the people being butchered. He was also ably assisted by some genuinely talented actors. With 'The Hills have Eyes 2', it's clear that video director Martin Weisz is no James Cameron, and the cast of television bit-parters haven't the talent or even the inclination to turn their cardboard cutout characters into anything approaching living, breathing human beings.<br /><br />Needless to say, every character is a broad and generic cliché. They act in dumb and illogical ways, making dumb and illogical decisions that lead them to predictably dumb and illogical deaths. The latter half of the movie becomes just another tedious chased-through-dark-corridors scenario. 'The Descent' (on which Sam McCurdy, coincidentally, also worked as cinematography) proved that even this most derivative of sequences can still be carried out with genuine originality and suspense, but we see no such innovation here.<br /><br />'The Hills Have Eyes 2' is just a very lazy movie, devoid of any suspense, tension, or surprise, with not a single individual involved remotely interested in producing anything of quality. It's a tame and tired excuse for a sequel and deserves to spend the rest of its life in a Blockbuster's bargain bin.",negative
"This is by far the worst ever 'horror' movie, no, make that any movie, I have ever watched. Shame on Block Buster for even carrying this type of crap. I never ask for a refund on any movie, but I think this will be a first.<br /><br />The movie is so bad that I had to stop after just 15 minutes of watching it.<br /><br />I had more fun watching any of the fuzzy YouTube movies than watching this piece of dropping.<br /><br />The marketing dude for this movie must have some type of silver tongue to move this thing into an establishment as Blockbuster.",negative
"One should not be too critical about the director's second feature.<br /><br />I really like the camera work of Madiba. As Mr. Shawn pointed out, he had a unique way of looking at things.<br /><br />However, howcome a 14 year old boy shoot such beautiful images? Remember he has not got any education of any sort. I don't think english is the common tongue in Cape Town ghettos. Worse still, Madiba looks even smaller than his supposed age of 14.<br /><br />Any way, if you overcome above-mentioned peculiarities, you can watch the film and still enjoy it because of nice camera work.",positive
"The last (I believe) of the movies The Boys made with Hal Roach, this is also the last truly funny film they made, before going to 20th century fox, which so famously misued their talents. Although there are weak moments - the business with the ""lung tester"", for instance, is a bit, ah ... overblown (but worth having, just to see ""Dr."" Jimmy Finlayson) - but on the whole this flick is a good summary of what the boys brought to the screen. Richard Cramer (uncredited) appeared in other L&H flicks, and he is delightfully threatening here as the convict Nick Granger. The scene where The Boys have to eat their own synthetic meal (""Looks good, smells good, and it probably tastes good. Eat it."") is one of my favorite moments in the oeuvre. Stan & Ollie will always be pleasant companions in the lives of their millions of devoted fans.",positive
"Although I've long been a fan of Peter Weir, I hadn't watched any of his Australian movies until I watched The Last Wave. And it was a pleasant, unpredictable surprise.<br /><br />Richard Chamberlain plays David, a lawyer invited to defend five aborigines charged with murdering another Aborigine. For David's peers it's a clear case of drunken disorder and they think they should plead guilty and serve a quick sentence. But David believes there's a mystery underneath the murder, linked to tribal rituals. As his investigation proceeds he learns not only things about his clients but about himself too.<br /><br />To reveal more would be to spoil one of the strangest movies I've ever seen. I can only say that this movie goes in directions that no one will be expecting.<br /><br />There are many elements that make this a fascinating movie: Chamberlain's acting, for instance; but also the performances by David Gulpilil, who plays a young aborigine who introduces David into tribal mysteries; and Nandjiwarra Amagula, who plays an old aborigine who's a spiritual guide. The relationships between these three characters make the heart of the movie.<br /><br />But there's also the way Weir suggests the supernatural in the movie. David has dreams that warn him of the future. Australia is undergoing awful weather, with storms, hail falling and even a mysterious black rain that may be nothing more than pollution. But it's also related to the case David is defending. How it's related is one of the great revelations of the movie. Out of little events Weir manages to create an atmosphere of dread and oppression, suggesting future horrors without really showing anything.<br /><br />Charles Wain's score is fantastic, especially the use of the didgeridoo. The photography is also quite good. Russell Boyd, Weir's longtime DP who won an Oscar in 2004 for Master and Commander, depicts a dark, creepy world full of mystery.<br /><br />I also find it remarkable that for a movie centered on aborigines, it doesn't turn into an indictment against white culture or into a sappy celebration of the their traditions, like Dances With Wolves or The Last Samurai. This movie is too clever to be that simplistic.<br /><br />Sometimes it can be frustrating, and it may upset viewers who expect to finish a movie with everything making sense; but for those who don't mind some strangeness or ambiguity, The Last Wave is a great movie to watch.",positive
"This B&W film reached the spartan movie house of my Frisian village about 18 months after its release. In those days much of our full-length comedy fare hailed from Denmark (Nils Poppe anyone?) so this movie struck like a thunderbolt -- it had me weeping with helpless mirth, ROTFL as we'd now put it. OK, so some of the sight gags were in fact recycled vaudeville 'schtick', but how was this 'barefoot boy with cheeks of brass' to know that at the time? In any case, my favorite scenes had Jerry's unique brand of frantic clowning, like that Hawaii boxing match.<br /><br />Seeing ""Sailor Beware"" again fifty years later I still guffawed loudly at the goings-on. Granted, without the nostalgia component it would probably be just another fair-to-middling comedy. But then, another movie that once had me in stitches even more helplessly, the Spike Jones outing ""Fireman Save My Child"", now seems dated and stilted apart from some too-short orchestra bits and Doodles Weaver scenes. Must be some special ingredient that makes Martin & Lewis product stay fresher longer. To me this one at least rates eight out of ten.",positive
"Previously, I wrote that I loved ""Titanic"", cried at its ending (many times over), and I'm a guy in his 60's. I also wondered about why this great movie, which won so many awards and was applauded by so many critics, was given only a 7.0 rating by imdb.com users.<br /><br />Well, I looked at the breakdown of the user ratings. While 29.0% of all votes gave it a 10 rating, 10.7% gave it a 1 rating. These 10.7% of these irrational imdb users, in effect, pulled the overall rating down to 7.0. <br /><br />In my previous comments, I blamed this very unusual voting pattern (a sudden surge in 1 ratings, with a high 10 rating, dropping only gradually and then suddenly reversing course and jumping at the 1 rating level) on only one thing: hatred for Leonardo DiCaprio. Believe me, I've tuned into enough chat rooms to see the banter by young people (young men, mostly), who defame him left and right. They absolutely hate the man, and they will have no part in giving him any credit in ""Titanic"". (To answer one other user: I am NOT talking about someone who just really doesn't like the movie that much, and gave it a 5 or a 6, etc. Everyone has, and is entitled to, his/her own taste. But no one can convince me that the imdb rating of only 7.0 overall for ""Titanic"", pulled to that level by an inordinate number of ridiculous 1 ratings, is a fair reflection of the overall motion picture.)<br /><br />Let me demonstrate my point by comparing the imdb user voting pattern of ""Titanic"" to 5 randomly chosen box office and critical ""bombs"" (there are many more, but these 5 will prove my point). ""Heaven's Gate"" (1980) was pulled from the theaters quickly after a very poor box office showing, and imdb voters' ratings were: 23.2% 10 ratings and 9.2% 1 ratings (overall rating of 6.1). ""Big Top Pee-wee"" (1988) got 4.3% 10 ratings and 9.9% 1 ratings (overall rating of 4.5). ""Cat People"" (1982) got 6.1% 10 ratings and 2.6% 1 ratings (overall rating of 5.8). ""Blind Date"" (1987) got 3.0% 10 ratings and 2.8% 1 ratings (overall rating of 5.3). ""Jumpin' Jack Flash"" (1986) got 4.4% 10 ratings and 3.7% 1 ratings (overall rating of 5.2). WHAT DO ALL OF THESE FILMS HAVE IN COMMON WITH ""TITANIC""? ALL OF THE PERCENTAGES OF THEIR 1 RATINGS ARE LOWER !!!! THAN ""TITANIC"", AND NONE OF THESE STINKERS EVER WAS NOMINATED FOR A SINGLE AWARD. Again, ""Titanic"" got 10.7% 1 ratings! Compare that to the other 5 movies I just mentioned.<br /><br />Can there be any explanation other than the hatred of Leo factor?<br /><br />",positive
"The Capture Of Bigfoot is one of the silliest and worst movies of all time. I love Sasquatch and Bigfoot movies but this one is just a sheer waste of one's time.Terrible, terrible, terrible!I watched this movie last night, and it was all I could do to finish watching.I understood that this weird crazy man wanted to capture Bigfoot,but that was the only thing that made sense in this movie.It did have some amusing parts though.There was this very cheesy and corny disco club with very bad disco dancing that seemed to go on for far too long in the movie.I think the director was trying to fill time.The worst thing was the way the Bigfoot looked.The obvious man in a suit looked like a pink faux fur Bigfoot.It was laughable.If you want to see a very bad Bigfoot movie, then I suggest that you purchase this movie.Personally, I wasted my time and my money on this one!",negative
"Nice movie and Nicholle Tom does a fantastic job playing the ""guy in the girl's body"", she really does it well.<br /><br />A sort of teen version of many other movies, but well done.<br /><br />Well casted, from ""Matt"" to ""Matt2"".",negative
"I'm a massive fan of prison dramas which is reflected in OZ being my all time favourite American TV show . I guess the appeal lies in a type of smug voyeurism of wanting to see bad things happen to bad mens' bottoms , but I found Don Siegel's RIOT IN CELL BLOCK 11 to be rather disappointing . Okay I knew since it was made in 1954 it would be devoid of bad language , graphic shankings and gang rape but even so it's a rather weak film compared to prison portrayal in earlier movies like EACH DAWN I DIE and WHITE HEAT . The problem lies in the preachy tone of the movie with riot leader Dunn being something of a prison reformer . Yeah that sounds ridiculous since he's a violent anti hero rather than some limp wristed tree hugging do gooder on a salary , but that's what he is in essence , he wants to see prisoners rehabilitated to rejoin society rather than being made to suffer . There's also a problem of making a B movie with such radical themes ( Quite ironic that Siegel would later make DIRTY HARRY where the only good criminal is a dead one ) and that is the cast isn't very good with Emile Meyer as the warder being especially irritating in his performance . like i said a disappointing movie",negative
"I love Claire Danes, and Kate Beckinsale looks amazingly immature in her role. The movie is flawed only because it seems the two accused seem to be in some Monastery, working like monks in the grass and under strict almost martial-arts-like discipline. The acting and filmography and amazing colors of what is supposed-to-be Thailand is eye-catching, but Claire Daines steals the entire movie, and is unexpectedly profound in her learning the hard lesson of life itself to the very end, in an act of amazing unselfishness unheard of and completely unexpected in the real world. The flaws are minute and I recommend the film, which seems buried sadly forever to rare TV showings. I for one want the film for my collection- a collection of only ""10"" rated films. Watch it, you will be very touched.",positive
"Right at this moment I am watching this movie for the second time (on television) and for the second time I fell into it when it was running for an hour already (I think I saw 2 minutes more this time) This movie is really impressing, the way Goldsworthy looks at nature, changes nature in a way that you yourself would never think of, really is amazing. This whole movie gives you a warm feeling, seeing him play with the world around him with such love. Or only seeing his hands, covered in dirt and with broken fingernails, it just touches you.",positive
"Some might scoff, but there is actually a real art with making particularly bad films. This misses out on all fronts.<br /><br />A bunch of young people -- women with heaving breasts and continuously wet T-Shirts, naturally -- go to film ""blood surfing"" and end up running into a 31 foot crocodile.<br /><br />Not only was the croc obviously fake, but some of the props [notice the boat hitting the reef in particular] look like they've come out of thunderbirds!<br /><br />No good, from start to finish. Don't see it!",negative
"Bell Book and Candle was released in December 1958 and features James Stewart, Kim Novak, Jack Lemmon. and Ernie Kovaks. This film had James Stewart and Kim Novak in their second on-screen pairing (after the Alfred Hitchcock classic Vertigo, released earlier the same year). This was Stewart's last film as a romantic lead as he was deemed too old at age 50 to play that sort of part anymore. The movie is about a witch played by Kim Novak who is attracted to a mortal played by James Stewart. She puts a spell on him and he falls head over heels in love with her. I enjoyed the movie and its cast. This movie at the time was a moderate success which was nominated for a Golden Globe for best Movie Comedy. GimmeClassics",positive
"This movie is unbelievably ridiculous. I love horror movies, but this is the worst one I've ever seen. I am a huge fan of gore, but most of the deaths in this movie aren't shown. It just shows us the already dead bodies, and the only death scenes that they actually show in this movie are terrible. The graphics look so obviously fake. The actors are awful as well. There is no real emotion from any of them. Not only did I waste my time watching this piece of sh*t movie, but I had to subject myself to actual footage of animals being beaten during the beginning of it. If I could rate this a -10, I would. F*ck this movie. It's crap. <br /><br />Don't watch it.",negative
"This is a film that has garnered any interest or praise it has received simply on the merit of being a lesbian interest piece. The performances are mostly emotionless compared to better films in the GLBT interest genre. The entirety of the film's watchable value is garnered through modest suspense over whether and when the partners' family members will say something discouraging about their lesbian relationship. The best element of the film is likely the beautiful New England scenery, although much of the film is set inside. It is hard to envision how any viewer watching this film and not seeking affirmation of their GLBT lifestyle or wishing to see that of others affirmed, even through poorly realized drama, could appreciate Treading Water in any significant way. It is a terrible movie.",negative
"Hi! Being able to speak Cantonese, I found this very funny and was able to all the jokes that one might not get due to language barriers. The fight scenes are spectacular and it's a good movie. However, I have my criticisms. First of all, I find that it is not as good as the first one Project A -GO AND SEE THAT NOW! :-) Reason is, SPOILERS AHEAD-DON'T READ ON IF YOU HAVEN'T SEEN THE FILM!!!!!) because in Project A, Jackie ends by fighting his enemy; the man he is sent to kill, Sanpao. That is what he has been striving to do all the film and the showdown is spectacular. But in A II, hough he fights Chan, the showdown scene between Jackie and his nemesis is not long enough and the bulk of the action is against the Empress's men. They are not nearly as ""bad"" enough and have only played a minor part in the film in relation to Jackie so though their fight sequence is spectacular, they are not the ones Jackie is hunting throughout the whole of the film, so thus leaving the viewer slightly unfulfilled. However, this is just my humble opinion so don't take it word for word-go and see it yourself! It is a great film in it's own right! Take care and hope your admiration for Jackie grows! Yours Sincerely, Ian PS. You know the police chief in A II? He's the same guy in First Strike-nice to know he's still going strong!",positive
"Jeff Lieberman's ""Just Before Dawn"" is definitely one of the most underrated horror movies ever made.The film,whilst a little bit influenced by ""Deliverance"" and ""The Texas Chain Saw Massacre"",is extremely creepy and memorable.The suspense almost never lets up and the atmosphere is genuinely eerie.The cast is excellent,Deborah Benson and Jamie Rose are great female leads.The inbred twins are truly frightening and remorseless killers.The film is beautifully shot-it was actually filmed on location at Silver Falls State Park in Oregon.There is very little gore,but one killing,when Verchel is stabbed in the groin,is pretty nasty and unpleasant.A must-see for slasher fans.10 out of 10-what else?",positive
"A clever, undeniably entertaining romp starring Peter Ustinov as a career embezzler with his sights set on a US conglomerate in London. He's abetted by foxy (and deceptively sharp) Maggie Smith and threatened with exposure by jealous company man Bob Newhart. This is a heist film with a lot of brains. Ustinov is exceptional as is Smith and Newhart is quite funny. The real surprise is Karl Malden, as the pill popping ""executive vice-president."" Malden has seldom been so loose. Cesar Romero and Robert Morley pop up in some funny cameos. The excellent music score is by Laurie Johnson. Eric Till's direction is brisk and the script by Ustinov and Ira Wallach is first-rate & very smart. A swinging good time!",positive
"Excellent pirate entertainment! It has all the good ingredients to keep one's attention -- an absorbing tale of intrigue, a fiery lady pirate named Spitfire Stevens (Maureen O'Hara) who's attracted to the irresistible Mr. Hawke (Errol Flynn) who is out on a secret mission of his own. They make a fine romantic pair onscreen -- sigh!<br /><br />Anthony Quinn is the mean, bad pirate weaving his villainous web of divide and conquer. I noticed the very familiar face of Mildred Natwick playing a supporting role as Mrs. MacGregor, the protector of young Princess Patma (Alice Kelley).<br /><br />There is beautifully filmed scenery of shorelines, ships, and the bay. Lots of action too of sword fighting clashes, ship battles, daring leaps of Errol Flynn (Robin Hood on board ship!). From the flaming redhead herself I once heard in an interview of Maureen O'Hara that she boasted great command of the bullwhip and could also outdo Flynn in sword fighting in those days but there'd be no need to put it to the test here.<br /><br />Very enjoyable movie.",positive
"This movie should not be compared to ""The Sting"", or other caper/heist/con game films. What makes it such a great movie experience is what it has to say about relationships, deceit and trust. It's also a fairly cutting critique of psychiatry, given that the female protagonist is a shrink who is so easily deceived and then acts out in such a primitive manner in the finale. Has Mr Mamet had an unfortunate experience in therapy? Highly, hugely recommended!",positive
"The Priyadarshan/Paresh Rawal combo has been golden before with the likes of HERA PHERI and HUNGAMA so I went into the movie (at an Indian multiplex) with high hopes, especially after the slick promos. Unfortunately, like HULCHUL before it, this movie was a huge disappointment.<br /><br />Like others have commented, the premise of the movie, which was already stale to begin with, just gets stretched on and on without any development or additional layering. After a while, you just want the movie to end so you can go home (if I had been watching this at home, it would have been much easier to cut my losses). Akshay Kumar's performance is average at best and John Abraham should not try doing comedy again. The comedy aspects of the movie overall were pretty week. I only remember giggling like twice the entire movie. Definitely no sidesplitting belly laughs that consumed me in HERA PHERI or even to a lesser extent in AWARA PAAGAL DEEWANA. Paresh Rawal had a few of his expected classic moments, but overall, because his role and character wasn't given much room to grow, he didn't make much of an impact in this film.<br /><br />Neha Dhupia, who makes only an appearance in the movie, was fun to look at while she was on screen. And some of the songs are fun. Especially the opening and closing songs of ADA and KISS ME BABY, respectively. Otherwise, you're better off just passing on this movie.",negative
"This show has an amazing plot with good and recognizable actors (like the girl from Boston Legal and Boris the Butcher from Snatch). Even the extras and the kid, whom i thought from the commercial might be a weak link, surprised me with his skill. It's just the little things that the director needs to tweak. Like the guy who does the recap of the last episode at the beginning of each new episode needs to be fired. Having a narrator tell you what happened kind of ruins the story. The only other small problem I had was that sometimes they take too long to do things, but no where near as long as some shows like Prison Break. Anyone know when they will resume the season??",positive
"Only adding to the chorus of people who deemed this to be 'unredeemable' I will state the following without repeating the obvious FLAWS plainly stated by some of the other commentators: The ""film"" is shot on video (what type of camera I don't know) but the cameraman had it on AUTOFOCUS(!) all the time, so that any slight movement makes it go In and Out of focus. In many of the scenes the actors themselves go OUT of focus for their scenes. This alone screams ""Amateur"".<br /><br />I also noticed that out in the 'middle of the cornfield', you can hear the sound of the gasoline generator that is powering the lights ... loudly.<br /><br />Also what is with that single lighting source that follows (and many times 'leads' the actors) when they walk around. It looks like a newscaster with that 'on camera light' that follows the people around like a spotlight. There was no 'credit' for lighting design/DP and I know why. The 'filmmakers' saw no need to have someone who actually knew what they were doing lighting this picture (note I didn't say ""film""). So be prepared for a SINGLE glaring spotlight as the sole source of 'cinematic lighting' for most of the movie. UGhhh!!!<br /><br />This is probably the most technically inept production I've ever seen commercially released. I ""bought"" this title because I like bad cinema. Usually it's so bad that you can laugh at it. This is just so bad that it's unwatchable. Plan Nine from Outer Space is ""Citizen Kane"" in comparison to this title.",negative
"This movie deserves credit for its original approach. It combines elements of theater, film, and epic storytelling. Unfortunately, it falls flat on all levels. The films biggest weakness is it's unwillingness to commit to anything; it has camp, moralistic, and epic elements without ever committing to any of them. As for the story itself, Chretien de Troyes is spinning in his grave at this horrible adaptation which turns the lovable, unbearably innocent Percival into a most ungallant and rude churl.<br /><br />Most likely two types of people will see this, francophiles or Arthuriophiles. Speaking as one of the latter, I found the movie unwatchable and an incredibly shabby, disrespectful treatment of a beautiful story.",negative
"At first, I thought the Ring would be a more than normal movie with it's ordinary plot. How surprised was I! Of course, the plot is simple - one girl is in love with two men - but Hitchcock brings it to us on a silver platter, with laughter and fear, with compassion and anguish. The way he depicts the popular crowds of the fair, the strength of the attraction of the girl to both men, the tragic elements that come together with techniques that open the mind to most of his greatest movies(North by Northwest, the Rope, etc.). The master did it great even before his thirties!",positive
"So boring you'll fall asleep after the 20 first minutes. Sorry Mr Boutonnat, I do admire your work (all these beautiful ""films"" you directed such as ""Tristana"", ""Sans logique"" etc...) but here, the plot is extremely... vain ! Except the magnificent photography, everything appears dumb and there's no envy to know what will happen at these ""medium"" actors. Moreover, the dialogs are minimalists. The famous question ""where are the children"" is repeated so often it looks like a farce. Believe me, it's a pure waste of time (concerning the plot), and 3 hours is a long long time. Certainly the real reason of this box-office total mess !",negative
"This is truly truly one of the best movies about love that I've ever seen. Closely followed by none other than ""Before Sunset"", which technically isn't another movie at all, since it's about the same two people and the same romance.<br /><br />This is ""love"" in the real world. OK, that's only if most people are as intelligent and eloquent as the leads in the movie. Reading the other reviews, it pleases me to know how so many other folks are crazy over dialog-based movies as well. And this is what makes ""Before Sunrise"" so good. The dialog is perfect. It's so real, so engaging and funny. It's hardly a surprise that Jesse and Celine fall in love, 'coz you fall in love with them at the very same time.<br /><br />My favorite scene is the one in the coffee shop, where they pretend to phone their best friends, with the other pretending to be said best friend. It's PERFECT. Brings you back to the very moment when you fell in love for the very first time in your life.<br /><br />I must say that if you have a choice, do watch ""Before Sunrise"" before watching ""Before Sunset"". If like me, you watched ""Sunset"" first, it's hard to shake off the feeling of pity and sadness for the two young lovers throughout the entire show.<br /><br />Once again, the greatest romantic movie in my books. Wonderful acting, excellent script, and beautiful locations. Young love, at it's best.",positive
"Paul Telfer, who plays Hercules in this TV film, has to be the hottest thing on two legs EVER. Wow.<br /><br />But this film is a 100% distortion of the Hercules story. Just like ""Troy,"" this film has nothing to do with the original story. Zero. What makes it especially insulting is that they actually contrived a gay character just so people could hate him, making him as dastardly and evil as any character in the history of TV or cinema. This is triply insulting since Hercules may have had a wife, since that was the expectation of those olden days, but he also had at least a dozen male lovers. So it is ironic that they should create a gay royal adversary character for this film. No, not ironic. Evil. The creators of this travesty should hang their heads in shame.",negative
"Very possibly one of the funniest movies in the world. Oscar material. Trey Parker and Matt Stone are hilarious and before you see this I suggest you see ""South Park"" one of the funniest cartoons created. Buy it, you will laugh every time you see it. Pure stroke of genius. If you don't think its funny then you have no soul or sense of humor. 10 out of 10.",positive
"I found the characters mediocre and the story uninteresting. I never had to read this book (thankfully), or it would have been a painful experience. I got the tickets to the preview for free but it still wasn't worth my time, or my friend's. I think this story is not worth telling. It's like saying that old people have a past before they got old (no kidding). The lives of the main characters were painful to watch, one generation no better than the next at avoiding stupid mistakes. However, I think the actors did the best they could with a lame story. I've always been a big fan of Ellen Burstyn. I'm writing this review to counteract the positive reviews given, which unfortunately convinced me to give this movie a try.",negative
"I would like to make it very clear that I am not at all religious. I am an atheist but I could see that Richard Dorkins was contradicting himself over and over again. I would also like to make it known that I am not the sort of person that argues against something with philosophy all the time, but I feel that when comparing science and religion we must be philosophical and be willing to question the belief in main stream science as well as questioning religious beliefs.<br /><br />I wonder if Richard Dorkins ever spends any time to think philosophically about belief, anyone who thinks long and hard enough about science and religion will realise that science is indeed a religion in itself. Yes there is a fundamental difference between the way that scientific beliefs are held when compared with other religions, but at it's roots, it's faith in a particular human instinct.<br /><br />Throughout this series, Richard insists that science methods are the only right way of thinking and that it makes sense to believe in something only if the evidence for it is strong enough. If you dig deep enough into how science functions you'll realise that it is just as irrational as religion and that it comes down to faith in the end, faith in the evidence, faith in our sanity, faith in our senses but more than anything else faith in our instinct to follow patterns of recurrence.<br /><br />This is not easy to explain but think about how the laws of physics were decided, it was because they were and still are the most common patterns of recurrence that we are aware of. I think that human beings have an instinct that makes them believe that the longer something remains in a certain state or place of existence the more we just assume out of blind FAITH that it is more likely to stay like it. For example, we don't expect that gravity will suddenly work in reverse tomorrow, by this I mean pushing matter away as supposed to attracting it. But the only reason why we don't expect this sudden change is because we have known for so long that it has always attracted as far as we are aware. However that doesn't mean that it couldn't do exactly the reverse tomorrow or even right now. It doesn't matter how long something may stay in a certain state or change, there is no rational reason to make assumptions about it but we do out of instinct. I would ask you to consider what is a long and short amount of time? There is no such thing, I don't know exactly how long it took for these supposed wise men to decide that everything must be made out of matter, Sound, Light, etc but lets give them what they would consider to be an edge way! Lets say far longer than it really was 12,00000000000 years! Is that a long period of time? 99999999999999999 years makes 12,00000000000 years seem like an incredibly short period of time. For all we know there could be an extreme amount of change in the so called laws of science within the next trillion years. It's all about comparison, only when we compare things can we say ""that is long"" or that is short. It's the same with big and small, wide and thin, heavy and light, strong and weak and others.<br /><br />I doubt that any scientist could tell me why they think that trusting this instinct makes sense. I certainly don't see why it should, but that doesn't mean that we as humanity should necessarily stop using it. With this in mind, the most hypocritical comment that Richard Dorkins made was when he said that faith is irrational, ""a process of non thinking"" he said. If what we have in this instinct that I've been describing and this instinct that we all possess on some level isn't faith then I don't know what the hell it is. Other times when he is being hypocritical is when he talks about the religions being bronze age, ""bronze age myths"" he says. I would like to point out that no matter how much scientific methods have been changed over the years due to experience, experiments and evaluating, the pure rules of science are getting older and older all the time! They could even be described as the holy bible of science. He was going on about how he is sick of the different religions being stubborn "" I am right, he is wrong"" but looking back on how rude he was to the various interviewees, he seems to be just as stubborn him self. To be fair to him, at least he doesn't try to bomb religious communities. I appreciate his hatred for certain religious beliefs that generate war, but I don't respect his arrogance in his own beliefs.<br /><br />As far as I'm concerned, Richard has the right to believe in science if that is his way. I am scientifically minded as well, but I don't think he has the right to go up to religious leaders having unfriendly arguments, trying to force his opinion on to them and virtually describing them as stupid. Despite all his education, experience and discoveries he seems to fail to have the wisdom to properly question his very own system of belief. I have read what he says in defence of this argument that open minded atheists such as my self put forward, What he states suggests to me that he is totally missing the point.<br /><br />Finally the title of the documentary, Root Of All Evil. This states that religion is the root of all evil, it isn't true. There are causes of evil that have nothing to do with religion.<br /><br />All round the documentary series was frustrating, narrow minded, hypocritical and flat-out rubbish.",negative
"I really looked forward to this program for two reasons; I really liked Jan Michael Vincent and I am an aviation nut and have a serious love affair with helicopters. I don't like this program because it takes fantasy to an unbelievable level. The world speed record for helicopters was set at 249 mph by a Westland Lynx several years ago. The only chopper that was ever faster was the experimental Lockheed AH56A in the 1960's. It hit over 300 and was a compound helicopter, which means it had a pusher propeller at the end of its fuselage providing thrust.<br /><br />In short, no helicopter can fly much over 275 because of the principle of rotary wing flight. And the Bell 222, the ""actor"" that portrayed Airwolf wasn't very fast even by helicopter standards. And it didn't stay in production very long.<br /><br />There was a movie that came out during this time period called ""Blue Thunder"" that was much more realistic.",negative
"This movie was on British TV last night, and is wonderful! Strong women, great music (most of the time) and just makes you think. We do have stereotypes of what older people ""ought"" to do, and there are fantastic cameos of the ""sensible but worried children"". Getting near to my best movie ever !",positive
"There are so many incorrect statements in this so-called ""documentary"" that I found myself shouting at the television.<br /><br />Bart Sibrel might be able to produce a flashy looking DVD, but he is sadly lacking at looking at the science behind his claims.<br /><br />He relies on either being inaccurate, not telling the full story, or the old favourite ""government always lies to us"" innuendos, and people believing what is told to them and not checking on the accuracy or details behind the claims.<br /><br />What's more, his ""exclusive"" or ""unreleased"" footage is freely available over the internet from various sites.<br /><br />Further reading about the circumstances regarding the filming of this production shows that he used false pretenses to gain interviews, and has used creative editing of the responses in order to promote his own opinions.<br /><br />All of the claims made by Mr Sibrel about ""inaccuracies"", ""mistakes"", or ""whistleblowing"" in the Apollo programme have been thoroughly disproven.<br /><br />How do I get that 40-odd minutes of my life back?",negative
"This is an absolutely charming film, one of my favourite romantic comedies. It's extremely humorous and the cast is wonderful. Though Laurence Olivier is mostly associated with his Shakespearean work he shows in this film that he is by no means restricted to play only classical theatre. He manages the transition from the cynical divorce solicitor, who tries to avoid women and their traitorous ways, to the lovesick puppy that falls for Lady X played by Merle Oberon effortlessly. The dialogue is wonderfully witty and refreshing and the atmosphere enchanting. Ralph Richardson was a delight to watch as well. I highly recommend it.",positive
"Besides the fact that my list of favorite movie makers is: 1)Stanley Kubrick 2)God Allmighty 3)the rest... this movie actually is better than the book (and the TV miniseries though this is an easy feat, considering the director). The flawless filming stile, the acting and (Kubrick's all time number one skill) the music - make it THE masterpiece of horror. I watched the TV miniseries a few years ago and liked the story and I had my hopes about this when I got a hold of it. IT BLEW ME AWAY!!! It is far better than I ever imagined it. It starts slow (Kubrick trademark) and has a lot of downtime that builds up the suspense. The intro scene is a classic by all means and I watched it about 20 times just for the shear atmosphere it induces to the whole film. Also the film doesn't offer a lot of gore (it has just enough and it is by no means tasteless) a trend that I hate in recent day horror films. Just watch it!",positive
"Kay Pollack (the man behind this movie) is a real great man who tries to share his life philosophy in different ways. He has written a bunch of good and well written books about how to control your senses and keep your soul happy. The message in most of his books and this movie, is about that your thoughts in fact is what causes your problems and that the reason of your anger hardly ever is caused of what you think of. The main message is that you can choose to be happy, but hardly ever do that.<br /><br />To watch this movie and learn something very important on life, you have to keep your mind very open and L I S T E N to all the ""hidden messages"" (or guidelines to get through life) which most of the parts in this movie contains if you listen and watch. Watch it with your ears.<br /><br />You won't learn the meaning of life, but you'll learn how to live and get the most out of it...<br /><br />So, while watching, please keep in mind:<br /><br />""The mind is like a parachute, it doesn't work unless it's open!""",positive
"The DVD was a joke, the audio for the first few minutes was terrible with sound out of sync and Segals voice not even his!!!! Pathetic! When the audio sync was better in about 5 minutes the poor plot, lines and actors should get another job because the movie business is not where any of them should be.<br /><br />While Segal had some good movies in the early days the latest ones are a joke and should be a an embarrassment to him and the company that made it.<br /><br />If Segal was the one that handled this he better return to having another party run the show, because he has no talent what so ever in this.<br /><br />This film is a complete embarrassment to all involved in its production and a disgrace to all who viewed it. I turned it off in about 20 minutes.<br /><br />I will be asking for my money back at Block Buster! Mark from Ontario, Canada",negative
"OK, I am blessed. I have seen two very strong stage productions, the one in New York with the original cast, and another at the San Diego Rep (Rosina Reynolds and Monique Gaffney, you rock!). Compared to either of these the movie is almost unwatchable. I've been plodding through the DVD for the past two evenings and am still not finished. Way too much extraneous dialog, and waaay too many added scenes and people. Yes, the four major performances are quite good, esp. Ms. Streep's. But comparing stage to film is definitely an example of ""less is more."" The thickening of the play to satisfy film-goers' need for scenic variety and specificity was a poor choice. Please, please, please go find a stage production somewhere near you.",negative
"The film is somewhat entertaining, but the greatest feature is Shalom Harlow's laughable performance. It has been 4 years since this movie was released and hopefully Harlow has gone through more training. Perhaps she should stick to the more worldly, somewhat corruptive characters that she has generated in other performances.",negative
"This is a poor excuse for a movie. A film noir done by Busbee Berkeley? Please! First, let's forget about the plot, a truly simple-minded version of a cynical tough guy turned into a saint by the love of a pretty blonde. Yechh. So what turns her from despising him to loving him? Along with a group of other guys, he helps keep a kid from drowning as they all swim in a water tower and try to survive as the water is siphoned off, stranding them. It isn't exactly heroics, but she's suddenly smitten. It's truly painful to watch Claude Rains trying to portray a hard-bitten, tough-talking, noir-type cop. A crooked grimace is his main and rather pathetic acting tool, along with a growling voice. Most of his energy seems to go into trying to hide the intelligence that shines in all his other roles. How he ever got talked into taking this job I'll never understand. Enjoy it, if you can, for a few period details, the old cars and gas pumps, but don't expect a decent film experience. It wasted 1-1/12 hours of my life.",negative
"I tired on several attempts to sit down and watch this program ""Gilmore Girls"". It baffled me for I just couldn't put my finger on what this was about. Was this about a young woman having a baby young in life and never growing up? Was this about the daughter being more responsible than the mother? Was this about a rebellious rich girl and her non-rebellious daughter? What the heck is this show about? Finally, I just didn't care. The cast makes me want to scream. The writing is neither ""smart"" or ""intelligent"" it's syrupy and tedious.<br /><br />So why did I watch? Because I heard SO many good things about this and I am not one to voice an opinion until I have watched. Knee-Jerk reactions are usually wrong, so I watched a few times. The first time I watched this, I saw the mother running around like she was 12 and the daughter acting like she was 40. Maybe that is what didn't attract me. I never liked any of the ""Freaky Friday"" films - not to say this is like that, but there are some similarities. <br /><br />Also I have a friend who watches this show every week. So I asked her, ""What is this show about?"" A very bright young lady, usually articulate she never could give me a straight answer. So I asked others who rave about it - they really don't know either.<br /><br />Gilmore Girls is turning out to be a TV program that's like an ""art house movie"". Many of us wont get it, but those that go try desperately to find a meaning where there really isn't one, just to be ""hip."" Yes, I find Lauren Graham's Lorelai annoying - whine, whine, nasally WHINE. A whole hour of that. Wow. And the rest of the cast is about as memorable as yesterday's cheese sandwich. The town is hokey, the men are wimps, the grand parents are boring, and sadly I find nothing redeeming about any of these characters or care about anything they do. It's like watching paint dry on the wall.",negative
"Its a very sensitive portrayal of life with unquenched or constrained desires. What does one do with desire in a culture and society with rigid norms? One husband finds outlet with the immigrant - since immigrants don't belong or aren't accepted, they don't need to conform and dam their desires. The other husband looks for solace in spirituality and tries to evaporate his desire into nothingness. It fails - of course - and he breaks down in the last scene for multiple reasons. Sita still cared enough for him to find that moment to let him know that he is not responsible for her deviant outlet to her blocked desires. The mother in her still couldn't find the strength to destroy his myth. She sees him as a child who is glorifying himself in his lust-control but should she give him the opportunity to finally grow up? Both the wives find courage and togetherness through their shared rejection by their husband. <br /><br />But the final act of rejection was by the grandmother - she could not break free from her rusted mindset to accept Sita's desire. A decade and more of receiving care was not enough to break the shackles of her culture.<br /><br />Seems like it was easiest for the househelp to let his desires flow - since he's anyway damned by his culture - being at the bottom of the hierarchy. Since there is anyway no respect and expectations, might as well taste sin.",positive
"Frankly I'm rather incensed that on the basis of the dazzling reviews attributed to Steven Smith I wasted nearly two hours on his debut offering. Have they all been written by his pals? The action clunks along, the music is irritating and over used, the script is simply dire and the actors (with the exception of the gardener) mediocre at best. I do think we should support the efforts of a young filmmaker but saying it's brilliant when it's not will surely only encourage him to make the same mistakes again i.e. continuing to write his own scripts and using the same actors for another venture. Yes, it's his first film, low budget etc. - I get it, but it's also out there for members of the public to purchase and it's just not up to scratch.",negative
"The 1970s opened the door to the largest, most diverse era of film in the history. Some films were great (""The Godfather"", ""The Conversation"", ""Mean Streets"", Chinatown"", ""The French Connection"", ""Five Easy Pieces"", ""Jaws"", ""McCabe And Mrs. Miller"") Others were not so great (""The Getaway"", ""The Outfit"", ""Badge 373"", ""Joe"", ""The Taking Of Pelham One Two Three"", ""Brewster McCloud"", ""Castle Keep"") And others were barely worth the price of admission.<br /><br />Yet every one was a fresh breath of air compared to today's Corporate Hollywood. Where every film is given a Big Weekend to recoup its cost. Or go straight to HBO and rental.<br /><br />What ""Decade"" does so well is to relate the sudden and rarely experienced sensation of freedom to be given money to make and direct a film. Perhaps personal. Perhaps not. Sometime with a clutch of extras. Sometimes, in the middle of a busy street before the cops show up. Long before the Corporate Overseers, Suits, Committees and Lawyers ever became part of ""The System"".<br /><br />The commentaries are superb. Especially Julie Christie and Dennis Hopper. Though as you listen, you'll slowly discover just how many Big Directors today (Coppola, Scorsese, Ron Howard, Dennis Hopper, Peter Bogdonovitch) got stated as ""Roger Corman Commandos"". Working long hours with short pay. Shooting a film in under a month. Learning all the steps and tricks of the trade by doing it themselves. Turning in product that was on-time and under-budget.<br /><br />See ""Decade"" for its message. And for a long and varied list of films to watch made through those wondrously turbulent years.<br /><br />Though, I would not complain if IFC decided to devote another documentary solely to that most under-rated Grand Pioneer of film, Roger Corman.",positive
"I admit I've only seen about three of Shakespeare's plays (Romeo & Juliet, Macbeth, & of course Hamlet) one I liked, the other I found so-so (Macbeth), and Hamlet I just found a masterpiece. I'm pleased to tell you that this adaptation is every bit as good as the intense and dramatic play. The acting is extremely strong (With a cast that features Kenneth Branagh, Robin Williams, and Billy Crystal how can you lose?) and the change in time period (Looks like somewhere between the 17 and 1800's) plays off beautifully as the characters move about and say their infamous lines straight from the script itself that any fan of the Shakespearean play will get chills from. If you're into this popular drama I highly urge you to watch this powerful 1996 adaptation from Shakespearean admirer Kenneth Branagh.",positive
"Otto Preminger, completing a noir cycle at Twentieth Century Fox, reunited his ""Laura"" leads for this stark, gritty detective drama. Dana Andrews again portrays a cop, but this time he's hardened, cynical and has been accused of police brutality by his superior - ""You don't hate hoods, you liked to beat them up!"". Mark Dixon (Andrews) despises criminals, as his own father was a crook. He doesn't want to be ""Sandy Dixon's kid"" so he became a policeman, but his methods are harsh and hated.<br /><br />One night, investigating a murder, he unknowingly punches a suspect, Ken Paine (Craig Stevens) so hard that it kills him. A shaken Dixon does his best to cover it up, intending to frame a hated thug, Scalise (Gary Merrill) for the crime. However, the blame falls on Paine's father-in-law, Jiggs Taylor (Tom Tully), whose daughter, department store model Morgan Taylor (Tierney) is estranged from her husband but keeps getting drawn into his gambling schemes. Paine had slapped his wife, enraging her father, who did show up at his son-in-law's apartment, but not until Dixon had departed with the body. With no better suspects, Jiggs is arrested and charged.<br /><br />Riddled with guilt, Mark falls for Morgan and offers money for an attorney. He decides to take on Scalise anyway but leaves a letter to be given to the department in the event of his death, confessing everything. In the end, he cannot live with the knowledge with what he has done, and he permits the letter to be read by his superior and by Morgan. Despite all the tragic circumstances, Morgan professes her love for Mark and will wait for him.<br /><br />It was great to find this film on DVD, after so many years of televised obscurity. Eddie Mueller, a film noir historian, provides the commentary and does a good job, but I find his assertion that audiences wouldn't have caught the significance of the casting of the two leads, since ""Laura"" had been made six years earlier. In that respect, he is mistaken because they had appeared in ""The Iron Curtain"" two years prior to WTSE and the film was a box-office success.<br /><br />Andrews and Tierney were fabulous together, and Ruth Donnelly is tremendous comic relief as restaurant owner Martha, fanning the flames between the detective and the dame.<br /><br />The night cityscapes give the film an air of menace. Gary Merrill is great as the low-life Scalise, who had a criminal past with Dixon's dad (""Your father liked me,"" he taunts Mark). Karl Malden and a young Neville Brand are terrific also. And Tom Tully is just touching and funny as Morgan's unjustly accused pop.<br /><br />A watchable film noir with a fantastic cast.",positive
"What a disappointment! Piper Perabo is adorable, Tyra Banks is beautiful but pitiful as an actor and the talented and beautiful Maria Bello is wasted! Bello must have been embarrassed by some of the lines! The plot, script and premise is a joke!<br /><br />I'm not against silly movies, I think that Something About Mary is a masterpiece, but Coyote Ugly is a waste of 90 minutes........",negative
"Kusturika made it again. Another masterpiece. A coral comedy full of his own landmarks, with a frenetic rhythm and many glorious moments, we laughed and laughed, what a party! The music is everywhere, and also the shooting, the animals, the crazy bastards, sex and amazing gadgets and inventions, everything colorfully visual to entertain only. Pure cinema in essence. A wonderful experience to watch. And one is specially grateful since good comedies are so rare, and so wonderful. Well, this is one, and if you enjoyed Kusturica's previous films, you'll love this, although, as in all comedies, it is about a chemical reaction, and you have to be in the mood for it.",positive
"I had a recent spectator experience with The Perfect Witness (2007) because the NetFlix computer recommendation engine suggested I watch this film. Apparently, at some point, I told it how much I liked Michael Haneke's, Benny's Video. I don't know about you, but this parallel being drawn provoked in me a maelstrom of emotion and excitement over Thomas C. Dunn's film and made the allocation of my time toward it virtually impossible to refuse. Just this kind of recommendation from the NetFlix computer intelligence, for me, had the aesthetic/moral movie bar set to level so high that, upon reflection, it represented something pretty much unaccomplished in every film produced in the year 2007.<br /><br />Having prefaced my response to the film that way, I'm going to proceed in knocking this picture down as poorly executed and banal; and I really hate to do that because I think our boy, Wes Bentley, happens to be not only one of the most interesting young faces in contemporary cinema, but also one its most overlooked and underrated screenacting talents in the US. I'm more than moderately concerned that the poor guy's going to miss the fame ship if he keeps fiddling around with first time movie directors like this.<br /><br />The Perfect Witness is about Micky (Wes Bentley), who, about thirty, still lives with Mom (""You're not drinkin' again area ya's?""), but he's a ""filmmaker"" or at the very least some kind of street-level voyeur with a pension for shooting would-be Johns in the seedy back alleys of Philadelphia with his DVX 100B. Out there, doing his private investigator-like drills, Micky ""inadvertently"" video-tapes a brutal murder on a hapless early-twenty-ish coed with his hand held camcorder. Baring the notion in mind that snuff and movies as cultural currency can be his equated with his ticket out of the white urban ghetto (and not to the debts of his unwitting friends and relatives who put up the money for his atrocious films), Micky approaches the assailant, James LeMac (Mark Borkowski: also takes a writing credit) or ""Mac the Knife"" whichever- and blackmails the killer into making a documentary about his murder impulses, holding this found footage over the attacker with threats of the police.<br /><br />The problem with this movie is not that no interesting ideas exist because they do. While both the writing and direction are amateurish, that alone doesn't make a film bad. It's that these guys commit a rather poor assumption that what they are presenting is shocking in the context of a culture in which just about any person in the free world with access to a private computer can log-on to the web and catch the veracity of the action of a beheading on their little Mac or PC. No film relies on shock value alone any more (unless of course, ironically, it's a film about torture on animals) and therefore cinematic images of violence (real or fake) have less and less cultural capital with each year that passes. Also, we've got this astounding actor-talent in the lead all styled-up, real hip guy: his two inch beard and skull cap with the little bill on it, backwards, just like the dork from high school who craved after the potential services of my primary love interest same guy who just now calls himself a ""poet.""<br /><br />Spare me. ""I'm an artist,"" ""I'm a filmmaker."" Okay. Please do, carry on with that shtick, Cronnie. Seems to have bought you a lot of expensive 35mm stock. And go ahead, you can wear all the accrutements of a ""creative"" but don't expect us top respond to you, to follow your below average character through your two hour movie while you take down Wes Bentley's career. Why don't we just let history speak to the merits of what you do, filmmaker guy. My guess is history will eventually have say something about that like, probably that's in not is good as you think it is. And yeah, odds are you'll be laying the blame on your dear ole ma, end up like our man Micky here in The Perfect Witness; hooked on smack and covered in your buddy's blood with a video camera in your hand. Great.",negative
"This movie is not a comedy. It is not even funny in the ""this movie is so bad it's funny"" department. Rather, it is just plain bad. Other reviewers mention the bad lighting, but beyond that is the abundance of bad plastic surgery.<br /><br />Meanwhile, a lot of great acting talent was wasted on a poor screenplay and uninspired direction. The main characters are one-dimensional and boring. (It is hard to feel sympathy for any of them). It is also hard to see the four characters as close friends. It seems like just a bunch of women thrown together, pretending to be close.<br /><br />I won't list all of the problems with this movie, as it doesn't merit that much of anyone's attention. (Nor is it worth the time it takes to watch it).",negative
"This movie is so bad that I cannot even begin to describe it. What in the blazing pit is wrong with the writers, producers and director? How on earth did they get funding for this abomination? The plot is laughable, the acting is poor at best, the story... What story? The first fight in this movie is OK but then it keeps repeating itself until you want to turn it off.<br /><br />I guess I'm the biggest looser for not turning this stupid movie off after the first minute.<br /><br />*** SPOLER ALERT ***<br /><br />I only saw this movie because Scott Adkins was in it... and he is in it... for 30 seconds...<br /><br />I give it 1 out of 10 because it's the lowest grade IMDb has to offer.<br /><br />Do yourself a favour: See an Uwe Boll movie instead... twice... it's more worthy of your time.",negative
"Though I saw this movie about 4 years ago long before I started commenting on IMDb, I decided to review it now which is unusual for me since before now I often reviewed something just after seeing it. What can I say? Well, the best performance is that of the late Peter Boyle as the title character who, after finding out about a man's killing the drug-dealing boyfriend of his daughter, wants to bond with him even though he's a Madison Avenue executive who has nothing in common with the very lower-class conservative Joe. In fact, there are plenty of funny scenes of Joe at this guy's party making smart alecky remarks there. Oh, and it should be noted that the actress that plays the daughter who they're looking for after she disappeared from the hospital after overdosing on some drugs is none other than Susan Sarandon making her film debut! This was a pretty hard-hitting movie for the time it was made (late '60s-early '70s) and was compelling work from scripter Norman Wexler (later of Saturday Night Fever) and director John G. Avildsen (later to do Save the Tiger, Rocky, and The Karate Kid). Certainly the ending packs a wallop even today after all these years! Highly recommended for anyone curious about the counterculture of that time. P.S. Among the cultural artifacts seen here are a Raggedy Ann doll, a box of Ritz crackers, a bottle of Heinz ketchup, and, unique for the era, a Nixon poster asking, ""Would you buy a used car from this man?""",positive
"I hand't seen the restored, or any version for that matter, of ""Baby Face"" with Barbara Stanwyck till I caught it on TCM. What a great movie! In a nutshell Lily lives in a speakeasy, she's been pimped out by her own Father since she was 14! Then his still blows up and he's killed leaving Lily (Stanwyck) alone cept for her black maid Chico, played very nicely by Theresa Harris. Lily leaves for the big city ( New York) deciding to use her sex to get to the top. She does this in great style!<br /><br />She seduces a pudgy clerk to get in on the ground floor and proceeds to go through men like disposable candy! One dumps his fiancée and kills his near father-in-law, also Lily's sugar-daddy, then commits suicide! Lily barely blinks! STanwyck is terrific as a girl who really doesn't know what love is.<br /><br />Then in Paris, she falls for Courtland, played by George Brent, they marry, but when he's in deep financial straights, she bolts. Nearly free with Chico and a half-million, she realizes she loved Court! Lily races to find him, but will she be too late? <br /><br />This is pre-code Hollywood at its best. Stanwyck is tremendous and the look and music in the film are perfect. This reminded me of ""Original Sin"" with Angelina Jolie, another unfairly ignored flick with an amoral woman, those who disliked that films ultra-romantic leanings, will not like Baby FAce any better, those with belief in sex, love and power, will love it. Highly recommended! See it!",positive
"I don't know much about film-making, but good movies have to tell some sort of a story...your characters have to start and complete their journey. In Last Exit to Brooklyn they may, but its not in any satisfying way, and I'm not meaning a happy ending, just ANY ending.<br /><br />Last Exit to Brooklyn, set in 1952 Brooklyn during a very brutal labor strike, sets a number of story threads in motion. Most involve some of the most unlikeable characters to ever walk across a movie screen. But Last Exit to Brooklyn fails to bring these stories to any conclusion...it leaves some of them dangling with no ending, or blasts off into some bizarre stratosphere for an ""artistic"" ending.<br /><br />Two cases in point, and they contain spoilers.<br /><br />A sad transvestite character (an important character in the film), is struck by a car and killed. And that's it for him in the movie....he's gone for good, erased from everyone's memory..no reactions from his friends, enemies, lovers....nothing.<br /><br />In another thread the stupid, clueless, and secretly gay strike leader, having been rejected by labor, his gay lover, and found out by the neighborhood thugs, gets stomped by the thugs. The closing scene to the beating shows the streets of Brooklyn, and the streetlights are very, very similar to those of Nazi death camps...and the scene drags on and on and on...and the camera pans down to the body of the labor leader, and he's been crucified.....ppppuuuulllleeeeeez. And of course that's it for him too....brain erasure.....gone.<br /><br />Bottom line....no matter what the reviewers originally said in 1989 about this film....this movie is a depressing piece of sludge. Avoid it. And if you don't be forewarned, it really deserves an NC-17 rating for massive amounts of physical, emotional and sexual brutality...don't even let the teenagers watch.",negative
"You can see that if the flick ain't directed by his brother, this is the best he can do. And sad to say, his best just doesn't cut it. ""Ice Cream Man"" is a very bizarre horror film, that's a real blast to watch if you're in the right mood. In the wrong mood, it has been known to cause people to lash out violently at loved ones, so please, watch with caution.<br /><br />Clint Howard stars (Does anything really star Clint Howard though?) as the ""evil"" ""psychotic"" ""bizarre"" (Yes all in quotes, he's not quite any of these, but he's getting close) ice cream man, who tortures the local children with bomb pops that are really melty and ice cream that has chopped up humans and dogs in them. Ick.<br /><br />Anyway, the plot's really just an excuse to show of the...well, the...um, well it's a plot. Oh wait, I know! It's an excuse to show off all the loser actor cameos! There's Jan Michael Vincent and Lee Majors II (The sequel?) as cops tracking the elusive man o' ice cream. And even Doug Lleyweln appears as a supermarket clerk.<br /><br />Even better than that, are some of the bizarre goofs in the film. I really like the fact that for some reason, instead of hiring a fat actor to play the unhappy ""fat"" kid of the group, they just make this one kid wearing padding under his clothes. And the entire premise that anyone would by scoops of ice cream from a ice cream man. Who buys ice cream scoops from the ice cream man? Then there's the entire psychiatric ward scene, in which Jan Michael Vincent's acting ranges from mildly interested, to bored beyond the state of consciousness. These are the cops who also scour the Ice Cream Man's place for clues but manage to complete gloss over the ice cream truck (where, of course, the various bodies and such are kept). Oh well, better luck next time troops.<br /><br />Howard himself overacts like he's making sure people two towns over can see and hear him. It's all just plain dumb. And fairly fun to laugh at in the fine tradition of The Pumaman or Gymkata. You'll have a GOOD laugh with the right sense of HUMOR. I love that one.<br /><br />",negative
"This film starts with a pedestrian setup before blundering into the standard sort of suspense action where an office worker keeps beating up trained secret service men etc.<br /><br />I couldn't say the acting was bad - there were some good ""surprised"" faces by Hamilton and Sheen - but then I really wouldn't have to. <br /><br />Risible finale did at least give me a good laugh for my pains. Still, if my life was flashing before my eyes, I think I would fast forward this 90 minutes.<br /><br />I have to write two more lines of text just to get this thing published. Yes, very resistant suit that sheen wears. I made a special promise to myself never to watch a film this bad again.",negative
"If you are one of those people that think Lucio Fulci is all about gore, guts and zombies, you have to watch this (and ""The Psychic"" too, for that matter). Even though the film does include some quite brutal scenes of violence, and a unsettling subject matter, it's not the main thing here. This is a truly impressive, story and character-driven murder mystery that might well be the director's masterpiece. Here, he proves that he's a real craftsman, creating a memorable, disturbing yet strikingly beautiful masterpiece, filled with creepy Catholic imagery and interesting social commentary. It also has a great cast, including the gorgeous Barbara Bouchet, as well as Tomas Millan (from Beatrice Cenci) and Irene Pappas in a small but important role. Still, it is Brazilian actress Florinda Bolkan (who also stared in Fulci's bizarre ""Lizard in a woman's skin"") who steals the scene in the role of Majara, giving an excellent performance of a woman driven insane by her superstitions, and her vicious murder scene is particularly heartbreaking. The second star of the movie is Sergio D'Ofizi's cinematography who, along with the melancholic Morricone-esquire score by Riz Ortolani, help bringing the ""secluded Italian village with a dark secret"" setting to life. I have to admit thought that the dummy head hitting the rocks kind of pulled me off, but nonetheless, this is a definite Italian horror classic - a moving, sad and ultimately thought provoking work of genius. 10/10 for me. If you liked this one, I recommend watching Alfred Sole's ""Alice, Sweet Alice"", as they are somewhat similar, and are both underrated gems.",positive
"This should be required viewing for all young people. This is documentary at its best, from the haunting music and terrific narration by Olivier to its unflinching and penetrating analyses, The World at War is unforgettable and irreplaceable for anyone who wants to know about humanity's sorry experience at the nadir of the 20th century.",positive
"I typically don't like reality shows, particularly the ones that are profiting off of ""American Idol""'s success. But this one I can live with.<br /><br />Comedians from all around the world perform a brief routine for celebrity talent scouts, and if they like them, those guys will be sent to perform a routine for an actual audience. Then ten or twelve comics are selected to live in a house together and do ""Survivor"" style competitions using comedic tactics. Then one will be determined as ""Last Comic Standing."" I do like stand up comedy, so this is the one reality show must keen to my interests. There are usually some pretty funny comics selected through. It started the careers of such talents as Alonzo Bodden, Ralphie May, and Josh Blue.<br /><br />My negative criticisms is the fact that there is the possibility that a lot of these comics were selected for their contribution to reality show drama. At first they lived together in a house like ""Big Brother,"" but now they've done away with that, thank God.<br /><br />And there are a lot of comedians I felt, were only chosen not because they're funny, but because of race, ethnicity, attitude, sex, etc. when other comics clearly should've beaten them out. But overall, it's a well-made reality show, which are two terms up until now I thought were an oxymoron.",positive
"Magnolia presents itself as a wall to wall canvas of screaming, shrieking, overwrought, hysterical twits who are all bedeviled by regret, guilt and pain. PT Anderson is certainly a gifted filmmaker but perhaps he should leave the writing to someone else or at least find someone with the balls to tell him he needed to edit this overlong mess.<br /><br />A look at the cast will tell you that the performances were excellent, and they were. I just wish that every scene didn't involve an over the top shouting match or long digression into the sins that have been committed and the pain that they have caused.<br /><br />I also think that Anderson fails miserably to create a story that parallels the bizarre tableaus that open the film. The opening sequences are wonderful in showing how fate can bring together people and circumstances that even the most optimistic believer in a cosmic puppeteer pulling our strings would scoff at. But the story that then develops lacks any of the stuff that these opening fables display. I kept waiting for some form of cosmic convergence to display itself, but instead all we get is waves of regret from morally challenged characters who see their past spread out before them and now seek absolution. Throw in an out of left field biblical plague near the end and all you end up with is a cadre of Anderson devotees who will marvel at his genius when all it really proves is that he has actually read the Old Testament.<br /><br />I will say that the music by Aimee Mann was great and I'll be looking for the Soundtrack CD. In short, a good movie to look at and listen to (the music, that is) if the actors would have shut up or toned it down it may have been",negative
"Joe Buck (Jon Voight) decides he's going to leave his small life in Texas and make it big in the Big City. The women are there for the asking and the men are mainly ""tutti-fruttis."" Wide-eyed, he comes to New York City, not prepared for the series of humiliating misadventures he experiences, one worse than the other. In the middle of that chaos, he meets and befriends Rico ""Ratso"" Rizzo (Dustin Hoffmann), a homeless-looking man who lives in an apparently condemned building.<br /><br />There isn't much of a story as MIDNIGHT COWBOY is a series of vignettes destined to bring forth not only Joe Buck's plights in the City, but also inter-cut to his past and show us in shock cuts and semi-psychedelic dream sequences snippets of his past: his failed relationship with his girlfriend Annie (Jennifer Salt) who was gang-raped, his abandonment by his mother, and his apparent abuse by his grandmother, who also had a habit of hustling men for money. An air of pessimism dominates the film almost from the wistful beginning as Nilsson plays throughout the opening credits his deceptively flowery ""Everybody's Talking'""; we feel that even while we want Joe to eventually make his mark in the City, the odds are high he won't and will end up working for pennies in a dead-end job -- shown in a masterful shot from his outside point of view later in the film as he watches a man work as a dishwasher in a soup kitchen through a window and sees himself. We know from the look in his eyes he does not want to end like this.<br /><br />A dark story of dashed hopes, John Schlesinger creates haunting images of lost souls at the end of the 60s, and at the center, the prevailing friendship between two men as they struggle to make some sort of meaning to their lives amidst the elusive comfort of a dignified life. There is the implied notion that they may have been lovers -- Ratso's reaching out to hug Joe in the party scene and their the final embrace at the end certainly points at this -- but this is essentially a buddy film, one that manages to survive, literally, to the death, and bring some form of hope to Joe who at the end in Florida seems much changed, older, wiser.",positive
"With a cheap pound shop having just opened,i thought that it was worth looking to see if their were any cheap DVDs that looked good.and while the back of the cover made this sound like a Jeepers Creepers type of film,it is actually an anthology film! and thought one or two of the stories feel very familiar.Its still a fun light horror/comedy. The plots:<br /><br />Story one:The classic.<br /><br />A young couple feel the it is time that they should try to in prove their financial life by picking up a $1500 car.But,when the guy goes to pick a car,a car starts to talk to him.The car (called Banns) says that to get everything that he has ever wanted in life,that he must buy Baans for $5000.So while the guys relationship crumbles,Baans does everything he can to show who really is in charge.<br /><br />Story two:Kitchen culture.<br /><br />A guy that might get thrown out by his land lord,due to how messy his flat is,discovers that due to keeping a tuna pasta in his fridge for six months,the it has now moulded and evolved into a green mouldy version of himself!.And while they start off as friends,they end up having a big falling out,the leads to a final battle to see if the real guy or his fridge clone will survive.<br /><br />Story three:Too good to be true.<br /><br />A girl signs up with a dating agency and she gets matched with a guy the is perfect for her.But she is unsure that the guy is too perfect,and when she thinks that she sees him 'shut down' she starts to get spooked. View on the film:<br /><br />The first thing that i have to mention is the rating for the film in england,where it has been given an eighteen rating,even thought it has no nudity,swearing or blood at all.And the other odd thing about all the stories is that they all have happy endings,where the goodies win!.And while the first story is too close to the Stephen King classic Christine,the second story is easily the highlight of the film,with director Tom Parkinson making the nuttiness of the story feel like a low-budget Muppets episode!.<br /><br />Final view on the film<br /><br />While it does have a bit of a 'remake; feel,their is enough wackiness to make this a good horror 'comedy'.",negative
"Sammi, Curr a metal rock god, they tried to stop him, they tried to ban him, the tried to censor his music!! (much like the real life Dee Snider, from Twisted Sister,[Tipper Gore] or Ozzy Osborne) Killed in a fire, Sammi Cure was suppose to play on halloween at his old high school for a dance.. Now Eddie Weinbauer , his #1 fan, and the only one who knew how sammi was, and what he felt (or did he?) Nuke, the d.j. at the local radio station (Gene Simmons) has and gives the only copy of Sammi's last record Eddie.. But when Eddie tries to play the record backwards, he finds Sammi talking to him from the dead, and telling him what to do to get back at the bullies at his school that hate him and his music.. Everything works out until, Sammi starts to kill!! A great movie and must see for heavy metal hairband fans, with a great sound track by Fastway, and just in case you don't know what The songs sound like or know Fastway and doesn't like them, they changed there voice a bit and there style as well to sound like the more known Cinderella, or Ratt.. Is the movie a true horror movie? Well that depends on what you call a horror movie, To me a true horror movie is a slasher, with lots of killing, or just plain be scary.. This movie is neither, not enough deaths, but it can't be called a action, comedy, drama, suspense, or thriller, so that is why I would guess it has to be a horror.. So if you wanna ""Rock N' Roll, Rockin' on the mid night steel your soul!!"" Than Sammi Curr and Trick or Treat is the for you.. I mean ""what are you afraid of? It's only Rock 'N' Roll!?!""",positive
"You ever sit through a movie and after it's all over it's like one big ""wtf!?"". <br /><br />Welcome to Decoy. <br /><br />Another straight to video action fodder flick you can immediately forget about having watched or better yet don't watch it at all. Peter Weller and Robert Patrick star and are quickly wasted in this going nowheres fast mercenaries-for-hire action dud where the story is pretty darn bad and the action sucks and what's the point of watching an action flick if the action blows? Robert Patrick in particular hits a new low in an action sequence that has him firing a machine gun while standing on the hood of a moving school bus. Co-stars the ambient Charlotte Lewis and Canada's own Scott Hylands (of TV's Night Heat fame).",negative
"I am sorry to fans of this film but it is the worst thing i have ever seen. Slow,badly cast and badly acted it is a film trying to escape the deadbeat romcoms of the recent years and failing! McDonald and Parker seem unable to convey real emotion and are lifeless. They seem to be in this one for any pay checks they are getting for it and not because they thought it was a good idea. The plot is DULL!! i love great chick films as much as the next girl and this is not one!! If you avoid one film this year....let it be",negative
"When I was little, my parents got this movie for me to watch. I really liked it, and I watched it over and over again. Even when I was in 3rd grade I still watched it from time to time. Recently, I watched it again, just for the sake of nostalgia, and though the show was not aimed for my age group (I'm in my late teens), I still found it entertaining and educational. This show teaches good lessons about imagination and getting along well with others. Some parts I found quite entertaining. Also, this show does not have any bad content, so you can leave kids alone with this show and not worry about them picking up any bad language or whatnot. I would recommend this.",positive
"Well this movie was probobly one of the funniest scary movie i have ever seen. The effects are so bad you just have to laugh, and the acting, well lets say its no mel gibson. But Gary Browning who plays an police officer is so damn bad, he becomes good. I dont know how but he him self makes this movie a 10. You must see it if your in to horror/slash movies cause its bloody and funny at the same time. Killer movie.",positive
"The first noticeable problem about this awkwardly titled film is its casting. Ann Nelson plays the grandma here. Three years after this, she would star in ""Airplane!"" as the woman who hangs herself while listening to Robert Hays pine for Julie Hagerty. I could not get that image out of my head.<br /><br />Matt Boston is a fifteen year old with problems. He has headaches. His mother had a nervous breakdown. His grandfather had a massive heart attack. A chain smoking psychiatrist decides to find out what the devil is going on with this family. First she hypnotizes Grandma Nelson. Nelson tells a tale in flashback that fills the entire first half of the film.<br /><br />She and Grandpa bought an RV, cheap, and drive it around to all the tourist traps in desert California. The RV soon has a mind of its own, going off the road and such. Then, large boulders begin hurling themselves at it. The elderly couple are appropriately afraid, but stay in the vehicle in order to move the plot along.<br /><br />Eventually, Grandpa has a heart attack after being stranded on the RV roof when it goes for another unplanned ride.<br /><br />Boston's mom begins talking to some Native American mummies she has lying around the house. She fancies herself an author, and makes copious notes about the musty corpses. The psychiatrist reads the detailed notes, and uses her imagination to fill in the blanks. We see the mother semi-flip out, but her mental breakdown occurs offscreen, much like Gramps' heart attack.<br /><br />Finally, the patient de resistance, little Matt. Matt goes under the hypnosis gun and tells his own tale. He thinks mom is wigging out (this was made in 1977). Apparently, mom is making the astral bodies of the Native American mummies sort of fly through the air. One hits Matt like a bee hits a windshield, and Matt begins acting all crazy.<br /><br />The psychiatrist takes Grandma and Matt into the desert. Matt is inexplicably in a wheelchair now, and the trio confront the unseen (and unexplained) forces.<br /><br />Flocker has no sense of scene construction. The one pro here involves the RV stranded in a salt flat in the desert. In the distance, the couple notice some boulders rolling toward the RV. This is a pretty creepy little scene that is eventually overplayed. As the boulders begin hurling themselves toward the vehicle, the special effects become obvious.<br /><br />The scenes where the RV runs off the highway, then back on again, take forever. The scenes where Grandpa is trapped on the RV roof as it careens down a dirt road takes forever. Mom's conversations with the mummy take forever. Matt's out of body experiences take forever. This film takes forever.<br /><br />I was tempted to hit the fast forward button at least a dozen times. As scenes dragged on, it was obvious Flocker was padding. Cut the fat here, and this would have clocked in at an hour. The final ""explanation,"" that the mummies' spirits were trying to kill those close to Matt never holds water. Did they inhabit the RV? The film maker never brings up the fact that the spirits are no good at their murderous ways, they never kill anybody!<br /><br />As I kept thinking of Nelson in ""Airplane!,"" I also thought of other movies. Anything to keep me from falling asleep during this one. Boston is terrible as the kid, playing a fifteen year old as a cute ten year old who has a smart alecky line for all these adults who fall over themselves loving him.<br /><br />In the end, Flocker has written and directed a mess. The title is just the beginning of this exercise in making the audience feel ill at ease. This is not scary, and like the ghosts, you too can still walk...away from this tape at the video store.<br /><br />This is unrated, and contains some physical violence and mild profanity.",negative
"I have not read ""A Time to Kill"" by John Grisham, and perhaps that would have helped understand the film better. But perhaps not. I hear this is the most faithful Grisham adaption yet, and if that is true, I can see why so many publishers turned down the novel when Grisham introduced it as his first work.<br /><br />""A Time to Kill"" is one of those films that is seriously confused and wants to do too many things at once. It wants to be a suspenseful crowd-pleasing thriller and, at the same time, a film dedicated to exploring certain social and moral questions. Let's face it, those two types of films do not go together in Hollywood, which is why ""Dead Man Walking"" had to be made independently.<br /><br />The story involves a young lawyer named Jake (Matthew McConaughy) out to defend a black man named Carl (Samuel L. Jackson) from murdering two hillbillies that brutally raped his young daughter. The day before the rapists' trial, Carl hid in a closet in the courthouse and when the rapists were brought through the building, he charged out and shot both of them dead. To help out with the defense, Jack accepts the help of a former law student (Sandra Bullock), who proves that her role in this film was totally unnecessary, and put in the film only for marketing purposes.<br /><br />Meanwhile, one of the rapist's kid brother (Kiefer Sutherland) was angered that a black man killed his brother and decided to act out a revenge. All of this leads to a shooting in front of the courthouse, a kidnapping, a brutal beating, and race riot. I'll admit that all of this held my attention greatly throughout the film, in addition to the courtroom scenes. What I later objected to was the film's handling of ethical questions and its use of formulas in the plot.<br /><br />The main question that the film constantly asks, over and over again, is whether a black man gets a fair trial from a white jury. Sure they can, but that doesn't mean that the man has to be acquitted in order for the trial to be fair. This film, however, doesn't seem to think so. Besides that, there several gaping holes in the plot used for conveniences. For example, there is an unknown character called Mickey Mouse, who is a member of the Klan, and, for reasons unknown, is helping the members of the defense team escape from serious dangers of the other members of the Klan. After Bullock is kidnapped by Sutherland and company, and left for dead in the wilderness, this unknown person comes and saves her---and we NEVER find out who he is and why he is helping out the people he should be terrorizing.<br /><br />And speaking of the Sutherland character's reign of terror, it's amazing how witless the police and the Bullock character are in stopping him throughout the film. There's a scene when Sutherland becomes a sniper from a building across the street from the courthouse and tries to shoot Jake as he comes out, shooting one of the guards instead. Now you'd think since there are dozens of police around, it would be easy to surround and capture the sniper. No such luck. From what we could see, no one seemed to even care that a sniper was still on the loose. Even after Bullock, was rescued by Mickey Mouse, she never, ever mentioned who her kidnapper was, nor was it even questioned. Why was this? Simple. The Sutherland character was needed throughout the film to add continual suspense, although logically, he should have been out of the picture.<br /><br />Besides Bullock's character, there another thankless character. He is Jake's assistant played by Oliver Platt. There seems to be one reason for his character to be in the movie--to supply a number of one-liners for the audience. In my opinion, one-liners show a major weakness in ""serious"" films when used. It demonstrates that the filmmakers are not confident that the story and dialogue alone are enough to keep the audience's attention, and so use them to make the audience laugh to reassure everyone that they are watching an entertaining film.<br /><br />But enough of the film's many minor problems. What about the film's message here? It is clear that Carl is indeed guilty of murder. We saw how he planned for hours to murder the men who raped his daughter. The lawyers argue that it was temporary insanity, etc that caused him to kill. In desperation, Jake asks the jury to close their eyes as he recounts the rape in detail as part of his closing arguement. After describing everything that took place, he adds on one final line...""The girl is white"". We then see members of the jury with tears in their eyes.<br /><br />In the very next scene, a girl comes out yelling ""He's free! He's free!"". Wait a minute! Do juries base their verdicts on their emotions or on the facts? Most of all, why weren't there any scenes that showed the jury deliberating and what they were really thinking after their emotions worn off. I'll tell you why. They couldn't show the delibertion because NO JURY could acquit a man of such a crime, no matter how much the defense's closing arguements touched their hearts. What is the message? That someone is justified in killing if it is a form of revenge for a previous crime done to them?<br /><br />This film should have had the courage to say that murder is NOT OK in this situation, because in reality, there would not be an acquittal. But since dollars were at stake, the filmmakers were more concerned about sparing the audiences' feelings than they were about presenting a responsible message. If people start killing as a form of revenge, the makers of this film should be held responsible. What a socially irresponsible film this is!",negative
"Saw this film during the Mod & Rockers fest in August. I was so inspired and touched. Harry had an amazing life and one of the best and distinct voices ever recorded. For those of you who don't know about Harry Nilsson do a little research and you'll see that Harry has probably found his way into your life in one way or another - maybe it was his 70s special ""The Point"" or ""Everybody's Talking"" from Midnight Cowboy. For me it started with ""people let me tell you bout my best friend"" - the theme song from ""The Courtship of Eddie's Father."" Watching this film you can really feel the love and admiration from Harry's true friends and peers. Don't shed a tear for Harry - he had a ball...<br /><br />Brett",positive
"I sat down to watch ""Midnight Cowboy"" thinking it would be another overrated '60s/'70s movie. Some of my favorite films come from the '70s, in the same vein as ""Midnight Cowboy"" (""Taxi Driver,"" ""Mean Streets,"" ""Panic in Needle Park,"" etc.) but there are many, many overrated ones as well that have gained strong reputations amongst critics for being groundbreaking - unfortunately a vast majority of them don't hold up as well today. I sort of feel this way about ""Easy Rider."" (Although it, too, is one of my favorites.)<br /><br />So, I didn't expect much from ""Midnight Cowboy"" but got a lot back. It's a touching story, well-made and well-told with some of the best performances of all time. Dustin Hoffman, as Enrico ""Ratso"" Rizzo, gives one of his best - it's a bit funny at times (he sounds like a cartoon character when he speaks - maybe because of the Lenny/""Simpsons"" connection), but Hoffman is entirely convincing. Half of the film's budget went towards his paycheck as he was just becoming a major star in Hollywood. Opposite him is the second-billed Jon Voight as Joe Buck, the ""cowboy"" who travels North to the Big Apple in the hopes of becoming a male prostitute. Soon his naive ways land him in trouble and he pairs up with a crippled scam artist named ""Ratso"" - who offers to become Joe's ""manager"" for a certain percentage of profits.<br /><br />The movie is quite long at two hours but never really seems very long. Some films can tend to drag, especially some of the films that were made in the '70s because (as it's been said in ""Easy Riders, Raging Bulls"") the directors were the stars of the movies in the 1970s and occasionally they got a bit too infatuated with their material, going on too long examining characters/scenes/etc. that aren't important. Just about the only scene I felt was a bit too long and unnecessary was the drug party - it makes the film seem extremely outdated (similar to the drug odysseys in ""Easy Rider"") and really harms its flow because it's not needed.<br /><br />Other than that, ""Midnight Cowboy"" is an almost flawless motion picture. I was pleasantly surprised. It does have its flaws (flashbacks are a bit tacky and never used as well as they could have been, for instance) and some of the scenes are a bit uneasy (such as the gay movie theater sequence) but if you can handle its content ""Midnight Cowboy"" is a truly great motion picture, an uncompromising examination of life on the streets in the late '60s/early '70s. It's a depressing movie, yes, and by today's standards might seem a bit outdated and heavy on the liberal perspective of ""life is horrible, etc.""...but I still love it and particularly the extremely touching ending will stay with me for a long, long time.<br /><br />Highly recommended. One of the best films of the '70s. (It was technically released in late 1969 but I'd still categorize it as a 1970s film. It also won the Best Picture Oscar, being the first - and only - X-rated motion picture to do so. It was later re-rated R on appeal.)<br /><br />4.5/5",positive
"John Parrish is an ex Union officer who plans to sell his ranch and land to the Wilkison's over at Anchor. The trouble is that the price being offered is way to low and when they start to bully Parrish and his workers, he has a change of heart, particularly when things take a brutal turn for the worse.<br /><br />Originally after watching this one i had a sense of frustration, chiefly because of the cast that was involved. When you got Edward G. Robinson, Glenn Ford and Barbara Stanwyck in the same movie, you hope that they get a story and script from which to excel. Sadly they don't get chance to produce a Western classic worthy of multiple revisits, or is that my over expectation is doing it a disservice?. Well i slept on it and decided to ponder further about the picture. I think yes it's fair to say that the actors in question deserved a better story from which to work from, it is, when all is said and done, a plot that has been milked for all it's worth, and then some. But The Violent Men is still a very rewarding film regardless of the missed opportunities evident with the production.<br /><br />Glenn Ford as Parrish is as cool as an Eskimo's nose throughout, and it's always great to see Babs Stanwyck playing a bitch because she's good at it. While Eddie G, when one gets used to him being in a Western, is fine in what is an under written part. Robinson, who stepped in at the last minute when first choice as Lee Wilkison, Broderick Crawford got injured, is the one who is short changed the most by the makers, even supporting characters such as the devilish Wade Matlock {a grinning delight from the reliable Richard Jaeckel} and Judith Wilkison {a radiant Dianne Foster} get something to leave an impression with. But for what it is, Robinson's crutch toting ""bad"" guy is at the least memorable for all the right reasons.<br /><br />Not shy on action and gun play, it's with the twists and almost Shakespearean tragedies that Rudolph Maté's film rises above the mundane, with all of it gorgeously framed by Burnett Guffey's stunning cinematography. Lone Pine in Alabama has been used on many a Western picture {see Seven Men From Now for another glorious use of it}, but here Guffey really excels and manages to dazzle the eyes at every turn. The Violent Men isn't a great Western picture, and perhaps a better director than Maté could have really given Donald Hamilton's {The Big Country} novel an adaptation to be proud of. But for every niggle and irk i personally had with it, i found two more reasons to actually really like it, so that it be, it's recommended, for sure. 7/10",positive
"Err...this movie sucked. A LOT.<br /><br />I have been reading some of the other reviews. Apparently there are a lot of people that think that anything Woody Allen writes or stars in is automatically good...<br /><br />I have watched several of his films, in the vain hope that I'm missing something. But no, they just suck. Poorly written trash. The characters are all very stereotypical (not to mention rather stupid). The plot is...I think it is supposed to be mysterious. Not sure on that. Mr. Allen's character is...Woody Allen, on any other film you have seen of his.<br /><br />If you are a fan of Woody Allen, go see this film. If you are under 50, don't bother. (If you are a fan of Woody Allen AND you are under 50...well, you are atypical. I don't know what to say.)",negative
"I liked this film very much, as I liked before the other movies by Cedric Klapish. All the actors, coming from all over Europe, are very good and funny. One can really feel the influence of ""Amelie"", like in many other recent movies, but it's ok.",positive
"I still remember watching Satya for the first time. I was completely blown away. Here was a movie that was very different so from the other Gangster films that I had seen. So realistic, so Mumbaiyya and so believable. Despite ""Company"" (which was a very good effort) and ""Vaastav"" (more focused on the journey of the protagonist) which came close, no underworld movie could ever live up to Satya.<br /><br />When I watched Ab Tak 56 for the first time, I said to myself ""Indian Cops have their own 'Satya' now"". The quote by Nietzsche in the beginning itself tells you that this is no ordinary film. What strikes you about the ""encounter"" at the start of the film is the relaxed manner in which it is carried out. There is a cold and scary feel to it cos you realize that it is part of their routine.<br /><br />Ab Tak 56 is not the story of an honest cop or a corrupt cop but of a cop who is ready to do what it takes to get rid of the criminals when all lawful means are exhausted. With simple shots and camera angles, director Shimit Amin manages to capture the essence of the characters and gives a realistic and rough feel to the movie. Editing seems non-existent and hence effective. The music is also impressive and haunting and stays with you long after you've left the movie hall.<br /><br />But for me, what really takes the cake are the dialogues and the superlative acting from each and every character. Sandeep Srivastava has done a brilliant job as the dialogue writer. If I start listing my favourite dialogues, I'm afraid I'll end up re-writing the entire script of the movie.<br /><br />The movie boasts of some stellar performances. Yashpal Sharma is detestable as Sub-Inspector Imtiaz Siddiqui and so is Jeeva as Joint Commissioner Suchak. Revathi, Hrishita Bhatt, Mohan Agashe and Kunal Vijaykar have small roles which they play to perfection. Nakul Vaid as the rookie Jatin Shukla was a revelation. The scene where he has to hesitantly shoot the wounded gangster  Oh My God! He learns under the tutelage of Sadhu Aghashe and firmly believes in him.<br /><br />Prasad Purandhare as Zameer Zafar is impressive. His conversations with Sadhu are real jewels of dialogue writing. Never before in Indian cinema has any film brought out such a beautiful relation between a cop and a gangster.<br /><br />Not that I have not been a fan of Nana Patekar before this film but this film pushed me from a fan to a devotee. Nana as Inspector Sadhu Agashe gives the performance of a lifetime and one of the best I've ever seen in Hindi cinema. From the way he talks to his expressions, from the way he taps his cigarette to the way sips his tea  it's almost as if Nana can do no wrong. He is at his best in each and every scene especially when he's teaching Jatin about how the police force functions. His cool and composed manner of doing things is scary at times. His dialogue delivery and body language had me convinced that he is one of the finest actors in the country. It's a shame that he did not win any popular awards for this one.<br /><br />Last but in no way the least, Shimit Amin does a brilliant job of bringing all this talent together and exploiting them to the fullest to come up with a modern masterpiece of Indian cinema. In an industry that is sickeningly accustomed to lifting stories from here and there, Amin takes an original script and brings it to life with a beautiful treatment. I just hope that he continues the great work and doesn't give in to Bollywood-isation! If he can do that, I'm sure he'll be a force to reckon with in the coming years.",positive
I think that Vanessa Marcil is the best actor in the cast. She makes Sam one of the best character on the show. James Cann is also pretty good. I love it when he worried about Delinda. One of my favorite scenes in when Ed and Delinda are beating the crap out of some guy. That was funny. Nikki Cox is also good and she has great chemistry with Josh Duhamel. Lara Flynn Boyle was awesome in her guest role. I wish they hadn't killed her off. The show has a great cast with no bad actors which isn't something you often see on TV. I still think Vanessa Marcil is the best though. She should have got an Emmy in my opinion. It's a shame the show was cancelled,positive
"What is the point of creating sequels that have absolutely no relevance to the original film? No point. This is why the Prom Night sequels are so embarrassingly bad.<br /><br />The original film entailed a group of children hiding a dark secret that eventually get them all killed, bar one, in a brutal act of revenge. Can someone please explain to me what a dead prom queen-to-be rising from the grave to steel the crown has to do with the first movie then? Prom Night 2 had continuous plot holes that left the audience constantly wondering how did that happen and why should that happen? But in the end, i guess you could call it one of those movies that is so bad, you end up laughing yourself through it.",negative
"Enjoyed this 1936 film with plenty of veteran classic actors and especially, William Powell, (Dr. Lawrence Bradford), ""Mister Roberts"", who played the role as a doctor and detective. Dr. Bradford was once married to Jean Arthur, (Paula Bradford), ""Shane"", and got a divorce and still they managed to live with each other and also fight all the time. Paula wanted her husband to investigate a homicide and did everything she could to convince him it was very important. Jean Arthur plays a rather nutty type and there is plenty of 1936 Comedy and the method of murder is something you will never believe, especially with a jockey on a California Race Track. Robert Armstrong, (Nick Martel) ""King Kong"" gave a great supporting role as a bookie along with James Gleason, a detective who need the help of Dr. Bradford in order to solve this very strange murder mystery. If you see this film, just remember it was produced and directed in 1936 and the people in the audience in those days thought this was great entertainment and it really was in Those DAYS!",positive
"As a flying and war movie buff, this ranks at he bottom of my list. It is historically completely inaccurate and the cast sounds and acts like they just stepped out of a high-school play. The acting, script, direction, production standards and casting are all garbage. The only saving grace is some of the flying sequences. If the people they portray were fictitious, I might rate it a 2, but if there is one thing that annoys me more than anything else in movies, it is pretending that this is history and that the great people they are trying to be, actually did this! Its almost as if they tried to write in as many notable WW1 personalities as possible.There are many good WW1 flying films and this is NOT one of them.",negative
"A typical romp through Cheech and Chong's reality which includes drugs, singing, more drugs, cars and driving, even more drugs, Pee Wee, aliens, gasoline, laundry, stand up comedy, surprisingly more drugs and SPACE COKE !!. It is not as coherent or plausible as Up in Smoke but it still is incredibly funny, without becoming as strange as Nice Dreams. There are some classic scenes, which include the opening scene where they get some gas for their car and the drive to work. Also funny is Cheech's song (Mexican-Americans) and Chong's follow up song. Another notable scene is the welfare office scene with Jones (human noise machine), from the Police Academy series, and the old laughing man. All in all, this is a great follow up to Up in Smoke and is quite watchable when sober or not.<br /><br />-Celluloid Rehab",positive
"No message. No symbolism. No dark undercurrents.Just a wonderful melange of music, nostalgia and good fun put to-gether by people who obviously had a great time doing it. It's a refreshing antidote to some of the pretentious garbage being ground out by the studios. Of course ANYTHING with the incomparable Judi Dench is worth watching. And Cleo Laine's brilliant jazz singing is a bonus. This lady is in the same league as the late Ella. This goes on my movie shelf to be pulled out again anytime I feel the need for a warm experience and a hearty good natured chuckle. Just a wonderful film!",positive
We've all seen this story a hundred times. You can see each plot turn coming a mile away. The relationship between the mother and daughter is way too sweet and understanding to pass for realistic. Janet Mcteer's performance is stock southern hot- ticket mother in vintage clothes. Should have been made for the Lifetime Channel.,negative
"While watching this movie, I came up with a script for a movie, called ""The Making of 10 Items or Less"":<br /><br />Producer: I've got good news and bad news. The good news is, we can get Morgan Freeman!<br /><br />Writer: That's great! But what's the bad news?<br /><br />Producer: We can only afford to hire him for one day. I guess we'll have to get someone else.<br /><br />Writer: So we hire him for one day. A movie is an hour and a half long. A work day is eight hours long. I fail to see a problem.<br /><br />Producer: But... he'll have to spend time getting into character.<br /><br />Writer: So we have him play a character who is essentially himself.<br /><br />Producer: But he'll still need to understand his motivation and all that. You're not saying we have him play a big-name actor that's doing a low-budget movie, are you?<br /><br />Writer: Why not?<br /><br />Producer: That's ridiculous! But fine, at least we'll have Morgan Freeman in our movie. And I guess we have to set the movie in Los Angeles too.<br /><br />Writer: Of course.<br /><br />Producer: This script is a load of crap. We'd better make money on this. Just in case, have Morgan Freeman's character plug Wal-Mart or Target or one of those stores, so at least someone will want to sell the DVDs.<br /><br />Writer: Sure thing!<br /><br />Producer: Wait a second... what's this about a tiny bodega with a ""ten items or less"" express lane?<br /><br />Writer: Oh, I guess that is pretty weird. But we can't change the title now!<br /><br />I doubt my script actually bears much resemblance to reality, but then neither did ""10 Items or Less"". This is a case of good acting, but bad writing, and I hate to see it happen. When watching an independent movie, you expect it to try to convey some sort of message. I think they might have been trying for the tired old ""don't let anything hold you back"" message that has been done to death in much better films. In any case, with ""10 Items or Less"", the only message I got was ""Look! Look at Morgan Freeman!""",negative
"These days, you rarely come by a kid's show that does not involve 1) a preteen/teen pop star who is as amusing as watching paint dry 2) involve a plot about finding the perfect date with a different guy/girl every time 3) revolves around erratic yelling and unintelligible humor. About 95% of shows on Disney, Nickelodeon, and Cartoon Network fit the listed criteria. To put in simpler terms, they all lack good acting, originality, and good story telling. It as if producers and writers think kids aren't smart enough to understand character development and plot detail. They couldn't be more unaware. Sure kids enjoy a good laugh and erratic behavior (if it's done to a conservative level and done right), but as they also want to enjoy a story, see drama, and see people being challenged. They don't want to see people living in a flawless world where they get everything they want. They know this world isn't all fun and games, they know it's not perfect. Everyone has problems, and we all must learn to work around them. This show revolves around that kind of stuff. Alex Mack is an average teenage girl who seems to have everything going for her genius sister, Annie. Her Mom works at some office but is sometimes a stay at home parent. Her dad, George, is a top scientist at the Plant, a chemical corporation that employs most of the town they live in, Paradise Valley. Alex is unpopular and picked on by most of her peers. Her only friend is Ray (but she gets more friends as the series goes). On her first day of Jr. High, Alex walks home not too happy about school, but a truck delivering chemicals from the plant crashes into a fire hydrant trying to avoid running her over, dumping a strange chemical known as GC-161, where the chemical mixes with the water, covering Alex in it. Soon after, she starts to develop strange powers such as morphing into a puddle, shooting lasers out of her hand, and moving things with her mind. She also glows constantly when nervous (though we never see much of that later on). Aside from her sister Annie and friend Ray, Alex decides to keep these powers a secret from everyone, even her parents for fear of being kidnapped by the Plant, whose corrupt owner, Danielle Atron has her head of Security, Vince, search for the mysterious GC161 kid. Every episode then deals with Alex trying to live a normal life as kid at the same time learning to live with her strange powers. The series may seem like a girls show, but it's not. As a boy, I liked watching this show because of its awesome effects and drama. The producers successfully add some elements of science fiction with the elements of teen drama. In fact, some episodes were quiet violent and a little eerie. The unfounded plant manager Atron and Vince make good antagonists for the series, for the writers really do establish them as a threat and give you that dreadful feeling every time they come on screen. Also, smart move adding David, driver of the truck that spilled the GC-161, as Vince's bumbling assistant in the hunt for comedic effect but also you get to love him towards the end. It was interesting to watch little Alex try to live as a normal kid but struggles to perfect her powers. At times, you forget that these are kids who are battling a giant Adult run institution, because you are drawn in to the story. The show does a good job of relating to kids by showing Alex that she may have super powers, but she still is a kid, and must be careful. Even some episode you'll find yourself distraught at Alex's calamities. My favorite episode where Alex wishes she was never born truly demonstrates most of these elements. As I said, the producers never hesitated to add in some laughs whether they come from Ray's one liner or George's strange habits or David trying to be a nice guy. Of course you come across corny moments and an entire episode that really has nothing to do with the series plot, but what good series doesn't? All in all great show. 9/10",positive
"My wife and I saw every episode in this series and loved it. However, the series was cut short without a final episode by the producers of the show. It ended with a typical end-the-season cliff hanger leaving it's fans feeling cheated. A waste of great writing and acting.",negative
"If, unlike some of the commenters here, you are not staging a class war and don't mind seeing the lives of other people who are fairly successful, extroverted, bohemian (gasp) and not being terribly English at a party and getting into all sorts of trouble as a result this is not a bad film, closer to Euro cinema rather than an imitation of the usual slick American crap... I believe the minimal sound design and cheap camera is a conscious decision rather than bad film making, I'd defend this, the film isn't any worse as a result, and it puts the spotlight on the cast, some of whom are really good (Kate Hardie- think that's her name, as the sarcastic drunk is spot-on) the one exception being David Baddiel, who should never be allowed to appear in serious stuff!! It's light, and we don't go for this kind of anatomising-of-relationship crap in this country, but if you don't have any real friends to go to a party with than you could do worse than to sit in and watch this.",positive
"(This is a review of the later English release by Disney, featuring Alison Lohman, Patrick Stewart, and co.) <br /><br />I really wanted this film to be good. Really, really. I'm a huge fan of Princess Mononoke and Spirited Away, and after seeing all the glowing reviews on this earlier Miyazaki film, I was eager to see it. But I was shocked, shocked I say, at the quality of this film. Those later films boast well-crafted plots, 3-dimensional characters, and the best film music since...well...ever. This film just doesn't come close.<br /><br />Might as well start w/ the positive aspects, though. Like all Miyazaki films, this one is still very imaginative, with a bizarre fantasy/sci-fi setting, in a post-apocalyptic world where insects are the dominant species. Nausicaa can also boast some far superior animation to other films from its time. (though not as beautiful and fluid as Miyazaki's later films) And the English voice acting is quite well done.<br /><br />But this film...just...isn't...good... The characters are all cardboard - from saccharine sweet little Nausicaa, to the ruthlessly evil Tolmekians, to everyone in between. Once you've seen each of them for 30 seconds, you've seen all there is. And the fact that the plot just ambles along doesn't help.<br /><br />Then there's the music... Now, Hisaichi is hands down my favorite film composer, but Nausicaa doesn't do him justice. Half the music is 80's keyboards on overdrive, and it usually enters and leaves so abruptly that it distracts the visuals rather than helping them. I highly suspect that Hisaichi was told to compose a lot of the music before he even saw the picture.<br /><br />But wait! There's a great message with this film, right?! Let's all save the environment! Too bad that this film hits you over the head with it like a sledgehammer. There is a scene in which Nausicaa hugs a tree. No, really. I ain't kidding.<br /><br />It makes me a little sad to talk about how lame this film is. But for some reason all the other reviews on IMDb seem to adore it. And when the characters have to talk to themselves in extended sentences to tell you what's going on, that's lame.<br /><br />If you're the kind of person who worships anime, enjoys 80's music, and plants a tree every Arbor day, you will probably like this film. Otherwise, save your money for his later films, because they rock big time.",negative
"... but had to see just how bad it could get. The plotline was thin to begin with, but it just kept getting worse. A female genetic engineering grad student uses her research on accelerated mitosis to artificially create a male, because a biological weapon used in WW3 killed off 97% of the worldwide male population. The surviving men are either high prices gigolos in back alley clubs, or crazed lunatics in run down football stadiums plotting to overthrow the 'Lesbian Conspiracy'. The entire process resembled the microwaving of a large bowl of jello. Press a few buttons and ding you get a baby. Not only that, but he will age to mid 20's in a month, and then begin to age normally (how convenient). Eventually poor Adam gets bored with the secluded cabin in the woods where his creator had raised him and steals her car to 'see the city'.<br /><br />This begins 90 minutes of unlikely chases, convenient plot twists, and several subplots that we never see resolved. As Adam quickly learns, what men did survive are treated as outcasts/criminals, because they are dangerous beasts that cannot help there genetic predisposition to violence. The propaganda machines have been in full swing, scaring women into believing all men are rapists and murderers. This has led to lesbianism being the norm, the fall of Christianity, female only reproduction via cloning, and oh yeah world peace among other implied results. All of which seem unlikely given that only ~30 years had elapsed since the war. Adam stumbles from one bad situation to the next, all the while being genetically programmed to be non-violent and unable to really do much on his own behalf. With the FBI on his trail, madams looking for fresh meat, and his creator trying to recapture him (for herself it seems), he learns that violence is not limited to the male species after all.<br /><br />All in all, I would not recommend this movie.<br /><br />I did however enjoy Veronica Cartwrights portrayal of the 'love to hate her' Director of the FBI, and Julie Bowen didn't do bad as Hope the 'closet hetero' geneticist either.",negative
"When the new Outer Limits first started, the episodes were quite optimistic and challenging. As the series began to wind down, most of the episodes became just plain ugly and devoid of any entertainment value. The six episodes here reflect the very best, and worst, of the series.<br /><br />Since The Outer Limits always preaches a moral. I would like to offer my own. Starting with the most entertaining to the flops.<br /><br />1. Afterlife: As an institution, The U.S.A. military-industrial complex is both evil and paranoid, not to mention plain stupid. However, individuals with great integrity do serve our country, and they will obey their conscience even at a mind-boggling cost! In the end, the aliens don't need to say a word. Those without a conscience are fools who are to be held in utter contempt!<br /><br />A truly subversive episode! One that should be shown on prime time television for all to see! This might be a revelation for some, but folks without a conscience should not be allowed to serve in our military! Nor do the ends justify the means! <br /><br />2. Relativity Theory: A good person may be forced to make a split-second decision between good or evil in order to save the lives of defenseless intelligent beings, and at great cost to one's self. What makes this decision all the more difficult is the stark choice: Being marooned with exotic alien strangers who you can't even communicate with except through gestures, or going along with a group of people you think will keep you safe from unknown dangers even if they are ruthless, and devoid of compassion! <br /><br />This episode is brilliant! What fuels this depravity is good old fashioned greed. This episode is one of the most scathing indictments of capitalism, transnational corporations and raping the environment, I have ever seen in my lifetime! Unlike real life, justice here is served - and swiftly! <br /><br />One of the most memorable lines is when the ruthless corporate thug said something to the effect, ""We did the same thing in the Amazon Rainforest War."" Alluding to the killing of Amazonian Indians who were attempting to protect their rain forests from being strip mined, as justification for killing again literally in the name of the ""survival of the fittest."" Something Darwin never meant to be taken literally! <br /><br />3. Alien Shop: Tremendous power can be used for good, even from an exotic alien. This power can be used to heal instead of destroy. Mere mortals can learn from their mistakes! Even a criminal can see the light if given enough opportunity to do so.<br /><br />Sometimes it takes strong medicine, but we all can wake-up and change our self-destructive ways! <br /><br />4. The Grell: An alien can be a Christ-like figure! In the distant future, slavery can be justified, once again, in the name of expediency! Basically good people can be corrupted. Sometimes a person needs to be experience great shame in order to see the evil he/she is committing. Children are closer to the truth than adults. Those with political power have tremendous responsibility! Another work of genius! As a species, ""Do human beings learn from history?"" <br /><br />Flop Number 1: Quality of Mercy: Loose Lips, Sinks Ships! When in war kindly keep your mouth shut about important military plans. Gee, did I really need to watch an hour-long soap opera in order to figure this out?!! I wonder, did the makers of The Outer Limits run out of ideas, or did corporate pull the plug? Dark and ugly, serving no purpose, but despair! <br /><br />Flop Number 2: Beyond The Veil: So bad there is no moral but this: When locked-up in a mental hospital, use some common sense, please! This episode is so bad it disgusts. What an X-Files rip-off! Don't waste your time on this one! You'll thank me later! <br /><br />It's a sad commentary that The Outer Limits went down the tubes toward the end of its run. Subversive episodes, like the first four, could not last forever! It was a miracle they were made at all! Hopefully, someday, other brave souls will follow the subversive Outer Limits tradition into new territory! <br /><br />If you happen to be such a daring person, a good place to start is with one unique book: ""Anatomy Of Wonder: A Critical Guide to Science Fiction,"" edited by Neil Barron! As far as I'm concerned, the most comprehensive book ever written on the subject.",positive
