sportsett_id,summary
4921,"The Philadelphia 76ers defeated the visiting Chicago Bulls, 127 - 108, at Wells Fargo Center on Thursday evening. Both teams came out strong in the first quarter but the Bulls held the advantage, leading 41 - 38, heading into the second. However, the Sixers bounced back in the second, where they outscored the Bulls, 27 - 17, to take a 65 - 58 lead heading into halftime. The Sixers came out in domination mode in the third and outscored the Bulls, 37 - 18, to take a 102 - 76 lead heading into the fourth. The Bulls put up a fight in the fourth but the 76ers were able to cruise to their first win of the season without a problem. Joel Embiid led the 76ers with 30 points on 9 - of - 14 shooting, in 33 minutes of action. Ben Simmons put up big numbers with 13 points, 13 rebounds, 11 assists, two blocks and one steal, in 34 minutes. Robert Covington finished with 20 points, five rebounds, two assists, two steals and a block, in 29 minutes. The Sixers shot 48 percent from the field, including 12 - of - 36 from long range. Meanwhile, Zach LaVine led the Bulls with 30 points on 11 - of - 20 shooting, six rebounds, three assists and one block, in 33 minutes of action. Bobby Portis followed up with 20 points, 10 rebounds, two assists and two steals, while Antonio Blakeney added 15 points, five rebounds and two assists. The Bulls shot 44 percent from the field, including 11 - of - 33 from long range. The Bulls (0 - 1) look to bounce back as they play host to the Pistons on Saturday. The Sixers (1 - 1) play host to the 76ers on Saturday."
4922,"The Philadelphia 76ers defeated the visiting Orlando Magic, 116 - 115, at Wells Fargo Center on Saturday evening. The Magic jumped out to a quick 90 lead and went ahead to push it to a 26 - 10 advantage with 4:55 left in the first. However, the Sixers battled back and cut the gap to just two points, trailing, 32 - 30, after one. The 76ers pulled ahead in the second carried the lead for most of the quarter, before taking a 63 - 52 lead into halftime. The tides turned again in the third quarter, as the Magic outscored the 76ers by eight, to cut the deficit to three points, heading into the final frame. The Sixers maintained their edge and pushed the lead back to 10, with five minutes to go in the game, but the Magic used an 18 - 9 run to make it a one - point game with 5 seconds left and possession. The Magic were not able to convert on the final play and dropped their second game in as many nights. On the other hand, the Sixers earned their second straight win. Joel Embiid led Philadelphia with 32 points, 10 rebounds and three assists, in 33 minutes. J.J. Redick came up huge in 32 minutes off the bench, with 31 points, four rebounds and four assists. Dario Saric finished with 13 points, nine rebounds, five assists, one block and one steal, while Robert Covington added 12 points, four rebounds, two steals, one block and one assist. The Sixers shot 48 percent from the field, including 17 - of - 34 from long range. Meanwhile, Evan Fournier was the high - point man for the Magic with 31 points, four rebounds, three assists and one steal, in 33 minutes. Nikola Vucevic had a big night with 27 points, 13 rebounds, 12 assists and two steals, in 37 minutes of action, while Aaron Gordon finished with 20 points, 12 rebounds three assists, three blocks and one steal. The Magic shot 46 percent from the field, including 16 - of - 29 from distance. The Magic (1 - 2) take on the Celtics in Boston on Monday, while the 76ers, head to Detroit to challenge the Pistons on Tuesday."
4923,"The Philadelphia 76ers defeated the Charlotte Hornets, 105 - 103, at Wells Fargo Center on Saturday evening. The battle of two evenly matched teams was as good as expected, as neither club gave an inch through four quarters. A see - saw first half saw the 76ers (3 - 3) enter halftime holding a slim 63 - 62 advantage. Ultimately, a standout defensive effort by Philadelphia that saw them limit the Hornets (3 - 4) to 18 points in the final period helped key the hard - fought win. Both teams scuffled from the field with Charlotte's 39 percent success rate only slightly exceeding the Sixers' 38 percent figure. However, the home squad enjoyed a strong rebounding advantage, winning the battle of the boards by a 56 - 48 margin. Kemba Walker paced the Hornets with a game - high 37 points, a total he supplemented with six rebounds, six assists, two blocks and one steal. Miles Bridges followed with a bench - leading 14 points, a total he supplemented with two rebounds and one steal. Cody Zeller produced 12 points, six boards and one steal, while Jeremy Lamb matched his point total and added three rebounds and one assist. Joel Embiid led the way for the Sixers with a 27 - point, 14 - rebound double - double that also included two assists and two blocks. Robert Covington generated an 18 - point, 10 - rebound double - double of his own. J.J. Redick poured in 15 point to lead the second unit. Ben Simmons supplied 14 points, 12 rebounds, three assists and one steal. Dario Saric contributed 11 points, seven rebounds and one assist. Markelle Fultz turned in 10 points, four rebounds, four assists and one steal. The Hornets head back home and await a visit from the Miami Heat on Tuesday night, while the 76ers remain home to take on the Atlanta Hawks on Monday evening."
4924,"The Philadelphia 76ers defeated the Atlanta Hawks, 113 - 92, at Wells Fargo Center on Monday night. The 76ers (4 - 3) kept their undefeated run at home alive with a convincing win over the Hawks (2 - 4), as Atlanta fought hard but ultimately didn't have enough in them to battle with Philadelphia. In fact, Atlanta won the first quarter 25 - 20, but Philadelphia evened things up with a 27 - 22 second quarter that kept the score tied at 47 after the first two quarters. Philadelphia showed a bit of their playoff form last season with an impressive 31 - 13 third quarter, and they later closed things out with a 35 - 32 fourth quarter. Without a doubt, it was a strong showing from the Sixers and now they move up to 40 at home. Ben Simmons was the star of the game for Philadelphia and he came one assist short of a triple - double thanks to a 21 - point, 12 - rebound, nine - assist stat line, while Joel Embiid registered 10 points, six rebounds, six assists and two blocks. Markelle Fultz chipped in with 16 points and seven assists, Robert Covington added 11 points with six rebounds, and three bench players reached the 10 - point mark: J.J. Redick (14), Mike Muscala (14) and Landry Shamet (13). Kent Bazemore had 18 points to led all players for the Hawks, while rookie point guard Trae Young contributed with 11 points and eight assists. Dewayne Dedmon and Omari Spellman each chipped in with 11 points coming off the bench for the Hawks. All 13 Atlanta players scored, but only four reached the 10 - point mark."
4925,"The Philadelphia 76ers defeated the visiting Los Angeles Clippers, 122 - 113, at Wells Fargo Center on Thursday evening. The Sixers got out to a solid start at home, as they held the upper hand for the entire first quarter, before taking a 34 - 30 lead into the second. They took off in the second, as they quickly pushed their lead to 10, and went on to outscore the Clippers by 11 in the quarter, to take a 72 - 57 lead into halftime. However, the Clippers came out strong in the third, as they kicked off the quarter with an 11 - 4 run, to cut the gap to eight. They kept battling and managed to trim the deficit to just four points, as they trailed 90 - 86 heading into the final frame. Despite the Clippers' strong push, the Sixers kept it together and managed to push their lead back to 11, less two minutes into the quarter. From there, the Clippers were only able to get within three points, as the 76ers went on to their fifth home win of the season. Joel Embiid led Philadelphia with 41 points, 13 rebounds, four blocks and one assist, in 33 minutes. J.J. Redick followed up with 18 points, in 34 minutes off the bench, while Ben Simmons tallied 14 points, 11 assists, three rebounds and one steal. The Sixers shot 47 percent from the field, including 13 - of - 27 from long range. Meanwhile, Lou Williams led the Clippers with 26 points on 9 - of - 19 shooting, in 24 minutes off the bench. Danilo Gallinari followed up with 25 points, eight rebounds and one assist, in 35 minutes, while Tobias Harris added 24 points, eight rebounds, three assists and one block. The Clippers shot 44 percent from the field, including 9 - of - 23 from long range. The Clippers (4 - 4) will be right back in action, as they take on the Magic in Orlando on Friday. The 76ers (5 - 4) play host to the Pistons on Saturday."
4926,"The Philadelphia 76ers defeated the visiting Detroit Pistons, 109 - 99, at Wells Fargo Center on Saturday. Wire-to-wire wins are rare in today's NBA but that's just what the Sixers did here. In fact, Philly led by 24 points at times, as a 22 - point halftime lead was too much for the Clippers to overcome. Three-point shooting was key to victory, with Philly hitting 9 - of - 29 of their three's while holding Detroit to just 5 - of - 30 from long range. The free - throw shooting was also critical, as the Pistons connected on just 28 - of - 41 while the Sixers hit 44 - of - 51. Defense really carried Philly too, as they forced 17 turnovers from Detroit while holding them to under 40 percent from the field. The Pistons (4 - 4) had just one starter reach double figures in scoring, as Blake Griffin continued his magical season. In fact, he finished with 38 points, 13 rebounds, six assists and two steals on 12 - of - 21 shooting. Andre Drummond totaled eight points and nine boards. Langston Galloway led the bench with 13 points. The Sixers (6 - 4) got a spectacular performance out of Joel Embiid, as he tallied 39 points, 17 rebounds and two blocks on 10 - of - 18 from the field. Ben Simmons was second among starters, collecting nine points, five rebounds, five assists and five steals. J.J. Redick led the bench with 16 points and four assists. On deck for Philly is a road matchup versus the Brooklyn Nets on Sunday. As for Detroit, they host the Miami Heat on Monday for their next outing."
4927,"The Philadelphia 76ers defeated the Charlotte Hornets, 133 - 132, in overtime at Wells Fargo Center on Friday evening. The 76ers (8 - 5) found themselves at the scene of the majority of their successes Friday, as they'd come into the contest with a perfect 60 record at home. After a nip - and - tuck first quarter, Philadelphia seemingly turned the game in their favor with a 32 - 17 advantage in the second period. To their credit, the Hornets (6 - 6) wouldn't go away, chipping away at their deficit until overcoming it in the fourth quarter. However after holding a five - point lead as late as the 1:18 mark of the final period, Charlotte allowed Philadelphia a 7 - 2 run at the end of regulation to force overtime. In a tightly contested extra period, a free throw apiece from Ben Simmons and Joel Embiid in the closing seconds helped create just enough cushion for the win. Kemba Walker paced the Hornets with 30 points and added nine assists, seven rebounds and one steal. Jeremy Lamb provided 17 points, three rebounds, one assist, two steals and one block. Dwayne Bacon supplied 15 points, one rebound, one assist and one steal. Willy Hernangomez delivered 14 points and four boards. Cody Zeller matched Hernangomez's scoring and rebounding totals, while Michael Kidd-Gilchrist generated a 12 - point, 12 - rebound double - double off the bench. Embiid led the Sixers with a 42 - point, 18 - rebound double - double that also included four assists and four blocks. Ben Simmons tallied a 22 - point, 13 - assist double - double that also included eight boards, three blocks and two steals. Dario Saric contributed 18 points, nine rebounds, two assists and one block. J.J. Redick finished with 17 points, four assists and two rebounds. Markelle Fultz and Robert Covington started but only had seven points each. The Hornets remain on the road and take on the Pistons on Sunday afternoon, while the 76ers pay a visit to the Memphis Grizzlies on Saturday night."
4928,"The Philadelphia 76ers defeated the Utah Jazz, 113 - 107, at Wells Fargo Center on Friday evening. It was a tale of two quarters in the first half for the 76ers (10 - 7), which exploded out of the gates for a 38 - point haul over the first 12 minutes. However, as prolific as Philadelphia was in the first quarter, they had as much trouble finding the net in the second. posting only 16 points. That was the extent of their scoring drought, though, as the home squad was able to outpace the Jazz (7 - 8) by a 59 - 55 margin in the second half. The game was not won without several scares in the final period, as Utah held a 107 - 105 lead as late as the 1:37 mark of the fourth quarter before the Big Three of Ben Simmons, Jimmy Butler and Joel Embiid notched the final six points to seal the win. Donovan Mitchell paced the Jazz with 31 points, a total he supplemented with two rebounds, four steals and one block. Joe Ingles provided 14 points, two rebounds, two assists, three steals and one block. Ricky Rubio and Derrick Favors generated matching 13 - point efforts. Rudy Gobert contributed a 12 - point, 10 - rebound double - double. Butler paced the Sixers with 28 points, a total he supplemented with seven assists, three rebounds and two steals. Embiid delivered 23 points, seven rebounds, two assists, three blocks and two steals. J.J. Redick poured in 16 points. Simmons pitched in a full stat line of 10 points, eight rebounds, eight assists, one steal and one block. Amir Johnson led the second unit with 11 points. The Jazz remain on the road and pay a visit to the Boston Celtics on Saturday evening. The Sixers also hit the road and tangle with the Charlotte Hornets on Saturday night as well."
4929,"The Philadelphia 76ers defeated the Phoenix Suns, 119 - 114, at Wells Fargo Center on Monday evening. The 76ers (12 - 7) likely walked into Monday's home game feeling pretty good about themselves, and more specifically, their chances of cruising through an interconference contest against the struggling Suns (3 - 13), which had failed to win a road game in six tries. Philadelphia got an early wake - up call, as Phoenix jumped out to a 36 - 26 first - quarter lead. The visitors still held an advantage at halftime, albeit by just five points. The Sixers were able to eradicate their deficit in convincing fashion in the third and entered the final 12 minutes with a 92 - 86 edge. That would prove to be enough, although the Suns got as close 117 - 114 with 6 seconds remaining after a Mikal Bridges three - pointer. Phoenix kept the pressure on their hosts with a 51 percent success rate from the field, but they were outrebounded by a 53 - 31 margin. Devin Booker paced the Suns with 37 points, a total he supplemented with eight assists and three rebounds. T.J. Warren followed with 21 points, four rebounds, four assists and one block. Deandre Ayton posted 17 points, nine rebounds, one assist and one steal. Bridges finished with 13 points, while Trevor Ariza filled out the stat sheet with 10 points, seven rebounds, five assists, three steals and one block. Richaun Holmes matched Ariza's point total while leading the bench. Joel Embiid led the 76ers with a 33 - point, 17 - rebound double - double that also included one assist, three steals and one block. Ben Simmons had a near triple - double with 19 points, 11 rebounds, nine assists and one steal. Mike Muscala matched Simmons' point total to lead the second unit. J.J. Redick poured in 17 points and added four rebounds and three assists. Jimmy Butler contributed 16 points, three rebounds, one assist and two steals. The Suns remain on the road and visit the Chicago Bulls on Wednesday'night, while the Sixers remain home and face the New Orleans Pelicans on that same evening."
4930,"The Philadelphia 76ers defeated the visiting New Orleans Pelicans, 121 - 120, at Wells Fargo Center on Wednesday evening. The 76ers got out to a great start at home, as they outscored the Pelicans, 38 - 23, in the first quarter. The Pelicans made a push to start the second and quickly cut the gap to just three points. However, the home team was able to withstand, as the Sixers built their lead back up to double digits, and took a 67 - 57 lead into halftime. The third quarter was evenly matched, as neither team gave up any ground. The Pelicans led 96 - 87 heading into the final frame. The 76ers pushed their lead to 15 early in the fourth, but the Pelicans did not break, as the rallied back to make it a one - point game, with one minute remaining. Despite the visitor's best effort, the 76ers managed to stay one step ahead in crunch time, to pull off the impressive, 121 - 120, home win. This marks the fourth straight win for Philly. Joel Embiid led the 76ers with 31 points, 19 rebounds, two assists and two blocks, in 32 minutes. Ben Simmons followed up with 22 points, eight rebounds, seven assists, two blocks and one steal, in 35 minutes. Jimmy Butler and J.J. Redick chipped in 13 points each. The Sixers shot 45 percent from the field, including 10 - of - 29 from long range. Meanwhile, Jrue Holiday and E'Twaun Moore poured in 30 points each for the Pelicans. Julius Randle came up large as well, with 22 points, 10 rebounds, three assists and one block, in 28 minutes off the bench. The Pelicans (10 - 8) will look to bounce back as they take on the Knicks in New York on Friday. The 76ers (13 - 7) play host to the Cavs on Friday."
4931,"The Cleveland Cavaliers defeated the host Philadelphia 76ers, 121 - 112, at Wells Fargo Center on Friday evening. The Cavs got down to business right away, as they outscored the home team, 31 - 23, in the first quarter. The 76ers picked up the slack in the second and outscored the Cavs, 31 - 23, in the quarter, to tie the game at 54 heading into halftime. However, the Cavaliers would not back down, as they came out tough in the third and matched the Sixers bucket for bucket, before they emerged with a one - point lead heading into the final frame. The Cavs continued to play one step ahead of the home team 76ers, and managed to build an 11 - point lead with 4:37 left in the game. The Cavs held on from there to earn their first road win of the season, and hand the 76ers their first home loss of the season. Rodney Hood led the Cavs with 25 points on 10 - of - 20 shooting, four rebounds and one assist, in 39 minutes. Collin Sexton followed up with 23 points, five rebounds, three assists, one steal and one block, while Tristan Thompson added 18 points, 13 rebounds and two steals, in 35 minutes. The Cavs shot 53 percent from the field, including 11 - of - 22 from long range. Meanwhile, Joel Embiid led the 76ers with 24 points, 12 rebounds and three assists, in 32 minutes. J.J. Redick tallied 23 points of his own, on 5 - of - 11 shooting, while Ben Simmons and Jimmy Butler tallied 22 points each. The Sixers shot 53 percent from the field, including 13 - of - 33 from long range. The 76ers (13 - 8) will look to bounce back as they take on the Nets in Brooklyn on Sunday. The Cavs (3 - 14) play host to the Rockets on Saturday."
4932,"The Philadelphia 76ers defeated the visiting New York Knicks, 117 - 91, at Wells Fargo Center on Wednesday. Philly came into this game as a sizable favorite and a wire - to - wire victory vindicates that notion. In fact, the Sixers rode a 41 - 27 first quarter to victory, as they held a double - digit lead from there. In addition, they led by at least 19 points for the entirety of the second half. Philadelphia dominated through shooting, as they connected on 54 percent from the field and 45 percent from three - point range while holding New York to just 35 percent from the field and 21 percent from long range. Much of that was attributed to the ball movement, with the Sixers out - assisting the Knicks, 34 - 14. The Knicks (7 - 16) had just three players reach double figures in scoring, as Enes Kanter led the way with 17 points and six boards. Mario Hezonja matched those 17 points, adding five rebounds and four steals to his tally. Damyean Dotson led the bench with 16 points, four rebounds and three steals. Tim Hardaway Jr. had a game to forget, as he scored five points on 1 - of - 11 shooting, as that one made shot was a layup. The Sixers (15 - 8) got another sparkling performance from Joel Embiid, as he collected 26 points, 14 rebounds and seven assists/. J.J. Redick accrued 24 points, two rebounds and two assists on 10 - of - 14 from the field. Ben Simmons tallied 14 points, eight rebounds and seven assists. Mike Muscala and Furknan Korkmaz both reached double figures in scoring off of the bench. On deck for Philadelphia is a home matchup versus the Washington Wizards on Friday. As for New York, they're off until Saturday when they welcome the Milwaukee Bucks to The Garden."
4933,"The Philadelphia 76ers defeated the Washington Wizards, 123 - 98, at Wells Fargo Center on Friday evening. The 76ers (16 - 8) set the tone early for what would be a comfortable victory, establishing a 31 - 19 first - quarter lead that had grown to 68 - 46 by halftime. Philadelphia had no trouble maintaining a sizable advantage in the second half over the reeling Wizards (8 - 14), who were playing without Otto Porter, Jr. (personal). The Sixers limited Washington to 40 percent shooting (including 29 percent from three - point range) while winning the rebounding battle by a 58 - 42 margin. Bradley Beal led the Wizards with 19 points. Austin Rivers followed with a bench - leading 15 points and also offered two rebounds, one assist, one steal and one block. Thomas Bryant drew a start at center and posted 12 points, seven rebounds. one steal and one block. John Wall got off to a slow start and never recovered, tallying 11 points, seven assists, three rebounds and three steals. Philadelphia saw seven players hit double digits in the scoring column, with Joel Embiid leading the way. The big man posted a 16 - point, 15 - rebound double - double that also included three blocks. T.J. McConnell was next with a bench - leading 15 points. J.J. Redick poured in 14 points. Ben Simmons managed a 13 - point, 10 - assist double - double that also included eight rebounds. Furkan Korkmaz supplied 13 points, five assists, two rebounds and one steal. Landry Shamet turned in 12 points, four rebounds, two assists and one steal. Mike Muscala matched Shamet's scoring total and pulled down 10 rebounds. Jimmy Butler collected 11 points, seven rebounds, four assists and four steals. The Wizards head back home and face the Brooklyn Nets on Saturday evening, while the Sixers remain home to take on the Memphis Grizzlies on Sunday evening."
4934,"The Philadelphia 76ers defeated the visiting Memphis Grizzlies, 103 - 95, at Wells Fargo Center on Sunday evening. The Sixers got out to a quick, 10 - 3, lead but the Grizzlies stuck with it, leading to a, 26 - 25, advantage for the home team, after one quarter. The 76ers stayed on top in the second, where they outscored the Grizzlies, 28 - 19, to take a, 54 - 44, lead by halftime. Things tightened up again in the second half, as both teams matched each other for 24 points in the third quarter, leaving the Sixers ahead by 10 heading into the fourth. The Grizzlies started the fourth quarter with a quick 9 - 1 run, to make it a two - point game. However, the 76ers answered right back, pushing their lead back to nine, with five minutes left. The Grizzlies cut it as close as a four - point deficit, but could not do better than that, as the 76ers held on to earn their fourth straight win. J.J. Redick led Philly with 24 points on 9 - of - 17 shooting, in 30 minutes. Jimmy Butler tallied 21 points, three rebounds, two assists and a block. Ben Simmons finished with 19 points, 12 rebounds, six assists and two steals, while Joel Embiid added 15 points, 14 rebounds, three assists, one steal and one block. Meanwhile, Mike Conley led the Grizzlies with 21 points, five assists, two rebounds, one steal and one block. Jaren Jackson Jr. followed up with 17 points, three rebounds, three blocks and a steal, while JaMychal Green tallied 14 points, seven rebounds and four steals. The Grizzlies (13 - 9) will look to bounce back as they play host to the Clippers on Tuesday. The 76ers (17 - 8) take on the Raptors in Toronto on Wednesday."
4935,"The Philadelphia 76ers defeated the visiting Detroit Pistons, 116 - 102, at Wells Fargo Center on Monday evening. The Pistons jumped to an early, 7 - 4, lead but the 76ers came back to tie it at 11, four minutes into the first quarter. The Sixers did not look back from there, as they used a quick, 90, run to create some separation, and held on to take a, 38 - 29, lead into the second quarter. The game slowed down in the second, as the Sixers and Pistons matched each other with 18 points in the quarter. Things picked up again in the third, where the Sixers held their nine - point lead for most of the quarter, until the Pistons finally made a run to cut the deficit to three, with under two minutes remaining. However, the 76ers charged back with a, 11 - 3, run to bring a, 87 - 76, lead into the final frame. The Pistons kept fighting and cut the gap to six early in the quarter, but the home team responded one final time, pushing the lead to 17 points with three minutes left in the contest. The 76ers cruised from there to their second win in a row, while the Pistons dropped their fifth in a row. Joel Embiid led Philadelphia with 24 points, eight rebounds, three assists, two steals and two blocks, in 32 minutes. Ben Simmons followed up with 18 points, 10 rebounds, seven assists, two steals and one block, while T.J. McConnell added 14 points, six assists, four rebounds and two steals, in 28 minutes off the bench. Luke Kennard had a big night for the Pistons, with 28 points, eight rebounds and three assists, in 36 minutes. Blake Griffin (rest) did not suit up, but Andre Drummond finished with 21 points, 17 rebounds, three blocks, two assists and one steal. The Pistons (13 - 12) will look to bounce back as they take on the Hornets in Charlotte on Wednesday. The 76ers (19 - 9) play host to the Nets on Wednesday."
4936,"The Brooklyn Nets defeated the Philadelphia 76ers, 127 - 124, at Wells Fargo Center on Wednesday. The game was certainly not as close as the final score suggests, as the Nets were in control for nearly all of Wednesday's contest before the 76ers' second unit, led by rookie Landry Shamet scoring 10 points in the final minute of the game, made a late push but ultimately just ran out of time. The main reason Brooklyn found itself in full control of the outing was the stellar play of Spencer Dinwiddie, who scored a career - high 39 points in just 30 minutes off the bench. The point guard shot 4 - of - 6 from three and a11 - of - 18 from the field overall, but he did most of his damage from the free throw line, where he was 13 - of - 14. It was the fifth time this season the breakout 25 - year - old scored at least 25 points in a game. As for the rest of the Nets, Allen Crabbe was the high scorer out of the starters, posting 20 points while shooting 50 percent from the field. Joe Harris was 2 - of - 3 from behind the arc en route to scoring 14 points, while rookie Rodions Kurucs scored 13 points off the bench. As a team, the Nets were on fire from behind the arc, going 14 - of - 28 from deep. The 76ers had to play Wednesday's game without star guard Jimmy Butler (groin), and their star players certainly picked up some of the slack. Joel Embiid was a force down low, postig another massive double - double of 33 points and 17 rebounds in 38 minutes, while Ben Simmons had a terrific all - around performance with 22 points, eight rebounds, seven assists, four steals and two blocks. Lastly, Furkan Korkmaz, who started in Butler's absence, scored 18 points for the second straight night. Offensive production, however, wasn't the problem, as the 127 points the team gave up was the most Philadelphia allowed in nearly a month."
4937,"The Indiana Pacers defeated the Philadelphia 76ers, 113 - 101, at Wells Fargo Center on Friday evening. The Pacers (19 - 10) fell behind by 10 points at the end of the first quarter, and given that the 76ers (19 - 11) had lost only twice all season on their home floor, things looked bleak for Indiana early. The visitors still trailed by 10 at halftime, but a prolific third quarter where they outscored Philadelphia by a 31 - 18 margin. The Pacers then kept the heat on in the fourth by adding nine points to their advantage and sealing a hard - fought road victory. Thaddeus Young led the Pacers by touching up one of his old squads for a 26 - point, 10 - rebound double - double that also included five assists and one block. Bojan Bogdanovic provided 18 points, five rebounds and two assists. Victor Oladipo, Domantas Sabonis and Cory Joseph generated matching 14 - point tallies. Oladipo added nine assists and three steals, Sabonis also pulled down 16 rebounds, Darren Collison mustered eight points but also dished out 10 assists. Joel Embiid paced the Sixers with a 40 - point, 21 - rebound double - double that also included three assists, one steal and one block. J.J. Redick contributed 22 points. Ben Simmons managed 18 points, nine rebounds, four assists, two steals and one block. Furkan Korkmaz started for Jimmy Butler (groin) once again but only totaled six points and two rebounds. The Pacers head back home to face the New York Knicks on Sunday afternoon, while the Sixers pay a visit to the Cleveland Cavaliers on Sunday afternoon as well."
4938,"The Philadelphia 76ers defeated the New York Knicks, 131 - 109, at Wells Fargo Center. The 76ers (21 - 12) entered this game losing three of their past four outings, but they bounced back in a huge way thanks to a 22 - point win playing in front of their crowd against a struggling Knicks (7 - 25) side that was unable to get things going from start to finish. As a result, New York have now lost 10 of their last 12 games. Philly established their terms early and jumped to a 38 - 33 lead after the first quarter. They would never looked back, though, and they actually won all quarters here. The final score per each quarter was: 38 - 33, 31 - 28, 30 - 24 and 32 - 24, respectively. Ben Simmons paved the way for the Sixers thanks to a triple - double of 13 points, 11 rebounds and 10 assists. Joel Embiid was the top scorer with 24 points and he also added 10 rebounds. Jimmy Butler had a solid outing as well since he finished with 20 points, four rebounds and four assists. J. J. Redick had 14 points, and Landry Shamet delivered 17 points off the bench. Every Sixers player that saw action scored at least two points. Tim Hardaway Jr. was New York's top scorer with 27 points and he also added five assists. Kevin Knox had one of his best games as a pro and finished with 21 points and six rebounds, while Enes Kanter chipped in with 15 points and six boards. Emmanuel Mudiay filled the stat sheet thanks to 11 points, five assists and three boards. Damyean Dotson contributed 14 points off the bench."
4939,"The Philadelphia 76ers defeated the visiting Toronto Raptors, 126 - 101, at Wells Fargo Center on Saturday. While there were 13 ties and 13 lead changes in the first half, Philadelphia held the lead for the entirety of the second half. In fact, the Sixers outscored the Raptors, 97 - 71, across the final three quarters to take control. The shooting disparity was key, with Philadelphia hitting 54 percent from the field and 33 percent from three - point range while holding Toronto to 39 percent from the field and 25 percent from long range. Ball movement played a huge factor in that, with the Sixers out - assisting the Raptors, 33 - 17. Defensive rebounding was also decisive, with Philly winning that battle, 49 - 33 The Raptors (25 - 10) decided to rest Kawhi Leonard for this game and it clearly hampered them in this defeat. Pascal Siakam was their best player, as he led the way with 26 points, six rebounds and two assists. Kyle Lowry accumulated 20 points, six rebounds and five assists. Norman Powell led their bench with 13 points and four boards. The Sixers (22 - 12) got a spectacular performance from Joel Embiid, as he collected 27 points and 11 rebounds on 10 - of - 15 from the field. Ben Simmons was just as good, tallying 26 points, 12 rebounds and eight assists on 11 - of - 13 shooting. J.J. Redick amassed 22 points, three rebounds and five assists while Jimmy Butler finished with 12 points, seven rebounds, seven assists and three steals. On deck for Philly is a Christmas Day showdown against the Boston Celtics on Tuesday. As for Toronto, they travel to face the Miami Heat on Wednesday for their next fixture."
4940,"The Philadelphia 76ers defeated the visiting Dallas Mavericks, 106 - 100, at Wells Fargo Center on Saturday. This final scoreline makes this game look closer than it actually was, as Philly dominated throughout. In fact, the Sixers won each of the first three quarters by at least three points apiece, as they led by 17 heading into the fourth quarter. Dallas did respond with a 30 - 19 fourth quarter, as that got the lead down to four points with less than a minute remaining. Defense was critical for the Sixers, as they held the Mavericks to 43 percent from the field, 29 percent from three - point range and 65 percent from the free - throw line. Philadelphia did a ton of work down low too, outscoring the Mavericks in the paint, 62 - 52. Philly's starters really dominated Dallas's starters, outscoring them, 83 - 49. The Mavericks (18 - 21) are now 3 - 18 on the road this season, as this marks their 10th loss in their last 13 games in total. Wesley Matthews was their leading scorer in this game, as he finished with 18 points and two rebounds. Luka Doncic tallied 14 points, eight rebounds, four assists and two steals. Jalen Brunson was huge off the bench, providing 13 points, 11 rebounds and eight assists. The Sixers (26 - 14) were led by Joel Embiid, as he collected 25 points, 12 rebounds and five assists. J.J. Redick amassed 20 points, two rebounds, two assists and two steals. Ben Simmons accumulated 20 points, 14 rebounds and 11 assists en route to a triple - double. Jonah Bolden got a rare start and accrued 11 points, nine rebounds, three assists and two blocks. On deck for Dallas is a home matchup versus the Los Angeles Lakers on Monday. As for Philly, they play host to the Washington Wizards on Tuesday for their next outing."
4941,"The Philadelphia 76ers defeated the Washington Wizards, 132 - 115, at Wells Fargo Center on Tuesday evening. The Wizards (16 - 25) came out of the gates ready to do battle against their superior conference opponent, but the 76ers (27 - 14) bounced back from an early 20 - 12 deficit to close out the first quarter on a 20 - 9 run that would set the tone for more dominance to come. Philadelphia went on to outscore Washington by a 36 - 16 margin in the second quarter to secure a dominating advantage that they wouldn't relinquish. The Wizards shot well (51 percent), but the Sixers were just a bit better at 56 percent, including 52 percent from three - point range. Meanwhile, the home squad won the battle of the boards handily by a 49 - 34 margin. Bradley Beal paced the Wizards with 28 points and added three rebounds, two assists and three steals. Jeff Green followed with 15 points, a rebound, an assist and a steal. Sam Dekker led a productive bench effort with 14 points, four assists, three rebounds and two steals. Otto Porter, Jr. mustered 11 points, while Ian Mahinmi and Chasson Randle generated matched 10 - point tallies. Mahinmi notably pulled down seven rebounds and dished out five assists as well. Landry Shamet led the Sixers with 29 points off the bench, supplementing them with three rebounds, one assist and one steal. Joel Embiid produced a 20 - point, 10 - rebound double - double that also included four assists and one block. Jimmy Butler supplied 20 points, five rebounds, three assists and two steals. Ben Simmons totaled 17 points, nine assists, five boards and three steals. Furkan Korkmaz drew the start for J.J. Redick (back) and managed 16 points. The two teams meet again on Wednesday night in the Nation's Capital for the second game of the home - and - home set."
4942,"The Atlanta Hawks defeated the Philadelphia 76ers, 123 - 121, at Wells Fargo Center on Friday evening. The Hawks (13 - 29) knew they were facing an uphill battle coming into the contest, given both their futile road record and the quality of their opponent. However, their chances received a boost shortly before tip - off when it was revealed that Joel Embiid (ankle) would miss the contest for the 76ers (27 - 16). Atlanta did come out of the gates hot and trailed just 56 - 54 at the half. The Hawks would then hold the lead for substantial portions of the second half, and they made an impressive comeback from a 121 - 118 deficit with under a minute remaining. Kevin Huerter knotted the game at 121 with 54 seconds remaining, a basket John Collins followed up with a 13 - footer with 10 seconds left. Jimmy Butler then missed two free throws and both Ben Simmons and Wilson Chandler misfired on tip shots in the closing seconds to seal the wild win for the visitors. Huerter led the way for the Hawks with 29 points, adding three rebounds, three assists and two steals. Collins contributed 25 points, nine rebounds, two assists and one steal. Dewayne Dedmon produced 19 points, eight rebounds, seven assists and one steal. Trae Young supplied 18 points, five assists, four rebounds and two steals. De'Andre Bembry delivered 14 points, six boards, five assists and one steal. Alex Len and Jeremy Lin co - led the bench with nine points apiece. Butler paced the 76ers with 30 points and supplemented them with five assists, four rebounds and three steals. Simmons finished with 23 points, 15 assists, 10 rebounds, two steals and one block. J.J. Redick poured in 20 points while also tallying two assists, one rebound and one steal. Mike Muscala started for Embiid and offered 16 points and three rebounds among his contributions. T.J. McConnell matched Muscala's scoring and also dished out six assists, pulled down three rebounds and recorded two steals. The Hawks head back home and face the Milwaukee Bucks on Sunday afternoon, while the 76ers pay a visit to the New York Knicks on Sunday afternoon as well."
4943,"The Philadelphia 76ers defeated the Minnesota Timberwolves, 149 - 107, at Wells Fargo Center on Tuesday evening. The 76ers (29 - 16) demonstrated that they owned an 18 - 4 home record coming in for good reason, as they jumped out to an early 40 - 27 lead after 12 minutes. Their advantage was already an insurmountable 83 - 58 by halftime, and they continued piling on the Timberwolves (21 - 23) for the blowout victory. All five members of Philadelphia's first unit unsurprisingly hit double digits in the scoring column, and two second - unit members, Jonah Bolden and Landry Shamet, joined in on the fun with some extra minutes. The two biggest disparities on the stat sheet were in the areas of shooting and rebounding. The Sixers drained 60 percent of their attempts (including 49 percent from distance) while limiting Minnesota to a 38 percent success rate. The hosts also won the battle of the boards by a 55 - 34 margin. With the Timberwolves starters seeing limited minutes due to the sizable deficit, Derrick Rose led the way with 15 points in 22 minutes off the bench, adding four assists and two rebounds. Karl-Anthony Towns tallied 13 points, three rebounds, two assists and two steals. Andrew Wiggins supplied 12 points, four rebounds, two steals and one block. Jeff Teague, Dario Saric and Luol Deng turned in matching 11 - point tallies. Taj Gibson contributed 10 points, five rebounds, one assist, one steal and one block. Joel Embiid paced the 76ers with a 31 - point, 13 - rebound double - double that also included three assists and one block. Ben Simmons put together a near triple - double of 20 points, 11 rebounds, nine assists, three blocks and one steal. Jimmy Butler delivered 19 points, four assists, three rebounds, two steals and one block. J.J. Redick poured in 15 points and also contributed three assists. Wilson Chandler and Bolden had 14 points apiece, with Chandler notably adding five boards and four assists. Shamet finished with 12 points, four assists, three rebounds, one steal and one block. The Timberwolves head back home to face the San Antonio Spurs on Friday night, while the 76ers pay a visit to the Indiana Pacers on Thursday evening."
4944,"The Oklahoma City Thunder defeated the host Philadelphia 76ers, 117 - 115, at Wells Fargo Center on Saturday. Oklahoma City has miraculously won 18 - straight games over Philly heading into this matchup, as this win solidifies their ownership and makes it 19 in a row. It took quite the effort to get them there though, as Paul George capitalized on a four - point play with six seconds left to take the lead and grab the win. While the Thunder led for over 40 minutes of this game, there were still five ties and nine lead changes in total. Philadelphia really killed themselves by not taking care of the ball, as they lost the turnover differential, 17 - 10. Free-throw shooting was also critical, with the Thunder hitting 23 - of - 26 and the Sixers connecting on just 28 - of - 39. The Thunder (27 - 18) were led by Paul George, as he tallied 31 points, six rebounds, five assists and three steals. Russell Westbrook accumulated 21 points, 10 rebounds and six assists. Steven Adams totaled 16 points, nine rebounds, three assists and two blocks while Dennis Schroder led the bench with 21 points, four rebounds and two assists. The Sixers (30 - 17) were led by Joel Embiid, as he collected 31 points, eight rebounds and six assists. Ben Simmons accrued 20 points, 15 rebounds and nine assists. J.J. Redick amassed 22 points and two rebounds while Jimmy Butler generated 18 points, three rebounds, four assists, two steals and two blocks. Both teams return to action on Monday, with Oklahoma City traveling to face the struggling New York Knicks and Philly playing host to the Houston Rockets."
4945,"The Philadelphia 76ers defeated the visiting Houston Rockets, 121 - 93, at Wells Fargo Center on Monday evening. The contest got out to a competitive start, with the Sixers taking the early advantage, with a four - point lead after one quarter. They held the edge in the second, where they outscored the visitors by 11, to take a 65 - 50 lead by halftime. The 76ers took it to another level in the third quarter by outscoring the Rockets 29 - 13, to push their lead to 31, heading into the final frame. Despite missing Jimmy Butler (wrist), the 76ers held on for their 20th home win of the season. Joel Embiid led the 76ers with 32 points, 14 rebounds, three blocks, two steals and two assists, in 26 minutes. Landry Shamet added 18 points on 7 - of - 13 shooting, and one rebound, in 20 minutes off the bench, while J.J. Redick tallied 16 points, two rebounds, two steals, one assist and one block. The 76ers shot 49 percent from the field, including 8 - of - 23 from long range. Meanwhile, James Harden led the Rockets with 37 points on 12 - of - 26 shooting, six rebounds, three assists, two blocks and a steal, in 30 minutes. Gerald Green followed up with 18 points, two rebounds and two assists, while Kenneth Faried chipped in 13 points and six rebounds, in 23 minutes off the bench. The Rockets shot 36 percent from the field, including 11 - of - 42 from long range. The Rockets (26 - 20) will look to bounce back as they take on the Knicks in New York on Wednesday. The Sixers (31 - 17) play host to the Spurs on Wednesday."
4946,"The Philadelphia 76ers defeated the San Antonio Spurs, 122 - 120, at Wells Fargo Center on Wednesday evening. The 76ers (32 - 17) finished a tightly contested and high - scoring first half with a slim 67 - 64 advantage. Nevertheless, the Spurs (27 - 22) stayed hot on their tail, and they held a seemingly solid 120 - 112 lead with 2:48 remaining following a Marco Belinelli three - pointer. However, that's when Philadelphia went to work, rattling off 10 unanswered points to seal the win. Wilson Chandler's block of a DeMar DeRozan layup with 8 seconds remaining was critical, as the home squad held just a 121 - 120 edge at the time. DeRozan paced the Spurs with 26 points, adding nine rebounds, three assists, two steals and one block. Patty Mills poured in 17 points. Rudy Gay matched Mills' scoring total and added four rebounds, three assists and two steals. Belinelli poured in 16 points and also contributed two rebounds, one assist and one block. Derrick White finished with 15 points, five assists, four rebounds, two steals and one block. Bryn Forbes supplied 14 points, six boards and two assists. LaMarcus Aldridge registered 13 points, six assists, five rebounds, three blocks and one steal. Joel Embiid led the 76ers with a 33 - point, 19 - rebound double - double that also included three assists and one block. Ben Simmons tallied 21 points, 15 assists, 10 rebounds and one steal. J.J. Redick delivered 19 points, three rebounds, three assists and one block. Landry Shamet finished with 14 points, two assists and three steals. T.J. McConnell compiled 10 points, eight assists, two rebounds and one steal. The Spurs remain on the road and next tangle with the New Orleans Pelicans on Saturday evening, while the 76ers pack their bags and take on the Denver Nuggets on Saturday night as well."
4947,"The Toronto Raptors defeated the host Philadelphia 76ers, 119 - 107, at Wells Fargo Center on Tuesday. In a battle between two of the top teams in the Eastern Conference, Toronto led throughout. In fact, a 40 - 28 first quarter really set the tone, as they led by at least six points for the final three quarters. Offensive rebounding was huge for the Raptors, as they won that battle, 15 - 5. Toronto also won the points in the paint battle, 56 - 44 while out - assisting the Sixers, 27 - 20. Toronto also won the turnover differential, 18 - 13, which allowed them to win the points off turnover battle, 30 - 16. The Raptors (39 - 16) were led by Kawhi Leonard, as he finished with 24 points, seven rebounds, three assists and three steals. Kyle Lowry amassed 20 points, six assists and two steals. Pascal Siakam accrued 16 points, six rebounds and two assists while Serge Ibaka totaled 20 points, 10 rebounds and three assists. The Sixers (34 - 20) were led by Joel Embiid, as he accumulated 37 points, 13 rebounds, two assists and three blocks. Ben Simmons collected 20 points, seven rebounds, six assists and three steals, Jimmy Butler generated 18 points, five assists and two steals. Furknan Korkmaz led the bench with 11 points. On deck for Toronto is a road matchup versus the Atlanta Hawks on Thursday. As for Philadelphia, they play host to the Denver Nuggets on Friday for their next fixture."
4948,"The Philadelphia 76ers defeated the visiting Denver Nuggets, 117 - 110, at Wells Fargo Center on Friday evening. The 76ers got out to a great start at home, with a 33 - 23 lead after one quarter. However, the Nuggets returned the favor in the second, where they outscored the Sixers 33 - 23, to tie it up at 56 by halftime. The contest stayed tight through the third, as the 76ers came out with a one - point advantage heading into the final frame. The Nuggets took the lead early in the fourth, but the 76ers closed the game on a 14 - 7 run to seal their first win with their new - look squad, now featuring Tobias Harris. Harris finished with 14 points on 6 - of - 12 shooting, eight rebounds, three assists and one steal, in 32 minutes. J.J. Redick led the 76ers with 34 points on 11 - of - 15 shooting, three rebounds and three assists, while Jimmy Butler tallied 22 points, seven rebounds, five assists and three steals. The 76ers shot 50 percent from the field, including 10 - of - 22 from deep. Meanwhile, Nikola Jokic led the Nuggets with 27 points, 10 rebounds, 10 assists and three steals, in 35 minutes. Jamal Murray followed up with 23 points, six assists, five rebounds and a block, while Will Barton added 14 points, eight rebounds and seven assists. The Nuggets shot 49 percent from the field, including 6 - of - 26 from long range. The Nuggets (37 - 18) will look to bounce back as they play host to the Heat on Monday. The 76ers (35 - 20) play host to the Lakers on Sunday."
4949,"The Philadelphia 76ers defeated the Los Angeles Lakers, 143 - 120, at Wells Fargo Center on Sunday afternoon. The Lakers (28 - 28) were fresh off a miracle win over the Boston Celtics on Thursday night, but they were faced with just as tough a test Sunday against the 76ers (36 - 21). Los Angeles looked up to the task early, taking a 40 - 39 lead in a high - scoring first quarter. However, Philadelphia turned the game around in the middle periods, outscoring their visitors by a 70 - 54 margin during that stretch. The Sixers then added another eight points to their edge for good measure in the fourth. With 263 combined points, there was naturally no shortage of impressive shooting - - the Lakers drained 52 percent of their attempts, while the hosts generated a 58 percent success rate from the floor, including 50 percent from three - point range. Kyle Kuzma led the way for the Lakers with 39 points, adding three rebounds and one assist. JaVale McGee generated a 21 - point, 13 - rebound double - double that also included one assist, one steal and one block. Brandon Ingram tallied 19 points, four rebounds and four assists. LeBron James contributed 18 points, 10 boards and nine assists. Reggie Bullock had just two points over 31 minutes in his team debut. Joel Embiid paced the 76ers with a 37 - point, 14 - rebound double - double that also included three assists and one steal. Tobias Harris supplied 22 points, six rebounds, six assists and a block. J.J. Redick poured in 21 points and added five assists, two rebounds and two steals. Jimmy Butler turned in 15 points, four rebounds and three assists. T.J. McConnell registered 13 points off the bench, while Boban Marjanovic furnished 10. Ben Simmons had just eight points on 3 - for - 13 shooting and also dished out seven assists, hauled in three rebounds and recorded a steal and a block apiece. The Lakers remain on the road and visit the Atlanta Hawks on Tuesday night, while the 76ers remain home for a showdown against the Boston Celtics on Tuesday evening."
4950,"The Boston Celtics defeated the host Philadelphia 76ers, 112 - 109, at Wells Fargo Center on Tuesday. In a battle between two of the Eastern Conference elite, this game came down to the wire. In fact, neither team ever led by more than 10 points, as there were nine ties and eight lead changes in total. Defense was the difference for Boston, as they recorded nine steals while winning the turnover differential, 14 - 6. Three-point shooting was also critical, with the Celtics connecting on 13 - of - 29 while the Sixers hit just 9 - of - 27. Bench production was also decisive, with Boston outscoring Philly's bench, 39 - 21. The Celtics (36 - 21) were led by Gordon Hayward, as he provided 26 points, four rebounds and three assists off the bench. Al Horford led the starters with 23 points, eight rebounds, five assists and four steals. Jayson Tatum finished with 20 points, 10 rebounds, two steals and two blocks. Marcus Morris accrued 17 points, eight rebounds and two assists. The Sixers (36 - 21) were led by Joel Embiid, as he tallied 23 points, 14 rebounds, three assists and two blocks. Jimmy Butler amassed 22 points and nine boards. J.J. Redick accrued 16 points, three rebounds and two assists while Ben Simmons collected 16 points, five rebounds, five assists and two steals. Both teams have to play the second half of a back - to - back set on Wednesday, with Boston playing host to the Detroit Pistons and Philly traveling to face the New York Knicks."
4951,"The Philadelphia 76ers defeated the Miami Heat, 106 - 102, at Wells Fargo Center on Thursday evening. The 76ers (38 - 21) came into the contest sans their most dominant player, as Joel Embiid had already been ruled out Wednesday due to lingering knee soreness. That thrust the recently acquired Boban Marjanovic into the starting lineup, a development that led to excellent results. The seven - footer contributed a 19 - point, 12 - rebound double - double over a modest 27 minutes, adding two assists and one block. However, the Heat (26 - 31) put quite the scare into their hosts, outscoring them by a 25 - 16 margin in the third quarter to take a two - point lead into the final period. Miami ultimately held a slim one - point edge with just under two minutes to go, but Philadelphia finished on an 8 - 4 run to seal the hard - fought victory. Dwyane Wade paced the Heat with 19 points, adding six assists, four rebounds, one steal and one block. Dion Waiters produced 18 points, five boards, one assist and three steals. Kelly Olynyk furnished 15 points, six rebounds and three assists. Josh Richardson totaled 13 points, five assists, two rebounds and one block. Justise Winslow stuffed the stat sheet with 11 points, seven rebounds, five assists and three steals. Tobias Harris led the 76ers with a 23 - point, 11 - rebound double - double that also included one assist and one block. Ben Simmons turned in 21 points, seven rebounds, four assists, one steal and one block. Jimmy Butler supplied 18 points, six rebounds, six assists and one steal. J.J. Redick poured in 13 points and added six rebounds, three assists and one block. The Heat returns home to face the Detroit Pistons on Saturday evening, while the 76ers remain home to tangle with the Portland Trail Blazers on Saturday afternoon."
4952,"The Portland Trail Blazers defeated the Philadelphia 76ers, 130 - 115, at Wells Fargo Center on Saturday afternoon. The Trail Blazers (36 - 23) have been anything but road warriors this season, as they came in having notched only 11 of their 35 victories outside of their home floor of Moda Center. However, coming off a convincing win Thursday against the Nets, Portland got off to a fast start against the Joel Embiid-less 76ers (38 - 22), forging a 59 - 56 halftime lead. The visitors then truly separated in the third, outscoring Philadelphia by a 41 - 26 margin to essentially seal the win. Both teams shot well, but it was on the boards where the Blazers distinguished themselves with a 53 - 33 rebounding advantage. Jusuf Nurkic paced the Trail Blazers with 24 points, adding 10 rebounds and four assists. Damian Lillard followed with 17 points, supplementing them with eight assists, six rebounds and one steal. Enes Kanter furnished 16 points, eight boards and four assists. Al-Farouq Aminu and C.J. McCollum contributed matching 15 - point tallies while hauling in six and five rebounds, respectively. Maurice Harkless delivered 13 points, five rebounds, two assists, three steals and two blocks. Ben Simmons led the 76ers with a 29 - point, 10 - assist double - double that also included seven rebounds. Tobias Harris registered 20 points, eight rebounds, one steal and one block. Mike Scott and Jimmy Butler generated matching 15 - point, two - assist lines. J.J. Redick had just seven points on 1 - for - 10 shooting, while Boban Marjanovic managed just four points, five rebounds, two assists and one steal across 19 minutes. The Trail Blazers are back in action Monday night versus the Cavaliers, while the 76ers pay a visit to the New Orleans Pelicans on Monday evening as well."
4953,"The Golden State Warriors defeated the Philadelphia 76ers, 120 - 117, at Wells Fargo Center on Saturday evening. The Warriors (44 - 19) were playing short - handed, considering Klay Thompson had been ruled out earlier in the day due to knee soreness. They were further depleted when Alfonzo McKinnie, who drew the start for Thompson, eventually exited the game with a hip injury. However, Golden State managed to claw back from a 12 - point halftime deficit to enter the final period with a three - point advantage. The 76ers (40 - 23) drew even at 111 with as little as 3:21 remaining, but the defending champs subsequently went on an 8 - 3 run to create enough cushion for the narrow victory. Kevin Durant paced the Warriors with 34 points, adding five rebounds and five assists. Stephen Curry generated 28 points, four rebounds, two assists and four steals. DeMarcus Cousins supplied 25 points, eight rebounds, two steals and one block. Damion Lee poured in 12 points to lead the bench. Draymond Green delivered six points, 10 assists, nine rebounds and three steals. Ben Simmons led the 76ers with a 25 - point, 15 - rebound, 11 - assist triple - double that also included three steals. Jimmy Butler pitched in 21 points, nine boards, two assists, one steal and one block. Mike Scott netted 22 points to lead the bench. Tobias Harris managed 20 points, nine rebounds and three assists. Jonah Bolden registered 12 points, three rebounds, two assists and two blocks. The Warriors head back home to face the Boston Celtics on Tuesday night, while the 76ers remain home to tangle with the Orlando Magic on Tuesday evening as well."
4954,"The Philadelphia 76ers defeated the visiting Orlando Magic, 114 - 106, at Wells Fargo Center on Tuesday. A 39 - 34 first quarter really set the tone for Philly in this game, as they led for all but a few minutes. With that said, they never led by more than 13 points, as it was close until the final seconds. Free-throw shooting was the difference, with the Sixers hitting 19 - of - 21 from the charity stripe while the Magic connected on just 9 - of - 12. Rebounding was also huge, with Philadelphia winning that battle, 50 - 44. The 10 steals recorded by the Sixers were decisive as well, with Orlando picking up just four. The Magic (30 - 36) were led by Evan Fournier, as he tallied 25 points, two rebounds and two assists. Aaron Gordon accrued 24 points, nine rebounds and three assists. Jonathan Isaac amassed 16 points and five boards while Nikola Vucevic finished with 12 points, 12 rebounds and two assists. The Sixers (41 - 23) were led by J.J. Redick, as he totaled 26 points and five boards. Tobias Harris accumulated 21 points, 12 rebounds, five assists and two steals. Ben Simmons finished with 16 points, 13 rebounds, eight assists and two steals while Mike Scott led the bench with 11 points and five boards. On deck for Philly is a road matchup versus the Chicago Bulls on Wednesday. As for Orlando, they play host to the Dallas Mavericks on Friday for their next fixture."
4955,"The Philadelphia 76ers defeated the visiting Indiana Pacers, 106 - 89, at Wells Fargo Center on Sunday. A win for Philly here would tie them with Indiana for the three - seed in the east, as they won this game in dominating fashion. While there were 10 ties and seven lead changes in the first half, the Sixers rode a 55 - 30 second half to victory. Their defense was key, as they held the Pacers to 37 percent from the field and 31 percent from three - point range while forcing 14 turnovers. Free-throw shooting was critical too, with Philly hitting 23 - of - 30 and Indiana connecting on 22 - of - 37. The Pacers (42 - 25) were led by Bojan Bogdanovic, as he tallied 18 points, five rebounds, two assists and two steals. Darren Collison accrued 14 points, four rebounds and two assists. Thaddeus Young amassed nine points, nine rebounds and three assists while Domantas Sabonis returned to provide nine points, six rebounds and six assists. The Sixers (42 - 25) got Joel Embiid back from an eight - game absence, as he collected 33 points, 12 rebounds and two steals. Tobias Harris accumulated 16 points, eight rebounds and four assists. Ben Simmons totaled 15 points, four rebounds and six assists while Jimmy Butler finished with 12 points, four rebounds and four assists. Both teams return to action on Tuesday, with Indiana playing host to the struggling New York Knicks and Philly welcoming the Cleveland Cavaliers to Wells Fargo Center."
4956,"The Philadelphia 76ers defeated the Cleveland Cavaliers, 106 - 99, at Wells Fargo Center on Tuesday evening. The 76ers (43 - 25) opened the game playing like a team clearly superior to its opponent, as they built a 24 - 12 lead through one quarter. However, the Cavaliers (17 - 51) went on to outscore them by a 65 - 57 margin during the middle periods, setting up a tight fourth quarter. Cleveland held a 97 - 96 lead with as little as 2:53 remaining, but Philadelphia was able to finish on a 10 - 2 run for the victory. Collin Sexton paced the Cavaliers with 26 points, adding two rebounds and one assist. Cedi Osman supplied 18 points, eight rebounds, four assists and two steals. Jordan Clarkson provided 13 points, five rebounds and two assists. Ante Zizic generated 12 points, five boards and two assists. Brandon Knight delivered 11 points, five rebounds and two steals. Ben Simmons led the 76ers with 26 points and also posted 10 rebounds, eight assists and one steal. Joel Embiid turned in a 17 - point, 19 - rebound double - double that also included five assists, four blocks and one steal. J.J. Redick matched Embiid's scoring, while James Ennis III managed 12 points, seven rebounds, two assists and one block. Tobias Harris and Boban Marjanovic contributed matching 11 - point tallies while also hauling in nine and five rebounds, respectively. The Cavaliers remain on the road and take on the Orlando Magic on Thursday night, while the 76ers remain home and face off with the Sacramento Kings on Friday evening."
4957,"The Philadelphia 76ers defeated the visiting Sacramento Kings, 123 - 114, at Wells Fargo Center on Friday. While Philadelphia led for the majority of this game, it was close throughout. In fact, there were eight ties and seven lead changes in total, as the Sixers never led by more than 13 points. The Sixers did most of their damage in the first and third quarters, outscoring the Kings, 70 - 60. Philadelphia ended up shooting 51 percent from the field and 89 percent from the free - throw line. They also outrebounded the Kings on the defensive end, 39 - 30. The Kings (33 - 35) were led by Harrison Barnes, as he tallied 16 points, six rebounds and three assists. De'Aaron Fox finished with 16 points, two rebounds and six assists. Buddy Hield totaled 14 points and five rebounds while Willie Cauley-Stein generated 13 points, seven rebounds and two assists. The Sixers (44 - 25) were led by Jimmy Butler, as he collected 22 points, six rebounds, seven assists and two steals. Joel Embiid finished with 21 points, 17 rebounds, three assists and four blocks. J.J. Redick totaled 19 points and four assists while Tobias Harris accumulated 19 points, seven rebounds and four assists. Both teams return to action on Sunday, with Philadelphia traveling to face the dangerous Milwaukee Bucks and Sacramento playing host to the Chicago Bulls."
4958,"The Philadelphia 76ers defeated the visiting Boston Celtics, 118 - 115, at Wells Fargo Center on Wednesday evening. The Celtics got out to a good start at home, with a 39 - 30 lead after one quarter. They stayed in control and pushed their lead to 15, mid way through the second, before they settled on an 11 - point lead by halftime. The 76ers came out stronger in the third and managed to tie the score at 82, with four minutes left in the quarter. However, the Celtics rallied to take a five - point lead by the end of the quarter. They quickly pushed their lead to nine, early in the fourth, but the Sixers kept fighting and overtook the lead, 109 - 7, with three minutes to go. The Celtics were scrambling and managed to tie it up one more time, nonetheless, they could not claim and advantage, as the 76ers came up clutch down the stretch, to earn their sixth straight win. Joel Embiid led the Sixers with 37 points, 22 rebounds, four assists, a steal and a block, in 41 minutes. Jimmy Butler followed up with 22 points, four rebounds, and two assists, while Tobias Harris tallied 21 points, eight rebounds and three assists. The 76ers shot 38 percent from the field, including 11 - of - 33 from deep. Meanwhile, Kyrie Irving led the Celtics with 36 points, nine rebounds, four assists and a block, in 35 minutes. Al Horford added 22 points, six rebounds, five assists and a steal, while Terry Rozier chipped in 20 points, six rebounds and one assist, off the bench. The Celtics shot 47 percent from the field, including 12 - of - 32 from long range. The Celtics (43 - 29) will look to bounce back as they take on the Hornets in Charlotte on Saturday. The 76ers (47 - 25) take on the Hawks in Atlanta, on Saturday."
4959,"The Philadelphia 76ers defeated the visiting Brooklyn Nets, 123 - 110, at Wells Fargo Center on Thursday. While this wasn't a wire - to - wire win for the Sixers, it was as close as it gets. In fact, Philly held the lead for the final 45 minutes, as a 38 - 23 first quarter allowed them to take control for the final three quarters. In fact, Brooklyn never got the game within five points from there and never got within a nine - point margin in the fourth quarter. Three-point shooting was the difference in the game, with the Sixers hitting 12 - of - 25 and the Nets connecting on just 11 - of - 32. Philly's defense was also huge, as they recorded 10 steals to Brooklyn's four while winning the turnover differential, 15 - 9. The Nets (38 - 38) were led by Joe Harris, as he tallied 22 points and three rebounds. D'Angelo Russell went just 6 - of - 19 from the field to finish with 13 points, four rebounds, eight assists and seven turnovers. Rondae Hollis-Jefferson was huge off the bench, providing 19 points, 10 rebounds and two assists. Caris LeVert accumulated 18 points, four rebounds and three assists off the bench as well. The Sixers (48 - 27) were led by Joel Embiid, as he collected 39 points, 13 rebounds, six assists and three steals. J.J. Redick amassed 18 points, three rebounds and three assists. Ben Simmons accrued 16 points, four rebounds and eight assists while Tobias Harris totaled six points, 10 rebounds and four assists. Both teams return to action on Saturday, with Brooklyn playing host to the Boston Celtics and Philly traveling to face the injury - riddled Minnesota Timberwolves."
4960,"The Milwaukee Bucks defeated the host Philadelphia 76ers, 128 - 122, at Wells Fargo Center on Thursday. These teams have played competitively all season long and this game was no different. In fact, there were nine ties in this game with neither team ever attaining a double - digit lead. Milwaukee made the run that mattered most, as they finished the game on a 15 - 4 run after trailing by five points with less than three minutes remaining. Rebounding was key for Milwaukee, as they outrebounded Philly, 50 - 43. Getting to the free - throw line was huge as well, with the Bucks connecting on 32 - of - 43 while the Sixers hit just 14 - of - 18. The Bucks dominated scoring down low too, outscoring the Sixers in the paint, 48 - 28. The Bucks (59 - 20) were led by Giannis Antetokounmpo, as he tallied 45 points, 13 rebounds, six assists and five blocks. Eric Bledsoe played just two minutes, as he got ejected for throwing the ball at Joel Embiid. Khris Middleton finished with 22 points, three rebounds, four assists and two steals. George Hill led the bench with 20 points, five rebounds and five assists. The Sixers (49 - 30) were led by Joel Embiid, as he collected 34 points, 13 rebounds, 13 assists, two steals and three blocks. J.J. Redick totaled 29 points, two rebounds and three assists. Ben Simmons accrued six points, four rebounds and 13 assists. Mike Scott totaled 22 points and three boards while Tobias Harris generated 13 points, nine rebounds and three assists. On deck for Milwaukee is a home matchup versus the Brooklyn Nets on Saturday. Philly also returns to action on Saturday, as they travel to face the Chicago Bulls."
4961,"The Philadelphia 76ers defeated the visiting Chicago Bulls, 125 - 109, at Wells Fargo Center on Wednesday evening. The Sixers got out to a great start at home, with a 32 - 20 lead after one quarter. They kept the same energy in the second and outscored the visitors by eight in the quarter, to take a 20 - point lead by halftime. The Bulls did not have much to offer in the third, as they were outscored by 13 in the quarter and trailed by 33, entering the final frame. However, they pulled together in the fourth with a massive rally, outscoring the Sixers 45 - 28 in the quarter, but it was too little, too late, as the Bulls closed out their season with a third straight loss. The Sixers were able to come through with a win despite Joel Embiid (knee) and the rest of the usual starters (rest) sidelined. Jonathan Simmons led the 76ers with 20 points, seven rebounds, five assists and one block, in 29 minutes. Boban Marjanovic added 18 points, eight rebounds, six assists and two blocks, while T.J. McConnell finished with 18 points, six assists, two rebounds and a block. The 76ers shot 56 percent from the field, including 12 - of - 26 from long range. Meanwhile, seven players scored in double digits for the Bulls, led by Walter Lemon Jr., who finished with 20 points, six rebounds and four assists, in 28 minutes. Ryan Arcidiacono finished with 14 points, six rebounds, six assists and one steal, while Timothe Luwawu-Cabarrot tallied 14 points, four rebounds and two assists. The 76ers will begin their playoff run against the Nets in the first round."
4962,"The Milwaukee Bucks defeated the visiting Indiana Pacers, 118 - 101, at Fiserv Forum on Friday evening. The Pacers jumped out to a quick 80 lead, but the Bucks answered back with a 13 - 2 run to take the upper hand. The Bucks did not look back from there, as they pushed the lead to nine before settling on a 30 - 25 lead heading into the second. They kept their foot on the gas and quickly pushed their lead to 11, and although the Pacers made a push, the Bucks maintained their cushion and took a 62 - 53 lead into halftime. The third quarter once again belonged to Milwaukee, as the Buck outscored the Pacers 31 - 23 in the quarter, to take a 93 - 76 lead into the final frame. The Pacers battled hard but the Bucks matched them point for point in the fourth, to walk away with their second straight win. Giannis Antetokounmpo led the way for Milwaukee, with 26 points, 15 rebounds, five assists, two steals and one block, in 31 minutes. Khris Middleton followed up with 23 points, four rebounds, four assists and one steal, while Malcolm Brogdon tallied 15 points, seven assists, four rebounds and two steals. The Bucks shot 47 percent from the field, including 17 - of - 47 from long range. Meanwhile, Victor Oladipo led the Pacers with 25 points, five rebounds, one assist and one block, in 31 minutes. Doug McDermott chipped in 14 points on 5 - of - 8 shooting, in 20 minutes off the bench, while Myles Turner added 11 points, four rebounds and one block. The Pacers shot 44 percent from the field, including 6 - of - 18 from long range. The Pacers (1 - 1) will be right back in action as they play host to the Nets on Saturday. The Bucks (20) play host to the Knicks on Monday."
4963,"The Milwaukee Bucks defeated the New York Knicks, 124 - 113, at Fiserv Forum on Monday night. The Bucks (30) and the Knicks (1 - 3) delivered an intense game in the second half, as Milwaukee looked totally in control of the game in the first half (71 - 52) but the Knicks flipped the script and a 35 - 17 third - quarter gave Milwaukee a one - point advantage heading into the final 12 minutes of action. At one point the game was tied at 100 - 100, but the Bucks pulled away late for good and ended winning by a relatively comfortable margin thanks to good execution on offense and an improvement on the defensive end down the stretch. Giannis Antetokounmpo was the best player for the Bucks and once again filled the stat sheet admirably with 31 points, 15 rebounds, four assists and two blocks, but he wasn't the only Milwaukee player who stood out offensively. Khris Middleton contributed with 30 points and seven rebounds, while Eric Bledsoe chipped in with a double - double with 16 points and 13 assists. Brook Lopez added 13 points with four rebounds. Tim Hardaway Jr. led the way for the Knicks with 24 points but he only shot 10 - of - 23 from the field and 3 - of - 9 from three - point range. Enes Kanter contributed with a double - double of 14 points and 13 rebounds, while Trey Burke had 19 points, five boards and four assists. Mario Hezonja had a strong game off the bench with 18 points, four rebounds, three assists and two blocks."
4964,"The Milwaukee Bucks defeated the Philadelphia 76ers, 123 - 108, at Fiserv Forum on Wednesday. The hot start of the regular season from the Bucks (40) hit a bump in the road in Wednesday's first quarter, as Milwaukee scored just 22 points in the first 12 minutes and found itself down by 12 points to the visiting 76ers (2 - 3). The Bucks' struggles, however, would end there, as they would go on to score 49 points in the second quarter and took a seven - point lead into the locker room. They'd never let go of that lead thanks in large part to the stellar play from Giannis Antetokounmpo, who finished with a triple - double of a game - high 32 points, 18 rebounds and 10 assists in 37 minutes. Khris Middleton added 25 points of his own on 6 - of - 18 shooting from the field, while starting center Brook Lopez made five three - pointers in one quarter on his way to scoring 21 points in 32 minutes. As a team, it wasn't a great shooting performance for the Bucks, who hit just 30 percent of their threes and shot 41 percent from the field overall, but they managed to make a living at the free throw line and shot a very impressive 28 - of - 30 from the charity strip Wednesday night. For the 76ers, Joel Embiid had another monster night, posting 30 points, 19 rebounds and six assists in 36 minutes, but he shot just 9 - of - 24 from the field. Fellow young star Ben Simmons also didn't shoot great, going just 6 - of - 15, but he still managed to post a triple - double of 14 points, 13 rebounds and 11 assists in his return from a back injury. Overall, it was just a poor shooting night from the 76ers, as while 32 percent from behind the arc is a decent mark, they hit just 41 percent of their shots overall and 70 percent of their attempts from the free throw line en route to their second straight loss."
4965,"The Milwaukee Bucks defeated the Orlando Magic, 113 - 91, at BMO Harris Bradley Center on Saturday evening. The Bucks (60) started their quest to keep preserve their perfect record strong, building a 65 - 51 halftime lead. They essentially then put the game away in the third quarter, tacking on another 28 points while limiting the Magic (2 - 4) to just 17. That sealed Milwaukee's fourth home win of the season, one in which they limited Orlando to 33 percent shooting while draining 50 percent of their own attempts. Additionally, the home squad was once again dominant on the boards, winning the rebounding battle by a 57 - 42 margin. Nikola Vucevic paced the Magic with 16 points, a total he supplemented with nine rebounds, one assist and one steal. D.J. Augustin produced 11 points, four assists and one rebound. Evan Fournier managed 10 points and one assist. Jonathon Simmons matched Fournier's scoring total to lead the bench. Aaron Gordon shot just 3 - for - 15 on his way to a nine - point, five - rebound effort. Giannis Antetokunmpo's 21 points led the Bucks. He added seven rebounds, one assist and one block. Khris Middleton turned in 18 points, seven rebounds, four assists and one steal. Malcolm Brogdon went for 16 points, four boards and two assists. Donte DiVincenzo led the bench with 15 points and also hauled in three rebounds. Brook Lopez generated 11 points. The Magic head back home to face the Sacramento Kings on Tuesday night, while the Bucks remain home for a Monday ninght showdown against the Toronto Raptors."
4966,"The Milwaukee Bucks defeated the visiting Toronto Raptors, 124 - 109, at BMO Harris Bradley Center on Monday evening. The Bucks and the Raptors each entered the contest with 60 records, making it the first time in NBA history for such an occurrence. Unfortunately, both team's star players were sidelined from the contest, as Giannis Antetokounmpo sat out on concussion protocol, while Kawhi Leonard sat out for rest, as it was the first night of a back - to - back for Toronto. The first quarter was tight, resulting in the Bucks taking a 30 - 29 lead into the second. They took control in the second quarter, outscoring the Raptors by eight, to take a 62 - 53 lead into the half. The Bucks continued to build on their lead through the third quarter, pushing the gap to 15 heading into the fourth. The Raptors could not get their shots to fall in the fourth and took their first loss of the season, while the Bucks remain the only undefeated team in the league. Ersan Ilyasova led the Bucks with 19 points, 10 rebounds and two assists, in 23 minutes of action. Malcolm Brogdon and Eric Bledsoe tallied 17 points each, while Khris Middleton finished with 14 points, eight assists, four rebounds and two steals. The Bucks shot 49 percent from the field, including 19 - of - 45 from long range. Meanwhile, Serge Ibaka led the Raptors with 30 points on 12 - of - 21 shooting, in 28 minutes. Pascal Siakam followed up with 22 points, eight rebounds, four steals, two assists and one block, while Jonas Valanciunas was the only other player to score in double digits, with 10 points. Kyle Lowry tallied nine points, 15 assists, six rebounds, two steals and two blocks, in 34 minutes. The Raptors shot 39 percent from the field, including 9 - of - 44 from long range. The Raptors (6 - 1) will be right back in action as they play host to the 76ers on Tuesday. The Bucks (70) take on the Celtics in Boston on Thursday."
4967,"The Milwaukee Bucks defeated the Sacramento Kings, 144 - 109, at Fiserv Forum on Sunday afternoon. A high - scoring affair in Milwaukee ended going towards the home team, as the Bucks (8 - 1) didn't have problems to dismantle the Kings (6 - 4) who entered this game as one of the most surprising teams in The Association during the young 2018 - 19 season. Milwaukee quickly jumped to a 39 - 30 lead in the first quarter, and they never let it go since they also won the remaining three quarters: 33 - 20, 36 - 32 and 36 - 27, respectively. The fact that the Bucks scored at least 30 points in every quarter certainly stands out, but they were effective on both ends of the court on their way to a huge 35 - point win. Giannis Antetokounmpo led the way for the Bucks since he finished with a triple - double of 26 points, 15 rebounds and 11 assists, but in the end eight different Bucks scored over 10 points. Eric Bledsoe had 17 points with six rebounds, Malcolm Brogdon contributed with 13 points, and Khris Middleton added 12 of this own. Four bench players topped the 10 - point mark as well: Ersan Ilyasova (15 pts), Pat Connaughton (13 pts), Tony Snell (12 pts) and John Henson (10 pts, 6 rebs). The Kings enjoyed solid efforts from De'Aaron Fox, who had 15 points, six rebounds and six assists, and Buddy Hield, who chipped in with 19 points in only 24 minutes of action. But most of the scoring contributions came from second - unit players who took advantage of the opportunity, such as Justin Jackson, who had 22 points, and rookie Marvin Bagley III, who finished with 11 points and six rebounds."
4968,"The Memphis Grizzlies defeated the host Milwaukee Bucks, 116 - 113, at Fiserv Forum on Wednesday. This game was full of monster swings in the second half, as Memphis made the run that mattered most. In fact, Milwaukee went on a 27 - 4 run when they trailed by 15 points in the third quarter to take an eight - point lead early in the fourth. Memphis then responded with a 23 - 7 run to take an eight - point lead with two minutes remaining. The Bucks then ended the game on a 12 - 7 run but that simply wasn't enough to make up their deficit. Those small spurts by Milwaukee was the only time Memphis wasn't in control, as they led for 40 minutes of this game. Three-point shooting was huge for the Grizzlies, as they went 14 - of - 36 from long range while the Bucks hit just 9 - of - 35. Taking care of the ball was also critical, with Memphis recording two more assists than Milwaukee while committing four fewer turnovers. The Grizzlies (8 - 5) were led by Marc Gasol, as he tallied 29 points, five rebounds and two assists. Mike Conley accrued 26 points, two rebounds, four assists and two steals. Kyle Anderson collected six points, eight rebounds and five assists. Shelvin Mack led the bench with 15 points, six rebounds and five assists. The Bucks (10 - 4) got another gen out of Giannis Antetokounmpo, as he accumulated 31 points, nine rebounds, four assists and two blocks on 10 - of - 14 from the field. Khris Middleton finished with 25 points, five rebounds and three assists. Eric Bledsoe totaled 15 points, six rebounds, seven assists and two steals. Pat Connaughton led the bench with 16 points, six rebounds, two assists and two steals. Both teams play home games on Friday for their next outings, with Milwaukee welcoming the Chicago Bulls and Memphis playing the Sacramento Kings."
4969,"The Milwaukee Bucks defeated the visiting Chicago Bulls, 123 - 104, at BMO Harris Bradley Center on Friday evening. The Bulls jumped out and stunned the Bucks, as they built a 16 - 6 lead just five minutes into the game, and went on to outscore the home team, 40 - 27, in the first quarter. The Bulls stayed in control, as they maintained a double - digit lead through the second quarter and took a 63 - 45 lead into halftime. The Bucks turned the tables in the third, as they kicked the quarter off with a 17 - 6 run, to cut the deficit to just seven. They carried on to outscore the Bulls by 29 in the quarter, to take a 91 - 80 lead into the fourth. The Bulls were not able to recover from the devastating third quarter, where they were outscored 46 - 17, as they were not even able to get back within 10 points of the Bucks for the remainder of the contest. Eric Bledsoe led the Bucks with 25 points, six assists, four rebounds, three steals and one block, in 30 minutes. Giannis Antetokounmpo followed up with 23 points, 13 rebounds, four assists and three blocks, while Khris Middleton added 23 points, 10 rebounds, eight assists and two steals. The Bucks shot 50 percent from the field, including 18 - of - 43 from long range. Meanwhile, Jabari Parker led the Bulls with 21 points, eight rebounds and three assists, in 33 minutes. Justin Holiday followed up with 20 points, four assists, three rebounds and three steals, while Antonio Blakeney tallied 18 points on 8 - of - 14 shooting, in 20 minutes off the bench. The Bulls shot 44 percent from the field, including 13 - of - 33 from long range. The Bulls (4 - 12) will look to bounce back as they play host to the Raptors on Saturday. The Bucks (11 - 4) play host to the Nuggets on Monday."
4970,"The Milwaukee Bucks defeated the visiting Denver Nuggets, 104 - 98, at BMO Harris Bradley Center on Monday evening. The contest got out to a very competitive start, as there were multiple lead changes and ties through the first quarter, until the Nuggets emerged with a 29 - 25 lead, heading into the second. The Nuggets continued with the momentum, as they pushed their lead to 11, just two minutes into the quarter. They continued their push until they carried a 10 - point lead into halftime. The home team turned the tide in the third, as the Bucks chipped away at the lead, which the Nuggets continued to push ahead, until they finally broke ahead in the final minutes of the third quarter. The Bucks led 78 - 77, heading into the fourth. The contest continued with the score tied at 89, with five minutes left. The Bucks took the lead with a three - pointer and did not look back. Despite a continued effort from the Nuggets, the Bucks held on with clutch shooting down the stretch. Giannis Antetokounmpo led Milwaukee with 29 points, 12 rebounds, six assists and two steals, in 39 minutes. Eric Bledsoe followed up with 23 points, five rebounds, five assists and two steals, in 35 minutes. Khris Middleton came up clutch with a crucial three - pointer, capping off a solid night, with 13 points, six rebounds, five assists and two steals. Meanwhile, Nikola Jokic led the Nuggets with 20 points, five rebounds, five assists and one steal, in 32 minutes. Jamal Murray had a good game, with 17 points, nine assists, eight rebounds and one block. Gary Harris added 14 points, six assists and one steal, in 34 minutes. The Nuggets (10 - 7) will look to bounce back as they take on the Timberwolves in Minnesota, on Wednesday. The Bucks (12 - 4) play host to the trail Blazers on Wednesday."
4971,"The Milwaukee Bucks defeated the Portland Trail Blazers, 143 - 100, at Fiserve Forum on Wednesday evening. The Bucks (13 - 4) had recently pledged to start playing sharper basketball from the opening quarter, in order to eliminate some of the last - minute comebacks that had somewhat become their trademark in recent games. They can consider Wednesday's effort mission accomplished in that regard, as the Milwaukee built a commanding 72 - 50 halftime lead. That would prove to be more than enough, as the home squad rained down another 71 points on the Trail Blazers (12 - 6), who were a bit road weary after having already played four away games over the previous seven days coming into Wednesday. Damian Lillard and C.J. McCollum paced the Trail Blazers with matching 22 - point tallies. Lillard added five assists and four rebounds, while McCollum provided a rebound, an assist and two steals. Jusuf Nurkic was the only other double - digit scorer with 16 points, and he also hauled in six boards. Al-Farouq Aminu totaled just four points but added nine rebounds, Giannis Antetokounmpo led the Bucks with 33 points and also contributed 16 rebounds, nine assists and three steals. Khris Middleton followed with 21 points, seven rebounds, four assists and two steals. Eric Bledsoe and Malcolm Brogdon generated matching 16 - point efforts. Christian Wood and Thon Maker both chipped in 11 points off the bench, while pulling down five and eight rebounds, respectively. The Trail Blazers will remain on the road for one more game, facing off with the Golden State Warriors on Friday. The Bucks remain home and welcome the Phoenix Suns on Friday evening as well."
4972,"The Phoenix Suns defeated the Milwaukee Bucks, 116 - 114, at Fiserv Forum on Friday evening. The Suns (4 - 14) came into Saturday's contest still seeking their first road win of the season, and facing quite the uphill battle versus a Bucks (13 - 5) squad that had only dropped one home game. However, Phoenix made a statement by taking a 64 - 61 halftime lead, and they proved it wasn't a fluke by essentially hanging with Milwaukee basket for basket in the second half. The game was deadlocked at 114 - 114 when Jamal Crawford drained 17 - foot jumper with 1 seconds remaining to give the Suns an upset win. Devin Booker led the way with 29 points, a total he supplemented with seven assists, four rebounds and three steals. T.J. Warren provided 19 points, five rebounds, two assists, one steal and one block. Deandre Ayton managed 17 points, seven rebounds and three assists. Trevor Ariza totaled 13 points, 11 rebounds, three assists and two steals. Richaun Holmes led the bench with 12 points, Josh Jackson and Crawford each pitched in 11 points. Giannis Antetokounmpo paced the Bucks with 35 points and added 10 rebounds, three assists and one steal. Malcolm Brogdon totaled 22 points, four assists, three rebounds and one steal. Khris Middleton collected 15 points, six rebounds, four assists and one steal. Eric Bledsoe filled out the stat sheet with 12 points, seven assists, three rebounds, one steal and one block. Ersan Ilyasova led the bench with nine points, four rebounds and three assists. The Suns next pay a visit to the Detroit Pistons on Sunday afternoon, while the Bucks remain home and take on the San Antonio Spurs in a Saturday night showdown."
4973,"The Milwaukee Bucks defeated the visiting San Antonio Spurs, 135 - 129, at BMO Harris Bradley Center on Saturday evening. The game got out to a very competitive start, as the Bucks outscored the Spurs, 37 - 36, in the first quarter. The back and forth battle continued through the second, this time with the Spurs taking the advantage, as they outscored the Bucks by two in the quarter, to take a 68 - 67 lead into halftime. The Spurs came out strong in the third, while the Bucks did not fall too far behind. However, the Spurs kept the pressure on and pushed their lead to seven, heading into the fourth. They stayed on top to start the fourth, quickly pushing their lead to 10, but the Bucks did not give up, as they made it a two - point game within just a couple of minutes. The Bucks reclaimed the lead for the first time in the quarter, with 3:13 to go. They went on to outscore the Spurs, 14 - 9, in the final minutes to secure the solid home win. Giannis Antetokounmpo led the Bucks with 34 points, 18 rebounds, eight assists, two steals and one block, in 38 minutes. Khris Middleton tallied 21 points, four rebounds, two assists and a steal, while Eric Bledsoe finished with 20 points, 10 assists, four rebounds and two steals. The bucks shot 57 percent from the field, including 15 - of - 39 from long range. Meanwhile, DeMar DeRozan led San Antonio with 34 points, seven assists, four rebounds and one steal, in 34 minutes. Bryn Forbes followed up with 18 points, two rebounds, one assist and one steal, while Davis Bertans chipped in 17 points, six rebounds, one assist and one steal, in 23 minutes off the bench. The Spurs (9 - 10) will look to bounce back as they take on the Bulls in Chicago on Monday. The Bucks (14 - 5) take on the Hornets in Charlotte on Monday."
4974,"The Milwaukee Bucks defeated the Chicago Bulls, 116 - 113, at Fiserv Forum on Wednesday night. The Bucks (15 - 6) came in with a sparkling 10 - 2 home record, but with a feisty divisional rival on tap. The Bulls (5 - 17) made it clear they weren't fazed by Milwaukee's home - floor dominance in the first quarter, taking a quick 40 - 30 lead. The home squad had erased that advantage by halftime, but the game remained hotly contested into the closing seconds. Khris Middleton then drained a 27 - foot three - point jumper with 5 seconds remaining to snap a 113 - 113 tie, and Justin Holiday's desperation game - tying attempt with a second left couldn't find the net. Jabari Parker and Zach LaVine paced the Bulls with matching 24 - point efforts. They added eight and nine rebounds, respectively. Ryan Arcidiacono netted 22 points and also supplied five rebounds, four assists and five steals. Robin Lopez led the bench with 17 points and also hauled in five rebounds. Holiday finished with eight points, six rebounds, four assists and two steals. Giannis Antetokounmpo led the Bucks with a 36 - point, 11 - rebound double - double that also included eight assists, two steals and one block. Malcolm Brogdon poured in 24 points and added six assists, five rebounds and one block. Middleton delivered 17 points, six rebounds and four assists. Brook Lopez totaled 12 points, five boards, two assists and two blocks. The Bulls next head to Motown, where they'll battle the Detroit Pistons on Friday night. The Bucks next take on the New York Knicks in the Big Apple on Saturday afternoon."
4975,"The Milwaukee Bucks defeated the Detroit Pistons, 115 - 92, at Fiserv Forum on Wednesday evening. The Bucks (16 - 7) came in well - rested, last having taken the court Saturday. That energy was evident in the first half, as Milwaukee had forged a 56 - 45 lead over the Pistons (13 - 9) by intermission. The home squad would keep the pressure on in the second half, compiling another 59 points while limiting Detroit to 47. The Bucks put on a stellar offensive show, holding the visitors to 36 percent shooting and forcing 20 turnovers. Blake Griffin's 31 points, which he supplemented with seven rebounds, four assists and one block, led the Pistons. Reggie Jackson provided 15 points, seven rebounds, five assists and one steal. Andre Drummond continued a string of quiet games with 10 points, eight boards, one assist and one steal. No other Detroit player hit double digits in the scoring column, with Zaza Pachuilia coming the closest with eight points off the bench. Eric Bledsoe paced the Bucks with 27 points, adding four assists, three rebounds and four steals. Giannis Antetokounmpo managed 15 points, eight rebounds, five assists, one steal and one block. Malcolm Brogdon poured in 14 points and also supplied six rebounds and two assists. Tony Snell drew a start for Khris Middleton (personal) and netted 11 points, seven rebounds, one assist and two steals. Thon Maker and Sterling Brown delivered matching 11 - point tallies off the bench. The Pistons head back home and tangle with the Philadelphia 76ers on Friday night, while the Bucks remain home for a Friday night showdown against the Golden State Warriors."
4976,"The Golden State Warriors defeated the Milwaukee Bucks, 105 - 95, at Fiserv Forum on Friday evening. The Warriors (18 - 9) were looking for a little retribution after having been walloped by the Bucks back on Nov. 8 in their one previous meeting. This time they had the advantage of attacking the Bucks (16 - 8) with a fully healthy Stephen Curry, who'd exited that contest with a groin injury that would ultimately force him to miss the subsequent 11 games. Golden State forged a 57 - 51 halftime lead, but the game was ultimately won on defense in the fourth quarter. The visitors held Milwaukee to just 19 points over the final 12 minutes, a fitting finish to a strong effort on that end of the floor overall. The Warriors limited their hosts to 39 percent shooting, including 18 percent from three - point range, while also forcing 18 turnovers. Curry and Klay Thompson paced the Warriors with matching 20 - point tallies. Curry added eight assists, four rebounds and one steal, while Thompson supplied six assists, five rebounds, four steals and two blocks. Andre Iguodala turned in 15 points, eight boards, two assists, one steal and one block. Kevin Durant struggled through a 3 - for - 14 shooting night to finish with a modest 11 points, but he added eight boards, six assists and one steal. Giannis Antetokoumpo led the Bucks with a 22 - point, 15 - rebound double - double that also included five assists, two steals and two blocks. Malcolm Brogdon followed with 15 points, seven rebounds and three assists. Brook Lopez and Eric Bledsoe generated matching 14 - point contributions. Khris Middleton posted 10 points, eight rebounds and one steal, although he drained only four of 14 attempts. The Warriors head back home to take on the Minnesota Timberwolves on Monday night, while the Bucks pay a visit to the Toronto Raptors on on Sunday evening."
4977,"The Milwaukee Bucks defeated the visiting Cleveland Cavaliers, 108 - 92, at Fiserv Forum on Monday. This was an extremely lopsided matchup, as Milwaukee won this game in wire - to - wire fashion. A 31 - 18 first quarter really set the tone, as the Bucks held a double - digit lead for the entirety of the second half. Rebounding was huge for Milwaukee, as they out - rebounded Cleveland, 58 - 46. The shooting disparity was critical as well, with the Bucks shooting 44 percent from the field and 42 percent from three - point range while holding the Cavaliers to 37 percent from the field and 33 percent from long range. The Cavaliers (6 - 21) were led by Larry Nance Jr., as he provided 16 points, seven rebounds, two assists and two steals off the bench. Collin Sexton led the starters, as he accrued 15 points, four rebounds and two assists. Jaron Blossomgame recorded a double - double off the bench, amassing 11 points and 10 boards. The Bucks (18 - 8) played this game without Giannis Antetokounmpo (neck) but that clearly didn't affect them in this dominating victory. Eric Bledsoe led the way, as he collected 20 points, 12 rebounds and five assists. Malcolm Brogdon accumulated 18 points, five rebounds and five assists. Khris Middleton finished with 16 points seven rebounds and three assists. Sterling Brown led the bench with 12 points, eight rebounds and two assists. Both these teams return to action on Wednesday, with Milwaukee traveling to play the Indiana Pacers and Cleveland welcoming the New York Knicks to Quicken Loans Arena."
4978,"The Milwaukee Bucks defeated the New Orleans Pelicans, 123 - 115, at Fiserv Forum on Wednesday. The Bucks came into Wednesday's contest down several key bench players, but some unexpected names showed up when the team needed them to and the home team was able to hold off an undermanned New Orleans squad. Giannis Antetokounmpo still led the way for Milwaukee, posting 25 points, eight rebounds and eight assists in 34 minutes. With the other starters being less effective, however, the second unit stepped up in a major way, as Milwaukee got 49 points from its bench. Tony Snell and newcomer George Hill led the way with 13 and 11 points, respectively, but the surprise performance of the night came from D.J. Wilson, who had the best game of his short career as a Buck with nine points and 10 rebounds. As for the Pelicans, they were without Julius Randle and Nikola Mirotic due to ankle injuries, and they lost Anthony Davis to an illness for all of the second quarter and some of the third. But, despite being without their three key frontcourt players, they still managed to keep the game close and even had the lead going into halftime. This was thanks in large part to the performance out of Jahlil Okafor, who came off the bench in Davis' absence to score an impressive 17 points in just 13 minutes. Okafor shot 6 - of - 8 from the field and 5 - of - 7 from the free throw line. Even though he played just 29 minutes, Davis still managed to finish with a game - high 27 points and 11 rebounds, while Jrue Holiday finished with 25 points and 12 assists."
4979,"The Milwaukee Bucks defeated the visiting New York Knicks, 112 - 96, at Fiserv Forum on Thursday Milwaukee came into this game as a sizable favorite and this 16 - point victory show just why, The Bucks did all their damage after the first quarter, as they won each of the final three quarters by at least five points apiece. That allowed them to hold the lead for the entirety of the second half while leading by at least five points for the final 16 minutes of action. Milwaukee's defense was critical, as they held New York to 37 percent shooting while winning the defensive rebounding differential, 46 - 33. The Bucks did a ton of damage down low on the offensive end too, outscoring the Knicks in the paint, 52 - 28. The Knicks (9 - 27) got a rare start from Luke Kornet, as he led the team with 23 points, three rebounds and five assists. Noah Vonleh accrued 15 points, 13 rebounds, two assists and three blocks. Emmanuel Mudiay finished with 13 points, three rebounds and six assists. Kevin Knox amassed 12 points and six boards. The Bucks (24 - 10) were led by Giannis Antetokoumpo, as he accumulated 31 points, 14 rebounds, eight assists and four blocks. Khris Middleton broke his shooting slump by totaling 25 points, six rebounds and five assists. Brook Lopez generated 17 points and three boards while D.J. Wilson led the bench with 10 points, 14 rebounds and two blocks. Both teams return to action on Saturday, with Milwaukee playing host to the Brooklyn Nets and New York traveling to Salt Lake City to face the Utah Jazz."
4980,"The Milwaukee Bucks defeated the Brooklyn Nets, 129 - 115, at Fiserv Forum on Saturday afternoon. The Bucks (25 - 10) already had a sizable advantage going into the contest given their past body of work on their home floor this season. However, the news that D'Angelo Russell would be rested for Saturday's game brightened their prospects even further. The disparity between the two clubs was vividly illustrated in the first half, as Milwaukee jumped out to a 71 - 52 halftime lead. The Nets (17 - 21) were much more competitive in the second half, but Giannis Antetokounmpo's 31 - point, 10 - rebound, 10 - assist triple - double spearheaded the home squad's efforts and helped keep Brooklyn at bay. Shabazz Napier paced the Nets off the bench in Russell's absence, posting 32 points, seven assists, four rebounds and one steal. Kenneth Faried followed with a 21 - point, 10 - rebound double - double in 27 minutes off the bench after Rondae Hollis-Jefferson left the game with an adductor strain after logging just three minutes. DeMarre Carroll furnished 18 points. five rebounds and four assists. Joe Harris poured in 15 points, while Spencer Dinwiddie drew the start in Russell's place and provided 10 points, five assists, three rebounds and one steal. Khris Middleton was right behind Antetokounmpo with 29 points, seven assists, four rebounds and one steal. Brook Lopez registered 24 points, two rebounds, one steal and one block. Malcolm Brogdon managed 18 points, six rebounds, two assists and one steal. D.J. Wilson pitched in seven points, seven rebounds and one assist. The Nets head back home and next take the court on Wednesday night against the New Orleans Pelicans. The Bucks remain home and tangle with the Detroit Pistons on Tuesday evening."
4981,"The Milwaukee Bucks defeated the Detroit Pistons, 121 - 98, at Fiserv Forum on Tuesday evening. The Bucks (26 - 10) apparently made a fast start one of their primary New Year's resolutions, as they came out of the gates hot and prepared to defend home court. Milwaukee raced out to a 68 - 52 halftime lead over the Pistons (16 - 19), essentially setting the tone for what would be a comfortable home victory. The Bucks exerted their will on both ends of the floor, draining 60 percent of their shots while limiting Detroit to a 38 percent success rate from the floor. All five members of the home squad's first unit scored in double digits and shot at least 50 percent. Blake Griffin was the one bright spot for the Pistons, leading the way with 29 points and adding nine rebounds, four assists, one steal and one block. Reggie Jackson mustered 19 points and three assists. Andre Drummond followed with 15 points, seven rebounds, one assist and two steals. Khyri Thomas led the bench with 13 points, while Reggie Bullock managed just six points on 2 - for - 8 shooting. Brook Lopez paced the Bucks with 25 points, supplementing them with three rebounds and two blocks. Khris Middleton tallied 22 points, five rebounds and two assists. Eric Bledsoe furnished 18 points, six assists, four rebounds and one steal. Giannis Antetokounmpo delivered 15 points, eight boards, seven assists, three blocks and one steal. Malcolm Brogdon posted 13 points, five assists and four rebounds. The Pistons remain on the road and take on the Memphis Grizzlies on Wednesday evening, while the Bucks remain home and tangle with the Atlanta Hawks on Friday night."
4982,"The Milwaukee Bucks defeated the visiting Atlanta Hawks, 144 - 112, at Fiserv Forum on Friday. Milwaukee came into this matchup as a sizable favorite and this scoreline shows just why. The first quarter really set the tone, as they outscored Atlanta, 43 - 14, en route to a wire - to - wire win. The domination didn't end there though, as they led by 33 points at the half and by 39 points heading into the fourth quarter. The shooting disparity was key, with Milwaukee hitting 55 percent of their shots while holding Atlanta to just 44 percent from the field. The Bucks also outrebounded the Hawks, 53 - 32, while out - assisting them, 36 - 26. Milwaukee also won the points in the paint battle, 74 - 40, while winning the fastbreak points differential, 34 - 19. The Hawks (11 - 27) were led by DeAndre' Bembry, as he provided 19 points and two rebounds off the bench. DeWayne Dedmon led the starters with 14 points and two assists. Trae Young was their best player, as he tallied 13 points, three rebounds, 10 assists and two steals. John Collins finished with 12 points, seven rebounds, two assists and two steals. The Bucks (27 - 10) had all 12 players score at least eight points, as Khris Middleton led the team with 19 points, four assists and three steals. Malcolm Brogdon matched those 19 points, adding three rebounds and two assists to his tally. Giannis Antetokounmpo accumulated 16 points, eight rebounds and 10 assists while Eric Bledsoe totaled 14 points, eight rebounds and two assists. Ersan Ilyasova led the bench with 10 points and 10 boards. On deck for Milwaukee is a home matchup versus the Toronto Raptors on Saturday. As for Atlanta, they return to action on Sunday when they play host to the Miami Heat."
4983,"The Toronto Raptors defeated the Milwaukee Bucks, 123 - 116, at Fiserv Forum on Saturday night. The Raptors (29 - 12) found themselves in a precarious position after the first 12 minutes, as the home - dominant Bucks (27 - 11) raced out to a 34 - 27 first - quarter lead. However, Toronto impressively outscored Milwaukee by a 64 - 48 margin over the second and third quarters, which gave them a 91 - 82 advantage heading into the final period. The home squad battled back to knot the game at 98 with 7:10 remaining before the Raptors finished the game on a 25 - 18 run. Kawhi Leonard and Pascal Siakam co - led the Raptors with matching 30 - point efforts. Leonard added six rebounds, six assists and five steals, while Siakam supplied four rebounds, three assists and two blocks. Serge Ibaka posted 25 points, nine rebounds and five assists. Fred VanVleet managed 21 points, eight assists, five rebounds and one block. Danny Green poured in 12 points, brought down nine boards, recorded one steal and tallied one block. Giannis Antetokounmpo paced the Bucks with a 43 - point, 18 - rebound double - double that also included four assists and one steal. Malcolm Brogdon tallied 15 points, five assists, three rebounds, two blocks and one steal. Eric Bledsoe and Khris Middleton totaled 14 points apiece while also dishing out eight and nine assists, respectively. George Hill and Sterling Brown pitched in 11 points each. The Raptors head back home to take on the Indiana Pacers on Sunday evening, while the Bucks remain home to face the Utah Jazz on Monday night."
4984,"The Milwaukee Bucks defeated the visiting Utah Jazz, 114 - 102, at Fiserv Forum on Monday. This scoreline is unfair to Utah, as this game was close until the final minutes. In fact, Milwaukee's biggest lead was 13 points, as it was within a single - digit margin for the first 45 minutes of action. The Bucks rode a 31 - 16 fourth quarter to that double - digit scoreline, as there were 10 ties and 23 lead changes across the first three quarters. The assist - to - turnover ratio was the difference in the game, with Milwaukee recording 27 assists to 10 turnovers while Utah recorded 20 assists to 15 turnovers. The Bucks ended up shooting 47 percent from the field while holding the Jazz to 42 percent shooting. The Jazz (20 - 21) were led by Donovan Mitchell, as he amassed 26 points and three rebounds. Rudy Gobert finished with 14 points, 15 rebounds, three assists and two steals. Derrick Favors totaled 12 points, seven rebounds and three blocks. Ricky Rubio left after four minutes due to a hamstring injury but scored nine points. The Bucks (28 - 11) were led by Giannis Antetokounmpo, as he collected 30 points, 10 rebounds, two assists and two blocks. Malcolm Brogdon accrued 21 points, five rebounds and five assists. Brook Lopez accrued 15 points, eight rebounds and three blocks while Khris Middleton finished with 14 points, seven rebounds and five assists. Thon Maker led the bench with 15 points, five rebounds and two steals. On deck for Milwaukee is a road matchup versus the Houston Rockets on Wednesday. Utah also returns to action on Wednesday, as they play host to the Orlando Magic."
4985,"The Milwaukee Bucks defeated the visiting Miami Heat, 124 - 86, at Fiserv Forum on Tuesday. While there were three ties and three lead changes in the opening quarter, that was the only time this game was competitive. In fact, Milwaukee won all four individual quarters by at least six points apiece, as a 39 - 22 second quarter allowed the Bucks to lead by at least 19 points for the entirety of the second half. Milwaukee ended up having seven players reach double figures in scoring while Miami had just two players reach that threshold. The Bucks ended up shooting 50 percent from the field and 44 percent from three - point range while holding the Heat to 42 percent from the field and 24 percent from long range. Milwaukee out - rebounded Miami, 53 - 43, while out - assisting them, 35 - 27. They did that while winning the turnover differential, 17 - 7. The Heat (21 - 21) were led by Hassan Whiteside, as he amassed 19 points and eight boards. Justise Winslow accumulated 19 points, five rebounds, five assists and two blocks. No other Miami player reached double figures in scoring, as the other three starters combined for just 10 points. Dwyane Wade led the bench with nine points, three rebounds and four assists. The Bucks (31 - 12) got a triple - double from Giannis Antetokounmpo, as he collected 12 points, 10 rebounds, 10 assists and three steals. Eric Bledsoe led the team in scoring, tallying 17 points, five rebounds, four assists and two steals. Sterling Brown led the bench with 11 points and six assists. On deck for Milwaukee is a road matchup versus the Memphis Grizzlies on Wednesday. As for Miami, they return to action on Friday when they travel to face the Detroit Pistons."
4986,"The Milwaukee Bucks defeated the Dallas Mavericks, 116 - 106, at Fiserv Forum on Tuesday. After opening up an early nine - point lead, the Bucks (34 - 12) struggled mightily in the second quarter and only put up 22 points. As a result, they entered halftime down two points against one of the NBA's worth road teams. It didn't take long for Milwaukee to regain control of the game, however, as the team went on to win the third quarter by 10 points and managed to hold off the Mavericks (20 - 26) from that point on. Giannis Antetokounmpo had yet another stellar all - around performance in the win, posting 31 points, 15 rebounds and five assists in 36 minutes. Eric Bledsoe struggled from behind the arc, going just 1 - of - 7 from deep, but he was efficient inside and finished with 21 points on 8 - of - 16 shooting from the field. All five Bucks starters ended up reach double figures in points, with Malcolm Brogdon scoring 18 points, Brook Lopez adding 16 and Khris Middleton topping things off with 13 points of his own. The starting unit ended up scoring 100 of the team's 116 points Monday. As for the Mavericks, they failed to put up an efficient enough performance to keep up with the high - powered Bucks. As a team, they shot just 41 percent from the field overall and went just 10 - of - 17 from the free throw line. Rookie Luka Doncic led the way for the team again, posting a triple - double of 18 points, 11 rebounds and 10 assists in 33 minutes, while another rookie, Jalen Brunson, was close behind him with 16 points and five assists in 30 minutes. DeAndre Jordan and Wesley Matthews each added 15 points, while Harrison Barnes struggled mightily, going 5 - of - 14 from the field for just 8 points."
4987,"The Milwaukee Bucks defeated the visiting Charlotte Hornets, 108 - 99, at Fiserv Forum on Friday. While Charlotte led for the majority of this game, Milwaukee rode a 32 - 12 fourth quarter to a comeback victory. In fact, Milwaukee only led for a single minute before that fourth quarter, as the nine - point final margin was easily their largest lead of the game. Turnovers really killed Charlotte, as they lost that battle, 17 - 11. Milwaukee's defense was also critical, as they held Charlotte to 40 percent from the field, 26 percent from three - point range and 68 percent from the free - throw line. The Hornets (23 - 25) were led by Nicolas Batum, as he tallied 19 points, six rebounds and three assists. Jeremy Lamb totaled 16 points and four rebounds. Marvin Williams amassed 13 points, eight rebounds and two assists while Kemba Walker collected 10 points, eight rebounds and five assists before leaving due to a neck injury. The Bucks (35 - 12) were led by Giannis Antetokounmpo, as he accumulated 34 points, 14 rebounds, three assists, three steals and three blocks. Malcolm Brogdon generated 19 points and five rebounds. Eric Bledsoe finished with 18 points, four rebounds and three assists while Khris Middleton accrued 15 points, five rebounds and four assists. On deck for Milwaukee is a road matchup versus the Oklahoma City Thunder on Sunday. As for Charlotte, they play host to the New York Knicks on Monday for their next fixture."
4988,"The Milwaukee Bucks defeated the Washington Wizards, 148 - 129, at Fiserv Forum on Wednesday evening. The Bucks (40 - 13) had just handed the visiting Wizards (22 - 32) a resounding defeat on Washington's home floor just two games prior, so there was little doubt they'd be able to put up some points at Fiserv Forum, where they'd been especially impressive this season. However, Wednesday's prolific output likely exceeded even the most lofty expectations, as Milwaukee racked up a jaw - dropping 50 points in the first quarter and kept coming the rest of the way. They allowed their fair share of scoring as well, as Washington shot an impressive 52 percent overall, including 46 percent from three - point range. As the final score implies, the hosts were even more impressive, draining 60 percent of their attempts, including 63 percent from distance. Sloppy play was an unfortunate constant for the visitors, as they turned the ball over on 23 occasions. Bradley Beal paced the Wizards with 30 points, adding eight rebounds, four assists, three steals and one block. However, he was also guilty of a game - high eight turnovers. Thomas Bryant generated a 26 - point, 14 - rebound double - double that also included four assists and two blocks. Jeff Green supplied 22 points, four rebounds, three assists and one block. Tomas Satoransky turned in a 16 - point, 10 - assist double - double that also included seven rebounds and one steal. Sam Dekker led the bench with 12 points. Giannis Antetokounmpo had his way with the Wizards for the second straight game, racking up 43 points, six rebounds, four assists and three steals. Eric Bledsoe posted a 22 - point, 11 - assist double - double that also included six rebounds and two steals. Malcolm Brogdon tallied 18 points, five assists, two rebounds and two steals. Khris Middlelton registered 16 points and four assists. Brook Lopez and Ersan Ilyasova pitched in 12 and 11 points, respectively. The Wizards head back home to face the Cleveland Cavaliers on Friday evening, while the Bucks travel to face the Dallas Mavericks on Friday night as well."
4989,"The Orlando Magic defeated the host Milwaukee Bucks, 103 - 83, at Fiserv Forum on Saturday night. The game got out to a tight start, as the Magic led the Bucks by one, heading into the second. The Magic kept up the strong play, and outscored the hosts by nine in the second quarter, to take a 10 - point lead into halftime. The Magic continued to play with the edge, as they held the lead through the entire third quarter, and expanded their lead to 15, by the start of the final frame. The Magic held on through the fourth and managed to earn themselves an impressive 20 - point lead against the top team in the East. Jonathan Isaac led the Magic with 17 points, six rebounds and two blocks, in 31 minutes. Nikola Vucevic tallied 15 points, 17 rebounds, five assists and one block, while Terrence Ross finished with 15 points, four rebounds, one assist and one block, in 24 minutes off the bench. The Magic shot 47 percent from the field, including 10 - of - 27 from long range. Meanwhile, Eric Bledsoe led the Bucks with 19 points, 11 rebounds and five assists. Khris Middleton added 11 points, 12 rebounds, four assists and a steal, while Malcolm Brogdon tallied 14 points, four rebounds, two assists and one block. The Bucks shot 33 percent from the field, including 6 - of - 35 from long range. The Bucks (41 - 14) will look to bounce back as they take on the Bulls in Chicago on Monday. The Magic (24 - 32) take on the Hawks in Atlanta on Sunday."
4990,"The Milwaukee Bucks defeated the visiting Boston Celtics, 98 - 97, at Fiserv Forum on Thursday evening. The Celtics got out to a solid start on the road, with a 22 - 20 lead after one quarter. The Bucks answered in the second, where they outscored the visitors by eight, to take a 53 - 47 lead into halftime. The contest slowed down again in the third quarter, where they Celtics outscored the Bucks 21 - 19, cutting the deficit to just four points by the start of the fourth. The Bucks held the lead through most of the fourth, until the Celtics snagged a one - point lead with 2:48 to go. However, the Bucks came up huge down the stretch, capped off by a clutch three - pointer from Khris Middleton to seal the Bucks' third straight win. Giannis Antetokounmpo led the Bucks with 30 points, 13 rebounds, six assists, two blocks and a steal, in 36 minutes. Khris Middleton followed up with 15 points, 13 rebounds, four assists and a steal, while Malcolm Brogdon tallied 15 points, six rebounds, four assists and one steal. The Bucks shot 42 percent from the field, including 14 - of - 39 from long range. Meanwhile, Al Horford led the Celtics with 21 points, 17 rebounds, five assists, three blocks and two steals, in 37 minutes. Kyrie Irving followed up with 22 points, five assists, two steals, two blocks and a rebound, while Jayson Tatum added 17 points, 10 rebounds, two steals, a block and an assist. The Celtics shot 38 percent from the field, including 14 - of - 40 from deep. The Celtics (37 - 22) will look to bounce back as they take on the Bulls in Chicago on Saturday. The Bucks (44 - 14) play host to the Timberwolves on Saturday."
4991,"The Milwaukee Bucks defeated the Minnesota Timberwolves, 140 - 128, at Fiserv Forum on Saturday evening. The Bucks (44 - 14) came in with a well - earned reputation as one of the most dominant home squads in the NBA, as they'd emerged victories in 24 of 28 contests at Fiserv Forum coming in. However, that didn't seem to faze a game Timberwolves (28 - 31) squad, which nearly kept up with Milwaukee during their 35 - point first quarter and then actually pulled ahead in the second to take a one - point lead into halftime. Minnesota managed to add one more point to their advantage during a spectacular third quarter during which the teams combined for 77 points, but the home squad finally found its defense in the fourth. The Bucks opened the final period on a 13 - 4 run and ultimately held the visitors to just 19 points in the final 12 minutes to claim a double - digit win. Derrick Rose paced the Timberwolves with 23 points, adding four assists and two rebounds. Taj Gibson chipped in 20 points along with six boards and one assist. Andrew Wiggins registered 18 points, nine boards and four assists. Anthony Tolliver contributed 17 points, five boards, one assist and one block. Josh Okogie delivered 14 points, two rebounds and one steal. Luol Deng furnished 10 points off the bench. Dario Saric had just seven points on 2 - for - 11 shooting but did also post eight rebounds, three assists and one steal. Khris Middleton led the Bucks with 28 points, adding seven rebounds and three assists. Giannis Antetokounmpo generated a 27 - point, 10 - rebound double - double that also included seven assists, two blocks and one steal. Brook Lopez turned in 19 points, seven boards, one assist, four blocks and one steal. Nikola Mirotic led the bench with 17 points. Eric Bledsoe and Malcolm Brogdon had matching 16 - point, five - rebound tallies, with Bledsoe also dishing out seven dimes. The Timberwolves head back home to face the Sacramento Kings on Monday night, while the Bucks travel to the Windy City for a Monday evening date with the Chicago Bulls."
4992,"The Milwaukee Bucks defeated the visiting Indiana Pacers, 117 - 98, at Fiserv Forum on Thursday. While Indiana kept this game close in the first half, Milwaukee ran away in the second half. In fact, the Bucks rode a 130 run near the end of the third quarter to take a game - high 16 - point lead, then scored 13 unanswered points early in the fourth quarter to capture a new game - high 22 - point lead. Those runs were simply too much to overcome for the Pacers, as the Bucks ended up outscoring them, 63 - 48, in the second half. Milwaukee ended up leading for all but two minutes, as Indiana's largest lead was a single point. Rebounding was key, with the Bucks outrebounding the Pacers, 51 - 39. The shooting disparity was also decisive, with Milwaukee shooting 50 percent from the field while holding the Pacers to just 39 percent shooting. The Pacers (42 - 24) were led by Myles Turner, as he tallied 22 points, 17 rebounds, three assists and three blocks. Bojan Bogdanovic amassed 17 points, five rebounds and two steals. Thaddeus Young accrued 10 points, two rebounds, four assists, two steals and two blocks while Darren Collison totaled nine points and nine assists. The Bucks (49 - 16) were led by Giannis Antetokounmpo, as he collected 29 points, 12 rebounds and five assists. Khris Middleton accumulated 27 points, two rebounds, four assists and three steals. Brook Lopez finished with 13 points, six rebounds and four blocks while Eric Bledsoe accrued 12 points, six rebounds and four assists. On deck for Milwaukee is a home matchup versus the Charlotte Hornets on Saturday. As for Charlotte, they're off until Monday when they travel to face the Houston Rockets."
4993,"The Milwaukee Bucks defeated the visiting Charlotte Hornets, 131 - 114, at Fiserv Forum on Saturday evening. The Hornets got out to a great start on the road, as they put together a 32 - 24 lead after one quarter. They pushed their lead to 14 mid way through the second, but the Bucks rallied back to make it a four - point game by halftime. The second half started out well contested, as the score was tied at 73 halfway though the quarter. However, the Bucks closed the quarter by outscoring the Hornets 21 - 14, to take a seven - point lead into the final frame. They kept pushing to start the fourth and quickly built a double - digit lead. The Bucks held on the rest of the way to become the first team to achieve 50 wins this season. This also marks the second win in a row for Milwaukee. Giannis Antetokounmpo led the Bucks with 26 points, 13 rebounds, six assists and one block, in 29 minutes. Brook Lopez followed up with 25 points, eight rebounds, two assists and two steals, while Malcolm Brogdon and Nikola Mirotic added 18 points each. The Bucks shot 49 percent from the field, including 17 - of - 44 from deep. Meanwhile, Kemba Walker led the Hornets with 25 points, four assists, three rebounds and one block, in 31 minutes. Frank Kaminsky followed up with 16 points, four assists and one rebound, in 21 minutes off the bench. Nicolas Batum finished with 14 points, eight rebounds and four assists. The Hornets shot 47 percent from the field, including 15 - of - 39 from deep. The Hornets (30 - 36) will look to bounce back as they take on the Rockets in Houston on Monday. The Bucks (50 - 16) will be right back in action, as they head to San Antonio to take on the Spurs on Sunday."
4994,"The Philadelphia 76ers defeated the host Milwaukee Bucks, 130 - 125, at Fiserv Forum on Sunday. In a battle between two of the Eastern Conference elite, Philly came away with their biggest win of the season. In fact, they led for all but a few minutes, as they led 62 - 53 at the half and never relinquished the lead from there. Three-point shooting was the difference in the game, with the Sixers hitting 15 - of - 32 and Milwaukee connecting on just 16 - of - 50. Rebounding was also critical for Philadelphia, as they outrebounded Milwaukee, 54 - 45. The Sixers (45 - 25) got a gem from Joel Embiid, as he collected 40 points, 15 rebounds, six assists and three steals. Jimmy Butler accrued 27 points, six rebounds, three assists and three steals. J.J. Redick amassed 19 points, one steal and one block. Tobias Harris finished with 12 points, seven rebounds and four assists. The Bucks (52 - 18) got a masterpiece from Giannis Antetokounmpo, as he accumulated 52 points, 16 rebounds and seven assists. Khris Middleton totaled 19 points, seven rebounds and six assists. Brook Lopez amassed 14 points, four rebounds and four blocks. Eric Bledsoe generated 12 points, five rebounds, six assists and two steals. Both teams return to action on Tuesday, with Milwaukee playing host to the struggling Los Angeles Lakers and Philadelphia traveling to face the Charlotte Hornets."
4995,"The Milwaukee Bucks defeated the Los Angeles Lakers, 115 - 101, at Fiserv Forum on Tuesday evening. Both teams announced prior to the game that their respective elite - level stars would sit, with Giannis Antetokounmpo nursing an ankle injury and LeBron James simply being given the night off for rest purposes. Even with those two absences essentially negating the other, the difference in talent between the two clubs was too much for the Lakers (31 - 40) to overcome. The Bucks (53 - 18) jumped out to an 11 - point first - quarter lead and that Los Angeles did whittle down to three by halftime. However, the home squad reasserted its dominance in the third period by extending their advantage back out to 15, allowing them to comfortably cruise to victory during a low - scoring final period. The visitors did a poor job with both shooting and ball security, draining only 38 percent of their attempts while giving the ball away on 19 occasions. Kentavious Caldwell-Pope paced the Lakers with 35 points, adding three rebounds, one assist, two steals and one block. Kyle Kuzma supplied 17 points, five boards, three assists and one steal. Rajon Rondo and Reggie Bullock pitched in matching 13 - point tallies, with Rondo also dishing out 10 assists and pulling down six rebounds. JaVale McGee mustered six points but hauled in 11 boards. As is usually the case when Antetokoumpo sits, Khris Middleton led the way for the Bucks with 30 points, adding 10 rebounds, five assists and one steal. Brook Lopez tallied 28 points, nine rebounds, three assists, four blocks and three steals. Nikola Mirotic registered 23 points, six rebounds and one assist. Eric Bledsoe managed 14 points, eight boards, seven assists and four steals. Patrick Connaughton finished with 13 points, eight rebounds and four assists off the bench. The Lakers head back home to face the Brooklyn Nets on Friday night, while the Bucks pay a visit to the Cleveland Cavaliers on Wednesday evening."
4996,"The Milwaukee Bucks defeated the visiting Miami Heat 116 - 87, at Fiserv Forum on Friday evening. The contest got out to a competitive start, as the Bucks and Heat traded the lead through the first quarter, until the Bucks emerged with a 33 - 32 lead going into the second. The Bucks turned it up in the second, as they pushed to an 11 - point lead midway through the quarter, and went on to lead by 12 at the half. The third quarter belonged to the Bucks like the second, as the Bucks held a steady lead early, and rallied at the end of the quarter, to push their lead to 25 by the start of the fourth. The Bucks held on and cruised through to fourth, to earn their 29th home win. Giannis Antetokounmpo led the Bucks, with 27 points, eight rebounds, seven assists, two blocks and a steal, in 28 minutes. Khris Middleton followed up with 18 points, 10 assists, eight rebounds and one steal, while Pat Connaughton chipped in six points, 10 rebounds and four assists. The Bucks shot 51 percent from the field, including 17 - of - 34 from deep. Meanwhile, six players scored in double digits for Miami, but the highest total was 14 points from Hassan Whiteside, who also chipped in nine rebounds and three blocks, in 23 minutes off the bench. Kelly Olynyk added 13 points, while Dwyane Wade and Bam Adebayo tallied 12 points each. The Heat shot 38 percent from the field, including 11 - of - 37 from long range. The Heat (35 - 37) will look to bounce back as they take on the Wizards in Washington on Saturday. The Bucks (54 - 19) play host to the Cavs on Sunday."
4997,"The Milwaukee Bucks defeated the visiting Cleveland Cavaliers, 127 - 105, at Fiserv Forum on Sunday. Milwaukee came into this game as a sizable favorite and a wire - to - wire win here shows just why. In fact, Milwaukee either won or tied all four individual quarters, as a 68 - 55 first half was too much for Cleveland to overcome. Rim protection was key for the Bucks, as they won the defensive rebounding battle, 41 - 32, while out - blocking the Cavaliers, 7 - 1. Milwaukee ended up shooting 55 percent from the field while holding Cleveland to just 43 percent shooting. The Cavaliers (19 - 55) were led by Kevin Love, as he tallied 20 points, 19 rebounds and three assists. Collin Sexton totaled 18 points and five rebounds. Larry Nance Jr. started and accumulated 13 points, three rebounds, six assists and three steals. Jordan Clarkson led the bench with 19 points, three rebounds and four assists. The Bucks (55 - 19) were led by Giannis Antetokounmpo, as he collected 26 points, 10 rebounds, seven assists and four blocks. Khris Middleton accrued 17 points, five rebounds, three assists and two steals. Eric Bledsoe amassed 12 points, five rebounds, seven assists and two steals while George Hill led the bench with 17 points. Both teams return to action on Tuesday, with Cleveland playing host to the Boston Celtics and Milwaukee welcoming the Houston Rockets to Fiserv Forum."
4998,"The Milwaukee Bucks defeated the visiting Houston Rockets, 108 - 94, at Fiserv Forum on Tuesday. While Houston led for the first 16 minutes of this game, Milwaukee dominated from there. The Bucks did most of their damage in the middle quarters, outscoring the Rockets, 70 - 46. That allowed them to lead by at least 12 points for the entirety of the fourth quarter. Milwaukee's defense was critical, as they held Houston to 36 percent from the field and 31 percent from three - point range while winning the defensive rebounding battle, 50 - 38. The Bucks also out - assisted the Rockets, 24 - 17. The Raptors (47 - 28) were led by James Harden, as he accumulated 23 points, 10 rebounds, seven assists and two blocks. Chris Paul finished with 19 points, nine rebounds and four assists. Clint Capela totaled 17 points, 11 rebounds, two assists and two blocks. Danuel House led the bench with 15 points and four boards. The Bucks (56 - 19) were led by Eric Bledsoe, as he tallied 23 points, three rebounds, seven assists and two blocks. Giannis Antetokounmpo collected 19 points, 14 rebounds and four assists. Brook Lopez amassed 13 points and eight boards while Pat Connaughton led the bench with 14 points, seven rebounds, four assists, two steals and two blocks. Both teams return to action on Thursday, with Milwaukee playing host to the Los Angeles Clippers and Houston welcoming the Denver Nuggets to Toyota Center."
4999,"The Milwaukee Bucks defeated the visiting Los Angeles Clippers, 128 - 118, at Fiserv Forum on Thursday evening. The contest got out to a competitive start, with multiple lead changes in the first quarter, before the Bucks emerged with a three - point lead heading into the second. The Bucks turned it up a notch in the second, and outscored the visitors by 18 in the quarter, to take a 67 - 46 lead by halftime. The Clippers came out fighting in the third but could not make a dent in the deficit, as the Bucks actually outscored them by two in the quarter, to push the lead to 23, heading into the final frame. However, the Clippers did not give up and made an impressive rally in the fourth, as they made it a 10 - point game with five minutes to go. However, the Bucks cut it off there, as they locked down an ensured their fourth straight win, and ended the Clippers' six - game winning streak. Khris Middleton led the Bucks with 39 points, nine rebounds, five assists and one steal, in 33 minutes. Giannis Antetokounmpo tallied 34 points, nine rebounds, five assists, a steal and a block, while Eric Bledsoe added 15 points, eight assists, seven rebounds and a steal. The bucks shot 53 percent from the field, including 16 - of - 37 from deep. Meanwhile, seven players scored in double digits for the Clippers, led by Shai Gilgeous-Alexander, who finished with 21 points, six rebounds, two assists, two blocks and a steal, in 31 minutes. JaMychal Green added 16 points, eight rebounds and two assists, while Danilo Gallinari tallied 14 points, eight rebounds, four assists and a steal. The Clippers shot 46 percent from the field, including 17 - of - 33 from long range. Lou Williams (rest) did not play. The Clippers (45 - 31) will look to bounce back as they play host to the Cavs on Saturday. The Bucks (57 - 19) take on the Hawks in Atlanta on Sunday."
5000,"The Brooklyn Nets defeated the host Milwaukee Bucks, 133 - 128, at Fiserv Forum on Saturday. This was a true tale of four quarters, as each individual quarter was decided by seven points or more. The Nets did almost all of their damage in the first and third quarters, outscoring the Bucks, 76 - 57. They ended the game strong, finishing up with seven unanswered points. With that said, there were nine ties and 11 lead changes in total. Taking care of the ball was the difference in the game, with Brooklyn winning the turnover differential, 14 - 10. That allowed the Nets to win the points off turnover battle, 28 - 9. Free-throw shooting was also big, with Brooklyn hitting 18 - of - 23 and Milwaukee connecting on 14 - of - 21. The Nets (40 - 40) were led by D'Angelo Russell, as he tallied 25 points, two rebounds, 10 assists and two steals on 10 - of - 15 from the field. Joe Harris totaled 14 points and six boards. Rodions Kurucs accrued 11 points, five rebounds and three assists while Caris LeVert led the bench with 24 points, two rebounds and five assists. The Bucks (59 - 21) were led by Eric Bledsoe, as he collected 33 points, four rebounds, 11 assists and two steals. Khris Middleton generated 24 points, four rebounds and three assists. Sterling Brown accumulated 11 points, four rebounds and five assists while Pat Connaughton led the bench with 13 points, eight rebounds, three assists and two steals. Both teams have to play again on Sunday, with Brooklyn traveling to face the fading Indiana Pacers and Milwaukee playing host to the surging Atlanta Hawks."
5001,"The Milwaukee Bucks defeated the visiting Atlanta Hawks, 115 - 107, at Fiserv Forum on Sunday evening. The Bucks got out to a good start at home, with a 28 - 21 lead after one quarter. They stayed in control in the second and pushed their lead to 15, with five minutes left in the quarter, while the Hawks managed to trim it to a nine - point deficit by halftime. The Bucks retained control through the third, with a double - digit lead most of the way, until they took a 13 - point lead into the fourth. The Hawks kept fighting and chipped away though the quarter, and managed to make it a three - point game with four minutes left. However, the Bucks outscored the visitors, 16 - 11, down the stretch, to secure their 60th win of the season. Giannis Antetokounmpo led the Bucks with 30 points, nine rebounds, three assists, three blocks and one steal, in 24 minutes. Khris Middleton followed up with 21 points, five rebounds, three assists and a block, while Sterling Brown and D.J. Wilson tallied 10 points each. The Bucks shot 44 percent from the field, including 9 - of - 41 from deep. Meanwhile, Alex Len led the Hawks with 33 points, eight rebounds, four assists and two blocks, in 34 minutes. DeAndre' Bembry added 13 points, eight rebounds, three assists and one steal, while Kent Bazemore added 12 points, two rebounds and two assists. The Hawks shot 40 percent from the field, including 17 - of - 45 from deep. The Hawks (29 - 52) play host to the Pacers on Wednesday. The Bucks (60 - 21) play host to the Thunder on Wednesday."
5002,"The Oklahoma City Thunder defeated the Milwaukee Bucks, 127 - 116, at Fiserve Forum on Wednesday evening. The Thunder (49 - 33) came into the contest looking to enter the postseason on a strong note, but knew they'd be missing star forward Paul George due to the latter's shoulder injury. However, the Bucks were without Brook Lopez and Giannis Antetokounmpo for rest as well. Courtesy of a big second quarter, OKC took a 68 - 58 halftime lead. The two teams played a highly competitive second half as well, but the visitors' cushion served them well and allowed them to eventually secure an 11 - point victory to close out the campaign. Dennis Schroder led the way for the Thunder with 32 points, adding five rebounds, three assists and four steals. Jerami Grant provided 28 points, five rebounds and one assist. Russell Westbrook supplied a 15 - point, 17 - assist, 11 - rebound triple - double that included one steal and one block. Markief Morris and Raymond Felton generated matching 12 - point tallies while hauling in 10 rebounds and dishing out seven assists, respectively. Terrance Ferguson and Abdel Nader furnished 11 points apiece. Tim Frazier paced the Bucks with 29 points and supplemented them with 13 assists, six rebounds and one block. Bonzie Colson and Khris Middleton posted 21 points each, with Colson also bringing down 10 rebounds. D.J. Wilson posted an 18 - point, 17 - rebound double - double that also included four assists and one steal. Patrick Connaughton poured in 12 points and added five rebounds, one assist and one steal. The Thunder now face the Houston Rockets in the first round of the Western Conference playoffs, while the Bucks face off against the Detroit Pistons in the first round of the Eastern Conference playoffs."
5003,"The Detroit Pistons defeated the host Chicago Bulls, 118 - 116, at United Center on Saturday evening. The first quarter featured a few lead swings, with the Pistons up by as many as eight, however, it was the Bulls that led 27 - 25 heading into the second quarter. The Pistons pushed ahead again in the second, this time amassing a 10 - point lead, with 6:21 left in the half. They were able to ride that cushion until halftime, although the Bulls cut the gap to trail by two, 60 - 58. The third quarter featured multiple lead changes and ties, but the Pistons came out with a one - point advantage heading into the final frame. The contest went right down to the wire, where Blake Griffin and Zach LaVine exchanged clutch three - points, but ultimate the Pistons survived to earn their second straight win and remain undefeated. The Bulls dropped to 0 - 2 on the season. Blake Griffin led the Pistons with 33 points, 12 rebounds, five assists and two block, in 35 minutes of action. Reggie Jackson followed up with 18 points, six assists and one rebound, while Andre Drummond tallied 10 points, 13 rebounds and one block, in 24 minutes. The Pistons shot 41 percent from the field, including 18 - of - 40 from long range. Meanwhile, Zach LaVine led the Bulls with 33 points, four rebounds and three assists, in 37 minutes. Justin Holiday followed up with 19 points, six rebounds, two assists and two steals, while Cameron Payne contributed 17 points, four assists and three rebounds. The Bulls shot 51 percent from the field, including 7 - of - 22 from long range. The Bulls (0 - 2) will be looking for their first win of the season, as they take on the Mavericks in Dallas on Monday. The Pistons (20) play host to the 76ers on Tuesday."
5004,"The Chicago Bulls defeated the visiting Charlotte Hornets, 112 - 110, at United Center on Wednesday. Chicago was looking for their first win of the season in this competitive matchup, as it wasn't decided until the final seconds. In fact, there were 12 ties and 21 lead changes in total, as neither club led by more than 11 points. The Bulls actually scored the final four points of this game in the final 80 seconds, as that turned a two - point deficit into a two - point victory. Rebounding was the difference for Chicago, as they outrebounded Charlotte, 45 - 36. Transition offense was also key, with the Bulls winning the fastbreak differential, 16 - 4. Chicago ended up shooting 48 percent from the field and 35 percent from three - point range while holding Charlotte to just 44 percent from the field and 29 percent from long range. The Hornets (2 - 3) were led by Kemba Walker, as he tallied 23 points, three rebounds and six assists. Cody Zeller totaled 14 points, six rebounds and two assists. Nicolas Batum accrued 13 points, three rebounds and four assists while Jeremy Lamb amassed 12 points, three rebounds and three assists. The Bulls (1 - 3) got another gem out of Zach LaVine, as he led the way with 32 points, four rebounds and five assists. Cameron Payne was the only other starter in double figures, as he accumulated 21 points, five rebounds and four assists. Jabari Parker was huge off the bench, providing 11 points, nine rebounds, four assists and two steals. These teams will have a rematch on Friday, but that will be played in Charlotte."
5005,"The Golden State Warriors defeated the Chicago Bulls, 149 - 124, at United Center on Monday night. Things looked grim from the opening tip for the Bulls (2 - 5), which saw the Warriors (7 - 1) put up 12 quick points before three minutes were off the clock. It was all downhill from there, with one Klay Thompson largely responsible for their night of misery. Mired in a rather ordinary start, by his standards, to the new season, Thompson exploded for a trademark 52 - point performance that included an NBA-record 14 made three - pointers. Golden State had compiled an eye - popping 92 points by intermission, making the second half a foregone conclusion. As the final score and Thompson's final line both implied, the visitors shot extremely well, draining 55 percent of their attempts, including 53 percent from distance. Thompson added five rebounds and one steal to his game - high scoring haul. Stephen Curry was overshadowed for a change, but he still posted a solid 23 points eight rebounds, five assists, three steals and one block. Alfonzo McKinnie saw extended playing time off the bench and parlayed it into a 19 - point, 10 - rebound double - double that also included one assist and one block. Quinn Cook collected 16 points, two rebounds and one assist. Kevin Durant generated 14 points and handed out eight assists in 28 minutes. Zach LaVine and Andrew Blakeney co - led the Bulls with matching 21 - point tallies. Rookie Wendell Carter, Jr. followed with 18 points, seven rebounds and four assists. Cameron Payne went for 15 points, three rebounds, two assists and one block. Jabari Parker matched Payne's scoring total off the bench and also hauled in nine rebounds, dished out six assists and recorded one block. The Warriors return home and face off with the New Orleans Pelicans on Wednesday night, while the Bulls host the Denver Nuggets on Wednesday evening as well."
5006,"The Denver Nuggets defeated the host Chicago Bulls, 108 - 107, in overtime at United Center on Wednesday. While these teams are on the opposite spectrum of wins and losses, it took an extra session to determine a winner. Denver ended regulation strong, as they went on an 8 - 2 run across the final three minutes to send the game into overtime. Despite the fact that Denver didn't score in the final 2:10 of overtime, Paul Millsap hit a putback with 0 seconds left to take the lead and win the game. That marked the 16th lead change of the game, as there were also 11 ties. Rebounding really carried Denver, as they outrebounded Chicago, 56 - 43. The Nuggets dominated down low through scoring as well, as they won the points in the paint battle, 62 - 40. The Nuggets (6 - 1) got a near triple - double out of Nikola Jokic, as he collected 22 points, 12 rebounds, nine assists, two steals and three blocks. Millsap finished with 19 points, six rebounds and three blocks to go along with his game - winner. Gary Harris accrued 16 points, five rebounds and two assists. Trey Lyles was huge off the bench, providing nine points, 10 rebounds and three assists. The Bulls (2 - 6) were led by Zach LaVine, as he accumulated 28 points, five rebounds and seven assists. Wendell Carter Jr. totaled 25 points, eight rebounds, five assists, three steals and three blocks. Justin Holiday amassed 15 points, five rebounds and five assists. Antonio Blakeney led the bench with 15 points and three boards. On deck for Denver is a road matchup versus the Cleveland Cavaliers on Thursday. As for Chicago, they return to action on Friday when they play host to the Indiana Pacers."
5007,"The Indiana Pacers defeated the Chicago Bulls, 107 - 105, at United Center on Friday evening. The Pacers (6 - 3) came into the contest at full health, which is much more than the host Bulls (2 - 7) could say. Chicago came in missing a quartet of key players, but they didn't let that stop them from giving Indiana everything it could handle. The hosts jumped out to a 37 - 22 first - quarter lead, but the visitors flipped the game in the second quarter to head into halftime with a slim two - point edge. The two teams then traded the lead back and forth throughout the second half, and Chicago boasted a 99 - 92 advantage as late as the 5:55 mark of the fourth quarter. However, Indiana went on a 15 - 6 run to finish the game, with a Darren Collison 19 - foot jumper with 18 seconds remaining ultimately serving as the game - winning bucket. Ultimately, Myles Turner's block of an Antonio Blakeney jumper with less than a second remaining sealed the victory. Victor Oladipo led the Pacers with 25 points, which he supplemented with 14 rebounds, five assists, two steals and one block. Turner supplied 18 points, three rebounds, three assists and six blocks. Collison provided 14 points overall, while Tyreke Evans led the bench with 13. Blakeney paced the Bulls with 22 points and three rebounds off the bench. Zach LaVine registered 20 points, six rebounds, five assists, one steal and one block. Justin Holiday turned in 19 points, two assists and one rebound. Wendell Carter, Jr. and Jabari Parker provided matching 11 - point tallies, along with eight and seven rebounds, respectively. The Pacers head back home to take on the Boston Celtics on Saturday night, while the Bulls remain home and tangle with the Houston Rockets on Saturday evening as well."
5008,"The Houston Rockets defeated the host Chicago Bulls, 96 - 88, at United Center on Saturday evening. Despite a strong start from the Rockets, the Bulls kept it together and managed to pull ahead with a 28 - 27 lead after one. The second quarter was very similar, in that Houston started out strong and kept up a consistent attack, however, the Bulls were able to stay focused and once again outscore Houston by one in the quarter, to take a 56 - 54 lead into halftime. The third quarter started out very slow, with the Rockets outscoring the Bulls just 6 - 3, halfway through the quarter. The Rockets were able to pull themselves together, and outscored the Bulls 15 - 4 through the second half of the quarter, to take a 75 - 63 lead into the final frame. The Rockets pushed their lead to 17 early in the fourth and were able to ride it out from there. This marks the second win in a row for the Rockets, while the Bulls took their fourth straight loss. James Harden led the way for Houston with 25 points, seven assists, four steals and one rebound, in 33 minutes. Clint Capela was solid, with 12 points, 12 rebounds, two blocks, one assist and one rebound, while Carmelo Anthony tallied 17 points on 8 - of - 14 shooting, in 32 minutes off the bench. The Rockets shot 43 percent from the field, including 13 - of - 42 from long range. Meanwhile, Zach LaVine led the Bulls with 21 points, four rebounds, four assists and one steal, in 38 minutes. Wendell Carter Jr. had a big night with 14 points, 13 rebounds, four blocks, two steals and one assist, while Jabari Parker added 15 points, three rebounds and one steal. The Bulls shot 39 percent from the field, including 6 - of - 24 from long range. The Bulls (2 - 8) will look to bounce back as they take on the Knicks in New York on Monday. The Rockets (3 - 5) head to Indiana to take on the Pacers on Monday."
5009,"The Chicago Bulls defeated the visiting Cleveland Cavaliers, 99 - 98, at United Center on Saturday evening. The Bulls got out to a great start at home, as they outscored the Cavs by 14 in the first quarter, to take a 37 - 23 lead into the second. The Cavs answered back in the second quarter though, as they evened things up, by outscoring the Bulls 30 - 16 in the quarter, making it a tie game at 53, by halftime. Neither team could rebuild their lead, as the game went back - and - forth through the third, until the Bulls emerged with a two - point lead heading into the final frame. The Bulls stayed one step ahead through the fourth, but the Cavs would not go away and fought their way to make it a one - point game with 1:13 left in the game. However, that was the last point that either team would score, as either team failed to execute down the stretch, leaving the Bulls to walk away with the one - point win. Zach LaVine led Chicago with 24 points, eight rebounds, five assists and two steals, in 39 minutes. Wendell Carter Jr. and Ryan Arcidiacono tallied 15 points each, while Jabari Parker finished with 13 points, five rebounds, three assists and one block. The Bulls shot 48 percent from the field, including 7 - of - 18 from long range. Meanwhile, Tristan Thompson led the Cavs with 22 points, 12 rebounds, one assist and two steals, in 33 minutes. Rodney Hood and Collin Sexton tallied 20 points each, while Jordan Clarkson chipped in 15 points off the bench. The Cavs shot 43 percent from the field, including 8 - of - 21 from long range. The Cavaliers (1 - 11) will look to bounce back as they play host to the Hornets on Tuesday. The Bulls (4 - 9) play host to the Mavericks on Monday."
5010,"The Dallas Mavericks defeated the Chicago Bulls, 103 - 98, at United Center on Monday evening. The Mavericks (5 - 8) seem to be turning their season around following a negative start and now they have won three of their last four; that's quite an impressive achievement considering they began the year with a 2 - 7 record. Dallas jumped ahead 25 - 20 after the first quarter, and they further increased their lead to 56 - 49 at the break. The Bulls (4 - 10) fought back and made it things closer with a 26 - 22 win in the third quarter, to make it a three - point game entering the final 12 minutes of action. But the Mavs closed things out and with a 25 - 23 win in the fourth, they cruised their way towards a huge win that also represented Dallas' first W on the road during the 2018 - 19 season. Six Dallas players scored in double - digits in this game, including three players coming off the bench. Harrison Barnes led the way with 23 points, five rebounds and four steals, while young guards Dennis Smith Jr. and Luka Doncic contributed with 11 points each; Doncic also chipped in with six rebounds and three assists. J.J. Barea had 14 points off the bench, while Maximilian Kleber (12 points) and Dwight Powell (11 points) looked solid off the bench as well. Zach LaVine was the best player for the Bulls since he finished with 26 points, five rebounds, five assists and four steals. Justin Holiday contributed with 14 points, and Jabari Parker added 16 points, six rebounds and two assists for the losing cause. Wendell Carter Jr. only scored seven points, but chipped in with 10 rebounds and two blocks."
5011,"The Toronto Raptors defeated the Chicago Bulls, 122 - 83, at United Center on Saturday evening. The Raptors (12 - 4) came into the contest likely smarting from their overtime loss to the Boston Celtics on Friday night, a game in which they blew a fourth - quarter lead. Toronto also came into Saturday's game short - handed, as they were without Kawhi Leonard (rest), OG Anunoby (wrist) and C.J. Miles (groin). However, the visitors set the tone early by jumping out to a 57 - 44 halftime lead. They then put any doubts about the outcome to rest in a dominant third period in which they racked up 32 points while limiting the Bulls (4 - 13) to just 12. Kyle Lowry eventually exited the game for the Raptors with victory firmly in hand during the second half, as he was hampered by a sore ankle. The game was a turnover fest, with Toronto actually outpacing Chicago in that department, 24 - 23. However, the Raptors drained 54 percent of their attempts while holding the Bulls to a 35 percent figure. Fred VanVleet drew the start for Leonard and led the Raptors with 18 points, a total he supplemented with four rebounds, four assists, one steal and one block. Danny Green turned in 17 points, four rebounds, three assists and one steal. Serge Ibaka produced 16 points, four rebounds, one assist, four blocks and two steals. Pascal Siakam collected 12 points, eight rebounds, five assists, one steal and one block. Lowry finished with eight points, eight assists, seven rebounds and three steals in 29 minutes before his exit. The Bulls had only three double - digit scorers, with Antonio Blakeney leading the way with 13 points off the bench. Jabari Parker and Justin Holiday followed with matching 12 - point efforts. Parker added six rebounds, two assists and two steals, while Holiday had four rebounds, one assist, one steal and one block. Chandler Hutchinson and Robin Lopez posted nine points apiece on the second unit. The Raptors remain on the road and visit the Orlando Magic on Tuesday evening, while the Bulls remain home and take on the Phoenix Suns on Wednesday night."
5012,"The Chicago Bulls defeated the visiting Phoenix Suns, 124 - 116, at United Center on Wednesday evening. The Suns got out to a good start on the road, as they outscored the Bulls, 28 - 25, in the first quarter. The second quarter picked up as a high - scoring period, where the Suns managed to maintain the upper hand by outscoring the Bulls, 41 - 39, in the quarter, to take a 69 - 64 lead into halftime. The Bulls picked it up in the third, as they snuck up on the Suns and took 91 - 85 lead, with just under five minutes left in the quarter. The Bulls stayed strong and kept the edge, with a 94 - 93 advantage heading into the final frame. The Suns kept it competitive right down to the wire, as they trailed, 119 - 116, with 1:27 to go. Nonetheless, the Bulls remained in control, as they held the Suns scoreless for the remainder of the contest. Zach LaVine led the Bulls with 29 points, six assists, one rebound and one steal, in 37 minutes. Jabari Parker followed up with 20 points, 13 rebounds, eight assists and two steals, while Ryan Arcidiacono, Wendell Carter Jr., and Antonio Blakeney chipped in 14 points each. The Bulls shot 57 percent from the field, including 11 - of - 25 from long range. Meanwhile, Devin Booker led the Suns with 23 points, six assists, three steals and two rebounds, in 33 minutes. Deandre Ayton followed up with 18 points, 12 rebounds, five assists, one steal and a block, while T.J. Warren added 21 points on 8 - of - 15 shooting. The Suns shot 49 percent from the field, including 10 - of - 34 from long range. The Suns (3 - 14) will look to bounce back as they take on the Bucks on Friday. The Bulls (5 - 13) play host to the Heat on Friday."
5013,"The Miami Heat defeated the host Chicago Bulls, 103 - 96, at United Center on Friday evening. The Bulls got out to a good start at home, with an early 10 - 4 lead, but the Heat came back to take a 28 - 26 lead into the second. The Heat continued their push into the second quarter, where they outscored the Bulls 32 - 13, to take a convincing 60 - 39 lead by halftime. However, the Bulls were not finished, as they came out strong in the third and carried on to outscore the Heat, 30 - 18, in the quarter, to cut the deficit to nine entering the fourth quarter. They continued the push and cut the gap to just four points, but the Heat were able to keep the edge and regain a double - digit lead, en route to the much - needed win, ending a three - game slide. Josh Richardson led the way for Miami with 27 points on 10 - of - 16 shooting, three assists, two rebounds, one assist and one steal, in 33 minutes. Hassan Whiteside finished with 18 points, 10 rebounds, four blocks, one assist and one steal, while Bam Adebayo added 14 points, 13 rebounds, two assists and one block, in 26 minutes. The Heat shot 42 percent from the field, including 10 - of - 34 from long range. Meanwhile, Justin Holiday led the Bulls with 27 points on 9 - of - 16 shooting, 13 rebounds, three steals, two assists and one block, in 39 minutes. Jabari Parker followed up with 23 points, 10 rebounds, one assist, one block and one steal, while Zach LaVine added 24 points, nine assists, four rebounds and one block. The Bulls (5 - 14) will look to bounce back as they take on the Timberwolves in Minnesota on Saturday. The Heat (7 - 11) head to Toronto to take on the Raptors on Sunday."
5014,"The San Antonio Spurs defeated the Chicago Bulls, 108 - 107, at United Center on Monday night. The struggling Bulls (5 - 16) came out ready to defend home court Monday, as they matched the Spurs (10 - 10) basket for basket in the first quarter and trailed by only two at halftime. Chicago actually took a three - point lead int the final quarter, but they'd fallen behind 108 - 101 by the 2:13 mark of the period. However, Ryan Arcidiacono would drain a pair of three - pointers over a period of 1:2, bringing the home squad within one. After missed three - pointers by either side, the second - year guard's 18 - foot jumper with under a second remaining couldn't find the basket, leading to a Spurs win. DeMar DeRozan led the Spurs with 21 points, a total he supplemented with eight rebounds and five assists. LaMarcus Aldridge followed with 20 points, eight rebounds, three assists, two steals and two blocks. Patty Mills led the bench with 17 points. Bryn Forbes poured in 13 points and added six assists and two rebounds. Jakob Poeltl posted 10 points, four rebounds and four assists in 18 minutes. Zach LaVine paced the Bulls with 28 points and added eight rebounds and seven assists. Arcidiacono totaled 22 points, four rebounds, two assists and two steals. Jabari Parker mustered an 18 - point, 10 - rebound double - double that included two assists and two steals. Justin Holiday filled out the stat sheet with 17 points, six rebounds, four assists and two blocks. The Spurs remain on the road and tangle with the Minnesota Timberwolves on Wednesday night, while the Bulls travel to take on the Milwaukee Bucks on Wednesday evening as well."
5015,"The Chicago Bulls defeated the Oklahoma City Thunder, 114 - 112, at United Center on Friday evening. The Bulls (6 - 20) kept the Thunder (16 - 7) on their heels throughout the first half on their way to compiling an impressive 70 points. They'd see their eight - point halftime advantage evaporate in the third quarter, however, as Oklahoma City outscored them by a 29 - 17 margin. That set up an exciting final 12 minutes, one that saw Chicago claw their way back to outscore the visitors by six and notch the hard - fought win when Lauri Markkanen hit a game - winning layup with 5 seconds remaining. Russell Westbrook led the way for the Thunder with a 22 - point, 17 - rebound, 13 - assist triple - double that also included four steals. Steven Adams generated a 21 - point, 10 - rebound double - double that also included two steals and a block. Paul George managed 19 points, five assists, four rebounds and three steals. Dennis Schroder paced the second unit with 17 points. Jerami Grant tallied 13 points and two rebounds. Zach LaVine paced the Bulls with 25 points and added seven assists, four rebounds and two steals. Markkanen collected 22 points, six rebounds, one assist, three steals and one block. Justin Holiday contributed 17 points, six boards and three steals. Jabari Parker delivered 16 points, seven rebounds, four assists and one steal. The Thunder heads back home to take on the Utah Jazz on Monday night, while the Bulls remain home to take on the Boston Celtics on Saturday evening."
5016,"The Boston Celtics defeated the host Chicago Bulls, 133 - 77, at United Center on Saturday. Boston came into this game as a big favorite but no one could ever anticipate a 56 - point win. The Celtics actually started the game with 17 unanswered points, as that obviously killed the Bulls demeanor. It's not like they rebounded in the second half though, as Boston outscored Chicago, 69 - 34. Every statistic was lopsided in the Celtics favor, as they really dominated through defense. In fact, they held the Bulls to 38 percent from the field and 25 percent from three - point range while winning the turnover differential, 15 - 7. In addition, Boston outrebounded Chicago, 54 - 37, while connecting on 54 percent from the field and 51 percent from long range. The Celtics also out - assisted the Bulls, 34 - 16, and won the steals differential, 10 - 3. The Celtics (15 - 10) had seven players reach double figures in scoring, as Jaylen Brown led the team with 23 points, five rebounds, three assists and two steals off the bench. Daniel Theis led the starters with 22 points, 10 rebounds, five assists and four blocks. Jayson Tatum amassed 18 points, three rebounds and two assists while Kyrie Irving finished with 13 points, four rebounds and five assists. Terry Rozier also played well off the bench, providing 15 points, eight rebounds, two assists and three steals. The Bulls (6 - 21) had just one starter reach double figures, as Zach LaVine totaled 11 points, three rebounds and two assists. Lauri Markkanen and Justin Holiday combined for 13 points on 5 - of - 20 shooting. Shaquille Harrison led the team in scoring, providing 20 points off the bench. Cameron Payne accrued 10 points, three rebounds and three assists off the bench as well. Both teams return to action on Monday, with Chicago welcoming the Sacramento Kings to United Center and Boston playing host to the New Orleans Pelicans."
5017,"The Sacramento Kings defeated the host Chicago Bulls, 108 - 89, at United Center on Monday evening. The Kings jumped out to an early, 10 - 4, lead, but the Bulls battled back to take a, 33 - 26, lead by the end of the first. The home team kept the momentum through the second, as they stayed a couple steps ahead the whole way, and built a, 56 - 45, lead by halftime. The Bulls held their advantage to start the third, but the Kings mounted a 24 - 8 run, to close the quarter and take a 81 - 74 lead into the final frame. The Kings kept the pressure on in the fourth, as they quickly pushed their lead to 10. They continued to add to the lead until they led by 20 with two minutes left, allowing them to finish off their four - game road trip with a positive, 3 - 1, record. De'Aaron Fox led the Kings with 25 points, six assists, four rebounds, four steals and one block, in 33 minutes. Bogdan Bogdanovic and Marvin Bagley III tallied 16 points each, while Willie Cauley-Stein added 11 points, 16 rebounds, three assists and three steals. The Kings shot 46 percent from the field, including 16 - of - 37 from long range. Meanwhile, Zach LaVine led the Bulls with 19 points, three steals, two rebounds and two assists, in 32 minutes. Lauri Markkanen tallied 13 points, six rebounds, one assist and one steal, while Kris Dunn, Bobby Portis and Justin Holiday chipped in nine points each. The Bulls shot 45 percent from the field, including 8 - of - 28 from long range. The Bulls (6 - 22) will look to bounce back as they take on the Magic in Orlando on Thursday. The Kings (14 - 12) host the Timberwolves on Wednesday."
5018,"The Brooklyn Nets defeated the host Chicago Bulls, 96 - 93, at United Center on Wednesday. While these teams have been struggling for most of the season, this was one of the most competitive games of the year. In fact, there were 21 ties and 23 lead changes in total, as neither club led by more than seven points. Brooklyn made the final run that mattered most though, as they finished the game on a 7 - 2 spurt across the final three minutes. Defensive rebounding was huge for the Nets, as they won that battle, 38 - 30. Free-throw shooting was also imperative, with Brooklyn hitting 20 - of - 25 and Chicago connecting on 7 - of - 10. The Bulls (7 - 25) were led by Kris Dunn, as he collected 24 points, four rebounds, six assists and two steals. Bobby Portis recorded a double - double off the bench, amassing 16 points and 11 boards. Justin Holiday went just 2 - of - 10 from the field but still totaled five points, three rebounds, three assists and two blocks. The Nets (15 - 18) have now won seven - straight games, as they're arguably the hottest team in the league. Spencer Dinwiddie was their best player, as he provided 27 points, six rebounds, three assists and two steals off the bench. Jarrett Allen led their starters with 16 points, 12 rebounds and three assists. D'Angelo Russell accrued 13 points, three rebounds and three assists. Both teams return to action on Friday, with Chicago playing host to the Orlando Magic and Brooklyn welcoming the Indiana Pacers to The Big Apple."
5019,"The Chicago Bulls defeated the Orlando Magic, 90 - 80, at United Center on Friday evening. The Bulls (8 - 25) easily overcame a slim one - point first - quarter deficit in the second period and took a 46 - 39 lead into intermission. Chicago's stifling defense didn't have much trouble with the Magic (14 - 17), which only shot 33 percent, including 24 percent from three - point range. The home squad particularly clamped down over the final 12 minutes, holding Orlando to 17 points in the fourth quarter. The Magic were paced by Evan Fournier, who compiled 24 points, six assists and three rebounds. Nikola Vucevic delivered a 19 - point, 19 - rebound double - double that also included four assists and four blocks. Aaron Gordon produced 14 points, 12 rebounds and four assists. D.J. Augustin mustered eight points, three rebounds and two assists. The Bulls were led by Lauri Markkanen, who racked up 32 points, six rebounds, three asists and one block. Robin Lopez followed with a bench - leading 14 points and also had four rebounds, two assists and one block. Kris Dunn filled out the stat sheet with 12 points, eight rebounds, seven assists and two steals. Justin Holiday posted an 11 - point, 10 - rebound double - double that also included one assist, one steal and one block. The Magic heads back home to face the Miami Heat on Sunday evening, while the Bulls pay a visit to the Cleveland Cavaliers on Sunday evening as well."
5020,"The Minnesota Timberwolves defeated the host Chicago Bulls, 119 - 94, at United Center on Wednesday. Minnesota won this game in wire - to - wire fashion, as a 29 - 18 first quarter really set the tone. They followed that up with a 31 - 19 second quarter, as the T'Wolves led by 31 points at times in the second half. Their defense was the difference, as they held the Bulls to 41 percent from the field and 26 percent from three - point range. Minnesota connected on 50 percent from the field and 34 percent from long range. Rebounding was also a big factor, with Minnesota outrebounding Chicago, 52 - 45. The Timberwolves (16 - 18) got another vintage performance from Derrick Rose, as he tallied 24 points, three rebounds, eight assists and two steals. Karl-Anthony Towns collected 20 points, 20 rebounds and four assists. Taj Gibson totaled 16 points, three rebounds and two assists. Tyus Jones led their bench with 13 points and five assists. The Bulls (9 - 26) got Zach Lavine back from an ankle injury, as he provided 28 points and two assists off the bench. Lauri Markkanen led the starters with 16 points and seven boards. Wendell Carter Jr. amassed 12 points, nine rebounds and two blocks. Kris Dunn flirted with a triple - double, as he accumulated nine points, eight rebounds and seven assists before fouling out. Justin Holiday had a game to forget, as he scored two points on 1 - of - 11 shooting. Both teams return to action on Friday, with Chicago traveling to face the stumbling Washington Wizards and Minnesota playing host to the struggling Atlanta Hawks."
5021,"The Orlando Magic defeated the Chicago Bulls,112 - 84, at United Center on Wednesday. It didn't take long for this game to get out of hand, as the Magic (17 - 20) opened up a 16 - point lead in the first quarter and didn't look back. They continued to pile it on from there behind the stellar play of their starting frontcourt. Nikola Vucevic played just 26 minutes in the outing, but he still managed to post 22 points and and 12 rebounds on 10 - of - 15 shooting from the field. Close behind was Aaron Gordon, who had a terrific all - around performance, scoring 18 points to go along with seven rebounds and nine assists in 37 minutes. As a team, the Magic managed to take advantage of a poor defense effort from the home team, shooting 42 percent from three and a scorching 58 percent from the field overall. As for the Bulls (10 - 28), this was their second straight loss and the second straight game they failed to score at least 90 points. It was another miserable shooting night for Chicago, as while they managed to shoot a decent mark from three (35 percent), they hit just seven shots from deep and still shot just 42 percent from the field overall. Zach LaVine was the lead scorer with only 16 points, while Lauri Markkanen and Kris Dunn scored just 14 points each. What hurt the Bulls immensely was getting absolutely nothing out of starting center Wendell Carter Jr., as the rookie shot 0 - of - 5 from the field and posted zero points and one rebound in just 13 minutes."
5022,"The Indiana Pacers defeated the host Chicago Bulls, 119 - 116, in overtime at United Center on Friday evening. The Bulls got out to a great start at home with a 30 - 18 lead after one quarter. However, the Pacers rallied in the second to cut the deficit to just four points by halftime. The third quarter was a bit quieter, as the Pacers outscored the Bulls 21 - 20 in the quarter. The Pacers continued to chip away through the fourth and took the lead mid way through the quarter, but the home squad did not give up and thanks to a clutch three - pointer from Zach LaVine, forced overtime. Victor Oladipo came up as the savior for Indiana, as the he drilled a last - second three in OT, to seal the win for the visitors. Oladipo led the Pacers with 36 points, seven rebounds, four assists, three steals and one block, in 37 minutes. Domantas Sabonis came up huge off the bench, with 23 points, 12 rebounds, three assists and one steal, while Thaddeus Young finished with 16 points, five rebounds, two assists, two steals and a block. Meanwhile, Zach LaVine led the Bulls with 31 points, five rebounds, three assists and two steals, in 34 minutes. Lauri Markkanen finished with 27 points, nine rebounds, two assists and one steal, while Wendell Carter Jr. added 15 points, eight rebounds, three assists, three steals and one block. The Bulls (10 - 29) will look to bounce back as they play host to the Nets on Sunday. The Pacers (26 - 12) take on the Raptors in Toronto on Sunday."
5023,"The Brooklyn Nets defeated the Chicago Bulls, 117 - 100, at United Center on Sunday afternoon. The Nets (20 - 21) came out ready to roll in enemy territory, building a 28 - 21 first - quarter lead. The two teams then alternated the advantage throughout the middle periods, but it was Brooklyn who carried the 88 - 82 lead into the final 12 minutes. They built on their edge from there, finishing the game on a 29 - 18 run to take home the double - digit victory. D'Angelo Russell led the way for the Nets with 28 points, supplementing them with five assists, four rebounds and one steal. DeMarre Carroll followed with 20 points, four rebounds, four assists and one steal. Jarrett Allen contributed 19 points, six rebounds and two blocks. Shabazz Napier registered 18 points, three rebounds, three assists and one steal. Jared Dudley supplied 10 points, four assists and one steal. Zach LaVine paced the Bulls with 27 points and added two rebounds, two assists and one block. Bobby Portis delivered 17 points and five rebounds. Kris Dunn managed 16 points, seven assists, four rebounds and two steals. Lauri Markkanen totaled 14 points, six rebounds, one steal and one block. Chandler Hutchison collected eight points, four rebounds and one assist. Wendell Carter, Jr. offered six points, eight rebounds, one assist, one steal and one block. The Nets remain on the road and visit the Boston Celtics on Monday evening, while the Bulls take on the Portland Trail Blazers out west on Wednesday night."
5024,"The Miami Heat defeated the Chicago Bulls, 117 - 103, at United Center on Saturday evening. The Heat (22 - 22) walked into a hornet's nest despite the Bulls' unsightly 10 - 36 record, as Chicago came out ready to defend home court. Miami faced a slim 57 - 55 halftime deficit, but they came out of intermission ready to take control. The visitors outscored their hosts by a 62 - 46 in the second half to eventually secure the double - digit victory, The Heat shot an outstanding 57 percent, and the Miami second unit scored 64 of the team's points. Josh Richardson returned from a one - game absence due to an illness to lead the way with 26 points. He added three rebounds and two assists. Dion Waiters tallied 21 points, six boards and two assists. Tyler Johnson and Dwyane Wade managed matching 14 - point efforts. Wade added 10 rebounds and seven assists. Justise Winslow supplied 11 points, five rebounds, four assists and one steal. James Johnson generated 10 points, three boards, two assists and one steal. Hassan Whiteside offered six points but hauled in 10 rebounds, dished out three assists and recorded three blocks. Zach LaVine paced the Bulls with 22 points, adding six assists, three rebounds and one steal. Bobby Portis followed with 21 points and also posted six boards, two assists and one steal. Lauri Markkanen followed with 20 points, nine rebounds, two steals and one block. Jabari Parker delivered 11 points, five rebounds and two assists. The Heat remain on the road and face the Boston Celtics on Monday evening, while the Bulls pay a visit to the Cleveland Cavaliers on Monday afternoon."
5025,"The Atlanta Hawks defeated the host Chicago Bulls, 121 - 101, at United Center on Wednesday. Atlanta hasn't had many dominant wins this season but this was a much needed wire - to - wire victory for them. In fact, a 42 - 25 first quarter really set the tone, as they held a double - digit lead for the entirety of the fourth quarter. Rebounding was key for the Hawks, as they outrebounded the Bulls, 51 - 37. Ball movement was huge as well, with Atlanta out - assisting Chicago, 31 - 20. The Hawks ended up shooting 50 percent from the field while holding the Bulls to 44 percent shooting. The Hawks (15 - 32) got a career - best 35 points from John Collins, adding eight rebounds, two assists and two steals to his tally on 14 - of - 16 from the field. Taurean Prince totaled 15 points, six rebounds and two assists. Dewayne Dedmon amassed 14 points, seven rebounds and five assists while Trae Young led the team with 12 assists despite going 1 - of - 12 from the field. Alex Len recorded a double - double off the bench. The Bulls (11 - 37) were led by Zach LaVine, as he collected 23 points, four rebounds, four assists and two steals. Lauri Markkanen amassed 22 points and six rebounds. Kris Dunn accumulated 16 points, four rebounds, three assists, two steals and two blocks while Wayne Selden led the bench with 11 points. Chicago returns to action on Friday, as they play host to the Los Angeles Clippers. As for Atlanta, they travel to face the Portland Trail Blazers on Saturday for their next fixture."
5026,"The Los Angeles Clippers defeated the host Chicago Bulls, 106 - 101, at United Center on Friday. There were six ties and eight lead changes in this competitive game, as it came down to the wire. Los Angeles did most of their damage in the first and fourth quarters, outscoring Chicago, 53 - 39. The Clippers defense was key, as they held the Bulls to 39 percent from the field and 29 percent from three - point range. Ball movement was huge as well, with Los Angeles out - assisting Chicago, 27 - 20. The Clippers were much more effective with the whistle too, as they hit 22 - of - 29 of their free throws while the Bulls connected on 11 - of - 12. The Clippers bench was also a huge factor, outscoring the Bulls bench, 54 - 20; The Clippers (27 - 22) got a triple - double from Lou Williams off the bench, as he provided 31 points, 10 rebounds and 10 assists. Tobias Harris led the starters with 29 points, eight rebounds and three assists. Avery Bradley totaled 11 points, five rebounds and two assists while Montrezl Harrell amassed 11 points and four rebounds off the bench. The Bulls (11 - 38) were led by Zach LaVine, as he tallied 29 points, four rebounds, three assists and two steals. Bobby Portis started and finished with 18 points and 14 rebounds. Chandler Hutchinson accrued 12 points, 12 rebounds and two assists while Kris Dunn finished with nine points, four rebounds, 10 assists and four steals. Jabari Parker led the bench with 15 points, four rebounds and three assists. Both teams return to action on Sunday, with Los Angeles playing host to the Sacramento Kings and Chicago welcoming the Cleveland Cavaliers to United Center."
5027,"The Cleveland Cavaliers defeated the Chicago Bulls, 104 - 101, at United Center on Sunday afternoon. The Cavaliers (10 - 41) finally reached the double - digit win mark in a tough contest on the road against the Bulls (11 - 39), as both struggling sides locked horns but ended delivering a tightly - contested affair that was only decided in the final minutes. Chicago won the first quarter by a two - point margin (29 - 27) and they held that lead at half time (53 - 51), but Cleveland turned things around. They won the remaining two quarters by slim margins as well (28 - 26 and 25 - 22, respectively) to walk away with a huge win away from home. Five Cleveland players reached the 10 - point mark in this game and their best scorer was Jordan Clarkson, who came off the bench to finish with 18 points, seven rebounds and six assists in only 22 minutes of action. Matthew Dellavedova also chipped in with 16 points and five assists in 22 minutes off the bench. As for the starters, Alec Burks had 18 points, Rodney Hood chipped in with 17, and Cedi Osman added 17 points with eight boards. Only four Chicago players scored in double digits and all of them were part of the starting lineup. The top scorer was Lauri Markkanen, as he contributed 21 points and 15 rebounds to the losing cause. Zach LaVine posted an oddly - similar stat line since he finished with 17 points and 12 boards. Wayne Selden had 15 points, and Robin Lopez added 16 points."
5028,"The New Orleans Pelicans defeated the host Chicago Bulls, 125 - 120, at United Center on Wednesday. This was a tale of two halves, as Chicago dominated the first half but New Orleans prevailed in the second half. In fact, the Bulls led for the entirety of the first half while the Pelicans led for the final 16 minutes of action. A 27 - 17 third quarter really made the difference, as Chicago couldn't recover from that. Rebounding was key for New Orleans, as they outrebounded Chicago, 46 - 36. The shooting disparity was also key, with the Pelicans shooting 53 percent from the field and the Bulls hitting 49 percent of their shots. They also outscored Chicago in the paint, 60 - 50, while outscoring their bench, 63 - 27. The Pelicans (24 - 31) were led by Julius Randle, as he provided 31 points, seven rebounds and three assists off the bench. Jrue Holiday led the starters with 18 points, six rebounds and 11 assists. Jahlil Okafor amassed 14 points and five boards while Cheick Diallo totaled 18 points and nine boards off the bench. The Bulls (12 - 42) were led by Lauri Markkanen, as he finished with 30 points, 10 rebounds and two assists. Zach LaVine accumulated 28 points, eight rebounds, seven assists and two blocks. Kris Dunn collected 18 points, four rebounds, eight assists and two steals while Robin Lopez generated 11 points, three rebounds and two blocks. Both teams return to action on Friday, with New Orleans playing host to the Minnesota Timberwolves and Chicago traveling to face the surging Brooklyn Nets."
5029,"The Washington Wizards defeated the host Chicago Bulls, 134 - 125, at Capital One Arena on Saturday. These teams made a huge move at the trade deadline on Thursday, as many of those pieces were huge factors here. Washington got the better of Chicago thanks to a 42 - 29 second quarter, as the Wizards led by at least six points for the entirety of the second half. The Wizards offense was unstoppable, as they shot 58 percent from the field and 44 percent from three - point range while holding Chicago to 50 percent from the field and 25 percent from long range. Much of that can be attributed to ball movement, with the Wizards out - assisting the Bulls, 38 - 28. Bench production was also critical, with Washington outscoring Chicago's bench, 64 - 38. The Wizards (24 - 32) were led by Bradley Beal, as he tallied 31 points, two rebounds, four assists and four steals. Trevor Ariza accumulated 19 points, four rebounds and four assists. Tomas Satoransky finished with seven points, seven rebounds and 11 assists. Jabari Parker led the bench with 20 points, five rebounds and six assists. Bobby Portis also played well off the bench, amassing 10 points, 12 rebounds and four assists. The Bulls (13 - 43) were led by Zach LaVine, as he accrued 26 points, four rebounds and six assists. Lauri Markkanen finished with 20 points, 11 rebounds and four assists. Otto Porter generated 17 points, two rebounds, two assists and two steals while Robin Lopez totaled 18 points, three rebounds and two blocks. Wayne Selden Jr. led the bench with 17 points and four boards. Both teams return to action on Monday, with Chicago playing host to the surging Milwaukee Bucks and Washington traveling to face the Detroit Pistons."
5030,"The Milwaukee Bucks defeated the host Chicago Bulls, 112 - 99, at United Center on Monday. Milwaukee came into this game as a sizable favorite and they won in workman - like fashion. In fact, they won or tied all four individual quarters, as a 62 - 50 second half really put separation between the two teams. That allowed Milwaukee to hold the lead for the final three quarters, as the Bucks finished the game on a 12 - 2 run to cap off the victory. The shooting disparity was key, with the Bucks shooting 48 percent from the field while holding the Bulls to 39 percent shooting. Rim protection was also critical, with Milwaukee out - blocking Chicago, 7 - 2. In addition, the Bucks outrebounded the Bulls on the defensive end, 44 - 36. The Bucks (42 - 14) were led by Giannis Antetokounmpo, as he tallied 29 points, 17 rebounds, eight assists and three blocks. Eric Bledsoe accrued 19 points, two assists and two steals. Malcolm Brogdon accrued 17 points, six rebounds and three assists while Khris Middleton collected 16 points, four rebounds, four assists and three steals. The Bulls (13 - 44) were led by Zach LaVine, as he accumulated 27 points, five rebounds and seven assists. Lauri Markkanen amassed 20 points, 17 rebounds, three assists and two steals. Otto Porter totaled 18 points, seven rebounds and four assists while Robin Lopez finished with 17 points and four boards. Both teams return to action on Wednesday, with Chicago playing host to the Memphis Grizzlies and Milwaukee traveling to face the resurgent Indiana Pacers."
5031,"The Chicago Bulls defeated the Memphis Grizzlies, 122 - 110, at United Center on Wednesday evening. The hometown Bulls (14 - 44) got off to a surprisingly fast start against the typically defensive - minded Grizzlies (23 - 36), racking up 67 first - half points. However, given Chicago's defensive vulnerability, Memphis essentially kept pace, and the hosts' lead was only five at intermission. The Bulls kept coming in the third by adding another four points to their advantage, and a 13 - 7 run over the first 3:4 of the final period gave them the cushion they'd need for the double - digit home win. Chicago shot especially well and dominated on the boards, draining 56 percent of its attempts while outrebounding the visitors by a 47 - 31 margin. Avery Bradley put together a second straight productive outing by pacing the Grizzlies with 15 points. He added five assists, one rebound and one steal. Jaren Jackson, Jr., Mike Conley, Jonas Valanciunas and Delon Wright generated a quartet of 12 - point tallies. Bruno Caboclo and Joakim Noah had eight points apiece, with the former also supplying five rebounds and two assists, and the latter totaling three boards, three dimes and two blocks. Otto Porter, Jr. paced the Bulls with a career - high 37 points and supplemented them with 10 rebounds, two assists and one block. Robin Lopez furnished 25 points, five rebounds, one assist and two blocks. Lauri Markkanen generated a 21 - point, 10 - rebound double - double that also included six assists and one steal. Zach LaVine delivered 15 points, seven assists and six rebounds. Cristiano Felicio led the bench with eight points. Ryan Arcidiacono drew the start for Kris Dunn (back) and mustered just two points but also dished out 11 assists, hauled in six rebounds and recorded a steal. The Grizzlies are now off until Feb. 22, when they'll host the Los Angeles Clippers. The Bulls return to action that same night with a road matchup against the Orlando Magic."
5032,"The Chicago Bulls defeated the Boston Celtics, 126 - 116, at United Center on Saturday night. The Bulls (16 - 44) were riding high after a hard - fought one - point road victory Friday against the Magic, but they had an exponentially difficult challenge just 24 hours later in the form of the Celtics (37 - 23). Matters looked a bit worrisome for Chicago early, as Boston forged a five - point lead after 12 minutes. However, the visitors never saw what hit them in the second, as the Bulls doubled them up by a 36 - 18 margin in the second to carry a 13 - point advantage into halftime. After both teams matched each other bucket for bucket in the third, the hosts put the final nail in the proverbial coffin with a 32 - point fourth quarter, ultimately allowing the Celtics to cut three points into their lead. Both teams shot well, but it was Chicago that dominated the boards with a 49 - 32 rebounding advantage. Kyrie Irving paced the Celtics with 37 points, adding 10 assists, five rebounds, one steal and one block. Al Horford contributed 19 points, three assists, two rebounds and one block. Jaylen Brown registered 14 points, three rebounds and two steals. Jayson Tatum and Marcus Morris contributed 12 points apiece, with the latter notably hauling in six boards as well. Zach LaVine led the Bulls with 42 points and supplemented them with six rebounds and four assists. Lauri Markkanen turned in 35 points, 15 rebounds, two assists and one steal. Robin Lopez collected 17 points, six boards and four assists. Wayne Selden saw extra playing time after Otto Porter, Jr. exited early with a leg injury, totaling nine points, six rebounds, two assists and one block. The Celtics remain on the road and next face off with their biggest Eastern Conference rival in the Toronto Raptors on Tuesday night. The Bulls remain home and tangle with the Milwaukee Bucks on Monday evening."
5033,"The Milwaukee Bucks defeated the host Chicago Bulls, 117 - 106, at United Center on Monday. Milwaukee came into this game as a sizable favorite and a double - digit victory vindicates that notion. Despite the fact that Chicago led by 13 points after the first quarter, Milwaukee responded with a 38 - 16 second quarter to take control. That allowed the Bucks to lead for the entirety of the second half, as Chicago never got it within a six - point margin in the third or fourth quarter. Rim protection was key for the Bucks, as they doubled up the Bulls in blocks, 6 - 3. Fastbreak scoring was also huge, with Milwaukee winning that battle, 15 - 5. The Bucks bench was also decisive, as they outscored the Bulls, 42 - 24 The Bucks (46 - 14) had to play without Giannis Antetounmpo (knee soreness) but this game was no problem. Khris Middleton led the way in his absence, as he tallied 22 points, four rebounds and three assists. Malcolm Brogdon accrued 22 points, two rebounds and five assists. Brook Lopez finished with 13 points, four rebounds and five blocks. The Bulls (16 - 45) were led by Robin Lopez, as he accumulated 26 points, three rebounds and two assists. Lauri Markkanen totaled 26 points, 12 rebounds and three assists. Timothe Luwawu-Cabbarrot started and accrued 12 points, seven rebounds and four assists. Zach LaVine collected 11 points, eight rebounds and nine assists. Both teams return to action on Wednesday, with Chicago traveling to face the Memphis Grizzlies and Milwaukee playing the Sacramento Kings on the road as well."
5034,"The Atlanta Hawks defeated the host Chicago Bulls, 123 - 118, at United Center on Sunday afternoon. The contest picked up where it left off in the Bulls' and Hawks' last meeting, which was four - overtime shootout. The first quarter was a high - scoring one, with the Hawks taking a 35 - 32 lead into the second. They managed to hold the edge through the second and pushed their lead to seven by halftime. The Hawks kept up the momentum in the third, as they pushed their lead to 15, just minutes into the quarter. However, the Bulls kept fighting and managed to cut the deficit to five by the start of the fourth. They played hard through the fourth as well, but the Hawks stayed in control and held on for the road win. Alex Len led the Hawks with 28 points, nine rebounds, two assists and two blocks, in 26 minutes. Trae Young followed up with 18 points, five assists and three rebounds, while Dewayne Dedmon added 13 points, 12 rebounds, two assists and one steal. The Hawks shot 47 percent from the field, including 21 - of - 43 from long range. Meanwhile, Lauri Markkanen led the Bulls with 19 points, nine rebounds, three assists and two steals, in 28 minutes. Robin Lopez followed up with 16 points, six rebounds, four assists and a block, while Kris Dunn chipped in 14 points, six assists, four rebounds and two steals. The Bulls shot 51 percent from the field, including 8 - of - 27 from long range. The Bulls (18 - 46) will look to bounce back as they take on the Pacers in Indiana on Tuesday. The Hawks (22 - 42) take on the Heat in Miami on Monday."
5035,"The Chicago Bulls defeated the visiting Philadelphia 76ers, 108 - 107, at United Center on Wednesday evening. The 76ers got out to a good start on the road, with a 12 - 4 lead early on. However, the Bulls battled back to tie the score at 30 by the end of the first quarter. The contest stayed tight through the second, with neither team leading by more than a couple of possessions, until they sat tied at 57, entering halftime. The contest stayed close in the third. The Bulls led by one with a minute left in the quarter, but the Sixers closed strong, to take a four - point lead into the final frame. The Sixers pushed their lead to eight, four minutes into the fourth, but the Pelicans hung around, and managed to tie it up at 98, with 3:41 to go. The lead changed hands a few times in the final minute, before the Bulls came out on top, thanks to a game - winning bucket from Zach LaVine. LaVine led the Bulls with 39 points, five rebounds, four assists and one steal, in 36 minutes. Robin Lopez followed up with 19 points, nine rebounds and three assists, while Otto Porter Jr. added 15 points, nine rebounds, three assists and three steals. The Bulls shot 44 percent from the field, including 6 - of - 23 from deep. Meanwhile, Jimmy Butler led the 76ers with 22 points, four assists, three rebounds and three steals, in 35 minutes. Ben Simmons added 18 points, 11 rebounds, seven assists and four steals, while J.J. Redick added 15 points, two rebounds and two assists. The 76ers (41 - 24) will look to bounce back as they take on the Rockets in Houston on Friday. The Bulls (19 - 47) play host to the Pistons on Friday."
5036,"The Detroit Pistons defeated the Chicago Bulls, 112 - 104, at United Center on Friday evening. The Pistons (33 - 31) got themselves into a first - half hole, falling behind by a 66 - 49 halftime margin. The light went on at intermission, however, as Detroit held the Bulls (19 - 48) to just 14 third - quarter points and then racked up 43 over the final 12 minutes to secure the hard - fought road win. The visitors won the rebounding battle by a 41 - 35 margin, with Andre Drummond contributing 24 of those boards. Blake Griffin paced the Pistons with 27 points, adding three rebounds, three assists and one block. Reggie Jackson poured in 21 points and added two assists, one rebound and one steal. Drummond supplemented his outstanding work on the boards with 20 points, two assists, three steals and two blocks. Langston Galloway led the bench with 15 points, while Luke Kennard contributed 14. Zach LaVine led the Bulls with 24 points and complemented them with six rebounds, two assists, one steal and one block. Otto Porter, Jr. supplied 23 points, eight assists, four rebounds and two steals. Lauri Markkanen turned in 18 points, six rebounds, two assists and one steal. Robin Lopez furnished 13 points, four boards and one block. Kris Dunn totaled seven points, seven rebounds, three assists, two steals and one block across 28 minutes. The Pistons and Bulls next face off in a rematch in Detroit on Sunday afternoon."
5037,"The Los Angeles Lakers defeated the Chicago Bulls, 123 - 107, at United Center on Tuesday evening. The final score seemed especially improbable after one quarter, considering the Bulls (19 - 50) jumped out to a 34 - 16 lead through the first 12 minutes. However, the Lakers (31 - 36) began chipping away at their deficit in the second, shaving 13 points off Chicago's lead by halftime. The third quarter is when the game truly turned, as the visitors racked up a whopping 43 points during the period to erase the remaining deficit and build a 14 - point edge going into the fourth. Los Angeles ultimately cruised to a comfortable win, riding a red - hot 55 percent success rate from the floor to success. LeBron James led the Lakers with 36 points, complementing them with 10 rebounds, four assists and two steals. Kentavious Caldwell-Pope supplied 24 points, six rebounds, one assist and two steals. Kyle Kuzma checked in with 21 points, five rebounds, four assists and one steal. Rajon Rondo generated a 14 - point, 10 - assist double - double that also included four rebounds and two steals. JaVale McGee delivered 10 points, 11 rebounds, three blocks and one steal. Reggie Bullock furnished nine points, two rebounds and two steals. Robin Lopez paced the Bulls with 20 points, adding seven rebounds and three assists. Otto Porter, Jr. delivered 19 points, nine rebounds and two assists. Kris Dunn contributed 18 points, nine assists and seven rebounds. Ryan Arcidiacono started for Zach LaVine (knee) and compiled 14 points, six assists, four rebounds and two steals. Lauri Markkanen shot just 4 - for - 17 on his way to 11 points and five boards. The Lakers remain on the road and head north of the border to take on the Toronto Raptors on Thursday night, while the Bulls pay a visit to the Los Angeles Clippers on Friday evening."
5038,"The Chicago Bulls defeated the Washington Wizards, 126 - 120, in overtime at United Center on Wednesday night. The Bulls (21 - 52) got off to a quick start by forging a 35 - 28 first - quarter lead, but the game was knotted at 60 by intermission. Fittingly, the game continued as a see - saw affair throughout the second half, and Bradley Beal sent the contest into overtime with a jumper at the 2 - second mark of the fourth period. However, Chicago opened the extra period on a 50 run and eventually outscored Washington by a 13 - 7 margin for the victory. Jabari Parker led the way for the Wizards with 28 points, adding six rebounds, three assists, two blocks and one steal. Beal delivered 27 points, seven rebounds, seven assists, three steals and two blocks. Tomas Satoransky managed 16 points, seven assists, five rebounds and three steals. Bobby Portis posted 15 points, five rebounds, three assists and two blocks. Jeff Green provided 10 points, five rebounds, one assist, one steal and one block. Trevor Ariza managed six points, two rebounds and two assists across 14 minutes before exiting with a groin injury. Lauri Markkanen paced the Bulls with 32 points, complementing them with 13 rebounds, five assists and one block. Kris Dunn turned in a 26 - point, 13 - assist double - double that also included six rebounds and two steals. Shaquille Harrison registered 18 points, six rebounds and four steals. Cristiano Felicio totaled 15 points, six rebounds, one assist, one steal and one block. Timothe Luwawu-Cabarrot contributed 13 points, four boards, three assists and two steals. The Wizards head back home to face the Denver Nuggets on Thursday evening, while the Bulls remain home and take on the Utah Jazz at Saturday night."
5039,"The Utah Jazz defeated the host Chicago Bulls, 114 - 83, at United Center on Saturday. Utah came into this game as a sizable favorite and this final scoreline shows just why. A 33 - 18 first quarter really set the tone and then a 37 - 18 second quarter was the dagger. In fact, that allowed the Jazz to lead by at least 28 points for the entirety of the second half. Utah ended up shooting 49 percent from the field and 34 percent from three - point range while holding Chicago to 36 percent from the field and 13 percent from long range. The Jazz also out - rebounded the Bulls, 57 - 44, and out - assisted them, 27 - 16. The Jazz (43 - 30) were led by Rudy Gobert, as he tallied 21 points, 14 rebounds, two assists and four blocks on 9 - of - 11 from the field. Donovan Mitchell finished with 16 points, eight rebounds and three assists. Joe Ingles accrued 13 points, six rebounds and three assists while Jae Crowder led the bench with 11 points, six rebounds and four assists. The Bulls (21 - 53) got a double - double from Lauri Markkanen to lead the team, as he amassed 18 points and 10 rebounds. Robin Lopez totaled 10 points and four boards. Shaquille Harrison collected six points, nine rebounds, two assists and two blocks. Cristiano Felicio led the bench with 10 points, six rebounds and two assists. On deck for Utah is a home matchup versus the Phoenix Suns on Monday. As for Chicago, they're off until Tuesday when they travel to face the Toronto Raptors."
5040,"The Portland Trail Blazers defeated the Chicago Bulls, 118 - 98, at United Center on Wednesday. The Blazers (47 - 27) were widely expected to dominate the game against the Bulls (21 - 55) and that's exactly what happened at United Center, as they controlled the action right from tip - off. Portland quickly jumped to a 27 - 14 lead in the first half, and they would never relinquish that advantage. The second quarter finished 32 - 27 and the third one finished 28 - 24, so by the time of the final 12 minutes, Portland had the game already wrapped up. Chicago won the final quarter by a 33 - 31 score, but that didn't affect the score since Portland cruised their way to a 20 - point win. Six Portland players finished with a double - digit scoring total but surprisingly, Seth Curry led the way off the bench with 20 points. Rodney Hood had 15 points and Zach Collins added 13 points, meaning most of the heavy scoring was done thanks to the bench players. Damian Lillard finished with 11 points, seven assists and six rebounds. Enes Kanter delivered 13 points and six boards. Al-Farouq Aminu had 12 points and 11 boards. Six Chicago players scored over 10 points. Shaquille Harrison led the way with a double - double of 21 points and 10 rebounds, while Wayne Selden had 11 points, 12 boards and four assists. Robin Lopez delivered 15 points with nine rebounds, and Cristiano Feliciano filled the stat sheet with 15 points, five rebounds, two assists and two blocks. Ryan Arcidiacono chipped in with 12 points."
5041,"The Toronto Raptors defeated the host Chicago Bulls, 124 - 101, at United Center on Saturday evening. The contest got out to a competitive start, with a few lead changes early on, before the Bulls emerged with a 28 - 26 lead after one quarter. However, the Raptors took over from there, outscoring the Bulls by 13, in the second quarter to take an 11 - point lead into halftime. The Raptors carried the momentum through the third and pushed their lead to 93 - 75, entering the fourth. They cruised through the fourth to earn their third straight win. This marks the fourth straight loss for the Bulls. Serge Ibaka led the Raptors with 23 points, 12 rebounds, two assists and a block, in 28 minutes. Fred VanVleet finished with 23 points, six assists, four rebounds and one steal, while Marc Gasol tallied 17 points, nine rebounds, five assists and one block. The Raptors shot 52 percent from the field, including 18 - of - 38 from long range. Walt Lemon Jr. led the Bulls with 19 points, six assists, four rebounds, four steals and a block, in 31 minutes off the bench. Timothe Luwawu-Cabarrot tallied 18 points, 10 rebounds, two blocks and one assist, while Shaquille Harrison chipped in 15 points, eight rebounds, two assists, a block and a steal. The Bulls shot 42 percent from the field, including 9 - of - 30 from deep. The Bulls (21 - 56) will look to bounce back as they take on the Knicks in New York on Monday. The Raptors (54 - 23) play host the Magic on Monday."
5042,"The Philadelphia 76ers defeated the Chicago Bulls, 116 - 96, at United Center on Saturday night. The 76ers (50 - 30) came into the contest looking to right their ship after forging a 2 - 5 record over the prior seven games. They had plenty going right on the offensive end during a 57 - point first half, Philadelphia then essentially sealed the win in the third with a stellar effort on both ends of the floor, as they outscored the Bulls (22 - 58) by a 29 - 19 margin during the period. Among their many statistical advantages, the 76ers enjoyed a 54 - 38 rebounding edge. J.J. Redick paced the 76ers with 23 points, adding five rebounds, one assist and one steal. Joel Embiid furnished 20 points, 10 rebounds, five assists and three blocks. Tobias Harris posted 16 points, six rebounds and five assists. Ben Simmons supplied 14 points, four rebounds, four assists, two steals and one block. Jonah Bolden and Boban Marjanovic had 11 and 10 points off the bench, respectively. JaKarr Sampson led the Bulls with 29 points, complementing them with eight rebounds, one assist and two blocks. Timothe Luwawu-Cabarrot finished with 14 points, six rebounds, one steal and one block. Robin Lopez, Walter Lemon, Jr. and Shaquille Harrison turned in a trio of matching eight point efforts, with Lemon adding eight rebounds. The 76ers remain on the road and tangle with the Miami Heat on Tuesday night, while the Bulls remain home and face the New York Knicks on Tuesday evening."
5043,"The New York Knicks defeated the host Chicago Bulls, 96 - 86, at United Center on Tuesday. In a battle between two of the worst teams in the league, New York won in dominating fashion. In fact, they pulled out a wire - to - wire victory, leading by at least five points for the final three quarters. Rim protection was key for the Knicks, as they won the defensive rebounding battle, 50 - 44 while out - blocking the Bulls, 10 - 4. Both offenses really struggled, with neither club cracking 40 percent from the field or 35 percent from three - point range. The Knicks (17 - 64) were led by Dennis Smith Jr, as he finished with 25 points and five assists. Kevin Knox accrued 17 points, 10 rebounds and two assists. Damyean Dotson totaled 12 points, five rebounds and four assists while Luke Kornet totaled 12 points, 13 rebounds, four assists and six blocks. Mitchell Robinson grabbed a game - high 17 boards. The Bulls (22 - 59) were led by Ryan Arcidiacono, as he tallied 14 points, six rebounds, three assists and two steals. Shaquille Harrison accumulated 13 points, seven rebounds, three assists and two blocks. Robin Lopez generated 12 points, three rebounds and two blocks while Jakarr Sampson led the bench with 11 points and eight boards. Both teams play their finale on Wednesday, with New York playing host to the hungry Detroit Pistons and Chicago traveling to face the Philadelphia 76ers."
5044,"The Atlanta Hawks defeated the host Cleveland Cavaliers, 133 - 111, at Quicken Loans Arena on Sunday evening. This marked the first home game of the season for the Cavaliers, who started off with two tough road losses. The Cavs came out strong in quarter one, as they led 13 - 7 at the mid - way point and pushed it to a 10 - point, 34 - 24, lead heading into the second. However, the Hawks came to life in the second quarter, led by Trae Young, to outscore Cleveland, 40 - 26, in the frame and take a, 64 - 60, lead into halftime. The Hawks stayed on top through the third and held a six - point lead heading into the fourth. They kicked it to yet another gear in the fourth, where they jumped to a 17 - point lead mid way through the quarter. The Cavs could not keep up and were soon down by 20, en route to their third straight loss to start the season. Trae Young showed out with 35 points, 11 assists, two rebounds and one steal, in the best game of his young career. Alex Len was solid in the middle, with 16 points, 11 rebounds, four assists and four blocks, while Kent Bazemore tallied 23 points, five rebounds, four assists, one steal and one block. The Hawks shot 49 percent from the field, including 22 - of - 47 from long range. Jordan Clarkson was the high - point man for Cleveland, with 19 points, on 7 - of - 12 shooting, in 23 minutes off the bench. Kevin Love had a solid night with 16 points, 17 rebounds, three assists and one steal, while George Hill tallied 16 points on 7 - of - 9 shooting. The Cavs shot 46 percent from the field, including 10 - of - 27 from long range. The Cavs (0 - 3) will look to bounce back as they play host to the Nets on Wednesday. The Hawks (1 - 2) play host to the Mavericks on Wednesday."
5045,"The Brooklyn Nets defeated the Cleveland Cavaliers, 102 - 86, at Quicken Loans Arena on Wednesday night. The Nets (2 - 2) and the Cavaliers (0 - 4) both entered this game with losing records, but it was clear from tip - off which team had it going tonight, and which hadn't it. Brooklyn jumped ahead with a 24 - 17 first - quarter lead, but the Cavaliers answered quickly with a 28 - 21 second quarter that evened things up 45 - 45 at the break. However, Brooklyn broke free in the third quarter and they never looked back after winning the third period with a huge 38 - 17 score. Cleveland would won the final 12 minutes by a 24 - 19 score, but it was too late for them. Brooklyn closed things out with ease and got back to .500, while the Cavs are still looking for their first win in their second post - LeBron era. All of the five Brooklyn starters scored in double digits. D'Angelo Russell led the way with an 18 - point, eight - assist effort, while Joe Harris chipped in with 16 points and six rebounds. Jared Dudley added 12 points, while both Caris LaVert and Jarrett Allen filled their respective stat sheets. LaVert finished with 10 points, six rebounds and four assists, while the center added 10 points, eight rebounds and three assists. Kevin Love ended being Cleveland's best player after finishing with 14 points and 11 rebounds across 28 minutes, and Rodney Hood added 10 points. Cedi Osman had eight points with six rebounds, but the biggest contributions came off the bench: Jordan Clarkson had 14 points, while the rookie Collin Sexton finished with 14 points of his own."
5046,"The Indiana Pacers defeated the host Cleveland Cavaliers, 119 - 107, at Quicken Loans Arena on Saturday. Cleveland came into this game winless and Indiana made sure to keep that going with this dominant win. In fact, the Pacers held the lead for the final 30 minutes of action, as they outscored the Cavaliers in the second and fourth quarters, 61 - 49. There were nine ties and 11 lead changes in the first 20 minutes though, as the other two quarters ended in deadlocks. Indiana's offense was unstoppable, as they connected on 65 percent of their shots while holding Cleveland to just 47 percent shooting. Ball movement was a huge part of that, with the Pacers out - assisting the Cavaliers, 28 - 21. The Pacers (4 - 2) were led by Bojan Bogdanovic, as he tallied 25 points, three rebounds and two assists on 10 - of - 14 shooting. Victor Oladipo finished with 24 points, three rebounds, six assists and three steals on 10 - of - 15 shooting. Darren Collison collected 15 points, two rebounds, six assists and three steals. Domantas Sabonis led the bench with 15 points and five boards. The Cavaliers (0 - 5) were led by Rodney Hood, as he totaled 17 points, five rebounds, three assists and two steals. George Hill amassed 14 points, two rebounds, two assists and two steals. Cedi Osman generated 10 points, four rebounds and three assists. Larry Nance Jr. led the bench with 15 points, 12 rebounds and four assists. On deck for Indiana is a home matchup versus the Portland Trail Blazers on Monday. As for Cleveland, they play host to the Atlanta Hawks on Tuesday for their next fixture."
5047,"The Cleveland Cavaliers defeated the Atlanta Hawks, 136 - 114, at Quicken Loans Arena on Tuesday evening. The Cavaliers (1 - 6) finally won their first game of the 2018 - 19 season and they did it in emphatic fashion, as they didn't have problems to top the Hawks (2 - 5) in a game where they looked in absolute control right from tip - off. Cleveland quickly jumped ahead to a 35 - 31 lead after the first quarter, but Atlanta kept things close in the second as both teams went separated by one point (58 - 57) at the half - time break. The Cavs sealed the deal in the second half, though: they won the third quarter 41 - 30 and also won the final 12 minutes by a 37 - 27 score. Cleveland's second - half performance was, by far, the team's best performance across the entire season thus far. Seven players scored in double figures for the reigning Eastern Conference champions. Rodney Hood led the way with 26 points, while Cedi Osman chipped in with 20 points and five boards. George Hill added 17, Sam Dekker delivered 12 points with nine boards, and Tristan Thompson delivered a double - double of 11 points and 13 boards. Rookie Collin Sexton had 17 points and eight boards off the bench and Jordan Clarkson added 15 of his own. The Hawks only had four players scoring more than 10 points and the duo of Trae Young (24 points) and Alex Len (22 points, nine rebounds, two steals) led the way. Vince Carter did a good job of filling out the stat sheet since he contributed with 10 points, three rebounds and two assists in 24 minutes of action. Jeremy Lin came off the bench and chipped in with 12 points and eight assists in 24 minutes."
5048,"The Denver Nuggets defeated the host Cleveland Cavaliers, 110 - 91, at Quicken Loans Arena on Thursday. Denver came into this game as a sizable favorite and they showed why in this dominating performance. Despite the fact that the Cavaliers led by 12 points after the first quarter, the Nuggets dominated from there. In fact, Denver outscored Cleveland, 68 - 39, in the middle quarters, as they led by at least 15 points for the entirety of the fourth quarter. Bench production was the difference for the Nuggets, as they outscored the Cavaliers bench, 59 - 44. Rebounding was also huge for Denver, as they won that battle, 44 - 35. The Nuggets ended up shooting 48 percent from the field and 39 percent from three - point range while holding the Cavaliers to 41 percent from the field and 28 percent from long range. The Nuggets (7 - 1) starters weren't asked to do a whole lot, as Paul Millsap led them with 16 points and six boards. Juancho Hernangomez led the bench, as he provided 23 points, four rebounds and two blocks. Trey Lyles also played well off the bench, amassing 12 points and eight boards. Gary Harris finished with 14 points, three rebounds and three assists. The Cavaliers (1 - 7) highest scorer came off the bench as well, with Jordan Clarkson totaling 17 points and three boards. Cedi Osman led the starters with 13 points and three rebounds. Tristan Thompson accrued 10 points, seven rebounds and four assists. Rodney Hood accumulated eight points, four rebounds, four assists and two steals. Both teams return to action on Saturday, with Denver welcoming the Utah Jazz to Pepsi Center and Cleveland traveling to play the Charlotte Hornets."
5049,"The Oklahoma City Thunder defeated the Cleveland Cavaliers, 95 - 86, at Quicken Loans Arena on Wednesday night. The Thunder (6 - 4) had to deal with the absence of Russell Westbrook after he got injured on Monday against the New Orleans Pelicans, and they managed to dominate most of the contest against a Cavaliers (1 - 10) team that already reached double - digit losses through their first 11 games of the campaign. OKC jumped to a 23 - 20 lead in the first half, and increased their lead by eight points (48 - 40) by half time. Cleveland won the third quarter by one point (24 - 23) and it seemed they were on the rise heading into the final 12 minutes, but the Thunder closed things out with a 24 - 22 fourth quarter that pushed them two games over .500. No Westbrook meant no problem for the Thunder, as point guard Dennis Schroder led the way for OKC with 28 points and seven rebounds, but, oddly enough he didn't record a single assist despite starting as a point guard. Paul George filled the stat sheet thanks to 18 points, seven boards, two assists and two steals. Jerami Grant added 12 points with eight rebounds, and Steven Adams contributed with nine points, 13 rebounds and two blocks. Six Cleveland players scored in double digits and the leader was rookie Collin Sexton, who had 15 points. Tristan Thompson delivered a double - double of 10 points and 15 boards. J.R. Smith had 13 points, and Rodney Hood chipped in with 11 points, five boards and four assists. Jordan Clarkson had 11 points, nine rebounds and eight assists off the bench."
5050,"The Cleveland Cavaliers defeated the visiting Charlotte Hornets, 113 - 89, at Quicken Loans Arena on Tuesday. This was easily the Cavaliers best performance of the season, as they held a double - digit lead for the final three quarters. Not only did they win all four individual quarters, a 38 - 23 first quarter really set the tone. Charlotte really killed themselves through long - range shooting, as they ended up going 8 - of - 41 from three - point range, missing 20 - straight at one point between the second and third quarters. The Cavaliers ended up shooting 53 percent from the field while holding the Hornets to just 35 percent shooting. Cleveland also hit 13 - of - 24 from long range while winning the rebounding battle, 60 - 37. The Hornets (7 - 7) got a nightmare performance out of Kemba Walker, as he tallied seven points, four rebounds, six assists and two steals on 2 - of - 16 from the field. Jeremy Lamb led the team with 22 points, six rebounds, two assists and three steals. Nicolas Batum was the only other player in double figures, as he totaled 11 points, five rebounds and three assists. The Cavaliers (2 - 11) were led by Jordan Clarkson, as he provided 24 points, five rebounds and two assists off the bench. Rodney Hood led the starters with 16 points, two rebounds and two assists. Collin Sexton finished with 16 points, five rebounds and four assists. Tristan Thompson amassed 11 points, 21 rebounds and five assists while Larry Nance Jr. totaled seven points and 12 boards. On deck for Cleveland is a road matchup versus the Washington Wizards on Wednesday. That will be their final game of the week, as Charlotte returns to action on Saturday when they play host to the Philadelphia 76ers."
5051,"The Los Angeles Lakers defeated the host Cleveland Cavaliers, 109 - 105, at Quicken Loans Arena on Wednesday. Despite the fact that Cleveland led late in this game, Los Angeles was able to prevail with victory. In fact, the Cavaliers led 99 - 91 with less than five minutes remaining, as the Lakers ended the game on an 18 - 6 run. There were 13 ties and 20 lead changes in total though, as neither club led by more than 11 points.The shooting disparity really decided the game, with Los Angeles connecting on 51 percent of their shots while holding Cleveland to just 38 percent from the field. The Lakers also won the defensive rebounding battle, 44 - 31, and out - blocked them, 9 - 2. The Lakers (10 - 7) got a spectacular performance from LeBron James in his return to Cleveland, as he collected 32 points, 14 rebounds and seven assists. Lonzo Ball had one of his best game of the season, accumulating 15 points, seven rebounds and six assists on 7 - of - 11 shooting. Brandon Ingram finished with 14 points, three rebounds and three assists. JaVale McGee and Kyle Kuzma scored 12 points apiece to round out the starting five. The Cavaliers (2 - 14) best player came off the bench, as Jordan Clarkson totaled 20 points, two rebounds and five assists against his former team. Tristan Thompson was the best starter, as he amassed 14 points and 15 boards. Cedi Osman accrued 21 points, seven rebounds and two assists. Collin Sexton generated 12 points, three rebounds and two assists. Both teams return to action on Friday, with Cleveland traveling to face the Philadelphia 76ers and Los Angeles playing host to the Utah Jazz in the nightcap."
5052,"The Cleveland Cavaliers defeated the visiting Houston Rockets, 117 - 108, at Quicken Loans Arena on Saturday. Recent results would indicate an easy win for Houston but Cleveland actually prevailed in dominating fashion. In fact, they held the lead for the entirety of the second half, as they outscored the Rockets, 64 - 53, in the second and third quarters. The first half was extremely competitive though, as there were 12 lead changes in the first 20 minutes. Rebounding was the difference for the Cavaliers. as they outrebounded the Rockets, 49 - 30. Much of that came on the offensive end, with Cleveland winning that battle, 20 - 7. The Cavaliers also did some damage as ballhawks, as they recorded 11 steals while committing just 13 turnovers. The Rockets (9 - 9) decided to rest Chris Paul, as that clearly hurt their depth. James Harden did all he could though, as he collected 40 points, four rebounds and 13 assists. Eric Gordon finished with 28 points, two rebounds and three steals. Clint Capela amassed 12 points, 10 rebounds, three assists and four blocks. No other player scored more than seven points. The Cavaliers (4 - 14) got a career - best 29 points out of Collin Sexton, as he also provided four rebounds and two assists on 14 - of - 21 from the field. Tristan Thompson totaled 16 points, 20 rebounds and four steals. Jordan Clarkson was a huge spark off the bench, providing 20 points, five rebounds and four assists. On deck for Cleveland is a home matchup versus the Minnesota Timberwolves on Monday. As for Houston, they're off until Wednesday, when they play host to the Dallas Mavericks."
5053,"The Minnesota Timberwolves defeated the host Cleveland Cavaliers, 102 - 95, at Quicken Loans Arena on Monday evening. Both teams got out to a good start, as they went back and forth through the first quarter, before the Timberwolves emerged with a, 29 - 26, lead heading into the second. The Timberwolves made the most of their momentum, as they pushed to a 10 - point lead early in the quarter. The managed to hold the lead for the entirety of the quarter, and take a, 54 - 47, lead into halftime. The Timberwolves kept it up through the third quarter, but the Cavaliers did not go away, as they cut the deficit to just four, after outscoring the visitors, 24 - 21, in the quarter. However, the T-Wolves would not be had that easily, as they once again pushed their lead back to double digits early in the fourth, and held on down the stretch, to earn their third straight win. Robert Covington led Minnesota with 24 points, seven rebounds, two steals, two blocks and one assist, in 38 minutes. Karl-Anthony Towns tallied 21 points, 10 rebounds, one assist and one block, while Jeff Teague added 13 points, six assists, three blocks, two rebounds and one steal. The Timberwolves shot 46 percent from the field, including 8 - of - 26 from long range. Meanwhile, Kyle Korver led the Cavs with 22 points on 7 - of - 12 shooting, in 21 minutes off the bench. Rodney Hood followed up with 20 points, three assists, two rebounds and one steal, while Tristan Thompson finished with 16 points, 11 rebounds, three assists, one steal and one block. The Cavs (4 - 15) will look to bounce back as they take on the Thunder in OKC on Wednesday. The Timberwolves (10 - 11) play host to the Spurs on Wednesday."
5054,"The Toronto Raptors defeated the Cleveland Cavaliers, 106 - 95, at Quicken Loans Arena on Saturday evening. The Raptors (20 - 4) received news earlier in the day that star point guard Kyle Lowry (back) wouldn't suit up, which meant that the rest of the starting five would need to pick up the scoring slack. Toronto scuffled some without Lowry in the first half, but they still forged a solid 47 - 40 halftime lead. However, the Cavaliers (4 - 18) hung around, getting as close as 82 - 75 with 9:9 remaining. The visitors managed to stay one step ahead though, leading to the double - digit road win. Despite being short - handed, the Raptors shot a solid 49 percent while limiting Cleveland to a 39 percent success rate. Kawhi Leonard took the Raptors on his shoulders in Lowry's absence, leading the way with 34 points and adding nine rebounds, two assists, two blocks and one steal. Danny Green supplied 15 points, seven rebounds and two blocks. Fred VanVleet drew the start for Lowry and also posted 15 points, adding four assists, three rebounds and one steal. Pascal Siakam matched VanVleet's scoring total and also offered five rebounds and five assists. Serge Ibaka contributed 10 points and six boards. Tristan Thompson and Jordan Clarkson co - led the Cavaliers with 18 points apiece. Thompson added 19 rebounds, three assists and one steal. Clarkson hauled in two rebounds, dished out two assists and recorded one steal. Rodney Hood and Alec Burks followed with matching 13 - point tallies. Cedi Osman totaled 12 points, six rebounds, three assists and one steal. Collin Sexton registered 10 points, two rebounds and two assists. The Raptors head back home for a Monday night showdown with the Denver Nuggets, while the Cavaliers hit the road and face the Brooklyn Nets on Monday evening as well."
5055,"The Golden State Warriors defeated the host Cleveland Cavaliers, 129 - 105, at Quicken Loans Arena on Wednesday. The final scoreline makes this game look more lopsided than it actually was, as a 34 - 19 fourth quarter really sealed things for the Warriors. In fact, there were eight ties and 10 lead changes in the first three quarters, as neither club attained a double - digit lead. Golden State's offense was unstoppable, as they connected on 45 - of - 85 from the field and 18 - of - 34 from three - point range. They did that while holding the Cavaliers to 39 - of - 89 from the field and 11 - of - 32 from long range, The Warriors also controlled the interior, as they won the defensive rebounding differential, 37 - 29, while out - blocking the Cavaliers, 5 - 2. The Warriors (17 - 9) got a shooting display from Stephen Curry, as he collected 42 points, nine rebounds and seven assists on 9 - of - 14 from three - point range. Kevin Durant finished with 25 points, 10 rebounds and nine assists. Klay Thompson accrued 16 points, four rebounds and two assists. Jonas Jerebko led the bench with 11 points, four rebounds and five assists. The Cavaliers (5 - 19) were led by Collin Sexton, as he totaled 21 points, two rebounds and three assists. Cedi Osman amassed 16 points, three rebounds and two steals. Tristan Thompson tallied 14 points and 19 boards. Jordan Clarkson led the bench with 17 points and three assists. Both teams return to action on Friday, with Golden State traveling to face the Milwaukee Bucks and Cleveland playing host to the Sacramento Kings."
5056,"The Sacramento Kings defeated the host Cleveland Cavaliers, 129 - 110, at Quicken Loans Arena on Friday evening. The Kings jumped out to a great start on the road, as they poured in 38 points in the first quarter, while holding the Cavs to 27 points, to take an 11 - point advantage into the second. The Cavs answered back in the second quarter, as they returned the favor by outscoring the visitors by 11 in the quarter, to make it a tie game at 66 by halftime. The Kings went back to work in the third quarter, as they quickly opened up a nine - point lead, and held on to outscore the Cavs, 30 - 23, to take a, 96 - 89, lead entering the final frame. The Kings kept the pressure on and pushed their lead to 15, early in the quarter. They were able to hold on from their to earn their third win in a row. De'Aaron Fox led Sacramento with 30 points, 12 assists, three steals and two rebounds, in 29 minutes. Buddy Hield added 25 points, four rebounds, two assists and two blocks, while Marvin Bagley III chipped in 17 points on 8 - of - 9 shooting, in 25 minutes off the bench. The Kings shot 58 percent from the field, including 13 - of - 28 from long range. Meanwhile, despite having three players top 20 points, the Cavs still came up short at home. Jordan Clarkson was the high - point man, with 26 points on 11 - of - 19 shooting, in 29 minutes off the bench. Collin Sexton tallied 23 points, while Alec Burks added 22 points, nine assists, seven rebounds and one steal, in 37 minutes off the bench. The Cavs (5 - 20) will look to bounce back as they play host to the Wizards on Saturday. The Kings (13 - 11) head to Indiana to take on the Pacers on Saturday."
5057,"The Cleveland Cavaliers defeated the Washington Wizards, 116 - 101, at Quicken Loans Arena on Saturday evening. The Cavaliers (6 - 20) got a quick jump on the visiting Wizards (11 - 15), taking a 38 - 25 first - quarter lead. They were able to add a total of eight more points to their edge over the second and third periods, setting up a comfortable home win. Cleveland used a blend of impressive shooting (53 percent, including 48 percent from three - point range), a big 49 - 33 advantage on the boards and excellent ball security (seven turnovers) to secure victory. Six Cavaliers players hit double digits in the scoring column as well. Bradley Beal led the way for the Wizards with 27 points, a total he supplemented with five assists, four rebounds and one steal. Jeff Green poured in 17 points. Otto Porter, Jr. provided 15 points, seven rebounds, two assists and one steal. Kelly Oubre, Jr. registered 13 points, four rebounds and two assists. Markieff Morris mustered 11 points and added four rebounds and two assists. John Wall took the court despite an illness but managed just a single point while adding six assists and four rebounds over 26 minutes. Collin Sexton paced the Cavaliers with 29 points and added six assists, three rebounds and two steals. Tristan Thompson generated a 23 - point, 19 - rebound double - double that also included five assists and two blocks. Alec Burks drew the start for Rodney Hood and managed 14 points, seven rebounds, four assists and one steal. Larry Nance, Jr. totaled 13 points, seven rebounds, seven assists, one steal and one block. Cedi Osman and Jalen Jones had 12 points apiece. The Wizards remain on the road and take on the Indiana Pacers on Monday night, while the Cavaliers pay a visit to the Milwaukee Bucks on Monday evening as well."
5058,"The Cleveland Cavaliers defeated the New York Knicks, 113 - 106, at Quicken Loans Arena on Wednesday evening. The Cavaliers (7 - 21) and Knicks (8 - 21) demonstrated that their records are almost identical for good reason, as they engaged in an entertaining back - and - forth battle. Cleveland jumped out to a 39 - 26 first - quarter lead, but New York erased that deficit and then some by outscoring their hosts by a 63 - 47 margin over the middle periods. That set up a thrilling fourth quarter, one that saw the Knicks take a 106 - 105 lead with just 32 seconds remaining. However, an 80 run by the Cavs sealed the win, with Rodney Hood, Cedi Osman, Matthew Dellavedova and David Nwaba all contributing. Enes Kanter and Tim Hardaway, Jr. co - led the Knicks with 20 points apiece. Kanter added 10 rebounds and three assists, while Hardaway brought in five boards, dished out one assist and recorded both a steal and a block. Kevin Knox turned in 19 points, seven rebounds, one assist and two blocks. Emmanuel Mudiay provided 16 points, eight rebounds, seven assists and two steals. Frank Ntilikina matched Mudiay's scoring total off the bench. Jordan Clarkson paced the Cavaliers with 28 points off the bench, a total he supplemented with five rebounds and two assists. Rodney Hood supplied 23 points and five rebounds. Collin Sexton registered 19 points, three rebounds and two assists. Matthew Dellavedova enjoyed a successful return to Cleveland, posting 15 points, four rebounds, three assists and a steal. The Knicks remain on the road and take on the Charlotte Hornets on Friday night, while the Cavaliers remain home and take on the Milwaukee Bucks on Friday evening as well."
5059,"The Milwaukee Bucks defeated the Cleveland Cavaliers, 114 - 102, at Quicken Loans Arena on Friday evening. The Bucks (19 - 9) were looking to right the ship after a 16 - point loss to the Indiana Pacers on Wednesday night. Milwaukee got off to a good start in that regard by taking a 27 - 16 first - quarter lead, which they'd extended to a 61 - 47 by halftime. That allowed them to essentially tread water in the second half and secure a double - digit win, despite missing both Malcolm Brogdon (hamstring) and Khris Middleton (finger). Giannis Antetokounmpo led the way for Milwaukee with 44 points, a total he supplemented with 14 rebounds and eight assists. Brook Lopez provided 19 points, five rebounds, one assist, one steal and one block. Eric Bledsoe went for 16 points, six assists, five rebounds and one block. Ersan Ilyasova led the bench with 11 points and added four rebounds. Jordan Clarkson paced the Cavaliers with 23 points and added five rebounds, four assists and two steals. Rodney Hood poured in 19 points. Larry Nance, Jr. produced a 14 - point, 10 - rebound double - double that also included six assists, three steals and one block. Alec Burks managed 12 points, nine rebounds, one assist and one steal. Matthew Dellavedova had 10 points off the bench. The Bucks will next visit the Detroit Pistons on Monday night, while the Cavaliers remain home to take on the Philadelphia 76ers on Sunday afternoon."
5060,"The Philadelphia 76ers defeated the Cleveland Cavaliers, 128 - 105, at Quicken Loans Arena on Sunday evening. The two teams each enjoyed a dominant quarter in the first half, and the 76ers (20 - 11) forged a 65 - 58 halftime lead. The Cavaliers (7 - 23) were able to close the gap by another three points in the third, but Philadelphia put any thoughts of a Cleveland comeback to rest by racking up 39 points in the fourth quarter while limiting their hosts to 20. The Sixers were especially impressive in both shooting and on the boards, draining 56 percent of their attempts while outrebounding the Cavaliers by a 48 - 33 margin. Joel Embiid paced the Sixers with 24 points, nine rebounds, two assists and one block. Ben SImmons provided 22 points, 14 assists, 11 rebounds and one steal. Jimmy Butler returned to action and posted 19 points, two rebounds, two assists, one steal and one block. Landry Shamet led the bench with 16 points. J.J. Redick poured in 14 points and added four assists and three rebounds. Wilson Chandler filled out the stat sheet with 11 points, seven rebounds, three assists and two blocks. Cedi Osman and Jordan Clarkson generated matching 18 - point efforts to lead the Cavaliers. Osman added four rebounds, one assist and one steal, while Clarkson supplied six boards and dished out four assists. Rodney Hood and Matthew Dellavedova turned in 13 points apiece. Collin Sexton managed 12 points, two assists, one rebound and two steals. The 76ers continue on the road and take on the San Antonio Spurs on Monday night, while the Cavaliers pay a visit to the Indiana Pacers on Tuesday evening."
5061,"The Chicago Bulls defeated the host Cleveland Cavaliers, 112 - 92, at Quicken Loans Arena on Sunday. It's rare to see home teams thoroughly dominated in the NBA but that's just what Chicago did here in Cleveland. They did most of their damage in the second half, outscoring Cleveland, 58 - 33. There were actually 18 lead changes in the first 30 minutes of action, as that 30 - 15 third quarter really made the difference. Rebounding was a huge factor, with the Bulls winning that battle, 43 - 31. Ball movement was also critical, with Chicago recording 26 assists and Cleveland handing out just 11. That allowed the Bulls to shoot 55 percent from the field and 50 percent from three - point range while holding the Cavaliers to 45 percent from the field and 30 percent from long range. The Cavaliers (8 - 26) were led by Larry Nance Jr. as he accrued 20 points, six rebounds and three steals. Cedi Osman totaled 17 points and seven boards. Alex Burks started and provided 12 points, six rebounds and three assists. Jordan Clarkson led their bench with 17 points, one rebound and one assist. The Bulls (9 - 25) were led by Lauri Markkanen, as he tallied 31 points, four rebounds and three assists. Kris Dunn accrued 17 points, eight rebounds and seven assists. Justin Holiday finished with 15 points, five rebounds and three steals. Ryan Arcidiacono totaled 12 points, four rebounds, eight assists and three steals. Both teams return to action on Wednesday, with Chicago playing host to the Minnesota Timberwolves and Cleveland traveling to face the Memphis Grizzlies."
5062,"The Miami Heat defeated the host Cleveland Cavaliers, 117 - 92, at Quicken Loans Arena on Wednesday. While Cleveland led for the majority of the first quarter, that's the only time they were in this game. In fact, Miami rode a 36 - 20 second quarter to victory, as they won each of the final three quarters by at least five points apiece. The Heat actually held a double - digit lead for the entirety of the second half. The rebounding differential was obviously decisive, with Miami winning that battle, 47 - 22. The Heat were also lights out on offense, as they connected on 51 percent from the field and 52 percent from three - point range. They held the Cavaliers to just 45 percent from the field and 42 percent from long range. The Heat (18 - 18) were led by Josh Richardson, as he tallied 24 points, two rebounds and five assists. Justise Winslow accrued 10 points, four rebounds and seven assists. Tyler Johnson led the bench with 16 points, four rebounds, four assists and three steals. Dion Waiters made his season debut and totaled seven points, two rebounds and three assists in 10 minutes, The Cavaliers (8 - 30) had no player score more than 14 points, as Tristan Thompson led the team with 14 points, two rebounds and two steals. Cedi Osman collected 12 points, four rebounds and four assists. Larry Nance Jr. moved back to the bench, as he provided six points, five rebounds, six assists and three steals. Both teams return to action on Friday, with Miami welcoming the struggling Washington Wizards to South Beach and Cleveland playing host to the Utah Jazz."
5063,"The Utah Jazz defeated the Cleveland Cavaliers, 117 - 91, at Quicken Loans Arena on Friday night. The Cavaliers (8 - 30) came out ready to defend home court, as they forged a 49 - 48 halftime lead after a tightly contested first 24 minutes. However, the Jazz (18 - 20) appeared to get a halftime wake - up call, as they not only erased their slim deficit during the third, they built a 10 - point advantage heading into the final period. Their barrage of offense continued then, with Utah outscoring Cleveland by a 36 - 20 margin over the final 12 minutes to seal the comfortable road win. The visitors outshot their hosts by a 51 percent to 39 percent spread, and they won the battle of the boards by a 47 - 39 margin. Donovan Mitchell led the way for the Jazz with 18 points and added five assists and three rebounds. Jae Crowder had a bench - leading 16 points and also supplied five rebounds, two assists and one steal. Ricky Rubio posted 15 points, five assists and four rebounds. Joe Ingles and Rudy Gobert had 12 points apiece and also hauled in seven and nine rebounds, respectively. Derrick Favors and Kyle Korver contributed 10 points apiece. Alec Burks paced the Cavaliers with 17 points, adding three rebounds, two assists and one block. Collin Sexton managed 13 points, three assists, one rebound and one steal. Rodney Hood and Jordan Clarkson had 12 points each. Larry Nance, Jr. turned in 10 points, nine rebounds, one assist and two steals. Cedi Osman and Tristan Thompson generated eight points apiece, with Thompson notably pulling down 12 rebounds as well. The Jazz next pay a visit to the Detroit Pistons on Saturday night, while the Cavaliers remain home to face the New Orleans Pelicans on Saturday evening as well."
5064,"The New Orleans Pelicans defeated the Cleveland Cavaliers, 133 - 98, at Quicken Loans Arena on Saturday evening. The Pelicans (18 - 22) haven't exactly had much success on the road this season, so it wasn't completely surprising to see the Cavaliers (8 - 31) mostly hang with them in the first half. However, New Orleans then separated in the third quarter, extending a 61 - 52 halftime lead by 17 points to essentially seal the win. As the final score implied, the visitors enjoyed big advantages in multiple categories. Two of the most prominent were shooting and rebounding - - the Pelicans drained 58 percent while limiting Cleveland to a 41 percent success rate, and they won the battle of the boards, 44 - 34. Julius Randle and Jrue Holiday led the Pelicans with matching 22 - point tallies. Randle notably added 12 rebounds, eight assists and one steal. Anthony Davis provided 20 points, 10 rebounds, three assists, four steals and two blocks. Darius Miller led the bench with 14 points, while Elfrid Payton tallied 13. Jahlil Okafor and E'Twaun Moore generated 10 points apiece. Jordan Clarkson paced the Cavaliers with 23 points and added four rebounds, three assists, one steal and one block. Collin Sexton and Jalen Jones pitched in 15 points apiece. Cedi Osman supplied 13 points, five assists, one rebound and three steals. Tristan Thompson managed a 10 - point, 11 - rebound double - double that also included two assists, two steals and one block. The Pelicans head back home to face the Memphis Grizzlies on Monday night, while the Cavaliers remain home to tangle with the Indiana Pacers on Tuesday evening."
5065,"The Indiana Pacers defeated the Cleveland Cavaliers, 123 - 115, at Quicken Loans Arena on Tuesday. The Pacers (27 - 13) were an absolutely dominant team during the first half of this game against the Cavaliers (8 - 33), as they quickly took control of the game and didn't look back. Indiana won the first quarter by a 38 - 16 differential, and that 22 - point lead practically ended the game after the first 12 minutes. The Pacers would end up losing the remaining three quarters (25 - 27, 29 - 36 and 31 - 36, respectively) but it wasn't enough since Cleveland were never able to come back from such a huge deficit following the first 12 minutes of action. Thaddeus Young led the offense for the Pacers with 26 points, but he filled the stat sheet since he also added five rebounds, three assists and two steals. Bojan Bogdanovic contributed 23 points, and Domantas Sabonis chipped in with 15 points, nine boards, four assists and two steals in a rare start. Victor Oladipo had 17 points, and Cory Joseph delivered 11 points and six assists off the bench. Alec Burks led the way for the Cavaliers with 19 points while going 7 - 9 shooting from the field, but he also added seven rebounds to the mix. Cedi Osman and Tristan Thompson both had 15 points, but the Canadian big man did an excellent job on both ends of the court since he also added 13 rebounds, five assists and two blocks. Collin Sexton added 14 points."
5066,"The Chicago Bulls defeated the Cleveland Cavaliers, 104 - 88, at Quicken Loans Arena on Monday afternoon. The Bulls (11 - 36) and the Cavaliers (9 - 39) have been two of the worst teams in the entire Association this season and in this battle of struggling teams, the one with the better record - by a slim margin - came out on top with little to no problems. Chicago quickly jumped to a decent lead following the first quarter since they were up 31 - 18 following the first 12 minutes of action, and they would never let that lead slip away. Cleveland showed some signs of life when they won the second quarter by a seven - point differential (24 - 17), but Chicago would close the door on a potential comeback when they won the remaining two quarters by 28 - 25 and 28 - 21, respectively. Zach LaVine was the top scorer for the Bulls since he finished with 25 points while shooting 9 - 16 from the field. Lauri Markkanen chipped in with 13 points while adding eight rebounds, and Kris Dunn filled the stat sheet admirably since he finished with 13 points, nine assists, four rebounds and two steals. Bobby Portis (15 points) and Jabari Parker (10 points) also reached double - digit scoring while coming off the bench. Rookie point guard Collin Sexton led the way for the Cavaliers since he finished with 18 points and three rebounds, but didn't deliver a single assist during the entire contest. Ante Zizic looked productive, as the big man chipped in with 13 points and nine rebounds in 28 minutes. Jordan Clarkson had 12 points, five rebounds and four assists off the bench. Cameron Payne had 11 points as well."
5067,"The Miami Heat defeated the Cleveland Cavaliers, 100 - 94, at Quicken Loans Arena on Friday evening. The Heat (23 - 24) took the Cavaliers' (9 - 41) best punch in the first half, as Cleveland jumped out to a 53 - 48 halftime lead. However, Miami established its dominance in the third, erasing their slim deficit and building a 10 - point advantage heading into the final period. The home squad chipped away and got within the final margin of victory courtesy of an Alec Burks three - pointer with 3 seconds remaining, but it was a case of too little, too late. The Heat benefited from a 48 - 42 rebounding advantage and a 35 - point contribution from their second unit. Justise Winslow led the Heat with 27 points, adding seven rebounds, two assists and one block. Hassan Whiteside posted a 14 - point, 13 - rebound double - double that also included one assist, one steal and one block. Derrick Jones, Jr. generated a 14 - point, 10 - rebound double - double of his own. Dwyane Wade tallied 13 points, six boards and three assists. Josh Richardson produced 10 points and four assists. Tyler Johnson supplied nine points, six assists, two rebounds and two steals. Cedi Osman paced the Cavaliers with 29 points and supplemented them with four rebounds, four assists and two steals. Burks and Collin Sexton turned in matching 13 - point tallies while pulling down seven and two rebounds, respectively. Ante Zizic furnished 11 points, nine rebounds, one assist, one steal and one block. Rodney Hood registered 10 points, four assists and three rebounds. The Heat remain on the road and tangle with the New York Knicks on Sunday night, while the Cavaliers make the short trip to the Windy City to face the Chicago Bulls on Sunday afternoon."
5068,"The Cleveland Cavaliers defeated the Washington Wizards, 116 - 113, at Quicken Loans Arena on Tuesday. The Cavaliers (11 - 41) were coming off a win over the Chicago Bulls and now they're riding a two - game winning streak following another solid performance against a Wizards (21 - 29) team that once again struggled on the defensive end of the court. The Cavaliers dominated the game as soon as it began, though, as they jumped ahead to a first - quarter lead since they were up 26 - 24 following the first 12 minutes of action. Cleveland didn't slow things down and after winning the second quarter (27 - 23), they pulled away for good in the third quarter with an impressive 35 - 22 effort. Washington would end up winning the final quarter and at one point they made it a close game down the stretch. However, things were already decided and the Cavaliers ended securing a huge win at home. For the second consecutive game, Jordan Clarkson was Cleveland's best player since he finished with 28 points and five rebounds while coming off the bench and playing only 29 minutes. Cedi Osman chipped in with 26 points and seven assists, while Collin Sexton (12 points) and Ante Zizic (12 points, 12 rebounds) also contributed nicely. Larry Nance Jr. chipped in with a double - double (13 points, 11 rebounds) off the bench. Bradley Beal was the best player for the Wizards since he finished with 31 points and seven assists, but the rest of the team wasn't able to play at his standard. Trevor Ariza had 13 points, but filled the stat sheet nicely since he also added five rebounds and five assists. Otto Porter Jr. and Gary Payton II both contributed 11 points coming off the bench, while Jordan McRae finished with 15 points."
5069,"The Dallas Mavericks defeated the host Cleveland Cavaliers, 111 - 98, at Quicken Loans Arena on Saturday. In a game between two crippled teams, Dallas was able to prevail thanks to a 40 - 31 first quarter. What really put the game away was a 25 - 18 fourth quarter, as the Mavericks held a double - digit lead for the final eight minutes. Defensive rebounding was huge for Dallas, as they won that battle, 41 - 33. Three-point shooting was also key, with the Mavericks hitting 16 - of - 39 and the Cavaliers connecting on just 4 - of - 23. Dallas ended up shooting 48 percent from the field while holding Cleveland to 40 percent shooting. The Mavericks (24 - 28) were led by Luka Doncic, as he collected 35 points, 11 rebounds and six assists. Harrison Barnes finished with 17 points, five rebounds and two assists. Jalen Brunson accrued 15 points, six rebounds and four assists while Maxi Kleber finished with 10 points, nine rebounds, two assists and two blocks. The Cavaliers (11 - 42) were led by Jordan Clarkson, as he provided 19 points, three rebounds and two assists off the bench. Larry Nance Jr. also played well off the bench, totaling 11 points, 12 rebounds, three assists and two steals. Collin Sexton led the starters with 13 points, three rebounds and two assists on 4 - of - 17 shooting. Alec Burks accumulated 11 points, eight rebounds and five assists. On deck for Cleveland is a home matchup versus the Boston Celtics on Tuesday. As for Dallas, they're off until Wednesday when they play host to the Charlotte Hornets."
5070,"The Boston Celtics defeated the Cleveland Cavaliers, 103 - 96, at Quicken Loans Arena on Tuesday. The Celtics (35 - 19) were heavy favorites entering this game against a lowly Cavaliers (11 - 43) team, but the difference on both teams' records did not show up during most of the contest. In fact, Cleveland jumped ahead to a 30 - 28 lead in the first quarter, but Boston turned things around in the second half and a 31 - 21 lead gave them an eight - point advantage (59 - 51) heading into the break. Cleveland showed a will to turn things around and won the third quarter by a 28 - 26 score, but Boston held on in the final 12 minutes of action. The Celtics won the final quarter by a tight 18 - 17 score, but it was more than enough to give them a huge win on the road. Jayson Tatum was the best player for the Celtics since he finished with 25 points, seven rebounds and two assists, while Al Horford filled the stat sheet admirably since he contributed nine points, eight assists, six rebounds and three blocks. Marcus Smart had 17 points with five boards, while Jaylen Brown added 13 points. Gordon Hayward chipped in with 18 points coming off the bench. Collin Sexton led the way for the Cavaliers with 27 points and five rebounds. Alec Burks had 21 points, and Tristan Thompson delivered a strong effort thanks to eight points and 12 boards. Larry Nance Jr. looked productive off the bench since he delivered 11 points with 12 rebounds in 29 minutes of action. Jordan Clarkson only had seven points while going 2 - 13 from the field."
5071,"The Cleveland Cavaliers defeated the visiting New York Knicks, 107 - 104, at Quicken Loans Arena on Monday. In a battle between the two worst teams in the NBA, it came down to the final shot. In fact, Dennis Smith Jr. missed a game - tying three - pointer at the buzzer to capture the win for Cleveland. It was actually a wire - to - wire win for the Cavaliers, as a 63 - 48 first half was too much for the Knicks to overcome. Rebounding was critical for Cleveland, as they outrebounded New York, 56 - 46. Free-throw shooting was also huge, with the Cavaliers hitting 17 - of - 19 and the Knicks connecting on just 13 - of - 20. The Knicks (10 - 46) were led by Kadeem Allen, as he provided 25 points, three rebounds and six assists off the bench. Kevin Knox led the starters with 13 points, six rebounds and three assists. DeAndre Jordan accrued 12 points, 10 rebounds and two assists. Dennis Smith Jr. collected 20 points, four assists, three steals and two blocks. The Cavaliers (12 - 45) were led by Collin Sexton, as he totaled 20 points and three assists, Larry Nance Jr, accumulated 15 points, 16 rebounds and four assists on 5 - of - 6 shooting. Kevin Love totaled 14 points and nine boards in 15 first - half minutes. Jordan Clarkson led the bench with 15 points and six boards. Both teams return to action on Wednesday, with New York welcoming the Philadelphia 76ers to MSG and Cleveland playing host to the Brooklyn Nets."
5072,"The Brooklyn Nets defeated the Cleveland Cavaliers in triple overtime, 148 - 139, at Quicken Loans Arena on Wednesday evening. The Nets (30 - 29) and Cavaliers (12 - 46) had both been involved in their fair share of shootouts this season, but what unfolded Wednesday ended up being on another level altogether. Most of regulation hinted at what was to come in the latter stages, as the game was a back - and - forth affair for the majority of the first four quarters. Cleveland had pulled ahead by as much as five points with under four minutes to go in the final period before Brooklyn fought back and ultimately sent the game into the first overtime on a D'Angelo Russell driving layup with 1:1 remaining. Collin Sexton returned the favor for the hosts at the end of the first extra period with 3 seconds left to force a sixth quarter. At the end of the second overtime, it was DeMarre Carroll making up for missing a floater at the end of regulation by hitting a 26 - foot step back jumper at the buzzer to knot the score back up at 128. The visitors finally got the best of the exhausted Cavs in the third overtime, outscoring them by a 20 - 11 margin and finishing on a 7 - 2 run over the final 1:5 to secure the win. Russell overcame a forgettable start to lead the way for the Nets with 36 points. He added eight assists and seven rebounds. Joe Harris netted 25 points and also contributed four rebounds and two assists. Carroll offered 18 points, seven rebounds, one assist and one block. Rondae Hollis-Jefferson delivered 17 points, five rebounds and one steal. Allen Crabbe supplied 14 points and seven boards, while Caris LeVert turned in 12 points, nine assists, seven rebounds and one block. Jarrett Allen and Shabazz Napier had matching 10 - point tallies while also compiling 12 rebounds and seven assists, respectively. Jordan Clarkson paced the Cavaliers with 42 points and complemented them with eight rebounds, five assists, one steal and one block. Sexton managed 24 points, six boards and five assists. Marquese Chriss registered 23 points, seven boards, one assist and two steals. Cedi Osman returned from injury to offer 13 points, five rebounds and three assists. Larry Nance, Jr. mustered eight points and 14 rebounds. The Nets are now off until Feb. 21, when they'll host the Portland Trail Blazers. The Cavaliers return to action that same evening and host the Phoenix Suns."
5073,"The Cleveland Cavaliers defeated the Phoenix Suns, 111 - 98, at Quicken Loans Arena on Thursday. The Suns (11 - 49) and the Cavaliers (13 - 46) have been two of the worst teams in The Association this season, so the stakes weren't very high for this game to begin with. Phoenix got on top, though, since they jumped to a 28 - 23 following the first quarter, but that was the only lead they would have during the rest of the contest. Cleveland quickly turned things around and they jumped to a four - point lead at the break (55 - 51) thanks to a 32 - 23 second quarter. Cleveland would never look back afterwards, though. Cleveland would win the remaining two quarters (22 - 21 and 34 - 26, respectively) and they ended winning the contest by a higher - than - expected 13 - point margin. Cedi Osman was the top scorer for the Cavaliers since he finished with 19 points, but he also added five rebounds and five assists. Ante Zizic also had an impressive performance thanks to his 15 points and 12 boards, while Kevin Love chipped in with 16 points and 11 boards. Larry Nance Jr. filled the stat sheet thanks to 14 points, seven rebounds, four steals and three assists. Jordan Clarkson had 15 points and five assists. Devin Booker led the way for Phoenix thanks to an impressive 30 - point performance while adding seven assists, while Kelly Oubre Jr. delivered 23 points, four rebounds, three steals and two blocks. DeAndre Ayton contributed 13 points and nine rebounds, while Josh Jackson chipped in with 12 points and six boards. Richaun Holmes had six points and five boards coming off the bench."
5074,"The Cleveland Cavaliers defeated the visiting Memphis Grizzlies, 112 - 107, at Quicken Loans Arena on Saturday evening. The Cavs got out to a great start at home, with a 37 - 24 lead after one quarter. The Grizzlies pushed back in the second, where they outscored the Cavs by six, to cut the deficit to seven by halftime. The Grizzlies carried the momentum into the third quarter, where they outscored the Cavs by nine, to take a two - point lead into the final frame. The Cavs were not done, as they started the fourth on a 6 - 1 run, to reclaim the lead. The score went back and forth, until the Cavs created some separation in the final minutes with a couple of big plays from Collin Sexton and Cedi Osman. The Cavs went on to secure their second straight win, while the Grizzlies dropped their fourth in a row. Kevin Love led the Cavs with 32 points, 12 rebounds, one steal and one block, in 25 minutes. Collin Sexton followed up with 20 points, six rebounds, five assists and two steals, while Ante Zizic tallied 18 points, seven rebounds and one assist. The Cavs shot 44 percent from the field, including 16 - of - 42 from deep. Meanwhile, Jonas Valanciunas led the Grizzlies with 25 points, 11 rebounds, two blocks and one assist, in 29 minutes. Mike Conley tallied 18 points, five rebounds, three steals and two assists, while Joakim Noah added 16 points, seven rebounds, four assists, two blocks and a steal, in 32 minutes off the bench. The Grizzlies (23 - 38) will look to bounce back as they play host to the Lakers on Monday. The Cavs (14 - 46) play host to the Trail Blazers on Monday."
5075,"The Portland Trail Blazers defeated the host Cleveland Cavaliers, 123 - 110, at Quicken Loans Arena on Monday evening. The Trail Blazers got out to a great start on the road, as they built a 29 - 18 lead through one quarter. They kept the pressure on through the second, where they outscored the Cavs by 12, to take a 71 - 48 lead by halftime. However, the Cavs were not ready to call it quits, as they rallied in the third quarter, outscoring the visitors 36 - 17, to make it a four - point game heading into the fourth. The Cavs stuck with it and were within three points of the Blazers with 4:30 left in the contest, but the Trail Blazers closed on an 18 - 8 run, to seal their fourth straight win. C.J. McCollum led Portland with 35 points, seven rebounds, two assists and one steal, in 35 minutes. Damian Lillard followed up with 21 points, eight assists, four rebounds and two blocks, while Jusuf Nurkic tallied 15 points, eight rebounds and four assists. The Trail Blazers shot 56 percent from the field, including 18 - of - 29 from long range. Meanwhile, Cedi Osman led the Cavs with 27 points, seven rebounds, three assists and one steal, in 32 minutes. Kevin Love tallied 18 points, 12 rebounds and one assist, while Jordan Clarkson added 19 points, five rebounds two assists and a steal, in 28 minutes off the bench. The Cavs shot 42 percent from the field, including 13 - of - 34 from deep. The Cavaliers (14 - 47) will look to bounce back as they take on the Knicks in New York on Thursday. The Trail Blazers (37 - 23) take on the Celtics in Boston on Wednesday."
5076,"The Detroit Pistons defeated the Cleveland Cavaliers, 129 - 93, at Quicken Loans Arena on Saturday afternoon. The Pistons (29 - 31) left no doubt about the eventual outcome with a prolific first half, as they racked up 71 points while limiting the overwhelmed Cavaliers (15 - 47) just 38. The massive deficit was only two points less by game's end, as Detroit dominated across the stat sheet. Two of its biggest advantages came in shooting and rebounding. The Pistons drained 54 percent of their attempts - - including 54 percent of their tries from distance - - while limiting Cleveland to a 34 percent success rate overall. Then, they won the battle of the boards by a 51 - 33 margin. Luke Kennard paced the Pistons with 26 points in 22 minutes off the bench, adding five rebounds, one assist and one block. Reggie Jackson supplied 24 points, two rebounds and two assists. Wayne Ellington poured in 15 points, two assists, two steals and one rebound. Blake Griffin totaled 14 points, nine assists, seven rebounds and one block. Andre Drummond generated a 13 - point, 10 - rebound double - double that also included two assists and one block. Ish Smith contributed 11 points, six assists and five rebounds. Collin Sexton led the Cavaliers with 16 points and added three rebounds. Larry Nance, Jr. and Jordan Clarkson pitched in 11 points apiece while hauling in five and three rebounds, respectively. Cedi Osman and Brandon Knight posted 10 points and two assists each. Marquese Chriss managed nine points, four rebounds, one assist and one steal. The Pistons head back home to tangle with the Toronto Raptors on Sunday evening, while the Cavaliers remain home and face the Orlando Magic on Sunday evening as well."
5077,"The Cleveland Cavaliers defeated the visiting Orlando Magic, 107 - 93, at Quicken Loans Arena on Sunday. While there were 10 ties and eight lead changes in this game, Cleveland ran away because of a monster fourth quarter. In fact, the Cavaliers outscored the Magic, 40 - 21, in that quarter. Bench production was key, with Cleveland outscoring Orlando's bench, 47 - 13. Free-throw shooting was also critical, with the Cavaliers connecting on 21 - of - 23 and Orlando hitting just 9 - of - 11. Three-point shooting was also huge, with Cleveland hitting 14 - of - 43 and Orlando connecting on 6 - of - 26. The Magic (30 - 35) were led by Nikola Vucevic, as he tallied 28 points, 13 rebounds, six assists, two steals and two blocks on 13 - of - 16 from the field. D.J. Augustin accrued 19 points, five rebounds and five assists. Aaron Gordon finished with 15 points, eight rebounds an three assists. Evan Fournier was the only other player in double figures, as he amassed 11 points, two rebounds and two steals. The Cavaliers (16 - 48) were led by Collin Sexton, as he accumulated 17 points, two rebounds and two assists. Kevin Love totaled 16 points, 14 rebounds and two assists. Cedi Osman generated 14 points, six rebounds, three assists and three steals while Jordan Clarkson led the bench with 18 points and two assists. On deck for Orlando is a road matchup versus the Philadelphia 76ers on Tuesday. As for Cleveland, they return to action on Wednesday when they travel to face the Brooklyn Nets."
5078,"The Cleveland Cavaliers defeated the Toronto Raptors at Quicken Loans Arena on Monday night. The Cavaliers (17 - 50) naturally entered as sizable underdogs, but they surprisingly built a four - point halftime lead. Cleveland then got the best of the Raptors (48 - 20) on both ends of the floor in the third, adding 10 points to their advantage in the process and never looking back. Some of the home squad's biggest advantages were on the boards and in turnovers. The Cavs outrebounded Toronto by a 51 - 43 margin, and they forced them into 20 turnovers while only committing 12 of their own. Kawhi Leonard paced the Raptors with 25 points, adding nine rebounds, two assists and one steal. Pascal Siakam furnished 15 points, four rebounds, three assists and one steal. Kyle Lowry supplied 14 points, six assists, five rebounds, one steal and one block. Danny Green contributed five points, while Marc Gasol totaled just two points but also hauled in seven rebounds, dished out four assists and recorded one steal. Norman Powell led the bench with nine points, while Jeremy Lin, OG Anunoby and Serge Ibaka contributed matching eight - point efforts, with the latter getting ejected in the second half for fighting with Marquese Chriss. Collin Sexton paced the Cavaliers with 28 points, supplementing them with five assists and four rebounds. Cedi Osman tallied 19 points, seven rebounds, seven assists and one steal. Ante Zizic delivered 17 points and seven boards. Kevin Love generated a 16 - point, 18 - rebound double - double that also included two assists. Jordan Clarkson led the bench with 14 points, while Brandon Knight managed 12 points, five assists, one rebound and three steals. The Raptors head back home to take on the Los Angeles Lakers on Thursday evening, while the Cavaliers remain home and face the Philadelphia 76ers on Tuesday night."
5079,"The Cleveland Cavaliers defeated the visiting Detroit Pistons, 126 - 119, at Quicken Loans Arena on Monday. While Detroit led 32 - 25 after the first quarter, Cleveland was able to prevail. In fact, they rode a 35 - 29 second quarter to get back into the game and capped off their victory with a 39 - 31 fourth quarter. It was close throughout though, as there were 12 ties and 20 lead changes in total, with neither team leading by more than 11 points. The Cavaliers offense was unstoppable, as they shot 58 percent from the field and 50 percent from three - point range. Turnovers were also key, with Cleveland winning the turnover differential, 11 - 8. That allowed the Cavaliers to win the points off turnover differential, 18 - 8. The Pistons (36 - 34) were led by Wayne Ellington, as he amassed 25 points, two assists and two steals. Andre Drummond finished with 21 points, 21 rebounds, five assists and two steals. Reggie Jackson totaled 15 points, two rebounds and four assists. Ish Smith and Langston Galloway each led the bench with 13 points apiece. The Cavaliers (18 - 53) were led by Collin Sexton, as he scored 27 points on 10 - of - 16 from the field. Cedi Osman accrued 21 points, four rebounds and six assists. Brandon Knight tallied 16 points, four rebounds and five assists while David Nwaba provided 13 points, six rebounds and four assists. Nik Stauskas led the bench with 17 points, two rebounds and two assists. On deck for Cleveland is a home matchup versus the dominant Milwaukee Bucks on Wednesday. As for Detroit, they'ree off until Thursday when they travel to face the Phoenix Suns."
5080,"The Cleveland Cavaliers defeated the Milwaukee Bucks, 107 - 102, at Quicken Loans Arena on Wednesday evening. The Cavaliers (19 - 53) caught a break before the game even tipped off, as the Bucks (53 - 19) announced that Nikola Mirotic would miss the next several weeks with a thumb injury he'd suffered Tuesday against the Lakers, and that Giannis Antetokounmpo would sit a second straight game due to his ankle sprain. Cleveland took advantage of the short - handed visitors early, jumping out to a 30 - 24 first - quarter lead that they'd extended to 58 - 47 by halftime. Milwaukee did make a game of it in the third by wiping out all but one point of their deficit, but the home squad was able close out the win in the final minute on a pair of Jordan Clarkson free throws. Khris Middleton led the way for the Bucks with a 26 - point, 12 - rebound double - double that also included one assist, one steal and one block. Eric Bledsoe followed with 24 points, eight rebounds, eight assists and two steals. Brook Lopez checked in with 19 points, four rebounds, four assists, two blocks and one steal. Patrick Connaughton supplied 11 points, four assists, three rebounds and two steals. Tony Snell and Ersan Ilyasova contributed matching eight - point tallies while also pulling down eight and seven rebounds, respectively. Collin Sexton paced the Cavaliers with 25 points, three assists and two rebounds. Clarkson poured in 23 points and added five rebounds, two assists and two steals. Brandon Knight totaled 13 points, four assists and two rebounds. Cedi Osman and Ante Zizic generated matching eight - point tallies, with the latter also notably bringing down 10 rebounds. Kevin Love pitched in six points and 10 rebounds over 18 minutes. The Bucks head back home to tangle with the Miami Heat on Friday night, while the Cavaliers remain home and face the Los Angeles Clippers on Friday evening as well."
5081,"The Los Angeles Clippers defeated the host Cleveland, Cavaliers, 110 - 108, at Quicken Loans Arena on Friday. This game meant a lot more to Los Angeles than Cleveland but the Cavaliers left it all on the floor in this competitive battle. A 40 - 25 first quarter got the Cavaliers out to a big lead but Los Angeles responded by outscoring them in the middle quarters, 67 - 43. That allowed the Clippers to hold the lead for the entirety of the fourth quarter. Free-throw shooting was huge, with Los Angeles hitting 20 - of - 23 and Cleveland connecting on just 10 - of - 13. Ball movement was also critical, with the Clippers out - assisting the Cavaliers, 24 - 14. The Clippers (43 - 30) were led by Danilo Gallinari, as he tallied 27 points, three rebounds and three assists. Shai Gilgeous-Alexander totaled 16 points, two rebounds, five assists and two steals. Landry Shamet started and amassed 13 points and seven boards. Lou Williams led the bench with 15 points, two rebounds and six assists. The Cavaliers (19 - 54) were led by Kevin Love, as he tallied 22 points and eight rebounds. Collin Sexton finished with 20 points and four boards. Cedi Osman generated 11 points, two rebounds and three assists while Jordan Clarkson led the bench with 20 points, five rebounds and two assists. Larry Nance Jr. provided 14 points, nine rebounds and three steals off the bench as well. Both teams return to action on Sunday, with Los Angeles traveling to face the New York Knicks and Cleveland playing the Milwaukee Bucks on the road as well."
5082,"The Boston Celtics defeated the host Cleveland Cavaliers, 116 - 106, at Quicken Loans Arena on Wednesday. Boston came into this game as a sizable favorite, as they led for all but a few minutes. In fact, they won all four individual quarters, despite the fact that each one was decided by five points or fewer. Rebounding was the difference in the game, with the Celtics out - rebounding the Cavaliers, 46 - 36. Their defense was key as well, as they doubled up Cleveland in steals, 8 - 4 and tripled them up in blocks, 3 - 1, while winning the turnover differential, 15 - 10. The Celtics (44 - 31) were led by Jayson Tatum, as he tallied 21 points, five rebounds and four assists. Marcus Smart matched those 21 points, adding six rebounds, four assists and three steals to his tally. Al Horford accrued 19 points, eight rebounds and five assists while Gordon Hayward led the bench with 15 points, five rebounds and four assists. The Cavaliers (19 - 56) were led by Collin Sexton, as he amassed 24 points, two rebounds and three assists. Cedi Osman accumulated 15 points, seven rebounds and two assists, Kevin Love finished with 10 points, 11 rebounds and four assists while Jordan Clarkson led the bench with 18 points, two rebounds and five assists. On deck for the Cavaliers is a road matchup versus the San Antonio Spurs on Thursday. As for the Celtics, they return to action on Friday when they play host to the Indiana Pacers."
5083,"The San Antonio Spurs defeated the Cleveland Cavaliers, 112 - 90, at Quicken Loans Arena on Sunday afternoon. The Spurs (47 - 34) came into the contest looking to continue sharpening up their collective game for the forthcoming postseason. However, the Cavaliers (19 - 62) had the mentality of spoiler early, matching the visitors bucket for bucket during the first quarter. San Antonio then kicked it into gear in the second forging a 16 - point lead by halftime with a 38 - point second period. After a third period where both defenses shined and only 34 combined points were scored, the Spurs finished Cleveland off by adding another six points to their advantage. San Antonio dominated on both the scoreboard and the glass, shooting 52 percent while winning the battle of the boards by a 49 - 34 margin. LaMarcus Aldridge paced the Spurs with 18 points, adding 13 rebounds, two assists and one steal. DeMar DeRozan, Davis Bertans and Patty Mills generated matching 14 - point efforts. DeRozan also dished out nine assists. Bryn Forbes finished with 13 points, six rebounds and four assists. Jakob Poeltl managed eight points but also hauled in 10 rebounds and recorded a pair of blocks and steals apiece. Collin Sexton and Brandon Knight co - led the Cavaliers with 16 points. Ante Zizic followed with 14 points, six rebounds and two assists. Cedi Osman furnished 12 points, four boards and two steals. Larry Nance, Jr. generated an 11 - point, 10 - rebound double - double that also included five assists and four steals. The Spurs head back home to face the Dallas Mavericks on Wednesday night, while the Cavaliers remain home and take on the Charlotte Hornets on Tuesday evening."
5084,"The Charlotte Hornets defeated the Cleveland Cavaliers, 124 - 97, at Quicken Loans Arena on Tuesday. The Hornets (39 - 42) had their backs against the wall in this game against the Cavaliers (19 - 63), who were simply looking to end the year as soon as possible, and Charlotte got the job done as they needed a win - - as well as other results - - to keep their playoff chances alive on Wednesday. The Hornets didn't waste any time and jumped to a 33 - 31 lead in the first half and they would blow the game open the rest of the way. Charlotte won every single quarter in this contest (with the others being 31 - 25, 26 - 19 and 34 - 22) to secure a huge 27 - point win. They never stepped the foot out of the gas, but that was expected given their situation on the standings. Kemba Walker led the way for the Hornets since he finished with 23 points and seven assists in only 27 minutes of action. Miles Bridges filled the stat sheet with 18 points, seven rebounds and four assists, while Dwayne Bacon chipped in with 18 points, Jeremy Lamb had an impressive effort off the bench with 23 points and five assists, while Frank Kaminsky (14 points) and Devonte Graham (10 points) also scored in double digits. Colllin Sexton led the way for the Cavaliers with 18 points and 10 assists, while Cedi Osman contributed 17 points and four rebounds. Larry Nance Jr. filled the stat sheet admirably since he ended with 10 points, 12 boards, six assists and two blocks. Jordan Clarkson chipped in with 16 points in 23 minutes off the bench, while Channing Frye ended with 10 points."
