player_name,team_name,player_height,country,draft_year,draft_round,college,age,season
Randy Livingston,Houston Rockets,193.04,USA,1996,2,Louisiana State,22.0,1996-97
Gaylon Nickerson,Washington Wizards,190.5,USA,1994,2,Northwestern Oklahoma,28.0,1996-97
George Lynch,Vancouver Grizzlies,203.2,USA,1993,1,North Carolina,26.0,1996-97
George McCloud,Los Angeles Lakers,203.2,USA,1989,1,Florida State,30.0,1996-97
George Zidek,Denver Nuggets,213.36,USA,1995,1,UCLA,23.0,1996-97
Gerald Wilkins,Orlando Magic,198.12,USA,1985,2,Tennessee-Chattanooga,33.0,1996-97
Gheorghe Muresan,Washington Wizards,231.14,USA,1993,2,,26.0,1996-97
Glen Rice,Charlotte Hornets,203.2,USA,1989,1,Michigan,30.0,1996-97
Glenn Robinson,Milwaukee Bucks,200.66,USA,1994,1,Purdue,24.0,1996-97
Grant Hill,Detroit Pistons,203.2,USA,1994,1,Duke,24.0,1996-97
Gary Trent,Portland Trail Blazers,203.2,USA,1995,1,Ohio,22.0,1996-97
Grant Long,Detroit Pistons,205.74,USA,1988,2,Eastern Michigan,31.0,1996-97
Greg Anthony,Vancouver Grizzlies,185.42,USA,1991,1,Nevada-Las Vegas,29.0,1996-97
Greg Dreiling,Dallas Mavericks,215.9,USA,1986,2,Kansas,33.0,1996-97
Greg Foster,Utah Jazz,210.82,USA,1990,2,Texas-El Paso,28.0,1996-97
Greg Graham,Seattle SuperSonics,193.04,USA,1993,1,Indiana,26.0,1996-97
Greg Minor,Boston Celtics,198.12,USA,1994,1,Louisville,25.0,1996-97
Greg Ostertag,Utah Jazz,218.44,USA,1995,1,Kansas,24.0,1996-97
Hakeem Olajuwon,Houston Rockets,213.36,Nigeria,1984,1,Houston,34.0,1996-97
Harvey Grant,Washington Wizards,205.74,USA,1988,1,Oklahoma,31.0,1996-97
Haywoode Workman,Indiana Pacers,187.96,USA,1989,2,Oral Roberts,31.0,1996-97
Greg Anderson,San Antonio Spurs,208.28,USA,1987,1,Houston,33.0,1996-97
Gary Payton,Seattle SuperSonics,193.04,USA,1990,1,Oregon State,28.0,1996-97
Gary Grant,Miami Heat,190.5,USA,1988,1,Michigan,32.0,1996-97
Fred Roberts,Dallas Mavericks,208.28,USA,1982,2,Brigham Young,36.0,1996-97
Eldridge Recasner,Atlanta Hawks,193.04,USA,1992,Undrafted,Washington,29.0,1996-97
Elliot Perry,Milwaukee Bucks,182.88,USA,1991,2,Memphis,28.0,1996-97
Elmer Bennett,Denver Nuggets,182.88,USA,1992,2,Notre Dame,27.0,1996-97
Elmore Spencer,Seattle SuperSonics,213.36,USA,1992,1,Nevada-Las Vegas,27.0,1996-97
Emanual Davis,Houston Rockets,195.58,USA,Undrafted,Undrafted,Delaware State,28.0,1996-97
Ennis Whatley,Portland Trail Blazers,190.5,USA,1983,1,Alabama,34.0,1996-97
Eric Leckner,Vancouver Grizzlies,210.82,USA,1988,1,Wyoming,31.0,1996-97
Eric Mobley,Vancouver Grizzlies,210.82,USA,1994,1,Pittsburgh,27.0,1996-97
Eric Montross,New Jersey Nets,213.36,USA,1994,1,North Carolina,25.0,1996-97
Eric Murdock,Denver Nuggets,185.42,USA,1991,1,Providence,29.0,1996-97
Eric Piatkowski,Los Angeles Clippers,200.66,USA,1994,1,Nebraska,26.0,1996-97
Eric Snow,Seattle SuperSonics,190.5,USA,1995,2,Michigan State,24.0,1996-97
Eric Williams,Boston Celtics,203.2,USA,1995,1,Providence,24.0,1996-97
Erick Dampier,Indiana Pacers,210.82,USA,1996,1,Mississippi State,21.0,1996-97
Erick Strickland,Dallas Mavericks,190.5,USA,Undrafted,Undrafted,Nebraska,23.0,1996-97
Ervin Johnson,Denver Nuggets,210.82,USA,1993,1,New Orleans,29.0,1996-97
Evric Gray,New Jersey Nets,200.66,USA,Undrafted,Undrafted,Nevada-Las Vegas,27.0,1996-97
Felton Spencer,Golden State Warriors,213.36,USA,1990,1,Louisville,29.0,1996-97
Frank Brickowski,Boston Celtics,205.74,USA,1981,3,Penn State,37.0,1996-97
Frankie King,Philadelphia 76ers,185.42,USA,1995,2,Western Carolina,25.0,1996-97
Fred Hoiberg,Indiana Pacers,193.04,USA,1995,2,Iowa State,24.0,1996-97
Henry James,Atlanta Hawks,203.2,USA,Undrafted,Undrafted,St. Mary's (TX),31.0,1996-97
Elden Campbell,Los Angeles Lakers,213.36,USA,1990,1,Clemson,28.0,1996-97
Herb Williams,New York Knicks,210.82,USA,1981,1,Ohio State,39.0,1996-97
Horace Grant,Orlando Magic,208.28,USA,1987,1,Clemson,31.0,1996-97
Jerome Williams,Detroit Pistons,205.74,USA,1996,1,Georgetown,24.0,1996-97
Jerry Stackhouse,Philadelphia 76ers,198.12,USA,1995,1,North Carolina,22.0,1996-97
Jim Jackson,New Jersey Nets,198.12,USA,1992,1,Ohio State,26.0,1996-97
Jim McIlvaine,Seattle SuperSonics,215.9,USA,1994,2,Marquette,24.0,1996-97
Jimmy Carruth,Milwaukee Bucks,208.28,USA,Undrafted,Undrafted,Virginia Tech,27.0,1996-97
Jimmy King,Denver Nuggets,195.58,USA,1995,2,Michigan,23.0,1996-97
Jimmy Oliver,Toronto Raptors,195.58,USA,1991,2,Purdue,27.0,1996-97
Joe Courtney,San Antonio Spurs,203.2,USA,Undrafted,Undrafted,Southern Mississippi,27.0,1996-97
Joe Dumars,Detroit Pistons,190.5,USA,1985,1,McNeese State,34.0,1996-97
Jerome Kersey,Los Angeles Lakers,200.66,USA,1984,2,Longwood,35.0,1996-97
Joe Kleine,New Jersey Nets,213.36,USA,1985,1,Arkansas,35.0,1996-97
Joe Stephens,Houston Rockets,200.66,USA,Undrafted,Undrafted,Arkansas-Little Rock,24.0,1996-97
Joe Wolf,Milwaukee Bucks,210.82,USA,1987,1,North Carolina,32.0,1996-97
John Crotty,Miami Heat,187.96,USA,Undrafted,Undrafted,Virginia,27.0,1996-97
John Long,Toronto Raptors,195.58,USA,1978,2,Detroit Mercy,40.0,1996-97
John Starks,New York Knicks,195.58,USA,Undrafted,Undrafted,Oklahoma State,31.0,1996-97
John Stockton,Utah Jazz,185.42,USA,1984,1,Gonzaga,35.0,1996-97
John Wallace,New York Knicks,205.74,USA,1996,1,Syracuse,23.0,1996-97
Johnny Newman,Milwaukee Bucks,200.66,USA,1986,2,Richmond,33.0,1996-97
Jon Barry,Atlanta Hawks,195.58,USA,1992,1,Georgia Tech,27.0,1996-97
Joe Smith,Golden State Warriors,208.28,USA,1995,1,Maryland,21.0,1996-97
Jerome Allen,Denver Nuggets,193.04,USA,1995,2,Pennsylvania,24.0,1996-97
Jermaine O'Neal,Portland Trail Blazers,210.82,USA,1996,1,,18.0,1996-97
Jeff McInnis,Denver Nuggets,193.04,USA,1996,2,North Carolina,22.0,1996-97
Horacio Llamas,Phoenix Suns,210.82,USA,Undrafted,Undrafted,Grand Canyon,23.0,1996-97
Hot Rod Williams,Phoenix Suns,210.82,USA,1985,2,Tulane,34.0,1996-97
Howard Eisley,Utah Jazz,187.96,USA,1994,2,Boston College,24.0,1996-97
Hubert Davis,Toronto Raptors,195.58,USA,1992,1,North Carolina,27.0,1996-97
Ike Austin,Miami Heat,208.28,USA,1991,2,Arizona State,27.0,1996-97
Isaiah Rider,Portland Trail Blazers,195.58,USA,1993,1,Nevada-Las Vegas,26.0,1996-97
Ivano Newbill,Atlanta Hawks,208.28,USA,1994,Undrafted,Georgia Tech,26.0,1996-97
Jack Haley,New Jersey Nets,208.28,USA,1987,4,UCLA,33.0,1996-97
Jalen Rose,Indiana Pacers,203.2,USA,1994,1,Michigan,24.0,1996-97
Jamal Mashburn,Miami Heat,203.2,USA,1993,1,Kentucky,24.0,1996-97
James Robinson,Minnesota Timberwolves,187.96,USA,1993,1,Alabama,26.0,1996-97
James Scott,Miami Heat,198.12,USA,Undrafted,Undrafted,St. John's (NY),25.0,1996-97
Jamie Feick,San Antonio Spurs,203.2,USA,1996,2,Michigan State,22.0,1996-97
Jamie Watson,Dallas Mavericks,200.66,USA,1994,2,South Carolina,25.0,1996-97
Jaren Jackson,Washington Wizards,198.12,USA,Undrafted,Undrafted,Georgetown,29.0,1996-97
Jason Caffey,Chicago Bulls,203.2,USA,1995,1,Alabama,24.0,1996-97
Jason Kidd,Phoenix Suns,193.04,USA,1994,1,California,24.0,1996-97
Jason Sasser,Dallas Mavericks,200.66,USA,1996,2,Texas Tech,23.0,1996-97
Jayson Williams,New Jersey Nets,205.74,USA,1990,1,St. John's (NY),29.0,1996-97
Jeff Grayer,Sacramento Kings,195.58,USA,1988,1,Iowa State,31.0,1996-97
Jeff Hornacek,Utah Jazz,193.04,USA,1986,2,Iowa State,34.0,1996-97
Hersey Hawkins,Seattle SuperSonics,190.5,USA,1988,1,Bradley,30.0,1996-97
Eddie Jones,Los Angeles Lakers,198.12,USA,1994,1,Temple,25.0,1996-97
Eddie Johnson,Houston Rockets,200.66,USA,1981,2,Illinois,38.0,1996-97
Ed Pinckney,Miami Heat,205.74,USA,1985,1,Villanova,34.0,1996-97
Chris Jent,New York Knicks,200.66,USA,Undrafted,Undrafted,Ohio State,27.0,1996-97
Chris Mills,Cleveland Cavaliers,200.66,USA,1993,1,Arizona,27.0,1996-97
Chris Morris,Utah Jazz,203.2,USA,1988,1,Auburn,31.0,1996-97
Chris Mullin,Golden State Warriors,200.66,USA,1985,1,St. John's (NY),33.0,1996-97
Chris Robinson,Vancouver Grizzlies,195.58,USA,1996,2,Western Kentucky,23.0,1996-97
Chris Webber,Washington Wizards,208.28,USA,1993,1,Michigan,24.0,1996-97
Chris Whitney,Washington Wizards,182.88,USA,1993,2,Clemson,25.0,1996-97
Christian Laettner,Atlanta Hawks,210.82,USA,1992,1,Duke,27.0,1996-97
Chucky Brown,Milwaukee Bucks,203.2,USA,1989,2,North Carolina State,29.0,1996-97
Chris Gatling,New Jersey Nets,208.28,USA,1991,1,Old Dominion,29.0,1996-97
Clar. Weatherspoon,Philadelphia 76ers,200.66,USA,1992,1,Southern Mississippi,26.0,1996-97
Clifford Rozier,Toronto Raptors,210.82,USA,1994,1,Louisville,24.0,1996-97
Clyde Drexler,Houston Rockets,200.66,USA,1983,1,Houston,35.0,1996-97
Corie Blount,Los Angeles Lakers,208.28,USA,1993,1,Cincinnati,28.0,1996-97
Corliss Williamson,Sacramento Kings,200.66,USA,1995,1,Arkansas,23.0,1996-97
Cory Alexander,San Antonio Spurs,185.42,USA,1995,1,Virginia,24.0,1996-97
Craig Ehlo,Seattle SuperSonics,198.12,USA,1983,3,Washington State,35.0,1996-97
Cuonzo Martin,Milwaukee Bucks,195.58,USA,1995,2,Purdue,25.0,1996-97
Dale Davis,Indiana Pacers,210.82,USA,1991,1,Clemson,28.0,1996-97
Dale Ellis,Denver Nuggets,200.66,USA,1983,1,Tennessee,36.0,1996-97
Clifford Robinson,Portland Trail Blazers,208.28,USA,1989,2,Connecticut,30.0,1996-97
Chris Dudley,Portland Trail Blazers,210.82,USA,1987,4,Yale,32.0,1996-97
Chris Childs,New York Knicks,190.5,USA,Undrafted,Undrafted,Boise State,29.0,1996-97
Chris Carr,Minnesota Timberwolves,198.12,USA,1995,2,Southern Illinois,23.0,1996-97
Brian Evans,Orlando Magic,203.2,USA,1996,1,Indiana,23.0,1996-97
Brian Grant,Sacramento Kings,205.74,USA,1994,1,Xavier,25.0,1996-97
Brian Shaw,Orlando Magic,198.12,USA,1988,1,California-Santa Barbara,31.0,1996-97
Brooks Thompson,Denver Nuggets,193.04,USA,1994,1,Oklahoma State,26.0,1996-97
Bruce Bowen,Miami Heat,200.66,USA,Undrafted,Undrafted,Cal State-Fullerton,26.0,1996-97
Bryant Reeves,Vancouver Grizzlies,213.36,USA,1995,1,Oklahoma State,24.0,1996-97
Bryant Stith,Denver Nuggets,195.58,USA,1992,1,Virginia,26.0,1996-97
Bryon Russell,Utah Jazz,200.66,USA,1993,2,Long Beach State,26.0,1996-97
Buck Williams,New York Knicks,203.2,USA,1981,1,Maryland,37.0,1996-97
Byron Scott,Los Angeles Lakers,193.04,USA,1983,1,Arizona State,36.0,1996-97
Calbert Cheaney,Washington Wizards,200.66,USA,1993,1,Indiana,25.0,1996-97
Carl Herrera,San Antonio Spurs,205.74,USA,1990,2,Houston,30.0,1996-97
Carl Thomas,Cleveland Cavaliers,193.04,USA,Undrafted,Undrafted,Eastern Michigan,27.0,1996-97
Carlos Rogers,Toronto Raptors,210.82,USA,1994,1,Tennessee State,26.0,1996-97
Cedric Ceballos,Phoenix Suns,200.66,USA,1990,2,Cal State-Fullerton,27.0,1996-97
Charles Barkley,Houston Rockets,198.12,USA,1984,1,Auburn,34.0,1996-97
Charles Jones,Houston Rockets,205.74,USA,1979,8,Albany State (GA),40.0,1996-97
Charles Oakley,New York Knicks,205.74,USA,1985,1,Virginia Union,33.0,1996-97
Charles Smith,San Antonio Spurs,208.28,USA,1988,1,Pittsburgh,31.0,1996-97
Charlie Ward,New York Knicks,187.96,USA,1994,1,Florida State,26.0,1996-97
Cherokee Parks,Minnesota Timberwolves,210.82,USA,1995,1,Duke,24.0,1996-97
Damon Stoudamire,Toronto Raptors,177.8,USA,1995,1,Arizona,23.0,1996-97
Dan Majerle,Miami Heat,198.12,USA,1988,1,Central Michigan,31.0,1996-97
Dan Schayes,Orlando Magic,210.82,USA,1981,1,Syracuse,38.0,1996-97
Dana Barros,Boston Celtics,180.34,USA,1989,1,Boston College,30.0,1996-97
Dexter Boney,Phoenix Suns,193.04,USA,Undrafted,Undrafted,Nevada-Las Vegas,27.0,1996-97
Dickey Simpkins,Chicago Bulls,205.74,USA,1994,1,Providence,25.0,1996-97
Dikembe Mutombo,Atlanta Hawks,218.44,Congo,1991,1,Georgetown,31.0,1996-97
Dino Radja,Boston Celtics,210.82,USA,1989,2,,30.0,1996-97
Dominique Wilkins,San Antonio Spurs,203.2,USA,1982,1,Georgia,37.0,1996-97
Don MacLean,Philadelphia 76ers,208.28,USA,1992,1,UCLA,27.0,1996-97
Don Reid,Detroit Pistons,203.2,USA,1995,2,Georgetown,23.0,1996-97
Donald Royal,Charlotte Hornets,203.2,USA,1987,3,Notre Dame,31.0,1996-97
Donald Whiteside,Toronto Raptors,177.8,USA,Undrafted,Undrafted,Northern Illinois,28.0,1996-97
Donnie Boyce,Atlanta Hawks,195.58,USA,1995,2,Colorado,23.0,1996-97
Donny Marshall,Cleveland Cavaliers,200.66,USA,1995,2,Connecticut,24.0,1996-97
Dontonio Wingfield,Portland Trail Blazers,203.2,USA,1994,2,Cincinnati,23.0,1996-97
Donyell Marshall,Golden State Warriors,205.74,USA,1994,1,Connecticut,24.0,1996-97
Doug Christie,Toronto Raptors,198.12,USA,1992,1,Pepperdine,27.0,1996-97
Doug Overton,Philadelphia 76ers,190.5,USA,1991,2,La Salle,27.0,1996-97
Doug West,Minnesota Timberwolves,198.12,USA,1989,2,Villanova,30.0,1996-97
Duane Causwell,Sacramento Kings,213.36,USA,1990,1,Temple,29.0,1996-97
Duane Ferrell,Indiana Pacers,200.66,USA,Undrafted,Undrafted,Georgia Tech,32.0,1996-97
Dwayne Schintzius,Los Angeles Clippers,215.9,USA,1990,1,Florida,28.0,1996-97
Earl Cureton,Toronto Raptors,205.74,USA,1979,3,Detroit Mercy,39.0,1996-97
Ed O'Bannon,Dallas Mavericks,203.2,USA,1995,1,UCLA,24.0,1996-97
Devin Gray,San Antonio Spurs,200.66,USA,1995,Undrafted,Clemson,25.0,1996-97
Jud Buechler,Chicago Bulls,198.12,USA,1990,2,Arizona,29.0,1996-97
Detlef Schrempf,Seattle SuperSonics,208.28,USA,1985,1,Washington,34.0,1996-97
Derrick Coleman,Philadelphia 76ers,208.28,USA,1990,1,Syracuse,30.0,1996-97
Danny Ferry,Cleveland Cavaliers,208.28,USA,1989,1,Duke,30.0,1996-97
Danny Manning,Phoenix Suns,208.28,USA,1988,1,Kansas,31.0,1996-97
Darrell Armstrong,Orlando Magic,185.42,USA,Undrafted,Undrafted,Fayetteville State,29.0,1996-97
Darrick Martin,Los Angeles Clippers,180.34,USA,Undrafted,Undrafted,UCLA,26.0,1996-97
Darrin Hancock,Atlanta Hawks,200.66,USA,1994,2,Kansas,25.0,1996-97
Darvin Ham,Indiana Pacers,200.66,USA,Undrafted,Undrafted,Texas Tech,23.0,1996-97
David Robinson,San Antonio Spurs,215.9,USA,1987,1,Navy,31.0,1996-97
David Vaughn,Orlando Magic,205.74,USA,1995,1,Memphis,24.0,1996-97
David Wesley,Boston Celtics,185.42,USA,Undrafted,Undrafted,Baylor,26.0,1996-97
David Wingate,Seattle SuperSonics,195.58,USA,1986,2,Georgetown,33.0,1996-97
David Wood,Milwaukee Bucks,205.74,USA,Undrafted,Undrafted,Nevada-Reno,32.0,1996-97
Dean Garrett,Minnesota Timberwolves,210.82,USA,1988,2,Indiana,30.0,1996-97
Dee Brown,Boston Celtics,187.96,USA,1990,1,Jacksonville,28.0,1996-97
Dell Curry,Charlotte Hornets,195.58,USA,1986,1,Virginia Tech,33.0,1996-97
Dell Demps,Orlando Magic,190.5,USA,Undrafted,Undrafted,Pacific,27.0,1996-97
Dennis Rodman,Chicago Bulls,198.12,USA,1986,2,Southeastern Oklahoma State,36.0,1996-97
Dennis Scott,Orlando Magic,203.2,USA,1990,1,Georgia Tech,28.0,1996-97
Derek Fisher,Los Angeles Lakers,185.42,USA,1996,1,Arkansas-Little Rock,22.0,1996-97
Derek Harper,Dallas Mavericks,193.04,USA,1983,1,Illinois,35.0,1996-97
Derek Strong,Orlando Magic,205.74,USA,1990,2,Xavier,29.0,1996-97
Derrick Alston,Atlanta Hawks,210.82,USA,1994,2,Duquesne,24.0,1996-97
Derrick McKey,Indiana Pacers,205.74,USA,1987,1,Alabama,30.0,1996-97
Brett Szabo,Boston Celtics,210.82,USA,Undrafted,Undrafted,Augustana (SD),29.0,1996-97
Juwan Howard,Washington Wizards,205.74,USA,1994,1,Michigan,24.0,1996-97
Keith Askins,Miami Heat,203.2,USA,Undrafted,Undrafted,Alabama,29.0,1996-97
Scott Burrell,Golden State Warriors,200.66,USA,1993,1,Connecticut,26.0,1996-97
Scott Williams,Philadelphia 76ers,208.28,USA,Undrafted,Undrafted,North Carolina,29.0,1996-97
Scottie Pippen,Chicago Bulls,200.66,USA,1987,1,Central Arkansas,31.0,1996-97
Sean Elliott,San Antonio Spurs,203.2,USA,1989,1,Arizona,29.0,1996-97
Sean Rooks,Los Angeles Lakers,208.28,USA,1992,2,Arizona,27.0,1996-97
Sedale Threatt,Houston Rockets,187.96,USA,1983,6,West Virginia Tech,35.0,1996-97
Shandon Anderson,Utah Jazz,198.12,USA,1996,2,Georgia,23.0,1996-97
Shane Heal,Minnesota Timberwolves,182.88,USA,Undrafted,Undrafted,,26.0,1996-97
Shaquille O'Neal,Los Angeles Lakers,215.9,USA,1992,1,Louisiana State,25.0,1996-97
Scott Brooks,New York Knicks,180.34,USA,Undrafted,Undrafted,California-Irvine,31.0,1996-97
Shareef Abdur-Rahim,Vancouver Grizzlies,205.74,USA,1996,1,California,20.0,1996-97
Shawn Bradley,Dallas Mavericks,228.6,USA,1993,1,Brigham Young,25.0,1996-97
Shawn Kemp,Seattle SuperSonics,208.28,USA,1989,1,Trinity Valley Community College,27.0,1996-97
Shawn Respert,Toronto Raptors,187.96,USA,1995,1,Michigan State,25.0,1996-97
Shawnelle Scott,Cleveland Cavaliers,210.82,USA,1994,2,St. John's (NY),25.0,1996-97
Sherman Douglas,Milwaukee Bucks,185.42,USA,1989,2,Syracuse,30.0,1996-97
Stacey Augmon,Portland Trail Blazers,203.2,USA,1991,1,Nevada-Las Vegas,28.0,1996-97
Stacey King,Dallas Mavericks,210.82,USA,1989,1,Oklahoma,30.0,1996-97
Stanley Roberts,Los Angeles Clippers,213.36,USA,1991,1,Louisiana State,27.0,1996-97
Stephen Howard,Utah Jazz,205.74,USA,Undrafted,Undrafted,DePaul,26.0,1996-97
Sharone Wright,Toronto Raptors,210.82,USA,1994,1,Clemson,24.0,1996-97
Sasha Danilovic,Dallas Mavericks,198.12,USA,1992,2,,27.0,1996-97
Sarunas Marciulionis,Denver Nuggets,195.58,USA,1987,6,,33.0,1996-97
Samaki Walker,Dallas Mavericks,205.74,USA,1996,1,Louisville,21.0,1996-97
Rex Walters,Philadelphia 76ers,193.04,USA,1993,1,Kansas,27.0,1996-97
Richard Manning,Los Angeles Clippers,210.82,USA,1993,2,Washington,27.0,1996-97
Rick Fox,Boston Celtics,200.66,Canada,1991,1,North Carolina,27.0,1996-97
Rick Mahorn,Detroit Pistons,208.28,USA,1980,2,Hampton,38.0,1996-97
Ricky Pierce,Charlotte Hornets,193.04,USA,1982,1,Rice,37.0,1996-97
Rik Smits,Indiana Pacers,223.52,USA,1988,1,Marist,30.0,1996-97
Robert Horry,Los Angeles Lakers,208.28,USA,1992,1,Alabama,26.0,1996-97
Robert Pack,Dallas Mavericks,187.96,USA,Undrafted,Undrafted,Southern California,28.0,1996-97
Robert Parish,Chicago Bulls,215.9,USA,1976,1,Centenary (LA),43.0,1996-97
Robert Werdann,New Jersey Nets,210.82,USA,1992,2,St. John's (NY),26.0,1996-97
Rod Strickland,Washington Wizards,190.5,USA,1988,1,DePaul,30.0,1996-97
Rodney Rogers,Los Angeles Clippers,200.66,USA,1993,1,Wake Forest,26.0,1996-97
Ron Harper,Chicago Bulls,198.12,USA,1986,1,Miami (OH),33.0,1996-97
Rony Seikaly,Orlando Magic,210.82,USA,1988,1,Syracuse,32.0,1996-97
Roy Rogers,Vancouver Grizzlies,208.28,USA,1996,1,Alabama,23.0,1996-97
Ruben Nembhard,Portland Trail Blazers,190.5,USA,Undrafted,Undrafted,Weber State,25.0,1996-97
Rumeal Robinson,Portland Trail Blazers,187.96,USA,1990,1,Michigan,30.0,1996-97
Sam Cassell,New Jersey Nets,190.5,USA,1993,1,Florida State,27.0,1996-97
Sam Mack,Houston Rockets,200.66,USA,Undrafted,Undrafted,Houston,27.0,1996-97
Sam Mitchell,Minnesota Timberwolves,200.66,USA,1985,3,Mercer,33.0,1996-97
Sam Perkins,Seattle SuperSonics,205.74,USA,1984,1,North Carolina,36.0,1996-97
Stephon Marbury,Minnesota Timberwolves,187.96,USA,1996,1,Georgia Tech,20.0,1996-97
Rex Chapman,Phoenix Suns,193.04,USA,1988,1,Kentucky,29.0,1996-97
Steve Hamer,Boston Celtics,213.36,USA,1996,2,Tennessee,23.0,1996-97
Steve Nash,Phoenix Suns,190.5,Canada,1996,1,Santa Clara,23.0,1996-97
Willie Anderson,Miami Heat,203.2,USA,1988,1,Georgia,30.0,1996-97
Will Perdue,San Antonio Spurs,213.36,USA,1988,1,Vanderbilt,31.0,1996-97
Wesley Person,Phoenix Suns,198.12,USA,1994,1,Auburn,26.0,1996-97
Wayman Tisdale,Phoenix Suns,205.74,USA,1985,1,Oklahoma,33.0,1996-97
Walter McCarty,New York Knicks,208.28,USA,1996,1,Kentucky,23.0,1996-97
Walt Williams,Toronto Raptors,203.2,USA,1992,1,Maryland,27.0,1996-97
Voshon Lenard,Miami Heat,193.04,USA,1994,2,Minnesota,24.0,1996-97
Vlade Divac,Charlotte Hornets,215.9,Serbia and Montenegro,1989,1,,29.0,1996-97
Vitaly Potapenko,Cleveland Cavaliers,208.28,Ukraine,1996,1,Wright State,22.0,1996-97
Willie Burton,Atlanta Hawks,203.2,USA,1990,1,Minnesota,29.0,1996-97
Vinny Del Negro,San Antonio Spurs,193.04,USA,1988,2,North Carolina State,30.0,1996-97
Vin Baker,Milwaukee Bucks,210.82,USA,1993,1,Hartford,25.0,1996-97
Vernon Maxwell,San Antonio Spurs,193.04,USA,1988,2,Florida,31.0,1996-97
Tyus Edney,Sacramento Kings,177.8,USA,1995,2,UCLA,24.0,1996-97
Tyrone Hill,Cleveland Cavaliers,205.74,USA,1990,1,Xavier,29.0,1996-97
Tyrone Corbin,Atlanta Hawks,198.12,USA,1985,2,DePaul,34.0,1996-97
Travis Knight,Los Angeles Lakers,213.36,USA,1996,1,Connecticut,22.0,1996-97
Travis Best,Indiana Pacers,180.34,USA,1995,1,Georgia Tech,24.0,1996-97
Tracy Murray,Washington Wizards,200.66,USA,1992,1,UCLA,25.0,1996-97
Tracy Moore,Houston Rockets,193.04,USA,Undrafted,Undrafted,Tulsa,31.0,1996-97
Vincent Askew,Denver Nuggets,198.12,USA,1987,2,Memphis,31.0,1996-97
Xavier McDaniel,New Jersey Nets,200.66,USA,1985,1,Wichita State,34.0,1996-97
Yinka Dare,New Jersey Nets,213.36,USA,1994,1,George Washington,24.0,1996-97
Zan Tabak,Toronto Raptors,213.36,USA,1991,2,,27.0,1996-97
Steve Scheffler,Seattle SuperSonics,205.74,USA,1990,2,Purdue,29.0,1996-97
Steven Smith,Atlanta Hawks,203.2,USA,1991,1,Michigan State,28.0,1996-97
Stevin Smith,Dallas Mavericks,187.96,USA,Undrafted,Undrafted,Arizona State,25.0,1996-97
Stojko Vrankovic,Minnesota Timberwolves,218.44,USA,Undrafted,Undrafted,,33.0,1996-97
Terrell Brandon,Cleveland Cavaliers,180.34,USA,1991,1,Oregon,27.0,1996-97
Terry Cummings,Seattle SuperSonics,205.74,USA,1982,1,DePaul,36.0,1996-97
Terry Dehere,Los Angeles Clippers,193.04,USA,1993,1,Seton Hall,25.0,1996-97
Terry Mills,Detroit Pistons,208.28,USA,1990,1,Michigan,29.0,1996-97
Terry Porter,Minnesota Timberwolves,190.5,USA,1985,1,Wisconsin-Stevens Point,34.0,1996-97
Theo Ratliff,Detroit Pistons,208.28,USA,1995,1,Wyoming,24.0,1996-97
Tim Hardaway,Miami Heat,182.88,USA,1989,1,Texas-El Paso,30.0,1996-97
Tim Kempton,San Antonio Spurs,208.28,USA,1986,6,Notre Dame,33.0,1996-97
Tim Legler,Washington Wizards,193.04,USA,Undrafted,Undrafted,La Salle,30.0,1996-97
Todd Day,Boston Celtics,198.12,USA,1992,1,Arkansas,27.0,1996-97
Todd Fuller,Golden State Warriors,210.82,USA,1996,1,North Carolina State,22.0,1996-97
Tom Chambers,Charlotte Hornets,208.28,USA,1981,1,Utah,38.0,1996-97
Tom Gugliotta,Minnesota Timberwolves,208.28,USA,1992,1,North Carolina State,27.0,1996-97
Tom Hammonds,Denver Nuggets,205.74,USA,1989,1,Georgia Tech,30.0,1996-97
Toni Kukoc,Chicago Bulls,210.82,Croatia,1990,2,,28.0,1996-97
Tony Delk,Charlotte Hornets,187.96,USA,1996,1,Kentucky,23.0,1996-97
Tony Dumas,Phoenix Suns,198.12,USA,1994,1,Missouri-Kansas City,24.0,1996-97
Steve Kerr,Chicago Bulls,190.5,USA,1988,2,Arizona,31.0,1996-97
Reggie Williams,New Jersey Nets,201.0,USA,1987,1,Georgetown,33.0,1996-97
Reggie Slater,Toronto Raptors,200.66,USA,Undrafted,Undrafted,Wyoming,26.0,1996-97
Reggie Miller,Indiana Pacers,200.66,USA,1987,1,UCLA,31.0,1996-97
Lindsey Hunter,Detroit Pistons,187.96,USA,1993,1,Jackson State,26.0,1996-97
Lionel Simmons,Sacramento Kings,200.66,USA,1990,1,La Salle,28.0,1996-97
Litterial Green,Detroit Pistons,185.42,USA,1992,2,Georgia,27.0,1996-97
Tony Smith,Charlotte Hornets,193.04,USA,1990,2,Marquette,29.0,1996-97
Loren Meyer,Phoenix Suns,208.28,USA,1995,1,Iowa State,24.0,1996-97
Lorenzen Wright,Los Angeles Clippers,210.82,USA,1996,1,Memphis,21.0,1996-97
Lorenzo Williams,Washington Wizards,205.74,USA,Undrafted,Undrafted,Stetson,27.0,1996-97
Lou Roe,Golden State Warriors,200.66,USA,1995,2,Massachusetts,24.0,1996-97
Loy Vaught,Los Angeles Clippers,205.74,USA,1990,1,Michigan,29.0,1996-97
Lee Mayberry,Vancouver Grizzlies,185.42,USA,1992,1,Arkansas,27.0,1996-97
Luc Longley,Chicago Bulls,218.44,USA,1991,1,New Mexico,28.0,1996-97
Mahmoud Abdul-Rauf,Sacramento Kings,185.42,USA,1990,1,Louisiana State,28.0,1996-97
Malik Rose,Charlotte Hornets,200.66,USA,1996,2,Drexel,22.0,1996-97
Malik Sealy,Los Angeles Clippers,203.2,USA,1992,1,St. John's (NY),27.0,1996-97
Marcus Brown,Portland Trail Blazers,190.5,USA,1996,2,Murray State,23.0,1996-97
Marcus Camby,Toronto Raptors,210.82,USA,1996,1,Massachusetts,23.0,1996-97
Mario Elie,Houston Rockets,195.58,USA,1985,7,American International,33.0,1996-97
Mark Bradtke,Philadelphia 76ers,208.28,USA,Undrafted,Undrafted,,28.0,1996-97
Mark Bryant,Phoenix Suns,205.74,USA,1988,1,Seton Hall,32.0,1996-97
Mark Davis,Philadelphia 76ers,200.66,USA,1995,2,Texas Tech,24.0,1996-97
Lucious Harris,Philadelphia 76ers,195.58,USA,1993,2,Long Beach State,26.0,1996-97
Lawrence Moten,Vancouver Grizzlies,195.58,USA,1995,2,Syracuse,25.0,1996-97
Latrell Sprewell,Golden State Warriors,195.58,USA,1992,1,Alabama,26.0,1996-97
Larry Stewart,Seattle SuperSonics,203.2,USA,Undrafted,Undrafted,Coppin State,28.0,1996-97
Keith Tower,Milwaukee Bucks,210.82,USA,Undrafted,Undrafted,Notre Dame,27.0,1996-97
Ken Norman,Atlanta Hawks,203.2,USA,1987,1,Illinois,32.0,1996-97
Kendall Gill,New Jersey Nets,195.58,USA,1990,1,Illinois,29.0,1996-97
Kenny Anderson,Portland Trail Blazers,185.42,USA,1991,1,Georgia Tech,26.0,1996-97
Kenny Smith,Denver Nuggets,190.5,USA,1987,1,North Carolina,32.0,1996-97
Kerry Kittles,New Jersey Nets,195.58,USA,1996,1,Villanova,23.0,1996-97
Kevin Duckworth,Los Angeles Clippers,213.36,USA,1986,2,Eastern Illinois,33.0,1996-97
Kevin Edwards,New Jersey Nets,190.5,USA,1988,1,DePaul,31.0,1996-97
Kevin Gamble,Sacramento Kings,195.58,USA,1987,3,Iowa,31.0,1996-97
Kevin Garnett,Minnesota Timberwolves,210.82,USA,1995,1,,21.0,1996-97
Kevin Johnson,Phoenix Suns,185.42,USA,1987,1,California,31.0,1996-97
Kevin Salvadori,Sacramento Kings,213.36,USA,Undrafted,Undrafted,North Carolina,26.0,1996-97
Kevin Willis,Houston Rockets,213.36,USA,1984,1,Michigan State,34.0,1996-97
Khalid Reeves,Dallas Mavericks,190.5,USA,1994,1,Arizona,24.0,1996-97
Kobe Bryant,Los Angeles Lakers,200.66,USA,1996,1,,18.0,1996-97
Kurt Thomas,Miami Heat,205.74,USA,1995,1,Texas Christian,24.0,1996-97
LaPhonso Ellis,Denver Nuggets,203.2,USA,1992,1,Notre Dame,27.0,1996-97
LaSalle Thompson,Indiana Pacers,208.28,USA,1982,1,Texas,36.0,1996-97
Lamond Murray,Los Angeles Clippers,200.66,USA,1994,1,California,24.0,1996-97
Larry Johnson,New York Knicks,200.66,USA,1991,1,Nevada-Las Vegas,28.0,1996-97
Larry Krystkowiak,Los Angeles Lakers,205.74,USA,1986,2,Montana,32.0,1996-97
Mark Hendrickson,Philadelphia 76ers,205.74,USA,1996,2,Washington State,23.0,1996-97
Mark Jackson,Indiana Pacers,190.5,USA,1987,1,St. John's (NY),32.0,1996-97
Mark Price,Golden State Warriors,182.88,USA,1986,2,Georgia Tech,33.0,1996-97
Mark Strickland,Miami Heat,208.28,USA,Undrafted,Undrafted,Temple,26.0,1996-97
Nick Anderson,Orlando Magic,198.12,USA,1989,1,Illinois,29.0,1996-97
Nick Van Exel,Los Angeles Lakers,185.42,USA,1993,2,Cincinnati,25.0,1996-97
Olden Polynice,Sacramento Kings,213.36,USA,1987,1,Virginia,32.0,1996-97
Oliver Miller,Toronto Raptors,205.74,USA,1992,1,Arkansas,27.0,1996-97
Othella Harrington,Houston Rockets,205.74,USA,1996,2,Georgetown,23.0,1996-97
Otis Thorpe,Detroit Pistons,208.28,USA,1984,1,Providence,34.0,1996-97
P.J. Brown,Miami Heat,210.82,USA,1992,2,Louisiana Tech,27.0,1996-97
Patrick Ewing,New York Knicks,213.36,Jamaica,1985,1,Georgetown,34.0,1996-97
Pervis Ellison,Boston Celtics,205.74,USA,1989,1,Louisville,30.0,1996-97
Pete Chilcutt,Vancouver Grizzlies,208.28,USA,1991,1,North Carolina,28.0,1996-97
Pooh Richardson,Los Angeles Clippers,185.42,USA,1989,1,UCLA,31.0,1996-97
Popeye Jones,Toronto Raptors,203.2,USA,1992,2,Murray State,27.0,1996-97
Priest Lauderdale,Atlanta Hawks,223.52,USA,1996,1,Central State (OH),23.0,1996-97
Rafael Addison,Charlotte Hornets,203.2,USA,1986,2,Syracuse,32.0,1996-97
Randolph Childress,Detroit Pistons,187.96,USA,1995,1,Wake Forest,24.0,1996-97
Randy Brown,Chicago Bulls,187.96,USA,1991,2,New Mexico State,29.0,1996-97
Rasheed Wallace,Portland Trail Blazers,210.82,USA,1995,1,North Carolina,22.0,1996-97
Ray Allen,Milwaukee Bucks,195.58,USA,1996,1,Connecticut,21.0,1996-97
Ray Owes,Golden State Warriors,205.74,USA,Undrafted,Undrafted,Arizona,24.0,1996-97
Reggie Geary,Cleveland Cavaliers,187.96,USA,1996,2,Arizona,23.0,1996-97
Reggie Jordan,Minnesota Timberwolves,193.04,USA,Undrafted,Undrafted,New Mexico State,29.0,1996-97
Nate McMillan,Seattle SuperSonics,195.58,USA,1986,2,North Carolina State,32.0,1996-97
Karl Malone,Utah Jazz,205.74,USA,1985,1,Louisiana Tech,33.0,1996-97
Nate Driggers,Boston Celtics,195.58,USA,Undrafted,Undrafted,Montevallo,23.0,1996-97
Mookie Blaylock,Atlanta Hawks,185.42,USA,1989,1,Oklahoma,30.0,1996-97
Mark West,Cleveland Cavaliers,208.28,USA,1983,2,Old Dominion,36.0,1996-97
Martin Lewis,Toronto Raptors,198.12,USA,1995,2,Seward County Community College,22.0,1996-97
Martin Muursepp,Dallas Mavericks,205.74,USA,1996,1,,22.0,1996-97
Marty Conlon,Boston Celtics,210.82,USA,Undrafted,Undrafted,Providence,29.0,1996-97
Matt Bullard,Houston Rockets,208.28,USA,Undrafted,Undrafted,Iowa,30.0,1996-97
Matt Fish,Miami Heat,210.82,USA,1992,2,North Carolina-Wilmington,27.0,1996-97
Matt Geiger,Charlotte Hornets,215.9,USA,1992,2,Georgia Tech,27.0,1996-97
Matt Maloney,Houston Rockets,190.5,USA,Undrafted,Undrafted,Pennsylvania,25.0,1996-97
Matt Steigenga,Chicago Bulls,200.66,USA,1992,2,Michigan State,27.0,1996-97
Melvin Booker,Golden State Warriors,187.96,USA,Undrafted,Undrafted,Missouri,24.0,1996-97
Michael Cage,Philadelphia 76ers,205.74,USA,1984,1,San Diego State,35.0,1996-97
Michael Curry,Detroit Pistons,195.58,USA,Undrafted,Undrafted,Georgia Southern,28.0,1996-97
Michael Finley,Dallas Mavericks,200.66,USA,1995,1,Wisconsin,24.0,1996-97
Michael Hawkins,Boston Celtics,182.88,USA,Undrafted,Undrafted,Xavier,24.0,1996-97
Michael Jordan,Chicago Bulls,198.12,USA,1984,1,North Carolina,34.0,1996-97
Michael Smith,Sacramento Kings,203.2,USA,1994,2,Providence,25.0,1996-97
Mike Brown,Phoenix Suns,208.28,USA,1985,3,George Washington,33.0,1996-97
Mitch Richmond,Sacramento Kings,195.58,USA,1988,1,Kansas State,32.0,1996-97
Mitchell Butler,Portland Trail Blazers,195.58,USA,Undrafted,Undrafted,UCLA,26.0,1996-97
Monty Williams,San Antonio Spurs,203.2,USA,1994,1,Notre Dame,25.0,1996-97
Moochie Norris,Vancouver Grizzlies,187.96,USA,1996,2,West Florida,23.0,1996-97
Muggsy Bogues,Charlotte Hornets,160.02,USA,1987,1,Wake Forest,32.0,1996-97
Brent Scott,Indiana Pacers,208.28,USA,Undrafted,Undrafted,Rice,26.0,1996-97
Lloyd Daniels,New Jersey Nets,200.66,USA,Undrafted,Undrafted,Mt. San Antonio,29.0,1996-97
Tony Massenburg,New Jersey Nets,205.74,USA,1990,2,Maryland,29.0,1996-97
Antonio McDyess,Denver Nuggets,205.74,USA,1995,1,Alabama,22.0,1996-97
Armen Gilliam,Milwaukee Bucks,205.74,USA,1987,1,Nevada-Las Vegas,33.0,1996-97
Arvydas Sabonis,Portland Trail Blazers,220.98,Lithuania,1986,1,,32.0,1996-97
Ashraf Amaya,Washington Wizards,203.2,USA,Undrafted,Undrafted,Southern Illinois,25.0,1996-97
Avery Johnson,San Antonio Spurs,180.34,USA,Undrafted,Undrafted,Southern,32.0,1996-97
B.J. Armstrong,Golden State Warriors,187.96,USA,1989,1,Iowa,29.0,1996-97
Ben Davis,Phoenix Suns,205.74,USA,1996,2,Arizona,24.0,1996-97
Ben Wallace,Washington Wizards,205.74,USA,Undrafted,Undrafted,Virginia Union,22.0,1996-97
Benoit Benjamin,Toronto Raptors,213.36,USA,1985,1,Creighton,32.0,1996-97
Antonio Lang,Cleveland Cavaliers,203.2,USA,1994,2,Duke,25.0,1996-97
Bill Wennington,Chicago Bulls,213.36,USA,1985,1,St. John's (NY),34.0,1996-97
Bimbo Coles,Golden State Warriors,187.96,USA,1990,2,Virginia Tech,29.0,1996-97
Bison Dele,Chicago Bulls,210.82,USA,1991,1,Arizona,28.0,1996-97
Blue Edwards,Vancouver Grizzlies,193.04,USA,1989,1,East Carolina,31.0,1996-97
Bo Outlaw,Los Angeles Clippers,203.2,USA,Undrafted,Undrafted,Houston,26.0,1996-97
Bob Sura,Cleveland Cavaliers,195.58,USA,1995,1,Florida State,24.0,1996-97
Bobby Hurley,Sacramento Kings,182.88,USA,1993,1,Duke,26.0,1996-97
Bobby Phills,Cleveland Cavaliers,195.58,USA,1991,2,Southern,27.0,1996-97
Brad Lohaus,Toronto Raptors,210.82,USA,1987,2,Iowa,32.0,1996-97
Brent Price,Houston Rockets,185.42,USA,1992,2,Oklahoma,28.0,1996-97
Billy Owens,Sacramento Kings,205.74,USA,1991,1,Syracuse,28.0,1996-97
Antonio Harvey,Seattle SuperSonics,210.82,USA,Undrafted,Undrafted,Pfeiffer,26.0,1996-97
Brent Barry,Los Angeles Clippers,198.12,USA,1995,1,Oregon State,25.0,1996-97
Antoine Walker,Boston Celtics,205.74,USA,1996,1,Kentucky,20.0,1996-97
A.C. Green,Dallas Mavericks,205.74,USA,1985,1,Oregon State,33.0,1996-97
Aaron McKie,Detroit Pistons,195.58,USA,1994,1,Temple,24.0,1996-97
Aaron Williams,Vancouver Grizzlies,205.74,USA,Undrafted,Undrafted,Xavier,25.0,1996-97
Acie Earl,Milwaukee Bucks,210.82,USA,1993,1,Iowa,27.0,1996-97
Adam Keefe,Utah Jazz,205.74,USA,1992,1,Stanford,27.0,1996-97
Adrian Caldwell,Philadelphia 76ers,203.2,USA,Undrafted,Undrafted,Lamar,30.0,1996-97
Antonio Davis,Indiana Pacers,205.74,USA,1990,2,Texas-El Paso,28.0,1996-97
Aleksandar Djordjevic,Portland Trail Blazers,187.96,USA,Undrafted,Undrafted,,29.0,1996-97
Allan Houston,New York Knicks,198.12,USA,1993,1,Tennessee,26.0,1996-97
Allen Iverson,Philadelphia 76ers,182.88,USA,1996,1,Georgetown,22.0,1996-97
Alan Henderson,Atlanta Hawks,205.74,USA,1995,1,Indiana,24.0,1996-97
Alton Lister,Boston Celtics,213.36,USA,1981,1,Arizona State,38.0,1996-97
Antoine Carr,Utah Jazz,205.74,USA,1983,1,Wichita State,35.0,1996-97
Alonzo Mourning,Miami Heat,208.28,USA,1992,1,Georgetown,27.0,1996-97
Anthony Miller,Atlanta Hawks,205.74,USA,1994,2,Michigan State,25.0,1996-97
Anthony Mason,Charlotte Hornets,203.2,USA,1988,3,Tennessee State,30.0,1996-97
Anthony Goldwire,Denver Nuggets,187.96,USA,1994,2,Houston,25.0,1996-97
Anthony Peeler,Vancouver Grizzlies,193.04,USA,1992,1,Missouri,27.0,1996-97
Andrew Lang,Milwaukee Bucks,210.82,USA,1988,2,Arkansas,31.0,1996-97
Andrew DeClercq,Golden State Warriors,208.28,USA,1995,2,Florida,24.0,1996-97
Amal McCaskill,Orlando Magic,210.82,USA,1996,2,Marquette,23.0,1996-97
Anfernee Hardaway,Orlando Magic,200.66,USA,1993,1,Memphis,25.0,1996-97
Nick Van Exel,Los Angeles Lakers,185.42,USA,1993,2,Cincinnati,26.0,1997-98
Nick Anderson,Orlando Magic,198.12,USA,1989,1,Illinois,30.0,1997-98
Nate McMillan,Seattle SuperSonics,195.58,USA,1986,2,North Carolina State,33.0,1997-98
Muggsy Bogues,Golden State Warriors,160.02,USA,1987,1,Wake Forest,33.0,1997-98
Mookie Blaylock,Atlanta Hawks,185.42,USA,1989,1,Oklahoma,31.0,1997-98
Monty Williams,San Antonio Spurs,203.2,USA,1994,1,Notre Dame,26.0,1997-98
Mitchell Butler,Cleveland Cavaliers,195.58,USA,Undrafted,Undrafted,UCLA,27.0,1997-98
Mitch Richmond,Sacramento Kings,195.58,USA,1988,1,Kansas State,33.0,1997-98
Micheal Williams,Minnesota Timberwolves,187.96,USA,1988,2,Baylor,31.0,1997-98
Matt Geiger,Charlotte Hornets,215.9,USA,1992,2,Georgia Tech,28.0,1997-98
Michael Smith,Vancouver Grizzlies,203.2,USA,1994,2,Providence,26.0,1997-98
Michael McDonald,Charlotte Hornets,208.28,USA,1995,2,New Orleans,29.0,1997-98
Michael Jordan,Chicago Bulls,198.12,USA,1984,1,North Carolina,35.0,1997-98
Michael Finley,Dallas Mavericks,200.66,USA,1995,1,Wisconsin,25.0,1997-98
Michael Curry,Milwaukee Bucks,195.58,USA,Undrafted,Undrafted,Georgia Southern,29.0,1997-98
Michael Cage,New Jersey Nets,205.74,USA,1984,1,San Diego State,36.0,1997-98
Maurice Taylor,Los Angeles Clippers,205.74,USA,1997,1,Michigan,21.0,1997-98
Matt Maloney,Houston Rockets,190.5,USA,Undrafted,Undrafted,Pennsylvania,26.0,1997-98
Olden Polynice,Sacramento Kings,213.36,USA,1987,1,Virginia,33.0,1997-98
Matt Bullard,Houston Rockets,208.28,USA,Undrafted,Undrafted,Iowa,31.0,1997-98
Michael Stewart,Sacramento Kings,208.28,USA,Undrafted,Undrafted,California,23.0,1997-98
Oliver Miller,Toronto Raptors,205.74,USA,1992,1,Arkansas,28.0,1997-98
Randy Livingston,Atlanta Hawks,193.04,USA,1996,2,Louisiana State,23.0,1997-98
Otis Thorpe,Sacramento Kings,208.28,USA,1984,1,Providence,35.0,1997-98
Rick Fox,Los Angeles Lakers,200.66,Canada,1991,1,North Carolina,28.0,1997-98
Marty Conlon,Miami Heat,210.82,USA,Undrafted,Undrafted,Providence,30.0,1997-98
Rick Brunson,Portland Trail Blazers,193.04,USA,Undrafted,Undrafted,Temple,26.0,1997-98
Rex Walters,Miami Heat,193.04,USA,1993,1,Kansas,28.0,1997-98
Rex Chapman,Phoenix Suns,193.04,USA,1988,1,Kentucky,30.0,1997-98
Reggie Slater,Toronto Raptors,200.66,USA,Undrafted,Undrafted,Wyoming,27.0,1997-98
Reggie Miller,Indiana Pacers,200.66,USA,1987,1,UCLA,32.0,1997-98
Reggie Jordan,Minnesota Timberwolves,193.04,USA,Undrafted,Undrafted,New Mexico State,30.0,1997-98
Reggie Hanson,Boston Celtics,203.2,USA,1998,Undrafted,Kentucky,29.0,1997-98
Reggie Geary,San Antonio Spurs,187.96,USA,1996,2,Arizona,24.0,1997-98
Ray Allen,Milwaukee Bucks,195.58,USA,1996,1,Connecticut,22.0,1997-98
Rasheed Wallace,Portland Trail Blazers,210.82,USA,1995,1,North Carolina,23.0,1997-98
Randy Brown,Chicago Bulls,187.96,USA,1991,2,New Mexico State,30.0,1997-98
Priest Lauderdale,Denver Nuggets,223.52,USA,1996,1,Central State (OH),24.0,1997-98
Popeye Jones,Toronto Raptors,203.2,USA,1992,2,Murray State,28.0,1997-98
Pooh Richardson,Los Angeles Clippers,185.42,USA,1989,1,UCLA,32.0,1997-98
Pete Myers,New York Knicks,198.12,USA,1986,6,Arkansas-Little Rock,34.0,1997-98
Pete Chilcutt,Vancouver Grizzlies,208.28,USA,1991,1,North Carolina,29.0,1997-98
Pervis Ellison,Boston Celtics,205.74,USA,1989,1,Louisville,31.0,1997-98
Patrick Ewing,New York Knicks,213.36,Jamaica,1985,1,Georgetown,35.0,1997-98
P.J. Brown,Miami Heat,210.82,USA,1992,2,Louisiana Tech,28.0,1997-98
Othella Harrington,Houston Rockets,205.74,USA,1996,2,Georgetown,24.0,1997-98
Martin Muursepp,Dallas Mavericks,205.74,USA,1996,1,,23.0,1997-98
Lee Mayberry,Vancouver Grizzlies,185.42,USA,1992,1,Arkansas,28.0,1997-98
Mark West,Indiana Pacers,208.28,USA,1983,2,Old Dominion,37.0,1997-98
Latrell Sprewell,Golden State Warriors,195.58,USA,1992,1,Alabama,27.0,1997-98
Larry Robinson,Vancouver Grizzlies,190.5,USA,Undrafted,Undrafted,Centenary (LA),30.0,1997-98
Larry Johnson,New York Knicks,200.66,USA,1991,1,Nevada-Las Vegas,29.0,1997-98
Lamond Murray,Los Angeles Clippers,200.66,USA,1994,1,California,25.0,1997-98
LaPhonso Ellis,Denver Nuggets,203.2,USA,1992,1,Notre Dame,28.0,1997-98
Kurt Thomas,Dallas Mavericks,205.74,USA,1995,1,Texas Christian,25.0,1997-98
Kobe Bryant,Los Angeles Lakers,200.66,USA,1996,1,,19.0,1997-98
Kiwane Garris,Denver Nuggets,187.96,USA,Undrafted,Undrafted,Illinois,23.0,1997-98
Khalid Reeves,Dallas Mavericks,190.5,USA,1994,1,Arizona,25.0,1997-98
Kevin Willis,Houston Rockets,213.36,USA,1984,1,Michigan State,35.0,1997-98
Kevin Salvadori,Sacramento Kings,213.36,USA,Undrafted,Undrafted,North Carolina,27.0,1997-98
Kevin Ollie,Orlando Magic,193.04,USA,Undrafted,Undrafted,Connecticut,25.0,1997-98
Kevin Johnson,Phoenix Suns,185.42,USA,1987,1,California,32.0,1997-98
Kevin Garnett,Minnesota Timberwolves,210.82,USA,1995,1,,22.0,1997-98
Kevin Edwards,Orlando Magic,190.5,USA,1988,1,DePaul,32.0,1997-98
Kerry Kittles,New Jersey Nets,195.58,USA,1996,1,Villanova,24.0,1997-98
Kenny Anderson,Boston Celtics,185.42,USA,1991,1,Georgia Tech,27.0,1997-98
Kendall Gill,New Jersey Nets,195.58,USA,1990,1,Illinois,30.0,1997-98
Kelvin Cato,Portland Trail Blazers,210.82,USA,1997,1,Iowa State,23.0,1997-98
Keith Van Horn,New Jersey Nets,208.28,USA,1997,1,Utah,22.0,1997-98
Keith Closs,Los Angeles Clippers,220.98,USA,Undrafted,Undrafted,Central Connecticut State,22.0,1997-98
Lawrence Funderburke,Sacramento Kings,205.74,USA,1994,2,Ohio State,27.0,1997-98
Marko Milic,Phoenix Suns,198.12,Slovenia,1997,2,,21.0,1997-98
Lawrence Moten,Washington Wizards,195.58,USA,1995,2,Syracuse,26.0,1997-98
Rick Mahorn,Detroit Pistons,208.28,USA,1980,2,Hampton,39.0,1997-98
Mark Strickland,Miami Heat,208.28,USA,Undrafted,Undrafted,Temple,27.0,1997-98
Mark Price,Orlando Magic,182.88,USA,1986,2,Georgia Tech,34.0,1997-98
Mark Pope,Indiana Pacers,208.28,USA,1996,2,Kentucky,25.0,1997-98
Mark Jackson,Indiana Pacers,190.5,USA,1987,1,St. John's (NY),33.0,1997-98
Mark Hendrickson,Sacramento Kings,205.74,USA,1996,2,Washington State,24.0,1997-98
Mark Davis,Philadelphia 76ers,200.66,USA,1995,2,Texas Tech,25.0,1997-98
Mark Bryant,Phoenix Suns,205.74,USA,1988,1,Seton Hall,33.0,1997-98
Mario Elie,Houston Rockets,195.58,USA,1985,7,American International,34.0,1997-98
Mario Bennett,Los Angeles Lakers,205.74,USA,1995,1,Arizona State,24.0,1997-98
Marcus Camby,Toronto Raptors,210.82,USA,1996,1,Massachusetts,24.0,1997-98
Malik Sealy,Detroit Pistons,203.2,USA,1992,1,St. John's (NY),28.0,1997-98
Malik Rose,San Antonio Spurs,200.66,USA,1996,2,Drexel,23.0,1997-98
Mahmoud Abdul-Rauf,Sacramento Kings,185.42,USA,1990,1,Louisiana State,29.0,1997-98
Lucious Harris,New Jersey Nets,195.58,USA,1993,2,Long Beach State,27.0,1997-98
Luc Longley,Chicago Bulls,218.44,USA,1991,1,New Mexico,29.0,1997-98
Loy Vaught,Los Angeles Clippers,205.74,USA,1990,1,Michigan,30.0,1997-98
Lorenzo Williams,Washington Wizards,205.74,USA,Undrafted,Undrafted,Stetson,28.0,1997-98
Lorenzen Wright,Los Angeles Clippers,210.82,USA,1996,1,Memphis,22.0,1997-98
Lloyd Daniels,Toronto Raptors,200.66,USA,Undrafted,Undrafted,Mt. San Antonio,30.0,1997-98
Litterial Green,Milwaukee Bucks,185.42,USA,1992,2,Georgia,28.0,1997-98
Lindsey Hunter,Detroit Pistons,187.96,USA,1993,1,Jackson State,27.0,1997-98
Ledell Eackles,Washington Wizards,195.58,USA,1988,2,New Orleans,31.0,1997-98
Ricky Pierce,Milwaukee Bucks,193.04,USA,1982,1,Rice,38.0,1997-98
Sean Higgins,Portland Trail Blazers,205.74,USA,1990,2,Michigan,29.0,1997-98
Robert Horry,Los Angeles Lakers,208.28,USA,1992,1,Alabama,27.0,1997-98
Tracy Murray,Washington Wizards,200.66,USA,1992,1,UCLA,26.0,1997-98
Tracy McGrady,Toronto Raptors,203.2,USA,1997,1,,19.0,1997-98
Tony Smith,Milwaukee Bucks,190.5,USA,1990,2,Marquette,30.0,1997-98
Tony Massenburg,Vancouver Grizzlies,205.74,USA,1990,2,Maryland,30.0,1997-98
Tony Farmer,Charlotte Hornets,205.74,USA,Undrafted,Undrafted,Nebraska,28.0,1997-98
Tony Dumas,Cleveland Cavaliers,198.12,USA,1994,1,Missouri-Kansas City,25.0,1997-98
Tony Delk,Golden State Warriors,187.96,USA,1996,1,Kentucky,24.0,1997-98
Tony Battie,Denver Nuggets,210.82,USA,1997,1,Texas Tech,22.0,1997-98
Toni Kukoc,Chicago Bulls,210.82,Croatia,1990,2,,29.0,1997-98
Travis Best,Indiana Pacers,180.34,USA,1995,1,Georgia Tech,25.0,1997-98
Tom Hammonds,Minnesota Timberwolves,205.74,USA,1989,1,Georgia Tech,31.0,1997-98
Tom Chambers,Philadelphia 76ers,208.28,USA,1981,1,Utah,39.0,1997-98
Todd Fuller,Golden State Warriors,210.82,USA,1996,1,North Carolina State,23.0,1997-98
Todd Day,Miami Heat,198.12,USA,1992,1,Arkansas,28.0,1997-98
Tim Thomas,Philadelphia 76ers,208.28,USA,1997,1,Villanova,21.0,1997-98
Tim Legler,Washington Wizards,193.04,USA,Undrafted,Undrafted,La Salle,31.0,1997-98
Tim Kempton,Toronto Raptors,208.28,USA,1986,6,Notre Dame,34.0,1997-98
Tim Hardaway,Miami Heat,182.88,USA,1989,1,Texas-El Paso,31.0,1997-98
Tim Duncan,San Antonio Spurs,213.36,US Virgin Islands,1997,1,Wake Forest,22.0,1997-98
Tim Breaux,Milwaukee Bucks,200.66,USA,Undrafted,Undrafted,Wyoming,27.0,1997-98
Tom Gugliotta,Minnesota Timberwolves,208.28,USA,1992,1,North Carolina State,28.0,1997-98
Travis Knight,Boston Celtics,213.36,USA,1996,1,Connecticut,23.0,1997-98
Travis Williams,Charlotte Hornets,200.66,USA,Undrafted,Undrafted,South Carolina State,29.0,1997-98
Troy Hudson,Utah Jazz,185.42,USA,Undrafted,Undrafted,Southern Illinois,22.0,1997-98
Chuck Person,San Antonio Spurs,203.2,USA,1986,1,Auburn,34.0,1997-98
Zydrunas Ilgauskas,Cleveland Cavaliers,220.98,Lithuania,1996,1,,23.0,1997-98
Zan Tabak,Boston Celtics,213.36,USA,1991,2,,28.0,1997-98
Yinka Dare,New Jersey Nets,213.36,USA,1994,1,George Washington,25.0,1997-98
Xavier McDaniel,New Jersey Nets,200.66,USA,1985,1,Wichita State,35.0,1997-98
Willie Burton,San Antonio Spurs,203.2,USA,1990,1,Minnesota,30.0,1997-98
William Cunningham,Philadelphia 76ers,210.82,USA,Undrafted,Undrafted,Temple,24.0,1997-98
Will Perdue,San Antonio Spurs,213.36,USA,1988,1,Vanderbilt,32.0,1997-98
Wesley Person,Cleveland Cavaliers,198.12,USA,1994,1,Auburn,27.0,1997-98
Walter McCarty,Boston Celtics,208.28,USA,1996,1,Kentucky,24.0,1997-98
Walt Williams,Portland Trail Blazers,203.2,USA,1992,1,Maryland,28.0,1997-98
Voshon Lenard,Miami Heat,193.04,USA,1994,2,Minnesota,25.0,1997-98
Vlade Divac,Charlotte Hornets,215.9,Serbia and Montenegro,1989,1,,30.0,1997-98
Vitaly Potapenko,Cleveland Cavaliers,208.28,Ukraine,1996,1,Wright State,23.0,1997-98
Vinny Del Negro,San Antonio Spurs,193.04,USA,1988,2,North Carolina State,31.0,1997-98
Vincent Askew,Portland Trail Blazers,198.12,USA,1987,2,Memphis,32.0,1997-98
Vin Baker,Seattle SuperSonics,210.82,USA,1993,1,Hartford,26.0,1997-98
Vernon Maxwell,Charlotte Hornets,193.04,USA,1988,2,Florida,32.0,1997-98
Tyus Edney,Boston Celtics,177.8,USA,1995,2,UCLA,25.0,1997-98
Tyrone Hill,Milwaukee Bucks,205.74,USA,1990,1,Xavier,30.0,1997-98
Tyrone Corbin,Atlanta Hawks,198.12,USA,1985,2,DePaul,35.0,1997-98
Theo Ratliff,Philadelphia 76ers,208.28,USA,1995,1,Wyoming,25.0,1997-98
Terry Porter,Minnesota Timberwolves,190.5,USA,1985,1,Wisconsin-Stevens Point,35.0,1997-98
Terry Mills,Miami Heat,208.28,USA,1990,1,Michigan,30.0,1997-98
Terry Dehere,Sacramento Kings,193.04,USA,1993,1,Seton Hall,26.0,1997-98
Keith Booth,Chicago Bulls,198.12,USA,1997,1,Maryland,23.0,1997-98
Sean Elliott,San Antonio Spurs,203.2,USA,1989,1,Arizona,30.0,1997-98
Scottie Pippen,Chicago Bulls,200.66,USA,1987,1,Central Arkansas,32.0,1997-98
Scott Williams,Philadelphia 76ers,208.28,USA,Undrafted,Undrafted,North Carolina,30.0,1997-98
Scott Burrell,Chicago Bulls,200.66,USA,1993,1,Connecticut,27.0,1997-98
Scott Brooks,Cleveland Cavaliers,180.34,USA,Undrafted,Undrafted,California-Irvine,32.0,1997-98
Scot Pollard,Detroit Pistons,210.82,USA,1997,1,Kansas,23.0,1997-98
Samaki Walker,Dallas Mavericks,205.74,USA,1996,1,Louisville,22.0,1997-98
Sam Perkins,Seattle SuperSonics,205.74,USA,1984,1,North Carolina,37.0,1997-98
Sam Mitchell,Minnesota Timberwolves,200.66,USA,1985,3,Mercer,34.0,1997-98
Sam Mack,Vancouver Grizzlies,200.66,USA,Undrafted,Undrafted,Houston,28.0,1997-98
Sam Cassell,New Jersey Nets,190.5,USA,1993,1,Florida State,28.0,1997-98
Rusty LaRue,Chicago Bulls,190.5,USA,Undrafted,Undrafted,Wake Forest,24.0,1997-98
Roy Rogers,Toronto Raptors,208.28,USA,1996,1,Alabama,24.0,1997-98
Rony Seikaly,New Jersey Nets,210.82,USA,1988,1,Syracuse,33.0,1997-98
Ron Mercer,Boston Celtics,200.66,USA,1997,1,Kentucky,22.0,1997-98
Ron Harper,Chicago Bulls,198.12,USA,1986,1,Miami (OH),34.0,1997-98
Rodrick Rhodes,Houston Rockets,198.12,USA,1997,1,Southern California,24.0,1997-98
Rodney Rogers,Los Angeles Clippers,200.66,USA,1993,1,Wake Forest,27.0,1997-98
Rod Strickland,Washington Wizards,190.5,USA,1988,1,DePaul,31.0,1997-98
Robert Pack,Dallas Mavericks,187.96,USA,Undrafted,Undrafted,Southern California,29.0,1997-98
Sean Rooks,Los Angeles Lakers,208.28,USA,1992,2,Arizona,28.0,1997-98
Rik Smits,Indiana Pacers,223.52,USA,1988,1,Marist,31.0,1997-98
Shandon Anderson,Utah Jazz,198.12,USA,1996,2,Georgia,24.0,1997-98
Shareef Abdur-Rahim,Vancouver Grizzlies,205.74,USA,1996,1,California,21.0,1997-98
Terry Davis,Washington Wizards,208.28,USA,Undrafted,Undrafted,Virginia Union,31.0,1997-98
Terry Cummings,New York Knicks,205.74,USA,1982,1,DePaul,37.0,1997-98
Terrell Brandon,Milwaukee Bucks,180.34,USA,1991,1,Oregon,28.0,1997-98
Tariq Abdul-Wahad,Sacramento Kings,198.12,France,1997,1,San Jose State,23.0,1997-98
Stojko Vrankovic,Los Angeles Clippers,218.44,USA,Undrafted,Undrafted,,34.0,1997-98
Steven Smith,Atlanta Hawks,203.2,USA,1991,1,Michigan State,29.0,1997-98
Steve Nash,Phoenix Suns,190.5,Canada,1996,1,Santa Clara,24.0,1997-98
Steve Kerr,Chicago Bulls,190.5,USA,1988,2,Arizona,32.0,1997-98
Steve Henson,Detroit Pistons,185.42,USA,1990,2,Kansas State,30.0,1997-98
Stephon Marbury,Minnesota Timberwolves,187.96,USA,1996,1,Georgia Tech,21.0,1997-98
Stephen Howard,Seattle SuperSonics,205.74,USA,Undrafted,Undrafted,DePaul,27.0,1997-98
Stanley Roberts,Minnesota Timberwolves,213.36,USA,1991,1,Louisiana State,28.0,1997-98
Stacey Augmon,Portland Trail Blazers,203.2,USA,1991,1,Nevada-Las Vegas,29.0,1997-98
Spud Webb,Orlando Magic,167.64,USA,1985,4,North Carolina State,34.0,1997-98
Sherman Douglas,New Jersey Nets,185.42,USA,1989,2,Syracuse,31.0,1997-98
Shea Seals,Los Angeles Lakers,195.58,USA,Undrafted,Undrafted,Tulsa,22.0,1997-98
Shawnelle Scott,Cleveland Cavaliers,210.82,USA,1994,2,St. John's (NY),26.0,1997-98
Shawn Respert,Dallas Mavericks,187.96,USA,1995,1,Michigan State,26.0,1997-98
Shawn Kemp,Cleveland Cavaliers,208.28,USA,1989,1,Trinity Valley Community College,28.0,1997-98
Shawn Bradley,Dallas Mavericks,228.6,USA,1993,1,Brigham Young,26.0,1997-98
Sharone Wright,Toronto Raptors,210.82,USA,1994,1,Clemson,25.0,1997-98
Shaquille O'Neal,Los Angeles Lakers,215.9,USA,1992,1,Louisiana State,26.0,1997-98
Keith Askins,Miami Heat,203.2,USA,Undrafted,Undrafted,Alabama,30.0,1997-98
Christian Laettner,Atlanta Hawks,210.82,USA,1992,1,Duke,28.0,1997-98
Karl Malone,Utah Jazz,205.74,USA,1985,1,Louisiana Tech,34.0,1997-98
Adam Keefe,Utah Jazz,205.74,USA,1992,1,Stanford,28.0,1997-98
Adonal Foyle,Golden State Warriors,208.28,St. Vincent & Grenadines,1997,1,Colgate,23.0,1997-98
Adrian Caldwell,Dallas Mavericks,203.2,USA,Undrafted,Undrafted,Lamar,31.0,1997-98
Alan Henderson,Atlanta Hawks,205.74,USA,1995,1,Indiana,25.0,1997-98
Allan Houston,New York Knicks,198.12,USA,1993,1,Tennessee,27.0,1997-98
Allen Iverson,Philadelphia 76ers,182.88,USA,1996,1,Georgetown,23.0,1997-98
Alonzo Mourning,Miami Heat,208.28,USA,1992,1,Georgetown,28.0,1997-98
Alton Lister,Portland Trail Blazers,213.36,USA,1981,1,Arizona State,39.0,1997-98
Alvin Williams,Toronto Raptors,195.58,USA,1997,2,Villanova,23.0,1997-98
Andrew DeClercq,Boston Celtics,208.28,USA,1995,2,Florida,25.0,1997-98
Andrew Lang,Milwaukee Bucks,210.82,USA,1988,2,Arkansas,32.0,1997-98
Anfernee Hardaway,Orlando Magic,200.66,USA,1993,1,Memphis,26.0,1997-98
Aaron Williams,Seattle SuperSonics,205.74,USA,Undrafted,Undrafted,Xavier,26.0,1997-98
Anthony Bowie,New York Knicks,198.12,USA,1986,3,Oklahoma,34.0,1997-98
Anthony Johnson,Sacramento Kings,190.5,USA,1997,2,College of Charleston,23.0,1997-98
Anthony Mason,Charlotte Hornets,203.2,USA,1988,3,Tennessee State,31.0,1997-98
Anthony Miller,Atlanta Hawks,205.74,USA,1994,2,Michigan State,26.0,1997-98
Anthony Parker,Philadelphia 76ers,198.12,USA,1997,1,Bradley,23.0,1997-98
Anthony Peeler,Minnesota Timberwolves,193.04,USA,1992,1,Missouri,28.0,1997-98
Antoine Carr,Utah Jazz,205.74,USA,1983,1,Wichita State,36.0,1997-98
Antoine Walker,Boston Celtics,205.74,USA,1996,1,Kentucky,21.0,1997-98
Antonio Daniels,Vancouver Grizzlies,193.04,USA,1997,1,Bowling Green,23.0,1997-98
Antonio Davis,Indiana Pacers,205.74,USA,1990,2,Texas-El Paso,29.0,1997-98
Antonio Lang,Miami Heat,203.2,USA,1994,2,Duke,26.0,1997-98
Antonio McDyess,Phoenix Suns,205.74,USA,1995,1,Alabama,23.0,1997-98
Armen Gilliam,Milwaukee Bucks,205.74,USA,1987,1,Nevada-Las Vegas,34.0,1997-98
Anthony Goldwire,Denver Nuggets,187.96,USA,1994,2,Houston,26.0,1997-98
Aaron McKie,Philadelphia 76ers,195.58,USA,1994,1,Temple,25.0,1997-98
A.C. Green,Dallas Mavericks,205.74,USA,1985,1,Oregon State,34.0,1997-98
Chucky Brown,Atlanta Hawks,203.2,USA,1989,2,North Carolina State,30.0,1997-98
DeJuan Wheat,Minnesota Timberwolves,182.88,USA,1997,2,Louisville,24.0,1997-98
David Wingate,Seattle SuperSonics,195.58,USA,1986,2,Georgetown,34.0,1997-98
David Wesley,Charlotte Hornets,185.42,USA,Undrafted,Undrafted,Baylor,27.0,1997-98
David Vaughn,New Jersey Nets,205.74,USA,1995,1,Memphis,25.0,1997-98
David Robinson,San Antonio Spurs,215.9,USA,1987,1,Navy,32.0,1997-98
David Benoit,Orlando Magic,203.2,USA,Undrafted,Undrafted,Alabama,30.0,1997-98
Darvin Ham,Washington Wizards,200.66,USA,Undrafted,Undrafted,Texas Tech,24.0,1997-98
Darrick Martin,Los Angeles Clippers,180.34,USA,Undrafted,Undrafted,UCLA,27.0,1997-98
Darrell Armstrong,Orlando Magic,185.42,USA,Undrafted,Undrafted,Fayetteville State,30.0,1997-98
Danny Manning,Phoenix Suns,208.28,USA,1988,1,Kansas,32.0,1997-98
Danny Fortson,Denver Nuggets,200.66,USA,1997,1,Cincinnati,22.0,1997-98
Danny Ferry,Cleveland Cavaliers,208.28,USA,1989,1,Duke,31.0,1997-98
Dana Barros,Boston Celtics,180.34,USA,1989,1,Boston College,31.0,1997-98
Dan Schayes,Orlando Magic,210.82,USA,1981,1,Syracuse,39.0,1997-98
Chris Whitney,Washington Wizards,182.88,USA,1993,2,Clemson,26.0,1997-98
Dan Majerle,Miami Heat,198.12,USA,1988,1,Central Michigan,32.0,1997-98
Damon Stoudamire,Portland Trail Blazers,177.8,USA,1995,1,Arizona,24.0,1997-98
Dale Ellis,Seattle SuperSonics,200.66,USA,1983,1,Tennessee,37.0,1997-98
Dale Davis,Indiana Pacers,210.82,USA,1991,1,Clemson,29.0,1997-98
Cory Alexander,Denver Nuggets,185.42,USA,1995,1,Virginia,25.0,1997-98
Corliss Williamson,Sacramento Kings,200.66,USA,1995,1,Arkansas,24.0,1997-98
Corie Blount,Los Angeles Lakers,208.28,USA,1993,1,Cincinnati,29.0,1997-98
Corey Beck,Charlotte Hornets,190.5,USA,Undrafted,Undrafted,Arkansas,27.0,1997-98
Clyde Drexler,Houston Rockets,200.66,USA,1983,1,Houston,36.0,1997-98
Clifford Rozier,Minnesota Timberwolves,210.82,USA,1994,1,Louisville,25.0,1997-98
Clifford Robinson,Phoenix Suns,208.28,USA,1989,2,Connecticut,31.0,1997-98
Clar. Weatherspoon,Golden State Warriors,200.66,USA,1992,1,Southern Mississippi,27.0,1997-98
Arvydas Sabonis,Portland Trail Blazers,220.98,Lithuania,1986,1,,33.0,1997-98
Dean Garrett,Denver Nuggets,210.82,USA,1988,2,Indiana,31.0,1997-98
Austin Croshere,Indiana Pacers,205.74,USA,1997,1,Providence,23.0,1997-98
B.J. Armstrong,Charlotte Hornets,187.96,USA,1989,1,Iowa,30.0,1997-98
Chauncey Billups,Toronto Raptors,190.5,USA,1997,1,Colorado,21.0,1997-98
Charlie Ward,New York Knicks,187.96,USA,1994,1,Florida State,27.0,1997-98
Charles Smith,Los Angeles Clippers,193.04,USA,1997,1,New Mexico,22.0,1997-98
Charles Oakley,New York Knicks,205.74,USA,1985,1,Virginia Union,34.0,1997-98
Charles O'Bannon,Detroit Pistons,195.58,USA,1997,2,UCLA,23.0,1997-98
Charles Barkley,Houston Rockets,198.12,USA,1984,1,Auburn,35.0,1997-98
Cedric Henderson,Cleveland Cavaliers,200.66,USA,1997,2,Memphis,23.0,1997-98
Cedric Ceballos,Dallas Mavericks,200.66,USA,1990,2,Cal State-Fullerton,28.0,1997-98
Carlos Rogers,Portland Trail Blazers,210.82,USA,1994,1,Tennessee State,27.0,1997-98
Carl Thomas,Cleveland Cavaliers,193.04,USA,Undrafted,Undrafted,Eastern Michigan,28.0,1997-98
Carl Herrera,San Antonio Spurs,205.74,USA,1990,2,Houston,31.0,1997-98
Calbert Cheaney,Washington Wizards,200.66,USA,1993,1,Indiana,26.0,1997-98
Cherokee Parks,Minnesota Timberwolves,210.82,USA,1995,1,Duke,25.0,1997-98
Buck Williams,New York Knicks,203.2,USA,1981,1,Maryland,38.0,1997-98
Bryon Russell,Utah Jazz,200.66,USA,1993,2,Long Beach State,27.0,1997-98
Bryant Stith,Denver Nuggets,195.58,USA,1992,1,Virginia,27.0,1997-98
Bryant Reeves,Vancouver Grizzlies,213.36,USA,1995,1,Oklahoma State,25.0,1997-98
Bruce Bowen,Boston Celtics,200.66,USA,Undrafted,Undrafted,Cal State-Fullerton,27.0,1997-98
Brooks Thompson,New York Knicks,193.04,USA,1994,1,Oklahoma State,27.0,1997-98
Brian Shaw,Philadelphia 76ers,198.12,USA,1988,1,California-Santa Barbara,32.0,1997-98
Brian Oliver,Atlanta Hawks,193.04,USA,1990,2,Georgia Tech,30.0,1997-98
Brian Grant,Portland Trail Blazers,205.74,USA,1994,1,Xavier,26.0,1997-98
Brian Evans,New Jersey Nets,203.2,USA,1996,1,Indiana,24.0,1997-98
Brevin Knight,Cleveland Cavaliers,177.8,USA,1997,1,Stanford,22.0,1997-98
Brent Price,Houston Rockets,185.42,USA,1992,2,Oklahoma,29.0,1997-98
Kebu Stewart,Philadelphia 76ers,203.2,USA,1997,2,Cal State-Bakersfield,24.0,1997-98
Bubba Wells,Dallas Mavericks,195.58,USA,1997,2,Austin Peay,23.0,1997-98
Chris Anstey,Dallas Mavericks,213.36,USA,1997,1,,23.0,1997-98
Chris Carr,Minnesota Timberwolves,198.12,USA,1995,2,Southern Illinois,24.0,1997-98
Chris Childs,New York Knicks,190.5,USA,Undrafted,Undrafted,Boise State,30.0,1997-98
Ben Davis,New York Knicks,205.74,USA,1996,2,Arizona,25.0,1997-98
Ben Wallace,Washington Wizards,205.74,USA,Undrafted,Undrafted,Virginia Union,23.0,1997-98
Benoit Benjamin,Philadelphia 76ers,213.36,USA,1985,1,Creighton,33.0,1997-98
Bill Curley,Minnesota Timberwolves,205.74,USA,1994,1,Boston College,26.0,1997-98
Bill Wennington,Chicago Bulls,213.36,USA,1985,1,St. John's (NY),35.0,1997-98
Billy Owens,Sacramento Kings,205.74,USA,1991,1,Syracuse,29.0,1997-98
Bimbo Coles,Golden State Warriors,187.96,USA,1990,2,Virginia Tech,30.0,1997-98
Bison Dele,Detroit Pistons,210.82,USA,1991,1,Arizona,29.0,1997-98
Blue Edwards,Vancouver Grizzlies,193.04,USA,1989,1,East Carolina,32.0,1997-98
Bo Outlaw,Orlando Magic,203.2,USA,Undrafted,Undrafted,Houston,27.0,1997-98
Bob McCann,Toronto Raptors,198.12,USA,1987,2,Morehead State,34.0,1997-98
Bob Sura,Cleveland Cavaliers,195.58,USA,1995,1,Florida State,25.0,1997-98
Bobby Hurley,Vancouver Grizzlies,182.88,USA,1993,1,Duke,27.0,1997-98
Bobby Jackson,Denver Nuggets,185.42,USA,1997,1,Minnesota,25.0,1997-98
Bobby Phills,Charlotte Hornets,195.58,USA,1991,2,Southern,28.0,1997-98
Brad Lohaus,San Antonio Spurs,210.82,USA,1987,2,Iowa,33.0,1997-98
Brandon Williams,Golden State Warriors,198.12,USA,Undrafted,Undrafted,Davidson,23.0,1997-98
Brent Barry,Miami Heat,198.12,USA,1995,1,Oregon State,26.0,1997-98
Chris Webber,Washington Wizards,208.28,USA,1993,1,Michigan,25.0,1997-98
Chris Robinson,Sacramento Kings,195.58,USA,1996,2,Western Kentucky,24.0,1997-98
Chris Mullin,Indiana Pacers,200.66,USA,1985,1,St. John's (NY),34.0,1997-98
Chris Morris,Utah Jazz,203.2,USA,1988,1,Auburn,32.0,1997-98
Chris Mills,New York Knicks,200.66,USA,1993,1,Arizona,28.0,1997-98
Chris Gatling,New Jersey Nets,208.28,USA,1991,1,Old Dominion,30.0,1997-98
Chris Garner,Toronto Raptors,177.8,USA,Undrafted,Undrafted,Memphis,23.0,1997-98
Chris Dudley,New York Knicks,210.82,USA,1987,4,Yale,33.0,1997-98
Chris Crawford,Atlanta Hawks,205.74,USA,1997,2,Marquette,23.0,1997-98
Avery Johnson,San Antonio Spurs,180.34,USA,Undrafted,Undrafted,Southern,33.0,1997-98
Dee Brown,Toronto Raptors,187.96,USA,1990,1,Jacksonville,29.0,1997-98
Charles Jones,Houston Rockets,205.74,USA,1979,8,Albany State (GA),41.0,1997-98
Dennis Rodman,Chicago Bulls,198.12,USA,1986,2,Southeastern Oklahoma State,37.0,1997-98
Jamie Feick,Milwaukee Bucks,203.2,USA,1996,2,Michigan State,23.0,1997-98
James Robinson,Los Angeles Clippers,187.96,USA,1993,1,Alabama,27.0,1997-98
James Cotton,Seattle SuperSonics,195.58,USA,1997,2,Long Beach State,22.0,1997-98
James Collins,Los Angeles Clippers,193.04,USA,1997,2,Florida State,24.0,1997-98
Jamal Mashburn,Miami Heat,203.2,USA,1993,1,Kentucky,25.0,1997-98
Jalen Rose,Indiana Pacers,203.2,USA,1994,1,Michigan,25.0,1997-98
Jacque Vaughn,Utah Jazz,185.42,USA,1997,1,Kansas,23.0,1997-98
Jack Haley,New Jersey Nets,208.28,USA,1987,4,UCLA,34.0,1997-98
J.R. Reid,Charlotte Hornets,208.28,USA,1989,1,North Carolina,30.0,1997-98
Ivano Newbill,Vancouver Grizzlies,208.28,USA,1994,Undrafted,Georgia Tech,27.0,1997-98
Isaiah Rider,Portland Trail Blazers,195.58,USA,1993,1,Nevada-Las Vegas,27.0,1997-98
Ike Austin,Los Angeles Clippers,208.28,USA,1991,2,Arizona State,28.0,1997-98
Jaren Jackson,San Antonio Spurs,198.12,USA,Undrafted,Undrafted,Georgetown,30.0,1997-98
Hubert Davis,Dallas Mavericks,195.58,USA,1992,1,North Carolina,28.0,1997-98
Hot Rod Williams,Phoenix Suns,210.82,USA,1985,2,Tulane,35.0,1997-98
Horacio Llamas,Phoenix Suns,210.82,USA,Undrafted,Undrafted,Grand Canyon,24.0,1997-98
Horace Grant,Orlando Magic,208.28,USA,1987,1,Clemson,32.0,1997-98
Hersey Hawkins,Seattle SuperSonics,190.5,USA,1988,1,Bradley,31.0,1997-98
Herb Williams,New York Knicks,208.28,USA,1981,1,Ohio State,40.0,1997-98
Henry James,Cleveland Cavaliers,203.2,USA,Undrafted,Undrafted,St. Mary's (TX),32.0,1997-98
Harvey Grant,Washington Wizards,205.74,USA,1988,1,Oklahoma,32.0,1997-98
Harold Ellis,Denver Nuggets,195.58,USA,Undrafted,Undrafted,Morehouse,27.0,1997-98
Hakeem Olajuwon,Houston Rockets,213.36,Nigeria,1984,1,Houston,35.0,1997-98
Greg Ostertag,Utah Jazz,218.44,USA,1995,1,Kansas,25.0,1997-98
Greg Minor,Boston Celtics,198.12,USA,1994,1,Louisville,26.0,1997-98
Greg Graham,Cleveland Cavaliers,193.04,USA,1993,1,Indiana,27.0,1997-98
Howard Eisley,Utah Jazz,187.96,USA,1994,2,Boston College,25.0,1997-98
Jason Caffey,Golden State Warriors,203.2,USA,1995,1,Alabama,25.0,1997-98
Jason Kidd,Phoenix Suns,193.04,USA,1994,1,California,25.0,1997-98
Jason Lawson,Orlando Magic,210.82,USA,1997,2,Villanova,23.0,1997-98
Juwan Howard,Washington Wizards,205.74,USA,1994,1,Michigan,25.0,1997-98
Dell Curry,Charlotte Hornets,195.58,USA,1986,1,Virginia Tech,34.0,1997-98
Jud Buechler,Chicago Bulls,198.12,USA,1990,2,Arizona,30.0,1997-98
Jon Barry,Los Angeles Lakers,195.58,USA,1992,1,Georgia Tech,28.0,1997-98
Johnny Taylor,Orlando Magic,205.74,USA,1997,1,Tennessee-Chattanooga,24.0,1997-98
Johnny Newman,Denver Nuggets,200.66,USA,1986,2,Richmond,34.0,1997-98
John Wallace,Toronto Raptors,205.74,USA,1996,1,Syracuse,24.0,1997-98
John Thomas,Toronto Raptors,205.74,USA,1997,1,Minnesota,22.0,1997-98
John Stockton,Utah Jazz,185.42,USA,1984,1,Gonzaga,36.0,1997-98
John Starks,New York Knicks,195.58,USA,Undrafted,Undrafted,Oklahoma State,32.0,1997-98
John Crotty,Portland Trail Blazers,185.42,USA,Undrafted,Undrafted,Virginia,28.0,1997-98
Joe Wolf,Denver Nuggets,210.82,USA,1987,1,North Carolina,33.0,1997-98
Joe Smith,Philadelphia 76ers,208.28,USA,1995,1,Maryland,22.0,1997-98
Joe Kleine,Chicago Bulls,210.82,USA,1985,1,Arkansas,36.0,1997-98
Joe Dumars,Detroit Pistons,190.5,USA,1985,1,McNeese State,35.0,1997-98
Jimmy Oliver,Washington Wizards,195.58,USA,1991,2,Purdue,28.0,1997-98
Jim McIlvaine,Seattle SuperSonics,215.9,USA,1994,2,Marquette,25.0,1997-98
Jim Jackson,Golden State Warriors,198.12,USA,1992,1,Ohio State,27.0,1997-98
Jerry Stackhouse,Detroit Pistons,198.12,USA,1995,1,North Carolina,23.0,1997-98
Jerome Williams,Detroit Pistons,205.74,USA,1996,1,Georgetown,25.0,1997-98
Jerome Kersey,Seattle SuperSonics,200.66,USA,1984,2,Longwood,36.0,1997-98
Jermaine O'Neal,Portland Trail Blazers,210.82,USA,1996,1,,19.0,1997-98
Jerald Honeycutt,Milwaukee Bucks,205.74,USA,1997,2,Tulane,23.0,1997-98
Jeff Nordgaard,Milwaukee Bucks,200.66,USA,1996,2,Wisconsin-Green Bay,25.0,1997-98
Jeff Hornacek,Utah Jazz,193.04,USA,1986,2,Iowa State,35.0,1997-98
Jeff Grayer,Golden State Warriors,195.58,USA,1988,1,Iowa State,32.0,1997-98
Jayson Williams,New Jersey Nets,208.28,USA,1990,1,St. John's (NY),30.0,1997-98
Greg Foster,Utah Jazz,210.82,USA,1990,2,Texas-El Paso,29.0,1997-98
Greg Anthony,Seattle SuperSonics,185.42,USA,1991,1,Nevada-Las Vegas,30.0,1997-98
Joe Stephens,Houston Rockets,200.66,USA,Undrafted,Undrafted,Arkansas-Little Rock,25.0,1997-98
Grant Long,Detroit Pistons,205.74,USA,1988,2,Eastern Michigan,32.0,1997-98
Ed Stokes,Toronto Raptors,213.36,USA,1993,2,Arizona,26.0,1997-98
Ed Gray,Atlanta Hawks,190.5,USA,1997,1,California,22.0,1997-98
Duane Ferrell,Golden State Warriors,200.66,USA,Undrafted,Undrafted,Georgia Tech,33.0,1997-98
Duane Causwell,Miami Heat,213.36,USA,1990,1,Temple,30.0,1997-98
Drew Barry,Atlanta Hawks,195.58,USA,1996,2,Georgia Tech,25.0,1997-98
Doug West,Minnesota Timberwolves,198.12,USA,1989,2,Villanova,31.0,1997-98
Doug Overton,Philadelphia 76ers,190.5,USA,1991,2,La Salle,28.0,1997-98
Doug Christie,Toronto Raptors,198.12,USA,1992,1,Pepperdine,28.0,1997-98
Donyell Marshall,Golden State Warriors,205.74,USA,1994,1,Connecticut,25.0,1997-98
Dontonio Wingfield,Portland Trail Blazers,203.2,USA,1994,2,Cincinnati,24.0,1997-98
Dontae' Jones,Boston Celtics,203.2,USA,1996,1,Mississippi State,23.0,1997-98
Donald Whiteside,Atlanta Hawks,177.8,USA,Undrafted,Undrafted,Northern Illinois,29.0,1997-98
Eddie Johnson,Houston Rockets,200.66,USA,1981,2,Illinois,39.0,1997-98
Donald Royal,Charlotte Hornets,203.2,USA,1987,3,Notre Dame,32.0,1997-98
Don MacLean,New Jersey Nets,208.28,USA,1992,1,UCLA,28.0,1997-98
Dikembe Mutombo,Atlanta Hawks,218.44,Congo,1991,1,Georgetown,32.0,1997-98
Dickey Simpkins,Chicago Bulls,205.74,USA,1994,1,Providence,26.0,1997-98
Detlef Schrempf,Seattle SuperSonics,208.28,USA,1985,1,Washington,35.0,1997-98
Derrick McKey,Indiana Pacers,208.28,USA,1987,1,Alabama,31.0,1997-98
Derek Strong,Orlando Magic,205.74,USA,1990,2,Xavier,30.0,1997-98
Derek Harper,Orlando Magic,193.04,USA,1983,1,Illinois,36.0,1997-98
Derek Grimm,Sacramento Kings,205.74,USA,Undrafted,Undrafted,Missouri,23.0,1997-98
Greg Anderson,Atlanta Hawks,208.28,USA,1987,1,Houston,34.0,1997-98
Derek Fisher,Los Angeles Lakers,185.42,USA,1996,1,Arkansas-Little Rock,23.0,1997-98
Derek Anderson,Cleveland Cavaliers,195.58,USA,1997,1,Kentucky,23.0,1997-98
Dennis Scott,Phoenix Suns,203.2,USA,1990,1,Georgia Tech,29.0,1997-98
Don Reid,Detroit Pistons,203.2,USA,1995,2,Georgetown,24.0,1997-98
Eddie Jones,Los Angeles Lakers,198.12,USA,1994,1,Temple,26.0,1997-98
Derrick Coleman,Philadelphia 76ers,208.28,USA,1990,1,Syracuse,31.0,1997-98
Eldridge Recasner,Atlanta Hawks,193.04,USA,1992,Undrafted,Washington,30.0,1997-98
Glenn Robinson,Milwaukee Bucks,200.66,USA,1994,1,Purdue,25.0,1997-98
Elden Campbell,Los Angeles Lakers,213.36,USA,1990,1,Clemson,29.0,1997-98
God Shammgod,Washington Wizards,182.88,USA,1997,2,Providence,22.0,1997-98
Gerald Wilkins,Orlando Magic,198.12,USA,1985,2,Tennessee-Chattanooga,34.0,1997-98
Gerald Madkins,Golden State Warriors,193.04,USA,Undrafted,Undrafted,UCLA,29.0,1997-98
Glen Rice,Charlotte Hornets,203.2,USA,1989,1,Michigan,31.0,1997-98
Grant Hill,Detroit Pistons,203.2,USA,1994,1,Duke,25.0,1997-98
George McCloud,Phoenix Suns,203.2,USA,1989,1,Florida State,31.0,1997-98
George Lynch,Vancouver Grizzlies,203.2,USA,1993,1,North Carolina,27.0,1997-98
Gary Trent,Toronto Raptors,203.2,USA,1995,1,Ohio,23.0,1997-98
Gary Payton,Seattle SuperSonics,193.04,USA,1990,1,Oregon State,29.0,1997-98
Gary Grant,Portland Trail Blazers,190.5,USA,1988,1,Michigan,33.0,1997-98
Fred Hoiberg,Indiana Pacers,193.04,USA,1995,2,Iowa State,25.0,1997-98
Felton Spencer,Golden State Warriors,213.36,USA,1990,1,Louisville,30.0,1997-98
George Zidek,Seattle SuperSonics,213.36,USA,1995,1,UCLA,24.0,1997-98
Ervin Johnson,Milwaukee Bucks,210.82,USA,1993,1,New Orleans,30.0,1997-98
Elliot Perry,Milwaukee Bucks,182.88,USA,1991,2,Memphis,29.0,1997-98
Etdrick Bohannon,Indiana Pacers,205.74,USA,Undrafted,Undrafted,Auburn-Montgomery,25.0,1997-98
Eric Montross,Detroit Pistons,213.36,USA,1994,1,North Carolina,26.0,1997-98
Eric Piatkowski,Los Angeles Clippers,200.66,USA,1994,1,Nebraska,27.0,1997-98
Eric Riley,Dallas Mavericks,213.36,USA,1993,2,Michigan,28.0,1997-98
Eric Murdock,Miami Heat,185.42,USA,1991,1,Providence,30.0,1997-98
Eric Washington,Denver Nuggets,193.04,USA,1997,2,Alabama,24.0,1997-98
Eric Williams,Denver Nuggets,203.2,USA,1995,1,Providence,25.0,1997-98
Erick Dampier,Golden State Warriors,210.82,USA,1996,1,Mississippi State,22.0,1997-98
Erick Strickland,Dallas Mavericks,190.5,USA,Undrafted,Undrafted,Nebraska,24.0,1997-98
Eric Snow,Philadelphia 76ers,190.5,USA,1995,2,Michigan State,25.0,1997-98
Emanual Davis,Houston Rockets,195.58,USA,Undrafted,Undrafted,Delaware State,29.0,1997-98
Derek Strong,Orlando Magic,205.74,USA,1990,2,Xavier,31.0,1998-99
Dirk Nowitzki,Dallas Mavericks,213.36,Germany,1998,1,,21.0,1998-99
Derrick Coleman,Charlotte Hornets,208.28,USA,1990,1,Syracuse,32.0,1998-99
Derrick McKey,Indiana Pacers,208.28,USA,1987,1,Alabama,32.0,1998-99
Detlef Schrempf,Seattle SuperSonics,208.28,USA,1985,1,Washington,36.0,1998-99
Dickey Simpkins,Chicago Bulls,205.74,USA,1994,1,Providence,27.0,1998-99
Dikembe Mutombo,Atlanta Hawks,218.44,Congo,1991,1,Georgetown,33.0,1998-99
Derek Harper,Los Angeles Lakers,193.04,USA,1983,1,Illinois,37.0,1998-99
Doug Overton,Philadelphia 76ers,190.5,USA,1991,2,La Salle,29.0,1998-99
Don MacLean,Seattle SuperSonics,208.28,USA,1992,1,UCLA,29.0,1998-99
Don Reid,Detroit Pistons,203.2,USA,1995,2,Georgetown,25.0,1998-99
Donyell Marshall,Golden State Warriors,205.74,USA,1994,1,Connecticut,26.0,1998-99
Doug Christie,Toronto Raptors,198.12,USA,1992,1,Pepperdine,29.0,1998-99
Doug West,Vancouver Grizzlies,198.12,USA,1989,2,Villanova,32.0,1998-99
Drew Barry,Seattle SuperSonics,195.58,USA,1996,2,Georgia Tech,26.0,1998-99
Duane Causwell,Miami Heat,213.36,USA,1990,1,Temple,31.0,1998-99
Duane Ferrell,Golden State Warriors,200.66,USA,Undrafted,Undrafted,Georgia Tech,34.0,1998-99
Earl Boykins,Cleveland Cavaliers,165.1,USA,Undrafted,Undrafted,Eastern Michigan,23.0,1998-99
Dwayne Schintzius,Boston Celtics,218.44,USA,1990,1,Florida,30.0,1998-99
Dominique Wilkins,Orlando Magic,203.2,USA,1982,1,Georgia,39.0,1998-99
Derek Fisher,Los Angeles Lakers,185.42,USA,1996,1,Arkansas-Little Rock,24.0,1998-99
Darrick Martin,Los Angeles Clippers,180.34,USA,Undrafted,Undrafted,UCLA,28.0,1998-99
Dennis Scott,Minnesota Timberwolves,203.2,USA,1990,1,Georgia Tech,30.0,1998-99
Cory Carr,Chicago Bulls,193.04,USA,1998,2,Texas Tech,23.0,1998-99
Cuttino Mobley,Houston Rockets,193.04,USA,1998,2,Rhode Island,23.0,1998-99
Ed Gray,Atlanta Hawks,190.5,USA,1997,1,California,23.0,1998-99
Dale Davis,Indiana Pacers,210.82,USA,1991,1,Clemson,30.0,1998-99
Dale Ellis,Seattle SuperSonics,200.66,USA,1983,1,Tennessee,38.0,1998-99
Damon Jones,Boston Celtics,190.5,USA,Undrafted,Undrafted,Houston,22.0,1998-99
Damon Stoudamire,Portland Trail Blazers,177.8,USA,1995,1,Arizona,25.0,1998-99
Dan Majerle,Miami Heat,198.12,USA,1988,1,Central Michigan,33.0,1998-99
Dan Schayes,Orlando Magic,210.82,USA,1981,1,Syracuse,40.0,1998-99
Dana Barros,Boston Celtics,180.34,USA,1989,1,Boston College,32.0,1998-99
Danny Ferry,Cleveland Cavaliers,208.28,USA,1989,1,Duke,32.0,1998-99
Danny Fortson,Denver Nuggets,200.66,USA,1997,1,Cincinnati,23.0,1998-99
Danny Manning,Phoenix Suns,208.28,USA,1988,1,Kansas,33.0,1998-99
Darrell Armstrong,Orlando Magic,185.42,USA,Undrafted,Undrafted,Fayetteville State,31.0,1998-99
David Robinson,San Antonio Spurs,215.9,USA,1987,1,Navy,33.0,1998-99
David Vaughn,New Jersey Nets,205.74,USA,1995,1,Memphis,26.0,1998-99
David Wesley,Charlotte Hornets,185.42,USA,Undrafted,Undrafted,Baylor,28.0,1998-99
David Wingate,New York Knicks,195.58,USA,1986,2,Georgetown,35.0,1998-99
DeJuan Wheat,Vancouver Grizzlies,182.88,USA,1997,2,Louisville,25.0,1998-99
Dean Garrett,Minnesota Timberwolves,210.82,USA,1988,2,Indiana,32.0,1998-99
Dee Brown,Toronto Raptors,187.96,USA,1990,1,Jacksonville,30.0,1998-99
Dell Curry,Milwaukee Bucks,195.58,USA,1986,1,Virginia Tech,35.0,1998-99
Dennis Rodman,Los Angeles Lakers,200.66,USA,1986,2,Southeastern Oklahoma State,38.0,1998-99
Derek Anderson,Cleveland Cavaliers,195.58,USA,1997,1,Kentucky,24.0,1998-99
Eddie Johnson,Houston Rockets,200.66,USA,1981,2,Illinois,40.0,1998-99
Gerard King,San Antonio Spurs,205.74,USA,Undrafted,Undrafted,Nicholls State,26.0,1998-99
Elden Campbell,Charlotte Hornets,213.36,USA,1990,1,Clemson,30.0,1998-99
Glenn Robinson,Milwaukee Bucks,200.66,USA,1994,1,Purdue,26.0,1998-99
Grant Hill,Detroit Pistons,203.2,USA,1994,1,Duke,26.0,1998-99
Grant Long,Atlanta Hawks,205.74,USA,1988,2,Eastern Michigan,33.0,1998-99
Greg Anthony,Portland Trail Blazers,185.42,USA,1991,1,Nevada-Las Vegas,31.0,1998-99
Greg Foster,Utah Jazz,210.82,USA,1990,2,Texas-El Paso,30.0,1998-99
Greg Minor,Boston Celtics,198.12,USA,1994,1,Louisville,27.0,1998-99
Greg Ostertag,Utah Jazz,218.44,USA,1995,1,Kansas,26.0,1998-99
Hakeem Olajuwon,Houston Rockets,213.36,Nigeria,1984,1,Houston,36.0,1998-99
Harvey Grant,Philadelphia 76ers,205.74,USA,1988,1,Oklahoma,33.0,1998-99
Haywoode Workman,Milwaukee Bucks,190.5,USA,1989,2,Oral Roberts,33.0,1998-99
Herb Williams,New York Knicks,210.82,USA,1981,1,Ohio State,41.0,1998-99
Hersey Hawkins,Seattle SuperSonics,190.5,USA,1988,1,Bradley,32.0,1998-99
Horace Grant,Orlando Magic,208.28,USA,1987,1,Clemson,33.0,1998-99
Hot Rod Williams,Dallas Mavericks,210.82,USA,1985,2,Tulane,36.0,1998-99
Howard Eisley,Utah Jazz,187.96,USA,1994,2,Boston College,26.0,1998-99
Hubert Davis,Dallas Mavericks,195.58,USA,1992,1,North Carolina,29.0,1998-99
Ike Austin,Orlando Magic,208.28,USA,1991,2,Arizona State,29.0,1998-99
Isaiah Rider,Portland Trail Blazers,195.58,USA,1993,1,Nevada-Las Vegas,28.0,1998-99
J.R. Henderson,Vancouver Grizzlies,203.2,USA,1998,2,UCLA,22.0,1998-99
Cory Alexander,Denver Nuggets,185.42,USA,1995,1,Virginia,26.0,1998-99
J.R. Reid,Los Angeles Lakers,208.28,USA,1989,1,North Carolina,31.0,1998-99
Glen Rice,Los Angeles Lakers,203.2,USA,1989,1,Michigan,32.0,1998-99
Eddie Jones,Charlotte Hornets,198.12,USA,1994,1,Temple,27.0,1998-99
Gheorghe Muresan,New Jersey Nets,231.14,USA,1993,2,,28.0,1998-99
Gerald Brown,Phoenix Suns,193.04,USA,Undrafted,Undrafted,Pepperdine,23.0,1998-99
Eldridge Recasner,Charlotte Hornets,193.04,USA,1992,Undrafted,Washington,31.0,1998-99
Elliot Perry,New Jersey Nets,182.88,USA,1991,2,Memphis,30.0,1998-99
Eric Montross,Detroit Pistons,213.36,USA,1994,1,North Carolina,27.0,1998-99
Eric Murdock,New Jersey Nets,185.42,USA,1991,1,Providence,31.0,1998-99
Eric Piatkowski,Los Angeles Clippers,200.66,USA,1994,1,Nebraska,28.0,1998-99
Eric Riley,Boston Celtics,213.36,USA,1993,2,Michigan,29.0,1998-99
Eric Snow,Philadelphia 76ers,190.5,USA,1995,2,Michigan State,26.0,1998-99
Eric Washington,Denver Nuggets,193.04,USA,1997,2,Alabama,25.0,1998-99
Eric Williams,Denver Nuggets,203.2,USA,1995,1,Providence,26.0,1998-99
Erick Dampier,Golden State Warriors,210.82,USA,1996,1,Mississippi State,23.0,1998-99
Erick Strickland,Dallas Mavericks,190.5,USA,Undrafted,Undrafted,Nebraska,25.0,1998-99
Ervin Johnson,Milwaukee Bucks,210.82,USA,1993,1,New Orleans,31.0,1998-99
Etdrick Bohannon,Washington Wizards,205.74,USA,Undrafted,Undrafted,Auburn-Montgomery,26.0,1998-99
Felipe Lopez,Vancouver Grizzlies,198.12,Dominican Republic,1998,1,St. John's (NY),24.0,1998-99
Felton Spencer,Golden State Warriors,213.36,USA,1990,1,Louisville,31.0,1998-99
Fred Hoiberg,Indiana Pacers,193.04,USA,1995,2,Iowa State,26.0,1998-99
Gary Grant,Portland Trail Blazers,190.5,USA,1988,1,Michigan,34.0,1998-99
Gary Payton,Seattle SuperSonics,193.04,USA,1990,1,Oregon State,30.0,1998-99
Gary Trent,Dallas Mavericks,203.2,USA,1995,1,Ohio,24.0,1998-99
George Lynch,Philadelphia 76ers,203.2,USA,1993,1,North Carolina,28.0,1998-99
George McCloud,Phoenix Suns,203.2,USA,1989,1,Florida State,32.0,1998-99
Gerald Wilkins,Orlando Magic,198.12,USA,1985,2,Tennessee-Chattanooga,35.0,1998-99
Corliss Williamson,Sacramento Kings,200.66,USA,1995,1,Arkansas,25.0,1998-99
Billy Owens,Seattle SuperSonics,203.2,USA,1991,1,Syracuse,30.0,1998-99
Corey Benjamin,Chicago Bulls,198.12,USA,1998,1,Oregon State,21.0,1998-99
Antoine Carr,Houston Rockets,205.74,USA,1983,1,Wichita State,37.0,1998-99
Antoine Walker,Boston Celtics,205.74,USA,1996,1,Kentucky,22.0,1998-99
Antonio Daniels,San Antonio Spurs,193.04,USA,1997,1,Bowling Green,24.0,1998-99
Antonio Davis,Indiana Pacers,205.74,USA,1990,2,Texas-El Paso,30.0,1998-99
Antonio Lang,Cleveland Cavaliers,203.2,USA,1994,2,Duke,27.0,1998-99
Antonio McDyess,Denver Nuggets,205.74,USA,1995,1,Alabama,24.0,1998-99
Armen Gilliam,Milwaukee Bucks,205.74,USA,1987,1,Nevada-Las Vegas,35.0,1998-99
Arvydas Sabonis,Portland Trail Blazers,220.98,Lithuania,1986,1,,34.0,1998-99
Austin Croshere,Indiana Pacers,205.74,USA,1997,1,Providence,24.0,1998-99
Avery Johnson,San Antonio Spurs,180.34,USA,Undrafted,Undrafted,Southern,34.0,1998-99
B.J. Armstrong,Orlando Magic,187.96,USA,1989,1,Iowa,31.0,1998-99
Ben Davis,New York Knicks,205.74,USA,1996,2,Arizona,26.0,1998-99
Ben Wallace,Washington Wizards,205.74,USA,Undrafted,Undrafted,Virginia Union,24.0,1998-99
Benoit Benjamin,Philadelphia 76ers,213.36,USA,1985,1,Creighton,34.0,1998-99
Bill Curley,Minnesota Timberwolves,205.74,USA,1994,1,Boston College,27.0,1998-99
Bill Wennington,Chicago Bulls,213.36,USA,1985,1,St. John's (NY),36.0,1998-99
Bimbo Coles,Golden State Warriors,187.96,USA,1990,2,Virginia Tech,31.0,1998-99
Bison Dele,Detroit Pistons,210.82,USA,1991,1,Arizona,30.0,1998-99
Blue Edwards,Miami Heat,193.04,USA,1989,1,East Carolina,33.0,1998-99
Bo Outlaw,Orlando Magic,203.2,USA,Undrafted,Undrafted,Houston,28.0,1998-99
Bob Sura,Cleveland Cavaliers,195.58,USA,1995,1,Florida State,26.0,1998-99
Anthony Peeler,Minnesota Timberwolves,193.04,USA,1992,1,Missouri,29.0,1998-99
Bobby Jackson,Minnesota Timberwolves,185.42,USA,1997,1,Minnesota,26.0,1998-99
Anthony Parker,Philadelphia 76ers,198.12,USA,1997,1,Bradley,24.0,1998-99
Anthony Johnson,Atlanta Hawks,190.5,USA,1997,2,College of Charleston,24.0,1998-99
Jacque Vaughn,Utah Jazz,185.42,USA,1997,1,Kansas,24.0,1998-99
A.C. Green,Dallas Mavericks,205.74,USA,1985,1,Oregon State,35.0,1998-99
Aaron McKie,Philadelphia 76ers,195.58,USA,1994,1,Temple,26.0,1998-99
Aaron Williams,Seattle SuperSonics,205.74,USA,Undrafted,Undrafted,Xavier,27.0,1998-99
Adam Keefe,Utah Jazz,205.74,USA,1992,1,Stanford,29.0,1998-99
Adonal Foyle,Golden State Warriors,208.28,St. Vincent & Grenadines,1997,1,Colgate,24.0,1998-99
Adonis Jordan,Milwaukee Bucks,180.34,USA,1993,2,Kansas,28.0,1998-99
Al Harrington,Indiana Pacers,205.74,USA,1998,1,,19.0,1998-99
Alan Henderson,Atlanta Hawks,205.74,USA,1995,1,Indiana,26.0,1998-99
Allan Houston,New York Knicks,198.12,USA,1993,1,Tennessee,28.0,1998-99
Allen Iverson,Philadelphia 76ers,182.88,USA,1996,1,Georgetown,24.0,1998-99
Alonzo Mourning,Miami Heat,208.28,USA,1992,1,Georgetown,29.0,1998-99
Alvin Sims,Phoenix Suns,193.04,USA,Undrafted,Undrafted,Louisville,24.0,1998-99
Alvin Williams,Toronto Raptors,195.58,USA,1997,2,Villanova,24.0,1998-99
Andrae Patterson,Minnesota Timberwolves,205.74,USA,1998,2,Indiana,23.0,1998-99
Andrew DeClercq,Cleveland Cavaliers,208.28,USA,1995,2,Florida,26.0,1998-99
Andrew Gaze,San Antonio Spurs,200.66,USA,Undrafted,Undrafted,Seton Hall,33.0,1998-99
Andrew Lang,Chicago Bulls,210.82,USA,1988,2,Arkansas,33.0,1998-99
Anfernee Hardaway,Orlando Magic,200.66,USA,1993,1,Memphis,27.0,1998-99
Antawn Jamison,Golden State Warriors,205.74,USA,1998,1,North Carolina,23.0,1998-99
Anthony Avent,Utah Jazz,205.74,USA,1991,1,Seton Hall,29.0,1998-99
Anthony Miller,Houston Rockets,205.74,USA,1994,2,Michigan State,27.0,1998-99
Bobby Phills,Charlotte Hornets,195.58,USA,1991,2,Southern,29.0,1998-99
Bonzi Wells,Portland Trail Blazers,195.58,USA,1998,1,Ball State,22.0,1998-99
Brad Miller,Charlotte Hornets,210.82,USA,Undrafted,Undrafted,Purdue,23.0,1998-99
Charlie Ward,New York Knicks,187.96,USA,1994,1,Florida State,28.0,1998-99
Chauncey Billups,Denver Nuggets,190.5,USA,1997,1,Colorado,22.0,1998-99
Cherokee Parks,Vancouver Grizzlies,210.82,USA,1995,1,Duke,26.0,1998-99
Chris Anstey,Dallas Mavericks,213.36,USA,1997,1,,24.0,1998-99
Chris Carr,New Jersey Nets,198.12,USA,1995,2,Southern Illinois,25.0,1998-99
Chris Childs,New York Knicks,190.5,USA,Undrafted,Undrafted,Boise State,31.0,1998-99
Chris Crawford,Atlanta Hawks,205.74,USA,1997,2,Marquette,24.0,1998-99
Chris Dudley,New York Knicks,210.82,USA,1987,4,Yale,34.0,1998-99
Chris Gatling,Milwaukee Bucks,208.28,USA,1991,1,Old Dominion,31.0,1998-99
Chris King,Utah Jazz,203.2,USA,1992,2,Wake Forest,29.0,1998-99
Chris Mills,Golden State Warriors,200.66,USA,1993,1,Arizona,29.0,1998-99
Chris Morris,Phoenix Suns,203.2,USA,1988,1,Auburn,33.0,1998-99
Chris Mullin,Indiana Pacers,200.66,USA,1985,1,St. John's (NY),35.0,1998-99
Chris Webber,Sacramento Kings,208.28,USA,1993,1,Michigan,26.0,1998-99
Chris Whitney,Washington Wizards,182.88,USA,1993,2,Clemson,27.0,1998-99
Christian Laettner,Detroit Pistons,210.82,USA,1992,1,Duke,29.0,1998-99
Chuck Person,Charlotte Hornets,203.2,USA,1986,1,Auburn,35.0,1998-99
Chucky Brown,Charlotte Hornets,203.2,USA,1989,2,North Carolina State,31.0,1998-99
Clar. Weatherspoon,Miami Heat,200.66,USA,1992,1,Southern Mississippi,28.0,1998-99
Clifford Robinson,Phoenix Suns,208.28,USA,1989,2,Connecticut,32.0,1998-99
Corey Beck,Charlotte Hornets,190.5,USA,Undrafted,Undrafted,Arkansas,28.0,1998-99
Charles Smith,Los Angeles Clippers,193.04,USA,1997,1,New Mexico,23.0,1998-99
Charles Shackleford,Charlotte Hornets,210.82,USA,1988,2,North Carolina State,33.0,1998-99
Charles R. Jones,Chicago Bulls,190.5,USA,Undrafted,Undrafted,Long Island-Brooklyn,23.0,1998-99
Charles Oakley,Toronto Raptors,205.74,USA,1985,1,Virginia Union,35.0,1998-99
Brandon Williams,San Antonio Spurs,198.12,USA,Undrafted,Undrafted,Davidson,24.0,1998-99
Brent Barry,Chicago Bulls,198.12,USA,1995,1,Oregon State,27.0,1998-99
Brent Price,Houston Rockets,185.42,USA,1992,2,Oklahoma,30.0,1998-99
Brevin Knight,Cleveland Cavaliers,177.8,USA,1997,1,Stanford,23.0,1998-99
Brian Evans,Minnesota Timberwolves,203.2,USA,1996,1,Indiana,25.0,1998-99
Brian Grant,Portland Trail Blazers,205.74,USA,1994,1,Xavier,27.0,1998-99
Brian Shaw,Portland Trail Blazers,198.12,USA,1988,1,California-Santa Barbara,33.0,1998-99
Brian Skinner,Los Angeles Clippers,205.74,USA,1998,1,Baylor,23.0,1998-99
Bruce Bowen,Boston Celtics,200.66,USA,Undrafted,Undrafted,Cal State-Fullerton,28.0,1998-99
Bruno Sundov,Dallas Mavericks,218.44,Croatia,1998,2,,19.0,1998-99
Corie Blount,Cleveland Cavaliers,208.28,USA,1993,1,Cincinnati,30.0,1998-99
Bryant Reeves,Vancouver Grizzlies,213.36,USA,1995,1,Oklahoma State,26.0,1998-99
Bryce Drew,Houston Rockets,190.5,USA,1998,1,Valparaiso,24.0,1998-99
Bryon Russell,Utah Jazz,200.66,USA,1993,2,Long Beach State,28.0,1998-99
Calbert Cheaney,Washington Wizards,200.66,USA,1993,1,Indiana,27.0,1998-99
Carl Herrera,Denver Nuggets,205.74,USA,1990,2,Houston,32.0,1998-99
Carlos Rogers,Portland Trail Blazers,210.82,USA,1994,1,Tennessee State,28.0,1998-99
Casey Shaw,Philadelphia 76ers,210.82,USA,1998,2,Toledo,23.0,1998-99
Cedric Ceballos,Dallas Mavericks,198.12,USA,1990,2,Cal State-Fullerton,29.0,1998-99
Cedric Henderson,Cleveland Cavaliers,200.66,USA,1997,2,Memphis,24.0,1998-99
Charles Barkley,Houston Rockets,198.12,USA,1984,1,Auburn,36.0,1998-99
Charles O'Bannon,Detroit Pistons,195.58,USA,1997,2,UCLA,24.0,1998-99
Bryant Stith,Denver Nuggets,195.58,USA,1992,1,Virginia,28.0,1998-99
Jahidi White,Washington Wizards,205.74,USA,1998,2,Georgetown,23.0,1998-99
Kelvin Cato,Portland Trail Blazers,210.82,USA,1997,1,Iowa State,24.0,1998-99
Jamal Mashburn,Miami Heat,203.2,USA,1993,1,Kentucky,26.0,1998-99
Rod Strickland,Washington Wizards,190.5,USA,1988,1,DePaul,32.0,1998-99
Rodney Rogers,Los Angeles Clippers,200.66,USA,1993,1,Wake Forest,28.0,1998-99
Rodrick Rhodes,Vancouver Grizzlies,198.12,USA,1997,1,Southern California,25.0,1998-99
Ron Harper,Chicago Bulls,198.12,USA,1986,1,Miami (OH),35.0,1998-99
Ron Mercer,Boston Celtics,200.66,USA,1997,1,Kentucky,23.0,1998-99
Rony Seikaly,New Jersey Nets,210.82,USA,1988,1,Syracuse,34.0,1998-99
Roshown McLeod,Atlanta Hawks,203.2,USA,1998,1,Duke,23.0,1998-99
Ruben Patterson,Los Angeles Lakers,198.12,USA,1998,2,Cincinnati,23.0,1998-99
Rusty LaRue,Chicago Bulls,190.5,USA,Undrafted,Undrafted,Wake Forest,25.0,1998-99
Ryan Stack,Cleveland Cavaliers,210.82,USA,1998,2,South Carolina,23.0,1998-99
Sam Cassell,Milwaukee Bucks,190.5,USA,1993,1,Florida State,29.0,1998-99
Sam Jacobson,Los Angeles Lakers,193.04,USA,1998,1,Minnesota,23.0,1998-99
Robert Traylor,Milwaukee Bucks,203.2,USA,1998,1,Michigan,22.0,1998-99
Sam Mack,Houston Rockets,200.66,USA,Undrafted,Undrafted,Houston,29.0,1998-99
Sam Perkins,Indiana Pacers,205.74,USA,1984,1,North Carolina,38.0,1998-99
Samaki Walker,Dallas Mavericks,205.74,USA,1996,1,Louisville,23.0,1998-99
Scott Burrell,New Jersey Nets,200.66,USA,1993,1,Connecticut,28.0,1998-99
Scott Williams,Milwaukee Bucks,208.28,USA,Undrafted,Undrafted,North Carolina,31.0,1998-99
Scottie Pippen,Houston Rockets,200.66,USA,1987,1,Central Arkansas,33.0,1998-99
Sean Elliott,San Antonio Spurs,203.2,USA,1989,1,Arizona,31.0,1998-99
Sean Marks,Toronto Raptors,208.28,New Zealand,1998,2,California,23.0,1998-99
Sean Rooks,Los Angeles Lakers,208.28,USA,1992,2,Arizona,29.0,1998-99
Jalen Rose,Indiana Pacers,203.2,USA,1994,1,Michigan,26.0,1998-99
Shandon Anderson,Utah Jazz,198.12,USA,1996,2,Georgia,25.0,1998-99
Shaquille O'Neal,Los Angeles Lakers,215.9,USA,1992,1,Louisiana State,27.0,1998-99
Shareef Abdur-Rahim,Vancouver Grizzlies,205.74,USA,1996,1,California,22.0,1998-99
Sam Mitchell,Minnesota Timberwolves,200.66,USA,1985,3,Mercer,35.0,1998-99
Shawn Bradley,Dallas Mavericks,228.6,USA,1993,1,Brigham Young,27.0,1998-99
Robert Pack,Dallas Mavericks,187.96,USA,Undrafted,Undrafted,Southern California,30.0,1998-99
Rik Smits,Indiana Pacers,223.52,USA,1988,1,Marist,32.0,1998-99
Pat Garrity,Phoenix Suns,205.74,USA,1998,1,Notre Dame,22.0,1998-99
Patrick Ewing,New York Knicks,213.36,Jamaica,1985,1,Georgetown,36.0,1998-99
Paul Grant,Milwaukee Bucks,213.36,USA,1997,1,Wisconsin,25.0,1998-99
Paul Pierce,Boston Celtics,200.66,USA,1998,1,Kansas,21.0,1998-99
Peja Stojakovic,Sacramento Kings,205.74,Serbia and Montenegro,1996,1,,22.0,1998-99
Pete Chilcutt,Vancouver Grizzlies,208.28,USA,1991,1,North Carolina,30.0,1998-99
Peter Aluma,Sacramento Kings,208.28,USA,Undrafted,Undrafted,Liberty,26.0,1998-99
Pooh Richardson,Los Angeles Clippers,185.42,USA,1989,1,UCLA,33.0,1998-99
Popeye Jones,Boston Celtics,203.2,USA,1992,2,Murray State,29.0,1998-99
Raef LaFrentz,Denver Nuggets,210.82,USA,1998,1,Kansas,23.0,1998-99
Randell Jackson,Washington Wizards,210.82,USA,1999,Undrafted,Florida State,23.0,1998-99
Randy Brown,Chicago Bulls,187.96,USA,1991,2,New Mexico State,31.0,1998-99
Robert Horry,Los Angeles Lakers,208.28,USA,1992,1,Alabama,28.0,1998-99
Randy Livingston,Phoenix Suns,193.04,USA,1996,2,Louisiana State,24.0,1998-99
Rasheed Wallace,Portland Trail Blazers,210.82,USA,1995,1,North Carolina,24.0,1998-99
Rasho Nesterovic,Minnesota Timberwolves,213.36,Slovenia,1998,1,,23.0,1998-99
Ray Allen,Milwaukee Bucks,195.58,USA,1996,1,Connecticut,23.0,1998-99
Reggie Jordan,Minnesota Timberwolves,193.04,USA,Undrafted,Undrafted,New Mexico State,31.0,1998-99
Reggie Miller,Indiana Pacers,200.66,USA,1987,1,UCLA,33.0,1998-99
Reggie Slater,Toronto Raptors,200.66,USA,Undrafted,Undrafted,Wyoming,28.0,1998-99
Rex Chapman,Phoenix Suns,193.04,USA,1988,1,Kentucky,31.0,1998-99
Rex Walters,Miami Heat,193.04,USA,1993,1,Kansas,29.0,1998-99
Rick Brunson,New York Knicks,193.04,USA,Undrafted,Undrafted,Temple,27.0,1998-99
Rick Fox,Los Angeles Lakers,200.66,Canada,1991,1,North Carolina,29.0,1998-99
Rick Mahorn,Philadelphia 76ers,208.28,USA,1980,2,Hampton,40.0,1998-99
Ricky Davis,Charlotte Hornets,200.66,USA,1998,1,Iowa,19.0,1998-99
Rashard Lewis,Seattle SuperSonics,208.28,USA,1998,2,,19.0,1998-99
P.J. Brown,Miami Heat,210.82,USA,1992,2,Louisiana Tech,29.0,1998-99
Shawn Kemp,Cleveland Cavaliers,208.28,USA,1989,1,Trinity Valley Community College,29.0,1998-99
Sherman Douglas,Los Angeles Clippers,185.42,USA,1989,2,Syracuse,32.0,1998-99
Tracy Murray,Washington Wizards,200.66,USA,1992,1,UCLA,27.0,1998-99
Travis Best,Indiana Pacers,180.34,USA,1995,1,Georgia Tech,26.0,1998-99
Travis Knight,Los Angeles Lakers,213.36,USA,1996,1,Connecticut,24.0,1998-99
Travis Williams,Charlotte Hornets,198.12,USA,Undrafted,Undrafted,South Carolina State,30.0,1998-99
Trevor Winter,Minnesota Timberwolves,213.36,USA,Undrafted,Undrafted,Minnesota,25.0,1998-99
Troy Hudson,Los Angeles Clippers,185.42,USA,Undrafted,Undrafted,Southern Illinois,23.0,1998-99
Tyrone Corbin,Atlanta Hawks,198.12,USA,1985,2,DePaul,36.0,1998-99
Tyrone Hill,Philadelphia 76ers,205.74,USA,1990,1,Xavier,31.0,1998-99
Tyrone Nesby,Los Angeles Clippers,198.12,USA,Undrafted,Undrafted,Nevada-Las Vegas,23.0,1998-99
Tyronn Lue,Los Angeles Lakers,182.88,USA,1998,1,Nebraska,22.0,1998-99
Tyson Wheeler,Denver Nuggets,177.8,USA,1998,2,Rhode Island,23.0,1998-99
Vernon Maxwell,Sacramento Kings,193.04,USA,1988,2,Florida,33.0,1998-99
Tracy McGrady,Toronto Raptors,203.2,USA,1997,1,,20.0,1998-99
Vin Baker,Seattle SuperSonics,210.82,USA,1993,1,Hartford,27.0,1998-99
Vinny Del Negro,Milwaukee Bucks,193.04,USA,1988,2,North Carolina State,32.0,1998-99
Vitaly Potapenko,Boston Celtics,208.28,Ukraine,1996,1,Wright State,24.0,1998-99
Vlade Divac,Sacramento Kings,215.9,Serbia and Montenegro,1989,1,,31.0,1998-99
Vladimir Stepania,Seattle SuperSonics,213.36,Georgia,1998,1,,23.0,1998-99
Voshon Lenard,Miami Heat,193.04,USA,1994,2,Minnesota,26.0,1998-99
Walt Williams,Portland Trail Blazers,203.2,USA,1992,1,Maryland,29.0,1998-99
Walter McCarty,Boston Celtics,208.28,USA,1996,1,Kentucky,25.0,1998-99
Wesley Person,Cleveland Cavaliers,198.12,USA,1994,1,Auburn,28.0,1998-99
Will Perdue,San Antonio Spurs,213.36,USA,1988,1,Vanderbilt,33.0,1998-99
William Cunningham,New Jersey Nets,210.82,USA,Undrafted,Undrafted,Temple,25.0,1998-99
Willie Burton,Charlotte Hornets,203.2,USA,1990,1,Minnesota,31.0,1998-99
Zydrunas Ilgauskas,Cleveland Cavaliers,220.98,Lithuania,1996,1,,24.0,1998-99
Vince Carter,Toronto Raptors,200.66,USA,1998,1,North Carolina,22.0,1998-99
Shawn Respert,Phoenix Suns,185.42,USA,1995,1,Michigan State,27.0,1998-99
Tony Massenburg,Vancouver Grizzlies,205.74,USA,1990,2,Maryland,31.0,1998-99
Tony Battie,Boston Celtics,210.82,USA,1997,1,Texas Tech,23.0,1998-99
Stacey Augmon,Portland Trail Blazers,203.2,USA,1991,1,Nevada-Las Vegas,30.0,1998-99
Stanley Roberts,Houston Rockets,213.36,USA,1991,1,Louisiana State,29.0,1998-99
Stephon Marbury,New Jersey Nets,187.96,USA,1996,1,Georgia Tech,22.0,1998-99
Steve Henson,Detroit Pistons,180.34,USA,1990,2,Kansas State,31.0,1998-99
Steve Kerr,San Antonio Spurs,190.5,USA,1988,2,Arizona,33.0,1998-99
Steve Nash,Dallas Mavericks,190.5,Canada,1996,1,Santa Clara,25.0,1998-99
Steven Smith,Atlanta Hawks,203.2,USA,1991,1,Michigan State,30.0,1998-99
Stojko Vrankovic,Los Angeles Clippers,218.44,USA,Undrafted,Undrafted,,35.0,1998-99
Tariq Abdul-Wahad,Sacramento Kings,198.12,France,1997,1,San Jose State,24.0,1998-99
Terrell Brandon,Minnesota Timberwolves,180.34,USA,1991,1,Oregon,29.0,1998-99
Terry Cummings,Golden State Warriors,205.74,USA,1982,1,DePaul,38.0,1998-99
Terry Davis,Washington Wizards,205.74,USA,Undrafted,Undrafted,Virginia Union,32.0,1998-99
Tony Delk,Golden State Warriors,187.96,USA,1996,1,Kentucky,25.0,1998-99
Terry Dehere,Vancouver Grizzlies,193.04,USA,1993,1,Seton Hall,27.0,1998-99
Terry Porter,Miami Heat,190.5,USA,1985,1,Wisconsin-Stevens Point,36.0,1998-99
Theo Ratliff,Philadelphia 76ers,208.28,USA,1995,1,Wyoming,26.0,1998-99
Thurl Bailey,Utah Jazz,210.82,USA,1983,1,North Carolina State,38.0,1998-99
Tim Duncan,San Antonio Spurs,213.36,US Virgin Islands,1997,1,Wake Forest,23.0,1998-99
Tim Hardaway,Miami Heat,182.88,USA,1989,1,Texas-El Paso,32.0,1998-99
Tim Legler,Washington Wizards,193.04,USA,Undrafted,Undrafted,La Salle,32.0,1998-99
Tim Thomas,Milwaukee Bucks,208.28,USA,1997,1,Villanova,22.0,1998-99
Toby Bailey,Phoenix Suns,198.12,USA,1998,2,UCLA,23.0,1998-99
Todd Fuller,Utah Jazz,210.82,USA,1996,1,North Carolina State,24.0,1998-99
Tom Gugliotta,Phoenix Suns,208.28,USA,1992,1,North Carolina State,29.0,1998-99
Tom Hammonds,Minnesota Timberwolves,205.74,USA,1989,1,Georgia Tech,32.0,1998-99
Toni Kukoc,Chicago Bulls,210.82,Croatia,1990,2,,30.0,1998-99
Terry Mills,Miami Heat,208.28,USA,1990,1,Michigan,31.0,1998-99
Otis Thorpe,Washington Wizards,208.28,USA,1984,1,Providence,36.0,1998-99
Shammond Williams,Atlanta Hawks,185.42,USA,1998,2,North Carolina,24.0,1998-99
Oliver Miller,Sacramento Kings,205.74,USA,1992,1,Arkansas,29.0,1998-99
John Stockton,Utah Jazz,185.42,USA,1984,1,Gonzaga,37.0,1998-99
John Thomas,Toronto Raptors,205.74,USA,1997,1,Minnesota,23.0,1998-99
John Wallace,Toronto Raptors,205.74,USA,1996,1,Syracuse,25.0,1998-99
Johnny Newman,Cleveland Cavaliers,200.66,USA,1986,2,Richmond,35.0,1998-99
Johnny Taylor,Denver Nuggets,205.74,USA,1997,1,Tennessee-Chattanooga,25.0,1998-99
Jon Barry,Sacramento Kings,195.58,USA,1992,1,Georgia Tech,29.0,1998-99
Jonathan Kerner,Orlando Magic,210.82,USA,Undrafted,Undrafted,East Carolina,25.0,1998-99
Jud Buechler,Detroit Pistons,198.12,USA,1990,2,Arizona,31.0,1998-99
Othella Harrington,Houston Rockets,205.74,USA,1996,2,Georgetown,25.0,1998-99
Juwan Howard,Washington Wizards,205.74,USA,1994,1,Michigan,26.0,1998-99
Karl Malone,Utah Jazz,205.74,USA,1985,1,Louisiana Tech,35.0,1998-99
Keith Askins,Miami Heat,203.2,USA,Undrafted,Undrafted,Alabama,31.0,1998-99
John Starks,Golden State Warriors,195.58,USA,Undrafted,Undrafted,Oklahoma State,33.0,1998-99
Keith Booth,Chicago Bulls,198.12,USA,1997,1,Maryland,24.0,1998-99
Keith Van Horn,New Jersey Nets,208.28,USA,1997,1,Utah,23.0,1998-99
Kelly McCarty,Denver Nuggets,200.66,USA,Undrafted,Undrafted,Southern Mississippi,23.0,1998-99
Kendall Gill,New Jersey Nets,195.58,USA,1990,1,Illinois,31.0,1998-99
Kenny Anderson,Boston Celtics,185.42,USA,1991,1,Georgia Tech,28.0,1998-99
Keon Clark,Denver Nuggets,210.82,USA,1998,1,Nevada-Las Vegas,24.0,1998-99
Kerry Kittles,New Jersey Nets,195.58,USA,1996,1,Villanova,25.0,1998-99
Kevin Garnett,Minnesota Timberwolves,210.82,USA,1995,1,,23.0,1998-99
Kevin Ollie,Orlando Magic,193.04,USA,Undrafted,Undrafted,Connecticut,26.0,1998-99
Kevin Willis,Toronto Raptors,213.36,USA,1984,1,Michigan State,36.0,1998-99
Khalid Reeves,Detroit Pistons,190.5,USA,1994,1,Arizona,26.0,1998-99
Kobe Bryant,Los Angeles Lakers,200.66,USA,1996,1,,20.0,1998-99
Korleone Young,Detroit Pistons,200.66,USA,1998,2,,20.0,1998-99
Keith Closs,Los Angeles Clippers,220.98,USA,Undrafted,Undrafted,Central Connecticut State,23.0,1998-99
Kornel David,Chicago Bulls,205.74,USA,Undrafted,Undrafted,,27.0,1998-99
John Crotty,Seattle SuperSonics,187.96,USA,Undrafted,Undrafted,Virginia,29.0,1998-99
Joe Wolf,Charlotte Hornets,210.82,USA,1987,1,North Carolina,34.0,1998-99
James Cotton,Seattle SuperSonics,195.58,USA,1997,2,Long Beach State,23.0,1998-99
James Robinson,Minnesota Timberwolves,187.96,USA,1993,1,Alabama,28.0,1998-99
Jamie Feick,New Jersey Nets,203.2,USA,1996,2,Michigan State,24.0,1998-99
Jamie Watson,Miami Heat,200.66,USA,1994,2,South Carolina,27.0,1998-99
Jaren Jackson,San Antonio Spurs,198.12,USA,Undrafted,Undrafted,Georgetown,31.0,1998-99
Jason Caffey,Golden State Warriors,203.2,USA,1995,1,Alabama,26.0,1998-99
Jason Kidd,Phoenix Suns,193.04,USA,1994,1,California,26.0,1998-99
Jason Sasser,Vancouver Grizzlies,200.66,USA,1996,2,Texas Tech,25.0,1998-99
Jason Williams,Sacramento Kings,185.42,USA,1998,1,Florida,23.0,1998-99
Jayson Williams,New Jersey Nets,205.74,USA,1990,1,St. John's (NY),31.0,1998-99
Jeff Hornacek,Utah Jazz,193.04,USA,1986,2,Iowa State,36.0,1998-99
Jeff McInnis,Washington Wizards,193.04,USA,1996,2,North Carolina,24.0,1998-99
John Coker,Washington Wizards,213.36,USA,Undrafted,Undrafted,Boise State,27.0,1998-99
Jeff Sheppard,Atlanta Hawks,190.5,USA,Undrafted,Undrafted,Kentucky,24.0,1998-99
Jerald Honeycutt,Philadelphia 76ers,205.74,USA,1997,2,Tulane,24.0,1998-99
Jermaine O'Neal,Portland Trail Blazers,210.82,USA,1996,1,,20.0,1998-99
Jerome James,Sacramento Kings,215.9,USA,1998,2,Florida A&M,23.0,1998-99
Jerome Kersey,San Antonio Spurs,200.66,USA,1984,2,Longwood,37.0,1998-99
Jerome Williams,Detroit Pistons,205.74,USA,1996,1,Georgetown,26.0,1998-99
Jerry Stackhouse,Detroit Pistons,198.12,USA,1995,1,North Carolina,24.0,1998-99
Jim Jackson,Portland Trail Blazers,198.12,USA,1992,1,Ohio State,28.0,1998-99
Jim McIlvaine,New Jersey Nets,215.9,USA,1994,2,Marquette,26.0,1998-99
Jimmy Oliver,Phoenix Suns,195.58,USA,1991,2,Purdue,29.0,1998-99
Joe Dumars,Detroit Pistons,190.5,USA,1985,1,McNeese State,36.0,1998-99
Joe Kleine,Phoenix Suns,213.36,USA,1985,1,Arkansas,37.0,1998-99
Joe Smith,Minnesota Timberwolves,208.28,USA,1995,1,Maryland,23.0,1998-99
Jelani McCoy,Seattle SuperSonics,208.28,USA,1998,2,UCLA,21.0,1998-99
Kurt Thomas,New York Knicks,205.74,USA,1995,1,Texas Christian,26.0,1998-99
Scot Pollard,Sacramento Kings,210.82,USA,1997,1,Kansas,24.0,1998-99
Lamond Murray,Los Angeles Clippers,200.66,USA,1994,1,California,26.0,1998-99
Mikki Moore,Detroit Pistons,213.36,USA,Undrafted,Undrafted,Nebraska,23.0,1998-99
Mike Bibby,Vancouver Grizzlies,187.96,USA,1998,1,Arizona,21.0,1998-99
Micheal Williams,Toronto Raptors,187.96,USA,1988,2,Baylor,32.0,1998-99
Michael Stewart,Toronto Raptors,208.28,USA,Undrafted,Undrafted,California,24.0,1998-99
Michael Smith,Vancouver Grizzlies,203.2,USA,1994,2,Providence,27.0,1998-99
Michael Olowokandi,Los Angeles Clippers,213.36,Nigeria,1998,1,Pacific,24.0,1998-99
Michael Hawkins,Sacramento Kings,182.88,USA,Undrafted,Undrafted,Xavier,26.0,1998-99
Michael Finley,Dallas Mavericks,200.66,USA,1995,1,Wisconsin,26.0,1998-99
Michael Doleac,Orlando Magic,210.82,USA,1998,1,Utah,22.0,1998-99
Michael Dickerson,Houston Rockets,195.58,USA,1998,1,Arizona,24.0,1998-99
Michael Curry,Milwaukee Bucks,195.58,USA,Undrafted,Undrafted,Georgia Southern,30.0,1998-99
Maurice Taylor,Los Angeles Clippers,205.74,USA,1997,1,Michigan,22.0,1998-99
Matt Maloney,Houston Rockets,190.5,USA,Undrafted,Undrafted,Pennsylvania,27.0,1998-99
Matt Harpring,Orlando Magic,200.66,USA,1998,1,Georgia Tech,23.0,1998-99
Matt Bullard,Houston Rockets,208.28,USA,Undrafted,Undrafted,Iowa,32.0,1998-99
Marty Conlon,Miami Heat,208.28,USA,Undrafted,Undrafted,Providence,31.0,1998-99
Marlon Garnett,Boston Celtics,187.96,USA,Undrafted,Undrafted,Santa Clara,23.0,1998-99
Marko Milic,Phoenix Suns,198.12,Slovenia,1997,2,,22.0,1998-99
Mark West,Atlanta Hawks,208.28,USA,1983,2,Old Dominion,38.0,1998-99
Mark Strickland,Miami Heat,208.28,USA,Undrafted,Undrafted,Temple,28.0,1998-99
Mark Bryant,Chicago Bulls,205.74,USA,1988,1,Seton Hall,34.0,1998-99
Mark Pope,Indiana Pacers,208.28,USA,1996,2,Kentucky,26.0,1998-99
Mark Macon,Detroit Pistons,193.04,USA,1991,1,Temple,30.0,1998-99
Mark Jackson,Indiana Pacers,190.5,USA,1987,1,St. John's (NY),34.0,1998-99
Mark Hendrickson,New Jersey Nets,205.74,USA,1996,2,Washington State,25.0,1998-99
Mark Davis,Miami Heat,200.66,USA,1995,2,Texas Tech,26.0,1998-99
LaPhonso Ellis,Atlanta Hawks,203.2,USA,1992,1,Notre Dame,29.0,1998-99
Miles Simon,Orlando Magic,190.5,USA,1998,2,Arizona,23.0,1998-99
Mitch Richmond,Washington Wizards,195.58,USA,1988,1,Kansas State,33.0,1998-99
Matt Geiger,Philadelphia 76ers,215.9,USA,1992,2,Georgia Tech,29.0,1998-99
Monty Williams,Denver Nuggets,203.2,USA,1994,1,Notre Dame,27.0,1998-99
Larry Hughes,Philadelphia 76ers,195.58,USA,1998,1,Saint Louis,20.0,1998-99
Mitchell Butler,Cleveland Cavaliers,195.58,USA,Undrafted,Undrafted,UCLA,28.0,1998-99
Larry Johnson,New York Knicks,200.66,USA,1991,1,Nevada-Las Vegas,30.0,1998-99
Latrell Sprewell,New York Knicks,195.58,USA,1992,1,Alabama,28.0,1998-99
Lawrence Funderburke,Sacramento Kings,205.74,USA,1994,2,Ohio State,28.0,1998-99
Lee Mayberry,Vancouver Grizzlies,185.42,USA,1992,1,Arkansas,29.0,1998-99
Lindsey Hunter,Detroit Pistons,187.96,USA,1993,1,Jackson State,28.0,1998-99
Litterial Green,Cleveland Cavaliers,185.42,USA,1992,2,Georgia,29.0,1998-99
Lorenzen Wright,Los Angeles Clippers,210.82,USA,1996,1,Memphis,23.0,1998-99
Loy Vaught,Detroit Pistons,205.74,USA,1990,1,Michigan,31.0,1998-99
Luc Longley,Phoenix Suns,218.44,USA,1991,1,New Mexico,30.0,1998-99
Lucious Harris,New Jersey Nets,195.58,USA,1993,2,Long Beach State,28.0,1998-99
Malik Rose,San Antonio Spurs,200.66,USA,1996,2,Drexel,24.0,1998-99
Loren Meyer,Denver Nuggets,208.28,USA,1995,1,Iowa State,26.0,1998-99
Nick Anderson,Orlando Magic,198.12,USA,1989,1,Illinois,31.0,1998-99
Mookie Blaylock,Atlanta Hawks,185.42,USA,1989,1,Oklahoma,32.0,1998-99
Malik Sealy,Minnesota Timberwolves,203.2,USA,1992,1,St. John's (NY),29.0,1998-99
Muggsy Bogues,Golden State Warriors,160.02,USA,1987,1,Wake Forest,34.0,1998-99
Nazr Mohammed,Philadelphia 76ers,208.28,USA,1998,1,Kentucky,21.0,1998-99
Negele Knight,Toronto Raptors,185.42,USA,1990,2,Dayton,32.0,1998-99
Nick Van Exel,Denver Nuggets,185.42,USA,1993,2,Cincinnati,27.0,1998-99
Moochie Norris,Seattle SuperSonics,187.96,USA,1996,2,West Florida,25.0,1998-99
Mark Baker,Toronto Raptors,185.42,USA,Undrafted,Undrafted,Ohio State,29.0,1998-99
Mario Elie,San Antonio Spurs,195.58,USA,1985,7,American International,35.0,1998-99
Mario Bennett,Chicago Bulls,198.12,USA,1995,1,Arizona State,25.0,1998-99
Marcus Camby,New York Knicks,210.82,USA,1996,1,Massachusetts,25.0,1998-99
Olden Polynice,Seattle SuperSonics,213.36,USA,1987,1,Virginia,34.0,1998-99
Michael Smith,Washington Wizards,203.2,USA,1994,2,Providence,28.0,1999-00
Michael Finley,Dallas Mavericks,200.66,USA,1995,1,Wisconsin,27.0,1999-00
Michael Stewart,Toronto Raptors,208.28,USA,Undrafted,Undrafted,California,25.0,1999-00
Michael Ruffin,Chicago Bulls,205.74,USA,1999,2,Tulsa,23.0,1999-00
Michael Olowokandi,Los Angeles Clippers,213.36,Nigeria,1998,1,Pacific,25.0,1999-00
Michael Hawkins,Charlotte Hornets,182.88,USA,Undrafted,Undrafted,Xavier,27.0,1999-00
Maurice Taylor,Los Angeles Clippers,205.74,USA,1997,1,Michigan,23.0,1999-00
Metta World Peace,Chicago Bulls,198.12,USA,1999,1,St. John's (NY),20.0,1999-00
Michael Dickerson,Vancouver Grizzlies,195.58,USA,1998,1,Arizona,25.0,1999-00
Michael Curry,Detroit Pistons,195.58,USA,Undrafted,Undrafted,Georgia Southern,31.0,1999-00
Michael Cage,New Jersey Nets,205.74,USA,1984,1,San Diego State,38.0,1999-00
Mike Bibby,Vancouver Grizzlies,187.96,USA,1998,1,Arizona,22.0,1999-00
Matt Maloney,Chicago Bulls,190.5,USA,Undrafted,Undrafted,Pennsylvania,28.0,1999-00
Michael Doleac,Orlando Magic,210.82,USA,1998,1,Utah,23.0,1999-00
Mikki Moore,Detroit Pistons,213.36,USA,Undrafted,Undrafted,Nebraska,24.0,1999-00
Othella Harrington,Vancouver Grizzlies,205.74,USA,1996,2,Georgetown,26.0,1999-00
Mirsad Turkcan,Milwaukee Bucks,205.74,USA,1998,1,,24.0,1999-00
Jeff Hornacek,Utah Jazz,193.04,USA,1986,2,Iowa State,37.0,1999-00
Matt Harpring,Orlando Magic,200.66,USA,1998,1,Georgia Tech,24.0,1999-00
P.J. Brown,Miami Heat,210.82,USA,1992,2,Louisiana Tech,30.0,1999-00
Otis Thorpe,Miami Heat,208.28,USA,1984,1,Providence,37.0,1999-00
Oliver Miller,Phoenix Suns,205.74,USA,1992,1,Arkansas,30.0,1999-00
Olden Polynice,Utah Jazz,213.36,USA,1987,1,Virginia,35.0,1999-00
Obinna Ekezie,Vancouver Grizzlies,205.74,Nigeria,1999,2,Maryland,24.0,1999-00
Nick Van Exel,Denver Nuggets,185.42,USA,1993,2,Cincinnati,28.0,1999-00
Nick Anderson,Sacramento Kings,198.12,USA,1989,1,Illinois,32.0,1999-00
Nazr Mohammed,Philadelphia 76ers,208.28,USA,1998,1,Kentucky,22.0,1999-00
Muggsy Bogues,Toronto Raptors,160.02,USA,1987,1,Wake Forest,35.0,1999-00
Mookie Blaylock,Golden State Warriors,185.42,USA,1989,1,Oklahoma,33.0,1999-00
Moochie Norris,Houston Rockets,185.42,USA,1996,2,West Florida,26.0,1999-00
Monty Williams,Orlando Magic,203.2,USA,1994,1,Notre Dame,28.0,1999-00
Mitch Richmond,Washington Wizards,195.58,USA,1988,1,Kansas State,35.0,1999-00
Milt Palacio,Vancouver Grizzlies,190.5,Belize,Undrafted,Undrafted,Colorado State,22.0,1999-00
Matt Geiger,Philadelphia 76ers,215.9,USA,1992,2,Georgia Tech,30.0,1999-00
Mario Bennett,Los Angeles Clippers,198.12,USA,1995,1,Arizona State,26.0,1999-00
Marty Conlon,Los Angeles Clippers,208.28,USA,Undrafted,Undrafted,Providence,32.0,1999-00
Johnny Newman,New Jersey Nets,200.66,USA,1986,2,Richmond,36.0,1999-00
Johnny Taylor,Orlando Magic,205.74,USA,1997,1,Tennessee-Chattanooga,26.0,1999-00
Jon Barry,Sacramento Kings,195.58,USA,1992,1,Georgia Tech,30.0,1999-00
Jonathan Bender,Indiana Pacers,210.82,USA,1999,1,,19.0,1999-00
Jud Buechler,Detroit Pistons,198.12,USA,1990,2,Arizona,32.0,1999-00
Jumaine Jones,Philadelphia 76ers,203.2,USA,1999,1,Georgia,21.0,1999-00
John Wallace,New York Knicks,205.74,USA,1996,1,Syracuse,26.0,1999-00
Juwan Howard,Washington Wizards,205.74,USA,1994,1,Michigan,27.0,1999-00
Keith Closs,Los Angeles Clippers,220.98,USA,Undrafted,Undrafted,Central Connecticut State,24.0,1999-00
Keith Van Horn,New Jersey Nets,208.28,USA,1997,1,Utah,24.0,1999-00
Kelvin Cato,Houston Rockets,210.82,USA,1997,1,Iowa State,25.0,1999-00
Kendall Gill,New Jersey Nets,195.58,USA,1990,1,Illinois,32.0,1999-00
Kenny Anderson,Boston Celtics,185.42,USA,1991,1,Georgia Tech,29.0,1999-00
Kenny Thomas,Houston Rockets,203.2,USA,1999,1,New Mexico,22.0,1999-00
Karl Malone,Utah Jazz,205.74,USA,1985,1,Louisiana Tech,36.0,1999-00
John Thomas,Toronto Raptors,205.74,USA,1997,1,Minnesota,24.0,1999-00
John Stockton,Utah Jazz,185.42,USA,1984,1,Gonzaga,38.0,1999-00
John Starks,Chicago Bulls,190.5,USA,Undrafted,Undrafted,Oklahoma State,34.0,1999-00
Jeff McInnis,Los Angeles Clippers,193.04,USA,1996,2,North Carolina,25.0,1999-00
Jelani McCoy,Seattle SuperSonics,208.28,USA,1998,2,UCLA,22.0,1999-00
Jermaine O'Neal,Portland Trail Blazers,210.82,USA,1996,1,,21.0,1999-00
Jerome Kersey,San Antonio Spurs,200.66,USA,1984,2,Longwood,38.0,1999-00
Jerome Williams,Detroit Pistons,205.74,USA,1996,1,Georgetown,27.0,1999-00
Jerry Stackhouse,Detroit Pistons,198.12,USA,1995,1,North Carolina,25.0,1999-00
Jim Jackson,Atlanta Hawks,198.12,USA,1992,1,Ohio State,29.0,1999-00
Jim McIlvaine,New Jersey Nets,215.9,USA,1994,2,Marquette,27.0,1999-00
Joe Kleine,Portland Trail Blazers,210.82,USA,1985,1,Arkansas,38.0,1999-00
Joe Smith,Minnesota Timberwolves,208.28,USA,1995,1,Maryland,24.0,1999-00
Joe Stephens,Vancouver Grizzlies,200.66,USA,Undrafted,Undrafted,Arkansas-Little Rock,27.0,1999-00
John Amaechi,Orlando Magic,208.28,England,Undrafted,Undrafted,Penn State,29.0,1999-00
John Celestand,Los Angeles Lakers,193.04,USA,1999,2,Villanova,23.0,1999-00
John Crotty,Detroit Pistons,187.96,USA,Undrafted,Undrafted,Virginia,30.0,1999-00
John Salley,Los Angeles Lakers,210.82,USA,1986,1,Georgia Tech,36.0,1999-00
Keon Clark,Denver Nuggets,210.82,USA,1998,1,Nevada-Las Vegas,25.0,1999-00
Matt Bullard,Houston Rockets,208.28,USA,Undrafted,Undrafted,Iowa,33.0,1999-00
Kevin Garnett,Minnesota Timberwolves,210.82,USA,1995,1,,24.0,1999-00
Kevin Ollie,Philadelphia 76ers,193.04,USA,Undrafted,Undrafted,Connecticut,27.0,1999-00
Loy Vaught,Detroit Pistons,205.74,USA,1990,1,Michigan,32.0,1999-00
Luc Longley,Phoenix Suns,218.44,USA,1991,1,New Mexico,31.0,1999-00
Lucious Harris,New Jersey Nets,195.58,USA,1993,2,Long Beach State,29.0,1999-00
Malik Rose,San Antonio Spurs,200.66,USA,1996,2,Drexel,25.0,1999-00
Malik Sealy,Minnesota Timberwolves,203.2,USA,1992,1,St. John's (NY),30.0,1999-00
Marcus Brown,Detroit Pistons,190.5,USA,1996,2,Murray State,26.0,1999-00
Lorenzo Williams,Washington Wizards,205.74,USA,Undrafted,Undrafted,Stetson,30.0,1999-00
Marcus Camby,New York Knicks,210.82,USA,1996,1,Massachusetts,26.0,1999-00
Mark Bryant,Cleveland Cavaliers,205.74,USA,1988,1,Seton Hall,35.0,1999-00
Mark Davis,Golden State Warriors,200.66,USA,1995,2,Texas Tech,27.0,1999-00
Mark Hendrickson,New Jersey Nets,205.74,USA,1996,2,Washington State,26.0,1999-00
Mark Jackson,Indiana Pacers,190.5,USA,1987,1,St. John's (NY),35.0,1999-00
Mark Strickland,Miami Heat,208.28,USA,Undrafted,Undrafted,Temple,29.0,1999-00
Mark West,Phoenix Suns,208.28,USA,1983,2,Old Dominion,39.0,1999-00
Mario Elie,San Antonio Spurs,195.58,USA,1985,7,American International,36.0,1999-00
Lorenzen Wright,Atlanta Hawks,210.82,USA,1996,1,Memphis,24.0,1999-00
Lindsey Hunter,Detroit Pistons,187.96,USA,1993,1,Jackson State,29.0,1999-00
Lazaro Borrell,Seattle SuperSonics,203.2,USA,Undrafted,Undrafted,,27.0,1999-00
Kevin Willis,Toronto Raptors,213.36,USA,1984,1,Michigan State,37.0,1999-00
Khalid Reeves,Chicago Bulls,190.5,USA,1994,1,Arizona,27.0,1999-00
Kiwane Garris,Orlando Magic,187.96,USA,Undrafted,Undrafted,Illinois,25.0,1999-00
Kobe Bryant,Los Angeles Lakers,200.66,USA,1996,1,,21.0,1999-00
Kornel David,Cleveland Cavaliers,205.74,USA,Undrafted,Undrafted,,28.0,1999-00
Kurt Thomas,New York Knicks,205.74,USA,1995,1,Texas Christian,27.0,1999-00
LaPhonso Ellis,Atlanta Hawks,203.2,USA,1992,1,Notre Dame,30.0,1999-00
Lamar Odom,Los Angeles Clippers,208.28,USA,1999,1,Rhode Island,20.0,1999-00
Lamond Murray,Cleveland Cavaliers,200.66,USA,1994,1,California,27.0,1999-00
Lari Ketner,Cleveland Cavaliers,208.28,USA,1999,2,Massachusetts,23.0,1999-00
Laron Profit,Washington Wizards,195.58,USA,1999,2,Maryland,22.0,1999-00
Larry Hughes,Golden State Warriors,195.58,USA,1998,1,Saint Louis,21.0,1999-00
Larry Johnson,New York Knicks,200.66,USA,1991,1,Nevada-Las Vegas,31.0,1999-00
Latrell Sprewell,New York Knicks,195.58,USA,1992,1,Alabama,29.0,1999-00
Lawrence Funderburke,Sacramento Kings,205.74,USA,1994,2,Ohio State,29.0,1999-00
Kevin Johnson,Phoenix Suns,185.42,USA,1987,1,California,34.0,1999-00
Kerry Kittles,New Jersey Nets,195.58,USA,1996,1,Villanova,26.0,1999-00
Jermaine Jackson,Detroit Pistons,195.58,USA,Undrafted,Undrafted,Detroit Mercy,24.0,1999-00
Patrick Ewing,New York Knicks,213.36,Jamaica,1985,1,Georgetown,37.0,1999-00
Tony Battie,Boston Celtics,210.82,USA,1997,1,Texas Tech,24.0,1999-00
Toni Kukoc,Philadelphia 76ers,210.82,Croatia,1990,2,,31.0,1999-00
Tom Hammonds,Minnesota Timberwolves,205.74,USA,1989,1,Georgia Tech,33.0,1999-00
Todd MacCulloch,Philadelphia 76ers,213.36,Canada,1999,2,Washington,24.0,1999-00
Todd Fuller,Charlotte Hornets,210.82,USA,1996,1,North Carolina State,25.0,1999-00
Todd Day,Phoenix Suns,198.12,USA,1992,1,Arkansas,30.0,1999-00
Toby Bailey,Phoenix Suns,198.12,USA,1998,2,UCLA,24.0,1999-00
Tim Young,Golden State Warriors,218.44,USA,1999,2,Stanford,24.0,1999-00
Tim Thomas,Milwaukee Bucks,208.28,USA,1997,1,Villanova,23.0,1999-00
Tim Legler,Golden State Warriors,193.04,USA,Undrafted,Undrafted,La Salle,33.0,1999-00
Tim James,Miami Heat,200.66,USA,1999,1,Miami (FL),23.0,1999-00
Tim Hardaway,Miami Heat,182.88,USA,1989,1,Texas-El Paso,33.0,1999-00
Tim Duncan,San Antonio Spurs,213.36,US Virgin Islands,1997,1,Wake Forest,24.0,1999-00
Thomas Hamilton,Houston Rockets,218.44,USA,Undrafted,Undrafted,Pittsburgh,25.0,1999-00
Theo Ratliff,Philadelphia 76ers,208.28,USA,1995,1,Wyoming,27.0,1999-00
Terry Porter,San Antonio Spurs,190.5,USA,1985,1,Wisconsin-Stevens Point,37.0,1999-00
Terry Mills,Detroit Pistons,208.28,USA,1990,1,Michigan,32.0,1999-00
Terry Cummings,Golden State Warriors,205.74,USA,1982,1,DePaul,39.0,1999-00
Terrell Brandon,Minnesota Timberwolves,180.34,USA,1991,1,Oregon,30.0,1999-00
Tariq Abdul-Wahad,Denver Nuggets,198.12,France,1997,1,San Jose State,25.0,1999-00
Steven Smith,Portland Trail Blazers,203.2,USA,1991,1,Michigan State,31.0,1999-00
Steve Nash,Dallas Mavericks,190.5,Canada,1996,1,Santa Clara,26.0,1999-00
Steve Kerr,San Antonio Spurs,190.5,USA,1988,2,Arizona,34.0,1999-00
Steve Francis,Houston Rockets,190.5,USA,1999,1,Maryland,23.0,1999-00
Stephon Marbury,New Jersey Nets,187.96,USA,1996,1,Georgia Tech,23.0,1999-00
Stanley Roberts,Philadelphia 76ers,213.36,USA,1991,1,Louisiana State,30.0,1999-00
Stacey Augmon,Portland Trail Blazers,203.2,USA,1991,1,Nevada-Las Vegas,31.0,1999-00
Tony Delk,Sacramento Kings,187.96,USA,1996,1,Kentucky,26.0,1999-00
Sherman Douglas,New Jersey Nets,185.42,USA,1989,2,Syracuse,33.0,1999-00
Tony Farmer,Golden State Warriors,205.74,USA,Undrafted,Undrafted,Nebraska,30.0,1999-00
Tracy McGrady,Toronto Raptors,203.2,USA,1997,1,,21.0,1999-00
Jeff Foster,Indiana Pacers,210.82,USA,1999,1,Texas State,23.0,1999-00
Zan Tabak,Indiana Pacers,213.36,USA,1991,2,,30.0,1999-00
William Avery,Minnesota Timberwolves,187.96,USA,1999,1,Duke,20.0,1999-00
Will Perdue,Chicago Bulls,213.36,USA,1988,1,Vanderbilt,34.0,1999-00
Wesley Person,Cleveland Cavaliers,198.12,USA,1994,1,Auburn,29.0,1999-00
Wayne Turner,Boston Celtics,187.96,USA,Undrafted,Undrafted,Kentucky,24.0,1999-00
Walter McCarty,Boston Celtics,208.28,USA,1996,1,Kentucky,26.0,1999-00
Walt Williams,Houston Rockets,203.2,USA,1992,1,Maryland,30.0,1999-00
Wally Szczerbiak,Minnesota Timberwolves,200.66,USA,1999,1,Miami (OH),23.0,1999-00
Voshon Lenard,Miami Heat,193.04,USA,1994,2,Minnesota,27.0,1999-00
Vonteego Cummings,Golden State Warriors,190.5,USA,1999,1,Pittsburgh,24.0,1999-00
Vladimir Stepania,Seattle SuperSonics,213.36,Georgia,1998,1,,24.0,1999-00
Vlade Divac,Sacramento Kings,215.9,Serbia and Montenegro,1989,1,,32.0,1999-00
Vitaly Potapenko,Boston Celtics,208.28,Ukraine,1996,1,Wright State,25.0,1999-00
Vinny Del Negro,Milwaukee Bucks,193.04,USA,1988,2,North Carolina State,33.0,1999-00
Vince Carter,Toronto Raptors,200.66,USA,1998,1,North Carolina,23.0,1999-00
Vin Baker,Seattle SuperSonics,210.82,USA,1993,1,Hartford,28.0,1999-00
Vernon Maxwell,Seattle SuperSonics,193.04,USA,1988,2,Florida,34.0,1999-00
Tyronn Lue,Los Angeles Lakers,182.88,USA,1998,1,Nebraska,23.0,1999-00
Tyrone Nesby,Los Angeles Clippers,198.12,USA,Undrafted,Undrafted,Nevada-Las Vegas,24.0,1999-00
Tyrone Hill,Philadelphia 76ers,205.74,USA,1990,1,Xavier,32.0,1999-00
Tyrone Corbin,Sacramento Kings,198.12,USA,1985,2,DePaul,37.0,1999-00
Troy Hudson,Los Angeles Clippers,185.42,USA,Undrafted,Undrafted,Southern Illinois,24.0,1999-00
Travis Knight,Los Angeles Lakers,213.36,USA,1996,1,Connecticut,25.0,1999-00
Travis Best,Indiana Pacers,180.34,USA,1995,1,Georgia Tech,27.0,1999-00
Trajan Langdon,Cleveland Cavaliers,190.5,USA,1999,1,Duke,24.0,1999-00
Tracy Murray,Washington Wizards,200.66,USA,1992,1,UCLA,28.0,1999-00
Tony Massenburg,Houston Rockets,205.74,USA,1990,2,Maryland,32.0,1999-00
Shawn Marion,Phoenix Suns,200.66,USA,1999,1,Nevada-Las Vegas,22.0,1999-00
Shawn Kemp,Cleveland Cavaliers,208.28,USA,1989,1,Trinity Valley Community College,30.0,1999-00
Shawn Bradley,Dallas Mavericks,228.6,USA,1993,1,Brigham Young,28.0,1999-00
Robert Pack,Dallas Mavericks,187.96,USA,Undrafted,Undrafted,Southern California,31.0,1999-00
Robert Horry,Los Angeles Lakers,208.28,USA,1992,1,Alabama,29.0,1999-00
Rik Smits,Indiana Pacers,223.52,USA,1988,1,Marist,33.0,1999-00
Ricky Davis,Charlotte Hornets,200.66,USA,1998,1,Iowa,20.0,1999-00
Rick Hughes,Dallas Mavericks,205.74,USA,Undrafted,Undrafted,Thomas More,26.0,1999-00
Rick Fox,Los Angeles Lakers,200.66,Canada,1991,1,North Carolina,30.0,1999-00
Rick Brunson,New York Knicks,193.04,USA,Undrafted,Undrafted,Temple,28.0,1999-00
Richard Hamilton,Washington Wizards,198.12,USA,1999,1,Connecticut,22.0,1999-00
Rex Walters,Miami Heat,193.04,USA,1993,1,Kansas,30.0,1999-00
Rex Chapman,Phoenix Suns,193.04,USA,1988,1,Kentucky,32.0,1999-00
Reggie Miller,Indiana Pacers,200.66,USA,1987,1,UCLA,34.0,1999-00
Reggie Jordan,Washington Wizards,193.04,USA,Undrafted,Undrafted,New Mexico State,32.0,1999-00
Ray Allen,Milwaukee Bucks,195.58,USA,1996,1,Connecticut,24.0,1999-00
Rasho Nesterovic,Minnesota Timberwolves,213.36,Slovenia,1998,1,,24.0,1999-00
Rasheed Wallace,Portland Trail Blazers,210.82,USA,1995,1,North Carolina,25.0,1999-00
Rashard Lewis,Seattle SuperSonics,208.28,USA,1998,2,,20.0,1999-00
Randy Livingston,Phoenix Suns,193.04,USA,1996,2,Louisiana State,25.0,1999-00
Randy Brown,Chicago Bulls,187.96,USA,1991,2,New Mexico State,32.0,1999-00
Randell Jackson,Dallas Mavericks,210.82,USA,1999,Undrafted,Florida State,24.0,1999-00
Rafer Alston,Milwaukee Bucks,187.96,USA,1998,2,Fresno State,23.0,1999-00
Raef LaFrentz,Denver Nuggets,210.82,USA,1998,1,Kansas,24.0,1999-00
Quincy Lewis,Utah Jazz,200.66,USA,1999,1,Minnesota,23.0,1999-00
Popeye Jones,Denver Nuggets,203.2,USA,1992,2,Murray State,30.0,1999-00
Pete Chilcutt,Los Angeles Clippers,208.28,USA,1991,1,North Carolina,31.0,1999-00
Pervis Ellison,Boston Celtics,205.74,USA,1989,1,Louisville,33.0,1999-00
Peja Stojakovic,Sacramento Kings,205.74,Serbia and Montenegro,1996,1,,23.0,1999-00
Paul Pierce,Boston Celtics,200.66,USA,1998,1,Kansas,22.0,1999-00
Robert Traylor,Milwaukee Bucks,203.2,USA,1998,1,Michigan,23.0,1999-00
Rod Strickland,Washington Wizards,190.5,USA,1988,1,DePaul,33.0,1999-00
Rodney Buford,Miami Heat,195.58,USA,1999,2,Creighton,22.0,1999-00
Rodney Rogers,Phoenix Suns,200.66,USA,1993,1,Wake Forest,29.0,1999-00
Shareef Abdur-Rahim,Vancouver Grizzlies,205.74,USA,1996,1,California,23.0,1999-00
Shaquille O'Neal,Los Angeles Lakers,215.9,USA,1992,1,Louisiana State,28.0,1999-00
Shandon Anderson,Houston Rockets,198.12,USA,1996,2,Georgia,26.0,1999-00
Shammond Williams,Seattle SuperSonics,185.42,USA,1998,2,North Carolina,25.0,1999-00
Sean Rooks,Dallas Mavericks,208.28,USA,1992,2,Arizona,30.0,1999-00
Sean Marks,Toronto Raptors,208.28,New Zealand,1998,2,California,24.0,1999-00
Sean Elliott,San Antonio Spurs,203.2,USA,1989,1,Arizona,32.0,1999-00
Scottie Pippen,Portland Trail Blazers,200.66,USA,1987,1,Central Arkansas,34.0,1999-00
Scott Williams,Milwaukee Bucks,208.28,USA,Undrafted,Undrafted,North Carolina,32.0,1999-00
Scott Padgett,Utah Jazz,205.74,USA,1999,1,Kentucky,24.0,1999-00
Scott Burrell,New Jersey Nets,200.66,USA,1993,1,Connecticut,29.0,1999-00
Scot Pollard,Sacramento Kings,210.82,USA,1997,1,Kansas,25.0,1999-00
Samaki Walker,San Antonio Spurs,205.74,USA,1996,1,Louisville,24.0,1999-00
Pat Garrity,Orlando Magic,205.74,USA,1998,1,Notre Dame,23.0,1999-00
Sam Perkins,Indiana Pacers,205.74,USA,1984,1,North Carolina,39.0,1999-00
Sam Mack,Golden State Warriors,200.66,USA,Undrafted,Undrafted,Houston,30.0,1999-00
Sam Jacobson,Golden State Warriors,193.04,USA,1998,1,Minnesota,24.0,1999-00
Sam Cassell,Milwaukee Bucks,190.5,USA,1993,1,Florida State,30.0,1999-00
Ryan Stack,Cleveland Cavaliers,210.82,USA,1998,2,South Carolina,24.0,1999-00
Ryan Robertson,Sacramento Kings,195.58,USA,1999,2,Kansas,23.0,1999-00
Ryan Bowen,Denver Nuggets,200.66,USA,1998,2,Iowa,24.0,1999-00
Rusty LaRue,Chicago Bulls,190.5,USA,Undrafted,Undrafted,Wake Forest,26.0,1999-00
Ruben Patterson,Seattle SuperSonics,198.12,USA,1998,2,Cincinnati,24.0,1999-00
Roy Rogers,Denver Nuggets,208.28,USA,1996,1,Alabama,26.0,1999-00
Roshown McLeod,Atlanta Hawks,203.2,USA,1998,1,Duke,24.0,1999-00
Ron Mercer,Orlando Magic,200.66,USA,1997,1,Kentucky,24.0,1999-00
Ron Harper,Los Angeles Lakers,198.12,USA,1986,1,Miami (OH),36.0,1999-00
Rodrick Rhodes,Dallas Mavericks,198.12,USA,1997,1,Southern California,26.0,1999-00
Sam Mitchell,Minnesota Timberwolves,200.66,USA,1985,3,Mercer,36.0,1999-00
Jason Williams,Sacramento Kings,185.42,USA,1998,1,Florida,24.0,1999-00
Tom Gugliotta,Phoenix Suns,208.28,USA,1992,1,North Carolina State,30.0,1999-00
Jason Miskiri,Charlotte Hornets,187.96,USA,Undrafted,Undrafted,George Mason,24.0,1999-00
Charles Oakley,Toronto Raptors,205.74,USA,1985,1,Virginia Union,36.0,1999-00
Charles Barkley,Houston Rockets,198.12,USA,1984,1,Auburn,37.0,1999-00
Cedric Henderson,Cleveland Cavaliers,200.66,USA,1997,2,Memphis,25.0,1999-00
Cedric Ceballos,Dallas Mavericks,200.66,USA,1990,2,Cal State-Fullerton,30.0,1999-00
Carlos Rogers,Houston Rockets,210.82,USA,1994,1,Tennessee State,29.0,1999-00
Calvin Booth,Washington Wizards,210.82,USA,1999,2,Penn State,24.0,1999-00
Calbert Cheaney,Boston Celtics,200.66,USA,1993,1,Indiana,28.0,1999-00
Cal Bowdler,Atlanta Hawks,208.28,USA,1999,1,Old Dominion,23.0,1999-00
Bryon Russell,Utah Jazz,200.66,USA,1993,2,Long Beach State,29.0,1999-00
Bryce Drew,Houston Rockets,190.5,USA,1998,1,Valparaiso,25.0,1999-00
Bryant Stith,Denver Nuggets,195.58,USA,1992,1,Virginia,29.0,1999-00
Bryant Reeves,Vancouver Grizzlies,213.36,USA,1995,1,Oklahoma State,27.0,1999-00
Bruno Sundov,Dallas Mavericks,218.44,Croatia,1998,2,,20.0,1999-00
Bruce Bowen,Miami Heat,200.66,USA,Undrafted,Undrafted,Cal State-Fullerton,29.0,1999-00
Brian Skinner,Los Angeles Clippers,205.74,USA,1998,1,Baylor,24.0,1999-00
Brian Shaw,Los Angeles Lakers,198.12,USA,1988,1,California-Santa Barbara,34.0,1999-00
Brian Grant,Portland Trail Blazers,205.74,USA,1994,1,Xavier,28.0,1999-00
Brevin Knight,Cleveland Cavaliers,177.8,USA,1997,1,Stanford,24.0,1999-00
Brent Price,Vancouver Grizzlies,185.42,USA,1992,2,Oklahoma,31.0,1999-00
Brent Barry,Seattle SuperSonics,198.12,USA,1995,1,Oregon State,28.0,1999-00
Brad Miller,Charlotte Hornets,213.36,USA,Undrafted,Undrafted,Purdue,24.0,1999-00
Charles R. Jones,Los Angeles Clippers,190.5,USA,Undrafted,Undrafted,Long Island-Brooklyn,24.0,1999-00
Charlie Ward,New York Knicks,187.96,USA,1994,1,Florida State,29.0,1999-00
Chauncey Billups,Denver Nuggets,190.5,USA,1997,1,Colorado,23.0,1999-00
Cherokee Parks,Vancouver Grizzlies,210.82,USA,1995,1,Duke,27.0,1999-00
Cory Alexander,Denver Nuggets,185.42,USA,1995,1,Virginia,27.0,1999-00
Corliss Williamson,Sacramento Kings,200.66,USA,1995,1,Arkansas,26.0,1999-00
Corie Blount,Phoenix Suns,208.28,USA,1993,1,Cincinnati,31.0,1999-00
Corey Maggette,Orlando Magic,198.12,USA,1999,1,Duke,20.0,1999-00
Corey Benjamin,Chicago Bulls,198.12,USA,1998,1,Oregon State,22.0,1999-00
Clifford Robinson,Phoenix Suns,208.28,USA,1989,2,Connecticut,33.0,1999-00
Clar. Weatherspoon,Miami Heat,200.66,USA,1992,1,Southern Mississippi,29.0,1999-00
Chucky Brown,Charlotte Hornets,203.2,USA,1989,2,North Carolina State,32.0,1999-00
Chucky Atkins,Orlando Magic,180.34,USA,Undrafted,Undrafted,South Florida,25.0,1999-00
Chuck Person,Seattle SuperSonics,203.2,USA,1986,1,Auburn,36.0,1999-00
Bonzi Wells,Portland Trail Blazers,195.58,USA,1998,1,Ball State,23.0,1999-00
Christian Laettner,Detroit Pistons,210.82,USA,1992,1,Duke,30.0,1999-00
Chris Webber,Sacramento Kings,208.28,USA,1993,1,Michigan,27.0,1999-00
Chris Mullin,Indiana Pacers,200.66,USA,1985,1,St. John's (NY),36.0,1999-00
Chris Mills,Golden State Warriors,200.66,USA,1993,1,Arizona,30.0,1999-00
Chris Herren,Denver Nuggets,187.96,USA,1999,2,Fresno State,24.0,1999-00
Chris Gatling,Denver Nuggets,208.28,USA,1991,1,Old Dominion,32.0,1999-00
Chris Dudley,New York Knicks,210.82,USA,1987,4,Yale,35.0,1999-00
Chris Crawford,Atlanta Hawks,205.74,USA,1997,2,Marquette,25.0,1999-00
Chris Childs,New York Knicks,190.5,USA,Undrafted,Undrafted,Boise State,32.0,1999-00
Chris Carr,Chicago Bulls,198.12,USA,1995,2,Southern Illinois,26.0,1999-00
Chris Anstey,Chicago Bulls,213.36,USA,1997,1,,25.0,1999-00
Chris Whitney,Washington Wizards,182.88,USA,1993,2,Clemson,28.0,1999-00
Bobby Phills,Charlotte Hornets,195.58,USA,1991,2,Southern,30.0,1999-00
Bobby Jackson,Minnesota Timberwolves,185.42,USA,1997,1,Minnesota,27.0,1999-00
Bob Sura,Cleveland Cavaliers,195.58,USA,1995,1,Florida State,27.0,1999-00
Anthony Carter,Miami Heat,185.42,USA,Undrafted,Undrafted,Hawaii,25.0,1999-00
Anthony Avent,Los Angeles Clippers,205.74,USA,1991,1,Seton Hall,30.0,1999-00
Antawn Jamison,Golden State Warriors,205.74,USA,1998,1,North Carolina,24.0,1999-00
Anfernee Hardaway,Phoenix Suns,200.66,USA,1993,1,Memphis,28.0,1999-00
Andrew Lang,New York Knicks,210.82,USA,1988,2,Arkansas,34.0,1999-00
Andrew DeClercq,Cleveland Cavaliers,208.28,USA,1995,2,Florida,27.0,1999-00
Andre Miller,Cleveland Cavaliers,187.96,USA,1999,1,Utah,24.0,1999-00
Andrae Patterson,Minnesota Timberwolves,205.74,USA,1998,2,Indiana,24.0,1999-00
Alvin Williams,Toronto Raptors,195.58,USA,1997,2,Villanova,25.0,1999-00
Alonzo Mourning,Miami Heat,208.28,USA,1992,1,Georgetown,30.0,1999-00
Anthony Johnson,Orlando Magic,190.5,USA,1997,2,College of Charleston,25.0,1999-00
Allen Iverson,Philadelphia 76ers,182.88,USA,1996,1,Georgetown,25.0,1999-00
Aleksandar Radojevic,Toronto Raptors,220.98,USA,1999,1,Barton Community College,23.0,1999-00
Alan Henderson,Atlanta Hawks,205.74,USA,1995,1,Indiana,27.0,1999-00
Al Harrington,Indiana Pacers,205.74,USA,1998,1,,20.0,1999-00
Adrian Griffin,Boston Celtics,195.58,USA,Undrafted,Undrafted,Seton Hall,25.0,1999-00
Adonal Foyle,Golden State Warriors,208.28,St. Vincent & Grenadines,1997,1,Colgate,25.0,1999-00
Adam Keefe,Utah Jazz,205.74,USA,1992,1,Stanford,30.0,1999-00
Aaron Williams,Washington Wizards,205.74,USA,Undrafted,Undrafted,Xavier,28.0,1999-00
Aaron McKie,Philadelphia 76ers,195.58,USA,1994,1,Temple,27.0,1999-00
A.J. Bramlett,Cleveland Cavaliers,208.28,USA,1999,2,Arizona,23.0,1999-00
A.C. Green,Los Angeles Lakers,205.74,USA,1985,1,Oregon State,36.0,1999-00
Allan Houston,New York Knicks,198.12,USA,1993,1,Tennessee,29.0,1999-00
Cuttino Mobley,Houston Rockets,193.04,USA,1998,2,Rhode Island,24.0,1999-00
Anthony Mason,Charlotte Hornets,203.2,USA,1988,3,Tennessee State,33.0,1999-00
Anthony Parker,Orlando Magic,198.12,USA,1997,1,Bradley,25.0,1999-00
Bo Outlaw,Orlando Magic,203.2,USA,Undrafted,Undrafted,Houston,29.0,1999-00
Bimbo Coles,Atlanta Hawks,187.96,USA,1990,2,Virginia Tech,32.0,1999-00
Billy Owens,Golden State Warriors,205.74,USA,1991,1,Syracuse,31.0,1999-00
Bill Wennington,Sacramento Kings,213.36,USA,1985,1,St. John's (NY),37.0,1999-00
Bill Curley,Golden State Warriors,205.74,USA,1994,1,Boston College,28.0,1999-00
Benoit Benjamin,Cleveland Cavaliers,213.36,USA,1985,1,Creighton,35.0,1999-00
Ben Wallace,Orlando Magic,205.74,USA,Undrafted,Undrafted,Virginia Union,25.0,1999-00
Ben Davis,Phoenix Suns,205.74,USA,1996,2,Arizona,27.0,1999-00
Baron Davis,Charlotte Hornets,190.5,USA,1999,1,UCLA,21.0,1999-00
B.J. Armstrong,Chicago Bulls,187.96,USA,1989,1,Iowa,32.0,1999-00
Anthony Miller,Houston Rockets,205.74,USA,1994,2,Michigan State,28.0,1999-00
Avery Johnson,San Antonio Spurs,180.34,USA,Undrafted,Undrafted,Southern,35.0,1999-00
Arvydas Sabonis,Portland Trail Blazers,220.98,Lithuania,1986,1,,35.0,1999-00
Armen Gilliam,Utah Jazz,205.74,USA,1987,1,Nevada-Las Vegas,36.0,1999-00
Antonio McDyess,Denver Nuggets,205.74,USA,1995,1,Alabama,25.0,1999-00
Antonio Lang,Philadelphia 76ers,203.2,USA,1994,2,Duke,28.0,1999-00
Antonio Harvey,Portland Trail Blazers,210.82,USA,Undrafted,Undrafted,Pfeiffer,29.0,1999-00
Antonio Davis,Toronto Raptors,205.74,USA,1990,2,Texas-El Paso,31.0,1999-00
Antonio Daniels,San Antonio Spurs,193.04,USA,1997,1,Bowling Green,25.0,1999-00
Antoine Walker,Boston Celtics,205.74,USA,1996,1,Kentucky,23.0,1999-00
Antoine Carr,Vancouver Grizzlies,205.74,USA,1983,1,Wichita State,38.0,1999-00
Anthony Peeler,Minnesota Timberwolves,193.04,USA,1992,1,Missouri,30.0,1999-00
Austin Croshere,Indiana Pacers,205.74,USA,1997,1,Providence,25.0,1999-00
Dale Davis,Indiana Pacers,210.82,USA,1991,1,Clemson,31.0,1999-00
Jason Terry,Atlanta Hawks,187.96,USA,1999,1,Arizona,22.0,1999-00
Damon Jones,Dallas Mavericks,190.5,USA,Undrafted,Undrafted,Houston,23.0,1999-00
Glenn Robinson,Milwaukee Bucks,200.66,USA,1994,1,Purdue,27.0,1999-00
Glen Rice,Los Angeles Lakers,203.2,USA,1989,1,Michigan,33.0,1999-00
Gheorghe Muresan,New Jersey Nets,231.14,USA,1993,2,,29.0,1999-00
Gerard King,Washington Wizards,205.74,USA,Undrafted,Undrafted,Nicholls State,27.0,1999-00
George McCloud,Denver Nuggets,203.2,USA,1989,1,Florida State,33.0,1999-00
George Lynch,Philadelphia 76ers,203.2,USA,1993,1,North Carolina,29.0,1999-00
Gary Trent,Dallas Mavericks,203.2,USA,1995,1,Ohio,25.0,1999-00
Gary Payton,Seattle SuperSonics,193.04,USA,1990,1,Oregon State,31.0,1999-00
Gary Grant,Portland Trail Blazers,190.5,USA,1988,1,Michigan,35.0,1999-00
Fred Vinson,Seattle SuperSonics,193.04,USA,Undrafted,Undrafted,Georgia Tech,29.0,1999-00
Fred Hoiberg,Chicago Bulls,193.04,USA,1995,2,Iowa State,27.0,1999-00
Felton Spencer,San Antonio Spurs,213.36,USA,1990,1,Louisville,32.0,1999-00
Felipe Lopez,Vancouver Grizzlies,198.12,Dominican Republic,1998,1,St. John's (NY),25.0,1999-00
Evan Eschmeyer,New Jersey Nets,210.82,USA,1999,2,Northwestern,25.0,1999-00
Etdrick Bohannon,Los Angeles Clippers,205.74,USA,Undrafted,Undrafted,Auburn-Montgomery,27.0,1999-00
Ervin Johnson,Milwaukee Bucks,210.82,USA,1993,1,New Orleans,32.0,1999-00
Erick Strickland,Dallas Mavericks,190.5,USA,Undrafted,Undrafted,Nebraska,26.0,1999-00
Erick Dampier,Golden State Warriors,210.82,USA,1996,1,Mississippi State,24.0,1999-00
Eric Williams,Boston Celtics,203.2,USA,1995,1,Providence,27.0,1999-00
Eric Snow,Philadelphia 76ers,190.5,USA,1995,2,Michigan State,27.0,1999-00
Eric Piatkowski,Los Angeles Clippers,200.66,USA,1994,1,Nebraska,29.0,1999-00
Grant Hill,Detroit Pistons,203.2,USA,1994,1,Duke,27.0,1999-00
Grant Long,Vancouver Grizzlies,205.74,USA,1988,2,Eastern Michigan,34.0,1999-00
Greg Anthony,Portland Trail Blazers,185.42,USA,1991,1,Nevada-Las Vegas,32.0,1999-00
Greg Buckner,Dallas Mavericks,193.04,USA,1998,2,Clemson,23.0,1999-00
Dale Ellis,Charlotte Hornets,200.66,USA,1983,1,Tennessee,39.0,1999-00
Jason Kidd,Phoenix Suns,193.04,USA,1994,1,California,27.0,1999-00
Jason Caffey,Golden State Warriors,203.2,USA,1995,1,Alabama,27.0,1999-00
Jaren Jackson,San Antonio Spurs,198.12,USA,Undrafted,Undrafted,Georgetown,32.0,1999-00
Jamie Feick,New Jersey Nets,203.2,USA,1996,2,Michigan State,25.0,1999-00
James Posey,Denver Nuggets,203.2,USA,1999,1,Xavier,23.0,1999-00
Jamal Mashburn,Miami Heat,203.2,USA,1993,1,Kentucky,27.0,1999-00
Jalen Rose,Indiana Pacers,203.2,USA,1994,1,Michigan,27.0,1999-00
Jahidi White,Washington Wizards,205.74,USA,1998,2,Georgetown,24.0,1999-00
Jacque Vaughn,Utah Jazz,185.42,USA,1997,1,Kansas,25.0,1999-00
Eric Murdock,Los Angeles Clippers,185.42,USA,1991,1,Providence,32.0,1999-00
J.R. Reid,Milwaukee Bucks,205.74,USA,1989,1,North Carolina,32.0,1999-00
Ike Austin,Washington Wizards,208.28,USA,1991,2,Arizona State,30.0,1999-00
Hubert Davis,Dallas Mavericks,195.58,USA,1992,1,North Carolina,30.0,1999-00
Howard Eisley,Utah Jazz,187.96,USA,1994,2,Boston College,27.0,1999-00
Horace Grant,Seattle SuperSonics,208.28,USA,1987,1,Clemson,34.0,1999-00
Hersey Hawkins,Chicago Bulls,190.5,USA,1988,1,Bradley,33.0,1999-00
Haywoode Workman,Toronto Raptors,187.96,USA,1989,2,Oral Roberts,34.0,1999-00
Harold Jamison,Miami Heat,203.2,USA,Undrafted,Undrafted,Clemson,23.0,1999-00
Hakeem Olajuwon,Houston Rockets,213.36,Nigeria,1984,1,Houston,37.0,1999-00
Greg Ostertag,Utah Jazz,218.44,USA,1995,1,Kansas,27.0,1999-00
Greg Foster,Seattle SuperSonics,210.82,USA,1990,2,Texas-El Paso,31.0,1999-00
Isaiah Rider,Atlanta Hawks,195.58,USA,1993,1,Nevada-Las Vegas,29.0,1999-00
Eric Montross,Detroit Pistons,213.36,USA,1994,1,North Carolina,28.0,1999-00
Ira Bowman,Philadelphia 76ers,195.58,USA,Undrafted,Undrafted,Pennsylvania,27.0,1999-00
Elton Brand,Chicago Bulls,203.2,USA,1999,1,Duke,21.0,1999-00
Derek Hood,Charlotte Hornets,203.2,USA,Undrafted,Undrafted,Arkansas,23.0,1999-00
Derek Fisher,Los Angeles Lakers,185.42,USA,1996,1,Arkansas-Little Rock,25.0,1999-00
Derek Anderson,Los Angeles Clippers,195.58,USA,1997,1,Kentucky,25.0,1999-00
Dennis Scott,Vancouver Grizzlies,203.2,USA,1990,1,Georgia Tech,31.0,1999-00
Dennis Rodman,Dallas Mavericks,200.66,USA,1986,2,Southeastern Oklahoma State,39.0,1999-00
Dell Curry,Toronto Raptors,195.58,USA,1986,1,Virginia Tech,36.0,1999-00
Dee Brown,Toronto Raptors,187.96,USA,1990,1,Jacksonville,31.0,1999-00
Dedric Willoughby,Chicago Bulls,190.5,USA,Undrafted,Undrafted,Iowa State,26.0,1999-00
Dean Garrett,Minnesota Timberwolves,210.82,USA,1988,2,Indiana,33.0,1999-00
DeMarco Johnson,New York Knicks,205.74,USA,1998,2,North Carolina-Charlotte,24.0,1999-00
Derek Strong,Orlando Magic,205.74,USA,1990,2,Xavier,32.0,1999-00
David Wingate,New York Knicks,195.58,USA,1986,2,Georgetown,36.0,1999-00
David Robinson,San Antonio Spurs,215.9,USA,1987,1,Navy,34.0,1999-00
Darvin Ham,Milwaukee Bucks,200.66,USA,Undrafted,Undrafted,Texas Tech,26.0,1999-00
Darrick Martin,Sacramento Kings,180.34,USA,Undrafted,Undrafted,UCLA,29.0,1999-00
Danny Manning,Milwaukee Bucks,208.28,USA,1988,1,Kansas,34.0,1999-00
Danny Fortson,Boston Celtics,200.66,USA,1997,1,Cincinnati,24.0,1999-00
Danny Ferry,Cleveland Cavaliers,208.28,USA,1989,1,Duke,33.0,1999-00
Dana Barros,Boston Celtics,180.34,USA,1989,1,Boston College,33.0,1999-00
Dan Majerle,Miami Heat,198.12,USA,1988,1,Central Michigan,34.0,1999-00
Damon Stoudamire,Portland Trail Blazers,177.8,USA,1995,1,Arizona,26.0,1999-00
Emanual Davis,Seattle SuperSonics,195.58,USA,Undrafted,Undrafted,Delaware State,31.0,1999-00
David Wesley,Charlotte Hornets,185.42,USA,Undrafted,Undrafted,Baylor,29.0,1999-00
Derrick Coleman,Charlotte Hornets,208.28,USA,1990,1,Syracuse,33.0,1999-00
Darrell Armstrong,Orlando Magic,185.42,USA,Undrafted,Undrafted,Fayetteville State,32.0,1999-00
Derrick McKey,Indiana Pacers,208.28,USA,1987,1,Alabama,33.0,1999-00
Elden Campbell,Charlotte Hornets,213.36,USA,1990,1,Clemson,31.0,1999-00
Eddie Robinson,Charlotte Hornets,205.74,USA,Undrafted,Undrafted,Central Oklahoma,24.0,1999-00
Eddie Jones,Charlotte Hornets,198.12,USA,1994,1,Temple,28.0,1999-00
Earl Boykins,Cleveland Cavaliers,165.1,USA,Undrafted,Undrafted,Eastern Michigan,24.0,1999-00
Eldridge Recasner,Charlotte Hornets,193.04,USA,1992,Undrafted,Washington,32.0,1999-00
Duane Causwell,Miami Heat,213.36,USA,1990,1,Temple,32.0,1999-00
Elliot Perry,New Jersey Nets,182.88,USA,1991,2,Memphis,31.0,1999-00
Drew Barry,Atlanta Hawks,195.58,USA,1996,2,Georgia Tech,27.0,1999-00
Doug West,Vancouver Grizzlies,198.12,USA,1989,2,Villanova,33.0,1999-00
Doug Christie,Toronto Raptors,198.12,USA,1992,1,Pepperdine,30.0,1999-00
Donyell Marshall,Golden State Warriors,205.74,USA,1994,1,Connecticut,27.0,1999-00
Doug Overton,Boston Celtics,190.5,USA,1991,2,La Salle,30.0,1999-00
Donny Marshall,Cleveland Cavaliers,200.66,USA,1995,2,Connecticut,27.0,1999-00
Detlef Schrempf,Portland Trail Blazers,208.28,USA,1985,1,Washington,37.0,1999-00
Devean George,Los Angeles Lakers,203.2,USA,1999,1,Augsburg,22.0,1999-00
Devin Gray,Houston Rockets,200.66,USA,1995,Undrafted,Clemson,28.0,1999-00
Dikembe Mutombo,Atlanta Hawks,218.44,Congo,1991,1,Georgetown,34.0,1999-00
Dickey Simpkins,Chicago Bulls,205.74,USA,1994,1,Providence,28.0,1999-00
Dirk Nowitzki,Dallas Mavericks,213.36,Germany,1998,1,,22.0,1999-00
Don MacLean,Phoenix Suns,208.28,USA,1992,1,UCLA,30.0,1999-00
Don Reid,Washington Wizards,203.2,USA,1995,2,Georgetown,26.0,1999-00
Dion Glover,Atlanta Hawks,195.58,USA,1999,1,Georgia Tech,21.0,1999-00
Derrick Dial,San Antonio Spurs,193.04,USA,1998,2,Eastern Michigan,24.0,1999-00
Jermaine O'Neal,Indiana Pacers,210.82,USA,1996,1,,22.0,2000-01
Jerome Kersey,Milwaukee Bucks,200.66,USA,1984,2,Longwood,39.0,2000-01
Jason Williams,Sacramento Kings,185.42,USA,1998,1,Florida,25.0,2000-01
Jelani McCoy,Seattle SuperSonics,208.28,USA,1998,2,UCLA,23.0,2000-01
Jeff McInnis,Los Angeles Clippers,193.04,USA,1996,2,North Carolina,26.0,2000-01
Jeff Foster,Indiana Pacers,210.82,USA,1999,1,Texas State,24.0,2000-01
Jaren Jackson,San Antonio Spurs,193.04,USA,Undrafted,Undrafted,Georgetown,33.0,2000-01
Jason Kidd,Phoenix Suns,193.04,USA,1994,1,California,28.0,2000-01
Jason Hart,Milwaukee Bucks,187.96,USA,2000,2,Syracuse,23.0,2000-01
Jason Collier,Houston Rockets,213.36,USA,2000,1,Georgia Tech,23.0,2000-01
Jason Caffey,Milwaukee Bucks,203.2,USA,1995,1,Alabama,28.0,2000-01
Jerome Moiso,Boston Celtics,208.28,France,2000,1,UCLA,23.0,2000-01
Jamie Feick,New Jersey Nets,205.74,USA,1996,2,Michigan State,26.0,2000-01
James Robinson,Orlando Magic,187.96,USA,1993,1,Alabama,30.0,2000-01
James Posey,Denver Nuggets,203.2,USA,1999,1,Xavier,24.0,2000-01
Jason Terry,Atlanta Hawks,187.96,USA,1999,1,Arizona,23.0,2000-01
Jerome Williams,Toronto Raptors,205.74,USA,1996,1,Georgetown,28.0,2000-01
John Stockton,Utah Jazz,185.42,USA,1984,1,Gonzaga,39.0,2000-01
Jim Jackson,Cleveland Cavaliers,198.12,USA,1992,1,Ohio State,30.0,2000-01
Karl Malone,Utah Jazz,205.74,USA,1985,1,Louisiana Tech,37.0,2000-01
Jamel Thomas,New Jersey Nets,198.12,USA,Undrafted,Undrafted,Providence,24.0,2000-01
Juwan Howard,Dallas Mavericks,205.74,USA,1994,1,Michigan,28.0,2000-01
Jumaine Jones,Philadelphia 76ers,203.2,USA,1999,1,Georgia,22.0,2000-01
Jud Buechler,Detroit Pistons,198.12,USA,1990,2,Arizona,33.0,2000-01
Jonathan Bender,Indiana Pacers,210.82,USA,1999,1,,20.0,2000-01
Jon Barry,Sacramento Kings,195.58,USA,1992,1,Georgia Tech,31.0,2000-01
Jerry Stackhouse,Detroit Pistons,198.12,USA,1995,1,North Carolina,26.0,2000-01
Johnny Newman,New Jersey Nets,200.66,USA,1986,2,Richmond,37.0,2000-01
John Starks,Utah Jazz,195.58,USA,Undrafted,Undrafted,Oklahoma State,35.0,2000-01
John Crotty,Utah Jazz,187.96,USA,Undrafted,Undrafted,Virginia,31.0,2000-01
John Coker,Golden State Warriors,213.36,USA,Undrafted,Undrafted,Boise State,29.0,2000-01
John Amaechi,Orlando Magic,208.28,England,Undrafted,Undrafted,Penn State,30.0,2000-01
Joel Przybilla,Milwaukee Bucks,215.9,USA,2000,1,Minnesota,21.0,2000-01
Joe Smith,Detroit Pistons,208.28,USA,1995,1,Maryland,25.0,2000-01
Jim McIlvaine,New Jersey Nets,215.9,USA,1994,2,Marquette,28.0,2000-01
John Wallace,Detroit Pistons,205.74,USA,1996,1,Syracuse,27.0,2000-01
Jamal Robinson,Miami Heat,200.66,USA,1997,Undrafted,Virginia,27.0,2000-01
Greg Anthony,Portland Trail Blazers,185.42,USA,1991,1,Nevada-Las Vegas,33.0,2000-01
Jamal Crawford,Chicago Bulls,195.58,USA,2000,1,Michigan,21.0,2000-01
Greg Foster,Los Angeles Lakers,210.82,USA,1990,2,Texas-El Paso,32.0,2000-01
Greg Buckner,Dallas Mavericks,193.04,USA,1998,2,Clemson,24.0,2000-01
Grant Long,Vancouver Grizzlies,205.74,USA,1988,2,Eastern Michigan,35.0,2000-01
Grant Hill,Orlando Magic,203.2,USA,1994,1,Duke,28.0,2000-01
Glenn Robinson,Milwaukee Bucks,200.66,USA,1994,1,Purdue,28.0,2000-01
Glen Rice,New York Knicks,203.2,USA,1989,1,Michigan,34.0,2000-01
Gerard King,Washington Wizards,205.74,USA,Undrafted,Undrafted,Nicholls State,28.0,2000-01
Greg Ostertag,Utah Jazz,218.44,USA,1995,1,Kansas,28.0,2000-01
George McCloud,Denver Nuggets,203.2,USA,1989,1,Florida State,34.0,2000-01
Gary Trent,Dallas Mavericks,203.2,USA,1995,1,Ohio,26.0,2000-01
Gary Payton,Seattle SuperSonics,193.04,USA,1990,1,Oregon State,32.0,2000-01
Gary Grant,Portland Trail Blazers,190.5,USA,1988,1,Michigan,36.0,2000-01
Garth Joseph,Denver Nuggets,218.44,USA,Undrafted,Undrafted,Saint Rose,27.0,2000-01
Fred Hoiberg,Chicago Bulls,195.58,USA,1995,2,Iowa State,28.0,2000-01
Felton Spencer,New York Knicks,213.36,USA,1990,1,Louisville,33.0,2000-01
Keith Van Horn,New Jersey Nets,208.28,USA,1997,1,Utah,25.0,2000-01
George Lynch,Philadelphia 76ers,203.2,USA,1993,1,North Carolina,30.0,2000-01
Jamal Mashburn,Charlotte Hornets,203.2,USA,1993,1,Kentucky,28.0,2000-01
Hakeem Olajuwon,Houston Rockets,213.36,Nigeria,1984,1,Houston,38.0,2000-01
Hedo Turkoglu,Sacramento Kings,203.2,Turkey,2000,1,,22.0,2000-01
Jamaal Magloire,Charlotte Hornets,208.28,Canada,2000,1,Kentucky,23.0,2000-01
Jalen Rose,Indiana Pacers,203.2,USA,1994,1,Michigan,28.0,2000-01
Jake Voskuhl,Chicago Bulls,210.82,USA,2000,2,Connecticut,23.0,2000-01
Jake Tsakalidis,Phoenix Suns,218.44,Greece,2000,1,,22.0,2000-01
Jahidi White,Washington Wizards,205.74,USA,1998,2,Georgetown,25.0,2000-01
Jacque Vaughn,Utah Jazz,185.42,USA,1997,1,Kansas,26.0,2000-01
Jabari Smith,Sacramento Kings,210.82,USA,2000,2,Louisiana State,24.0,2000-01
Hanno Mottola,Atlanta Hawks,210.82,Finland,2000,2,Utah,24.0,2000-01
J.R. Reid,Cleveland Cavaliers,205.74,USA,1989,1,North Carolina,33.0,2000-01
Ira Newble,San Antonio Spurs,200.66,USA,Undrafted,Undrafted,Miami (OH),26.0,2000-01
Ira Bowman,Atlanta Hawks,195.58,USA,Undrafted,Undrafted,Pennsylvania,28.0,2000-01
Ike Austin,Vancouver Grizzlies,208.28,USA,1991,2,Arizona State,31.0,2000-01
Hubert Davis,Washington Wizards,195.58,USA,1992,1,North Carolina,31.0,2000-01
Howard Eisley,Dallas Mavericks,187.96,USA,1994,2,Boston College,28.0,2000-01
Horace Grant,Los Angeles Lakers,208.28,USA,1987,1,Clemson,35.0,2000-01
Hersey Hawkins,Charlotte Hornets,190.5,USA,1988,1,Bradley,34.0,2000-01
Isaiah Rider,Los Angeles Lakers,195.58,USA,1993,1,Nevada-Las Vegas,30.0,2000-01
Kelvin Cato,Houston Rockets,210.82,USA,1997,1,Iowa State,26.0,2000-01
Metta World Peace,Chicago Bulls,200.66,USA,1999,1,St. John's (NY),21.0,2000-01
Kenny Anderson,Boston Celtics,185.42,USA,1991,1,Georgia Tech,30.0,2000-01
Michael Redd,Milwaukee Bucks,198.12,USA,2000,2,Ohio State,21.0,2000-01
Michael Olowokandi,Los Angeles Clippers,213.36,Nigeria,1998,1,Pacific,26.0,2000-01
Michael Hawkins,Cleveland Cavaliers,182.88,USA,Undrafted,Undrafted,Xavier,28.0,2000-01
Michael Finley,Dallas Mavericks,200.66,USA,1995,1,Wisconsin,28.0,2000-01
Michael Doleac,Orlando Magic,210.82,USA,1998,1,Utah,24.0,2000-01
Michael Dickerson,Vancouver Grizzlies,193.04,USA,1998,1,Arizona,26.0,2000-01
Michael Curry,Detroit Pistons,195.58,USA,Undrafted,Undrafted,Georgia Southern,32.0,2000-01
Michael Ruffin,Chicago Bulls,203.2,USA,1999,2,Tulsa,24.0,2000-01
Felipe Lopez,Minnesota Timberwolves,195.58,Dominican Republic,1998,1,St. John's (NY),26.0,2000-01
Matt Maloney,Atlanta Hawks,190.5,USA,Undrafted,Undrafted,Pennsylvania,29.0,2000-01
Matt Harpring,Cleveland Cavaliers,200.66,USA,1998,1,Georgia Tech,25.0,2000-01
Matt Geiger,Philadelphia 76ers,215.9,USA,1992,2,Georgia Tech,31.0,2000-01
Matt Bullard,Houston Rockets,208.28,USA,Undrafted,Undrafted,Iowa,34.0,2000-01
Mateen Cleaves,Detroit Pistons,187.96,USA,2000,1,Michigan State,23.0,2000-01
Mark Strickland,New Jersey Nets,208.28,USA,Undrafted,Undrafted,Temple,30.0,2000-01
Mark Pope,Milwaukee Bucks,208.28,USA,1996,2,Kentucky,28.0,2000-01
Maurice Taylor,Houston Rockets,205.74,USA,1997,1,Michigan,24.0,2000-01
Mark Madsen,Los Angeles Lakers,205.74,USA,2000,1,Stanford,25.0,2000-01
Michael Smith,Washington Wizards,203.2,USA,1994,2,Providence,29.0,2000-01
Mike Bibby,Vancouver Grizzlies,185.42,USA,1998,1,Arizona,23.0,2000-01
Olumide Oyedeji,Seattle SuperSonics,208.28,Nigeria,2000,2,,20.0,2000-01
Olden Polynice,Utah Jazz,213.36,USA,1987,1,Virginia,36.0,2000-01
Obinna Ekezie,Dallas Mavericks,205.74,Nigeria,1999,2,Maryland,25.0,2000-01
Nick Van Exel,Denver Nuggets,185.42,USA,1993,2,Cincinnati,29.0,2000-01
Nick Anderson,Sacramento Kings,198.12,USA,1989,1,Illinois,33.0,2000-01
Nazr Mohammed,Atlanta Hawks,208.28,USA,1998,1,Kentucky,23.0,2000-01
Muggsy Bogues,Toronto Raptors,160.02,USA,1987,1,Wake Forest,36.0,2000-01
Michael Stewart,Toronto Raptors,208.28,USA,Undrafted,Undrafted,California,26.0,2000-01
Morris Peterson,Toronto Raptors,200.66,USA,2000,1,Michigan State,23.0,2000-01
Moochie Norris,Houston Rockets,185.42,USA,1996,2,West Florida,27.0,2000-01
Monty Williams,Orlando Magic,203.2,USA,1994,1,Notre Dame,29.0,2000-01
Mitch Richmond,Washington Wizards,195.58,USA,1988,1,Kansas State,36.0,2000-01
Mikki Moore,Detroit Pistons,213.36,USA,Undrafted,Undrafted,Nebraska,25.0,2000-01
Mike Smith,Washington Wizards,203.2,USA,2000,2,Louisiana-Monroe,25.0,2000-01
Mike Penberthy,Los Angeles Lakers,190.5,USA,Undrafted,Undrafted,Master's,26.0,2000-01
Mike Miller,Orlando Magic,203.2,USA,2000,1,Florida,21.0,2000-01
Mookie Blaylock,Golden State Warriors,185.42,USA,1989,1,Oklahoma,34.0,2000-01
Kendall Gill,New Jersey Nets,195.58,USA,1990,1,Illinois,33.0,2000-01
Mark Jackson,New York Knicks,190.5,USA,1987,1,St. John's (NY),36.0,2000-01
Mark Blount,Boston Celtics,213.36,USA,1997,2,Pittsburgh,25.0,2000-01
Lari Ketner,Indiana Pacers,205.74,USA,1999,2,Massachusetts,24.0,2000-01
Lamond Murray,Cleveland Cavaliers,200.66,USA,1994,1,California,28.0,2000-01
Lamar Odom,Los Angeles Clippers,208.28,USA,1999,1,Rhode Island,21.0,2000-01
LaPhonso Ellis,Minnesota Timberwolves,203.2,USA,1992,1,Notre Dame,31.0,2000-01
Kurt Thomas,New York Knicks,205.74,USA,1995,1,Texas Christian,28.0,2000-01
Kornel David,Detroit Pistons,205.74,USA,Undrafted,Undrafted,,29.0,2000-01
Kobe Bryant,Los Angeles Lakers,200.66,USA,1996,1,,22.0,2000-01
Laron Profit,Washington Wizards,195.58,USA,1999,2,Maryland,23.0,2000-01
Khalid El-Amin,Chicago Bulls,177.8,USA,2000,2,Connecticut,22.0,2000-01
Kevin Willis,Denver Nuggets,213.36,USA,1984,1,Michigan State,38.0,2000-01
Kevin Ollie,Philadelphia 76ers,187.96,USA,Undrafted,Undrafted,Connecticut,28.0,2000-01
Kevin Garnett,Minnesota Timberwolves,210.82,USA,1995,1,,25.0,2000-01
Kevin Edwards,Vancouver Grizzlies,190.5,USA,1988,1,DePaul,35.0,2000-01
Keon Clark,Toronto Raptors,210.82,USA,1998,1,Nevada-Las Vegas,26.0,2000-01
Kenyon Martin,New Jersey Nets,205.74,USA,2000,1,Cincinnati,23.0,2000-01
Kenny Thomas,Houston Rockets,203.2,USA,1999,1,New Mexico,23.0,2000-01
Keyon Dooling,Los Angeles Clippers,195.58,USA,2000,1,Missouri,21.0,2000-01
Mark Bryant,Dallas Mavericks,205.74,USA,1988,1,Seton Hall,36.0,2000-01
Larry Hughes,Golden State Warriors,195.58,USA,1998,1,Saint Louis,22.0,2000-01
Larry Robinson,Atlanta Hawks,190.5,USA,Undrafted,Undrafted,Centenary (LA),33.0,2000-01
Mario Elie,Phoenix Suns,195.58,USA,1985,7,American International,37.0,2000-01
Marcus Fizer,Chicago Bulls,205.74,USA,2000,1,Iowa State,22.0,2000-01
Marcus Camby,New York Knicks,210.82,USA,1996,1,Massachusetts,27.0,2000-01
Marc Jackson,Golden State Warriors,208.28,USA,1997,2,Temple,26.0,2000-01
Mamadou N'diaye,Toronto Raptors,213.36,Senegal,2000,1,Auburn,26.0,2000-01
Malik Rose,San Antonio Spurs,200.66,USA,1996,2,Drexel,26.0,2000-01
Mahmoud Abdul-Rauf,Vancouver Grizzlies,185.42,USA,1990,1,Louisiana State,32.0,2000-01
Larry Johnson,New York Knicks,200.66,USA,1991,1,Nevada-Las Vegas,32.0,2000-01
Lucious Harris,New Jersey Nets,195.58,USA,1993,2,Long Beach State,30.0,2000-01
Loy Vaught,Washington Wizards,205.74,USA,1990,1,Michigan,33.0,2000-01
Lorenzen Wright,Atlanta Hawks,210.82,USA,1996,1,Memphis,25.0,2000-01
Lindsey Hunter,Milwaukee Bucks,187.96,USA,1993,1,Jackson State,30.0,2000-01
Lee Nailon,Charlotte Hornets,203.2,USA,1999,2,Texas Christian,26.0,2000-01
Lawrence Funderburke,Sacramento Kings,205.74,USA,1994,2,Ohio State,30.0,2000-01
Lavor Postell,New York Knicks,195.58,USA,2000,2,St. John's (NY),23.0,2000-01
Latrell Sprewell,New York Knicks,195.58,USA,1992,1,Alabama,30.0,2000-01
Luc Longley,New York Knicks,218.44,USA,1991,1,New Mexico,32.0,2000-01
Evan Eschmeyer,New Jersey Nets,210.82,USA,1999,2,Northwestern,26.0,2000-01
David Robinson,San Antonio Spurs,215.9,USA,1987,1,Navy,35.0,2000-01
Ervin Johnson,Milwaukee Bucks,210.82,USA,1993,1,New Orleans,33.0,2000-01
Bryon Russell,Utah Jazz,200.66,USA,1993,2,Long Beach State,30.0,2000-01
Bryce Drew,Chicago Bulls,190.5,USA,1998,1,Valparaiso,26.0,2000-01
Bryant Stith,Boston Celtics,195.58,USA,1992,1,Virginia,30.0,2000-01
Bryant Reeves,Vancouver Grizzlies,213.36,USA,1995,1,Oklahoma State,28.0,2000-01
Bruno Sundov,Indiana Pacers,218.44,Croatia,1998,2,,21.0,2000-01
Bruce Bowen,Miami Heat,200.66,USA,Undrafted,Undrafted,Cal State-Fullerton,30.0,2000-01
Brian Skinner,Los Angeles Clippers,205.74,USA,1998,1,Baylor,25.0,2000-01
Cal Bowdler,Atlanta Hawks,208.28,USA,1999,1,Old Dominion,24.0,2000-01
Brian Shaw,Los Angeles Lakers,198.12,USA,1988,1,California-Santa Barbara,35.0,2000-01
Brian Cardinal,Detroit Pistons,203.2,USA,2000,2,Purdue,24.0,2000-01
Brevin Knight,Atlanta Hawks,177.8,USA,1997,1,Stanford,25.0,2000-01
Brent Price,Vancouver Grizzlies,185.42,USA,1992,2,Oklahoma,32.0,2000-01
Brent Barry,Seattle SuperSonics,198.12,USA,1995,1,Oregon State,29.0,2000-01
Brad Miller,Chicago Bulls,213.36,USA,Undrafted,Undrafted,Purdue,25.0,2000-01
Bonzi Wells,Portland Trail Blazers,195.58,USA,1998,1,Ball State,24.0,2000-01
Bobby Jackson,Sacramento Kings,185.42,USA,1997,1,Minnesota,28.0,2000-01
Brian Grant,Miami Heat,205.74,USA,1994,1,Xavier,29.0,2000-01
Bob Sura,Golden State Warriors,195.58,USA,1995,1,Florida State,28.0,2000-01
Calbert Cheaney,Denver Nuggets,200.66,USA,1993,1,Indiana,29.0,2000-01
Carlos Rogers,Houston Rockets,210.82,USA,1994,1,Tennessee State,30.0,2000-01
Chris Mullin,Golden State Warriors,198.12,USA,1985,1,St. John's (NY),37.0,2000-01
Chris Mills,Golden State Warriors,200.66,USA,1993,1,Arizona,31.0,2000-01
Chris Mihm,Cleveland Cavaliers,215.9,USA,2000,1,Texas,21.0,2000-01
Chris Herren,Boston Celtics,187.96,USA,1999,2,Fresno State,25.0,2000-01
Chris Gatling,Cleveland Cavaliers,208.28,USA,1991,1,Old Dominion,33.0,2000-01
Chris Garner,Golden State Warriors,177.8,USA,Undrafted,Undrafted,Memphis,26.0,2000-01
Chris Dudley,Phoenix Suns,210.82,USA,1987,4,Yale,36.0,2000-01
Calvin Booth,Dallas Mavericks,210.82,USA,1999,2,Penn State,25.0,2000-01
Chris Crawford,Atlanta Hawks,205.74,USA,1997,2,Marquette,26.0,2000-01
Chris Carr,Boston Celtics,198.12,USA,1995,2,Southern Illinois,27.0,2000-01
Cherokee Parks,Los Angeles Clippers,210.82,USA,1995,1,Duke,28.0,2000-01
Chauncey Billups,Minnesota Timberwolves,190.5,USA,1997,1,Colorado,24.0,2000-01
Charlie Ward,New York Knicks,187.96,USA,1994,1,Florida State,30.0,2000-01
Charles Oakley,Toronto Raptors,205.74,USA,1985,1,Virginia Union,37.0,2000-01
Cedric Henderson,Cleveland Cavaliers,200.66,USA,1997,2,Memphis,26.0,2000-01
Cedric Ceballos,Miami Heat,200.66,USA,1990,2,Cal State-Fullerton,31.0,2000-01
Chris Childs,Toronto Raptors,190.5,USA,Undrafted,Undrafted,Boise State,33.0,2000-01
Chris Porter,Golden State Warriors,200.66,USA,2000,2,Auburn,23.0,2000-01
Bo Outlaw,Orlando Magic,203.2,USA,Undrafted,Undrafted,Houston,30.0,2000-01
Billy Owens,Detroit Pistons,203.2,USA,1991,1,Syracuse,32.0,2000-01
Andy Panko,Atlanta Hawks,205.74,USA,Undrafted,Undrafted,Lebanon Valley,23.0,2000-01
Andrew DeClercq,Orlando Magic,208.28,USA,1995,2,Florida,28.0,2000-01
Andre Miller,Cleveland Cavaliers,187.96,USA,1999,1,Utah,25.0,2000-01
Alvin Williams,Toronto Raptors,195.58,USA,1997,2,Villanova,26.0,2000-01
Alonzo Mourning,Miami Heat,208.28,USA,1992,1,Georgetown,31.0,2000-01
Allen Iverson,Philadelphia 76ers,182.88,USA,1996,1,Georgetown,26.0,2000-01
Allan Houston,New York Knicks,198.12,USA,1993,1,Tennessee,30.0,2000-01
Anfernee Hardaway,Phoenix Suns,200.66,USA,1993,1,Memphis,29.0,2000-01
Alan Henderson,Atlanta Hawks,205.74,USA,1995,1,Indiana,28.0,2000-01
Adrian Griffin,Boston Celtics,195.58,USA,Undrafted,Undrafted,Seton Hall,26.0,2000-01
Adonal Foyle,Golden State Warriors,208.28,St. Vincent & Grenadines,1997,1,Colgate,26.0,2000-01
Adam Keefe,Golden State Warriors,205.74,USA,1992,1,Stanford,31.0,2000-01
Aaron Williams,New Jersey Nets,205.74,USA,Undrafted,Undrafted,Xavier,29.0,2000-01
Aaron McKie,Philadelphia 76ers,195.58,USA,1994,1,Temple,28.0,2000-01
A.J. Guyton,Chicago Bulls,185.42,USA,2000,2,Indiana,23.0,2000-01
A.C. Green,Miami Heat,205.74,USA,1985,1,Oregon State,37.0,2000-01
Al Harrington,Indiana Pacers,205.74,USA,1998,1,,21.0,2000-01
Bimbo Coles,Cleveland Cavaliers,187.96,USA,1990,2,Virginia Tech,33.0,2000-01
Antawn Jamison,Golden State Warriors,205.74,USA,1998,1,North Carolina,25.0,2000-01
Anthony Goldwire,Denver Nuggets,187.96,USA,1994,2,Houston,29.0,2000-01
Bill Curley,Golden State Warriors,205.74,USA,1994,1,Boston College,29.0,2000-01
Ben Wallace,Detroit Pistons,205.74,USA,Undrafted,Undrafted,Virginia Union,26.0,2000-01
Baron Davis,Charlotte Hornets,190.5,USA,1999,1,UCLA,22.0,2000-01
Avery Johnson,San Antonio Spurs,180.34,USA,Undrafted,Undrafted,Southern,36.0,2000-01
Austin Croshere,Indiana Pacers,205.74,USA,1997,1,Providence,26.0,2000-01
Arvydas Sabonis,Portland Trail Blazers,220.98,Lithuania,1986,1,,36.0,2000-01
Art Long,Sacramento Kings,205.74,USA,Undrafted,Undrafted,Cincinnati,28.0,2000-01
Anthony Carter,Miami Heat,185.42,USA,Undrafted,Undrafted,Hawaii,26.0,2000-01
Antonio McDyess,Denver Nuggets,205.74,USA,1995,1,Alabama,26.0,2000-01
Antonio Davis,Toronto Raptors,205.74,USA,1990,2,Texas-El Paso,32.0,2000-01
Antonio Daniels,San Antonio Spurs,193.04,USA,1997,1,Bowling Green,26.0,2000-01
Antoine Walker,Boston Celtics,205.74,USA,1996,1,Kentucky,24.0,2000-01
Anthony Peeler,Minnesota Timberwolves,193.04,USA,1992,1,Missouri,31.0,2000-01
Anthony Miller,Philadelphia 76ers,205.74,USA,1994,2,Michigan State,29.0,2000-01
Anthony Mason,Miami Heat,203.2,USA,1988,3,Tennessee State,34.0,2000-01
Anthony Johnson,Cleveland Cavaliers,190.5,USA,1997,2,College of Charleston,26.0,2000-01
Antonio Harvey,Portland Trail Blazers,210.82,USA,Undrafted,Undrafted,Pfeiffer,30.0,2000-01
Etdrick Bohannon,Cleveland Cavaliers,205.74,USA,Undrafted,Undrafted,Auburn-Montgomery,28.0,2000-01
Chris Webber,Sacramento Kings,208.28,USA,1993,1,Michigan,28.0,2000-01
Christian Laettner,Washington Wizards,210.82,USA,1992,1,Duke,31.0,2000-01
Doug West,Vancouver Grizzlies,198.12,USA,1989,2,Villanova,34.0,2000-01
Doug Overton,New Jersey Nets,190.5,USA,1991,2,La Salle,31.0,2000-01
Doug Christie,Sacramento Kings,198.12,USA,1992,1,Pepperdine,31.0,2000-01
Donyell Marshall,Utah Jazz,205.74,USA,1994,1,Connecticut,28.0,2000-01
Donnell Harvey,Dallas Mavericks,203.2,USA,2000,1,Florida,20.0,2000-01
Don Reid,Orlando Magic,203.2,USA,1995,2,Georgetown,27.0,2000-01
Don MacLean,Miami Heat,208.28,USA,1992,1,UCLA,31.0,2000-01
Dragan Tarlac,Chicago Bulls,210.82,USA,1995,2,,28.0,2000-01
Dirk Nowitzki,Dallas Mavericks,210.82,Germany,1998,1,,23.0,2000-01
Dikembe Mutombo,Philadelphia 76ers,218.44,Congo,1991,1,Georgetown,35.0,2000-01
Devean George,Los Angeles Lakers,203.2,USA,1999,1,Augsburg,23.0,2000-01
Detlef Schrempf,Portland Trail Blazers,208.28,USA,1985,1,Washington,38.0,2000-01
Desmond Mason,Seattle SuperSonics,195.58,USA,2000,1,Oklahoma State,23.0,2000-01
Derrick McKey,Indiana Pacers,208.28,USA,1987,1,Alabama,34.0,2000-01
Derrick Dial,San Antonio Spurs,193.04,USA,1998,2,Eastern Michigan,25.0,2000-01
Derrick Coleman,Charlotte Hornets,208.28,USA,1990,1,Syracuse,34.0,2000-01
Dion Glover,Atlanta Hawks,195.58,USA,1999,1,Georgia Tech,22.0,2000-01
Derek Strong,Los Angeles Clippers,205.74,USA,1990,2,Xavier,33.0,2000-01
Duane Causwell,Miami Heat,213.36,USA,1990,1,Temple,33.0,2000-01
Eddie Gill,New Jersey Nets,182.88,USA,Undrafted,Undrafted,Weber State,22.0,2000-01
Erick Strickland,Vancouver Grizzlies,190.5,USA,Undrafted,Undrafted,Nebraska,27.0,2000-01
Erick Dampier,Golden State Warriors,210.82,USA,1996,1,Mississippi State,25.0,2000-01
Erick Barkley,Portland Trail Blazers,185.42,USA,2000,1,St. John's (NY),23.0,2000-01
Eric Williams,Boston Celtics,203.2,USA,1995,1,Providence,28.0,2000-01
Eric Snow,Philadelphia 76ers,190.5,USA,1995,2,Michigan State,28.0,2000-01
Eric Piatkowski,Los Angeles Clippers,198.12,USA,1994,1,Nebraska,30.0,2000-01
Eric Montross,Toronto Raptors,213.36,USA,1994,1,North Carolina,29.0,2000-01
Earl Boykins,Los Angeles Clippers,165.1,USA,Undrafted,Undrafted,Eastern Michigan,25.0,2000-01
Emanual Davis,Seattle SuperSonics,195.58,USA,Undrafted,Undrafted,Delaware State,32.0,2000-01
Elliot Perry,Phoenix Suns,182.88,USA,1991,2,Memphis,32.0,2000-01
Eldridge Recasner,Charlotte Hornets,193.04,USA,1992,Undrafted,Washington,33.0,2000-01
Elden Campbell,Charlotte Hornets,213.36,USA,1990,1,Clemson,32.0,2000-01
Eduardo Najera,Dallas Mavericks,203.2,Mexico,2000,2,Oklahoma,24.0,2000-01
Eddie Robinson,Charlotte Hornets,205.74,USA,Undrafted,Undrafted,Central Oklahoma,25.0,2000-01
Eddie Jones,Miami Heat,200.66,USA,1994,1,Temple,29.0,2000-01
Eddie House,Miami Heat,185.42,USA,2000,2,Arizona State,23.0,2000-01
Elton Brand,Chicago Bulls,203.2,USA,1999,1,Duke,22.0,2000-01
Chris Whitney,Washington Wizards,182.88,USA,1993,2,Clemson,29.0,2000-01
Derek Fisher,Los Angeles Lakers,185.42,USA,1996,1,Arkansas-Little Rock,26.0,2000-01
DerMarr Johnson,Atlanta Hawks,205.74,USA,2000,1,Cincinnati,21.0,2000-01
Dan Langhi,Houston Rockets,210.82,USA,2000,2,Vanderbilt,23.0,2000-01
Damon Stoudamire,Portland Trail Blazers,177.8,USA,1995,1,Arizona,27.0,2000-01
Damon Jones,Vancouver Grizzlies,190.5,USA,Undrafted,Undrafted,Houston,24.0,2000-01
Dalibor Bagaric,Chicago Bulls,215.9,Croatia,2000,1,,20.0,2000-01
Dale Davis,Portland Trail Blazers,210.82,USA,1991,1,Clemson,32.0,2000-01
Cuttino Mobley,Houston Rockets,193.04,USA,1998,2,Rhode Island,25.0,2000-01
Courtney Alexander,Washington Wizards,195.58,USA,2000,1,Fresno State,24.0,2000-01
Dan Majerle,Miami Heat,198.12,USA,1988,1,Central Michigan,35.0,2000-01
Cory Alexander,Orlando Magic,185.42,USA,1995,1,Virginia,28.0,2000-01
Corie Blount,Golden State Warriors,208.28,USA,1993,1,Cincinnati,32.0,2000-01
Corey Maggette,Los Angeles Clippers,198.12,USA,1999,1,Duke,21.0,2000-01
Corey Benjamin,Chicago Bulls,198.12,USA,1998,1,Oregon State,23.0,2000-01
Clifford Robinson,Phoenix Suns,208.28,USA,1989,2,Connecticut,34.0,2000-01
Clar. Weatherspoon,Cleveland Cavaliers,200.66,USA,1992,1,Southern Mississippi,30.0,2000-01
Chucky Brown,Cleveland Cavaliers,203.2,USA,1989,2,North Carolina State,33.0,2000-01
Chucky Atkins,Detroit Pistons,180.34,USA,Undrafted,Undrafted,South Florida,26.0,2000-01
Corliss Williamson,Detroit Pistons,200.66,USA,1995,1,Arkansas,27.0,2000-01
Derek Anderson,San Antonio Spurs,195.58,USA,1997,1,Kentucky,26.0,2000-01
Dan McClintock,Denver Nuggets,213.36,USA,2000,2,Northern Arizona,24.0,2000-01
Daniel Santiago,Phoenix Suns,215.9,Puerto Rico,Undrafted,Undrafted,Saint Vincent,25.0,2000-01
Dell Curry,Toronto Raptors,195.58,USA,1986,1,Virginia Tech,37.0,2000-01
Dee Brown,Orlando Magic,187.96,USA,1990,1,Jacksonville,32.0,2000-01
Dean Garrett,Minnesota Timberwolves,210.82,USA,1988,2,Indiana,34.0,2000-01
DeShawn Stevenson,Utah Jazz,195.58,USA,2000,1,,20.0,2000-01
David Wingate,Seattle SuperSonics,195.58,USA,1986,2,Georgetown,37.0,2000-01
David Wesley,Charlotte Hornets,185.42,USA,Undrafted,Undrafted,Baylor,30.0,2000-01
David Vanterpool,Washington Wizards,195.58,USA,Undrafted,Undrafted,St. Bonaventure,28.0,2000-01
Dana Barros,Detroit Pistons,180.34,USA,1989,1,Boston College,34.0,2000-01
Othella Harrington,New York Knicks,205.74,USA,1996,2,Georgetown,27.0,2000-01
Darvin Ham,Milwaukee Bucks,200.66,USA,Undrafted,Undrafted,Texas Tech,27.0,2000-01
Darrick Martin,Sacramento Kings,180.34,USA,Undrafted,Undrafted,UCLA,30.0,2000-01
Darrell Armstrong,Orlando Magic,185.42,USA,Undrafted,Undrafted,Fayetteville State,33.0,2000-01
Darius Miles,Los Angeles Clippers,205.74,USA,2000,1,,19.0,2000-01
Danny Manning,Utah Jazz,208.28,USA,1988,1,Kansas,35.0,2000-01
Danny Fortson,Golden State Warriors,203.2,USA,1997,1,Cincinnati,25.0,2000-01
Danny Ferry,San Antonio Spurs,208.28,USA,1989,1,Duke,34.0,2000-01
David Benoit,Utah Jazz,203.2,USA,Undrafted,Undrafted,Alabama,33.0,2000-01
Otis Thorpe,Charlotte Hornets,208.28,USA,1984,1,Providence,38.0,2000-01
Milt Palacio,Boston Celtics,190.5,Belize,Undrafted,Undrafted,Colorado State,23.0,2000-01
Pat Garrity,Orlando Magic,205.74,USA,1998,1,Notre Dame,24.0,2000-01
Tony Massenburg,Vancouver Grizzlies,205.74,USA,1990,2,Maryland,33.0,2000-01
Tony Delk,Phoenix Suns,187.96,USA,1996,1,Kentucky,27.0,2000-01
Tony Battie,Boston Celtics,210.82,USA,1997,1,Texas Tech,25.0,2000-01
Toni Kukoc,Atlanta Hawks,210.82,Croatia,1990,2,,32.0,2000-01
Tom Hammonds,Minnesota Timberwolves,205.74,USA,1989,1,Georgia Tech,34.0,2000-01
Tom Gugliotta,Phoenix Suns,208.28,USA,1992,1,North Carolina State,31.0,2000-01
Todd MacCulloch,Philadelphia 76ers,213.36,Canada,1999,2,Washington,25.0,2000-01
Todd Fuller,Miami Heat,210.82,USA,1996,1,North Carolina State,26.0,2000-01
Todd Day,Minnesota Timberwolves,198.12,USA,1992,1,Arkansas,31.0,2000-01
Tim Thomas,Milwaukee Bucks,208.28,USA,1997,1,Villanova,24.0,2000-01
Tim James,Charlotte Hornets,200.66,USA,1999,1,Miami (FL),24.0,2000-01
Tim Hardaway,Miami Heat,182.88,USA,1989,1,Texas-El Paso,34.0,2000-01
Tim Duncan,San Antonio Spurs,213.36,US Virgin Islands,1997,1,Wake Forest,25.0,2000-01
Theo Ratliff,Philadelphia 76ers,208.28,USA,1995,1,Wyoming,28.0,2000-01
Terry Porter,San Antonio Spurs,190.5,USA,1985,1,Wisconsin-Stevens Point,38.0,2000-01
Terry Mills,Indiana Pacers,208.28,USA,1990,1,Michigan,33.0,2000-01
Terry Davis,Denver Nuggets,208.28,USA,Undrafted,Undrafted,Virginia Union,34.0,2000-01
Terrell Brandon,Minnesota Timberwolves,180.34,USA,1991,1,Oregon,31.0,2000-01
Terrance Roberson,Charlotte Hornets,200.66,USA,Undrafted,Undrafted,Fresno State,24.0,2000-01
Tariq Abdul-Wahad,Denver Nuggets,198.12,France,1997,1,San Jose State,26.0,2000-01
Stromile Swift,Vancouver Grizzlies,205.74,USA,2000,1,Louisiana State,21.0,2000-01
Steven Smith,Portland Trail Blazers,203.2,USA,1991,1,Michigan State,32.0,2000-01
Steve Nash,Dallas Mavericks,190.5,Canada,1996,1,Santa Clara,27.0,2000-01
Steve Kerr,San Antonio Spurs,190.5,USA,1988,2,Arizona,35.0,2000-01
Steve Goodrich,Chicago Bulls,208.28,USA,Undrafted,Undrafted,Princeton,25.0,2000-01
Steve Francis,Houston Rockets,190.5,USA,1999,1,Maryland,24.0,2000-01
Stephon Marbury,New Jersey Nets,187.96,USA,1996,1,Georgia Tech,24.0,2000-01
Tony Smith,Atlanta Hawks,190.5,USA,1990,2,Marquette,33.0,2000-01
Tracy McGrady,Orlando Magic,203.2,USA,1997,1,,22.0,2000-01
Tracy Murray,Toronto Raptors,200.66,USA,1992,1,UCLA,29.0,2000-01
Trajan Langdon,Cleveland Cavaliers,190.5,USA,1999,1,Duke,25.0,2000-01
P.J. Brown,Charlotte Hornets,210.82,USA,1992,2,Louisiana Tech,31.0,2000-01
Zydrunas Ilgauskas,Cleveland Cavaliers,220.98,Lithuania,1996,1,,26.0,2000-01
Zendon Hamilton,Los Angeles Clippers,210.82,USA,Undrafted,Undrafted,St. John's (NY),26.0,2000-01
Zan Tabak,Indiana Pacers,213.36,USA,1991,2,,31.0,2000-01
William Avery,Minnesota Timberwolves,187.96,USA,1999,1,Duke,21.0,2000-01
Will Perdue,Portland Trail Blazers,213.36,USA,1988,1,Vanderbilt,35.0,2000-01
Wesley Person,Cleveland Cavaliers,198.12,USA,1994,1,Auburn,30.0,2000-01
Wang Zhi-zhi,Dallas Mavericks,215.9,China,1999,2,,23.0,2000-01
Walter McCarty,Boston Celtics,208.28,USA,1996,1,Kentucky,27.0,2000-01
Walt Williams,Houston Rockets,203.2,USA,1992,1,Maryland,31.0,2000-01
Wally Szczerbiak,Minnesota Timberwolves,200.66,USA,1999,1,Miami (OH),24.0,2000-01
Voshon Lenard,Denver Nuggets,193.04,USA,1994,2,Minnesota,28.0,2000-01
Vonteego Cummings,Golden State Warriors,190.5,USA,1999,1,Pittsburgh,25.0,2000-01
Stephen Jackson,New Jersey Nets,203.2,USA,1997,2,Butler Community College,23.0,2000-01
Vladimir Stepania,New Jersey Nets,213.36,Georgia,1998,1,,25.0,2000-01
Vitaly Potapenko,Boston Celtics,208.28,Ukraine,1996,1,Wright State,26.0,2000-01
Vinny Del Negro,Phoenix Suns,193.04,USA,1988,2,North Carolina State,34.0,2000-01
Vince Carter,Toronto Raptors,198.12,USA,1998,1,North Carolina,24.0,2000-01
Vin Baker,Seattle SuperSonics,210.82,USA,1993,1,Hartford,29.0,2000-01
Vernon Maxwell,Dallas Mavericks,193.04,USA,1988,2,Florida,35.0,2000-01
Tyus Edney,Indiana Pacers,177.8,USA,1995,2,UCLA,28.0,2000-01
Tyronn Lue,Los Angeles Lakers,182.88,USA,1998,1,Nebraska,24.0,2000-01
Tyrone Nesby,Washington Wizards,198.12,USA,Undrafted,Undrafted,Nevada-Las Vegas,25.0,2000-01
Tyrone Hill,Philadelphia 76ers,205.74,USA,1990,1,Xavier,33.0,2000-01
Tyrone Corbin,Toronto Raptors,198.12,USA,1985,2,DePaul,38.0,2000-01
Troy Hudson,Orlando Magic,185.42,USA,Undrafted,Undrafted,Southern Illinois,25.0,2000-01
Travis Knight,New York Knicks,213.36,USA,1996,1,Connecticut,26.0,2000-01
Travis Best,Indiana Pacers,180.34,USA,1995,1,Georgia Tech,28.0,2000-01
Vlade Divac,Sacramento Kings,215.9,Serbia and Montenegro,1989,1,,33.0,2000-01
Stacey Augmon,Portland Trail Blazers,203.2,USA,1991,1,Nevada-Las Vegas,32.0,2000-01
Ruben Wolkowyski,Seattle SuperSonics,208.28,Argentina,Undrafted,Undrafted,,27.0,2000-01
Slava Medvedenko,Los Angeles Lakers,208.28,Ukraine,Undrafted,Undrafted,,22.0,2000-01
Robert Traylor,Cleveland Cavaliers,203.2,USA,1998,1,Michigan,24.0,2000-01
Robert Pack,Denver Nuggets,187.96,USA,Undrafted,Undrafted,Southern California,32.0,2000-01
Robert Horry,Los Angeles Lakers,208.28,USA,1992,1,Alabama,30.0,2000-01
Ricky Davis,Miami Heat,200.66,USA,1998,1,Iowa,21.0,2000-01
Rick Fox,Los Angeles Lakers,200.66,Canada,1991,1,North Carolina,31.0,2000-01
Rick Brunson,New York Knicks,193.04,USA,Undrafted,Undrafted,Temple,29.0,2000-01
Richard Hamilton,Washington Wizards,198.12,USA,1999,1,Connecticut,23.0,2000-01
Reggie Slater,Minnesota Timberwolves,200.66,USA,Undrafted,Undrafted,Wyoming,30.0,2000-01
Reggie Miller,Indiana Pacers,200.66,USA,1987,1,UCLA,35.0,2000-01
Ray Allen,Milwaukee Bucks,195.58,USA,1996,1,Connecticut,25.0,2000-01
Rasho Nesterovic,Minnesota Timberwolves,213.36,Slovenia,1998,1,,25.0,2000-01
Rasheed Wallace,Portland Trail Blazers,210.82,USA,1995,1,North Carolina,26.0,2000-01
Rashard Lewis,Seattle SuperSonics,208.28,USA,1998,2,,21.0,2000-01
Randy Livingston,Golden State Warriors,193.04,USA,1996,2,Louisiana State,26.0,2000-01
Randy Brown,Boston Celtics,187.96,USA,1991,2,New Mexico State,33.0,2000-01
Rafer Alston,Milwaukee Bucks,187.96,USA,1998,2,Fresno State,24.0,2000-01
Raef LaFrentz,Denver Nuggets,210.82,USA,1998,1,Kansas,25.0,2000-01
Quincy Lewis,Utah Jazz,200.66,USA,1999,1,Minnesota,24.0,2000-01
Quentin Richardson,Los Angeles Clippers,198.12,USA,2000,1,DePaul,21.0,2000-01
Popeye Jones,Washington Wizards,203.2,USA,1992,2,Murray State,31.0,2000-01
Pervis Ellison,Seattle SuperSonics,205.74,USA,1989,1,Louisville,34.0,2000-01
Pepe Sanchez,Philadelphia 76ers,193.04,Argentina,Undrafted,Undrafted,Temple,24.0,2000-01
Peja Stojakovic,Sacramento Kings,205.74,Serbia and Montenegro,1996,1,,24.0,2000-01
Paul Pierce,Boston Celtics,198.12,USA,1998,1,Kansas,23.0,2000-01
Paul McPherson,Golden State Warriors,193.04,USA,Undrafted,Undrafted,DePaul,22.0,2000-01
Patrick Ewing,Seattle SuperSonics,213.36,Jamaica,1985,1,Georgetown,38.0,2000-01
Soumaila Samake,New Jersey Nets,213.36,Mali,2000,2,,23.0,2000-01
Rod Strickland,Portland Trail Blazers,190.5,USA,1988,1,DePaul,34.0,2000-01
Rodney Buford,Philadelphia 76ers,195.58,USA,1999,2,Creighton,23.0,2000-01
Raja Bell,Philadelphia 76ers,195.58,U.S. Virgin Islands,Undrafted,Undrafted,Florida International,24.0,2000-01
Ron Harper,Los Angeles Lakers,198.12,USA,1986,1,Miami (OH),37.0,2000-01
Sherman Douglas,New Jersey Nets,182.88,USA,1989,2,Syracuse,34.0,2000-01
Rodney Rogers,Phoenix Suns,200.66,USA,1993,1,Wake Forest,30.0,2000-01
Shawn Marion,Phoenix Suns,200.66,USA,1999,1,Nevada-Las Vegas,23.0,2000-01
Shawn Kemp,Portland Trail Blazers,208.28,USA,1989,1,Trinity Valley Community College,31.0,2000-01
Shawn Bradley,Dallas Mavericks,228.6,USA,1993,1,Brigham Young,29.0,2000-01
Shareef Abdur-Rahim,Vancouver Grizzlies,205.74,USA,1996,1,California,24.0,2000-01
Shaquille O'Neal,Los Angeles Lakers,215.9,USA,1992,1,Louisiana State,29.0,2000-01
Shammond Williams,Seattle SuperSonics,185.42,USA,1998,2,North Carolina,26.0,2000-01
Sean Rooks,Los Angeles Clippers,208.28,USA,1992,2,Arizona,31.0,2000-01
Sean Elliott,San Antonio Spurs,203.2,USA,1989,1,Arizona,33.0,2000-01
Sean Colson,Houston Rockets,182.88,USA,Undrafted,Undrafted,North Carolina-Charlotte,25.0,2000-01
Scottie Pippen,Portland Trail Blazers,200.66,USA,1987,1,Central Arkansas,35.0,2000-01
Scott Williams,Milwaukee Bucks,208.28,USA,Undrafted,Undrafted,North Carolina,33.0,2000-01
Shandon Anderson,Houston Rockets,198.12,USA,1996,2,Georgia,27.0,2000-01
Scott Burrell,Charlotte Hornets,200.66,USA,1993,1,Connecticut,30.0,2000-01
Ron Mercer,Chicago Bulls,200.66,USA,1997,1,Kentucky,25.0,2000-01
Roshown McLeod,Philadelphia 76ers,203.2,USA,1998,1,Duke,25.0,2000-01
Scott Padgett,Utah Jazz,205.74,USA,1999,1,Kentucky,25.0,2000-01
Ruben Garces,Golden State Warriors,205.74,USA,Undrafted,Undrafted,Providence,27.0,2000-01
Ruben Patterson,Seattle SuperSonics,195.58,USA,1998,2,Cincinnati,25.0,2000-01
Ryan Bowen,Denver Nuggets,200.66,USA,1998,2,Iowa,25.0,2000-01
Sam Cassell,Milwaukee Bucks,190.5,USA,1993,1,Florida State,31.0,2000-01
Shawnelle Scott,San Antonio Spurs,210.82,USA,1994,2,St. John's (NY),29.0,2000-01
Sam Jacobson,Minnesota Timberwolves,193.04,USA,1998,1,Minnesota,25.0,2000-01
Sam Mitchell,Minnesota Timberwolves,200.66,USA,1985,3,Mercer,37.0,2000-01
Sam Perkins,Indiana Pacers,205.74,USA,1984,1,North Carolina,40.0,2000-01
Samaki Walker,San Antonio Spurs,205.74,USA,1996,1,Louisville,25.0,2000-01
Scot Pollard,Sacramento Kings,210.82,USA,1997,1,Kansas,26.0,2000-01
Ratko Varda,Detroit Pistons,215.9,Yugoslavia,Undrafted,Undrafted,,23.0,2001-02
Rasho Nesterovic,Minnesota Timberwolves,213.36,Slovenia,1998,1,,26.0,2001-02
Rasheed Wallace,Portland Trail Blazers,210.82,USA,1995,1,North Carolina,27.0,2001-02
Rashard Lewis,Seattle SuperSonics,208.28,USA,1998,2,,22.0,2001-02
Randy Livingston,Seattle SuperSonics,193.04,USA,1996,2,Louisiana State,27.0,2001-02
Randy Brown,Boston Celtics,187.96,USA,1991,2,New Mexico State,34.0,2001-02
Rafer Alston,Milwaukee Bucks,187.96,USA,1998,2,Fresno State,25.0,2001-02
Ray Allen,Milwaukee Bucks,195.58,USA,1996,1,Connecticut,26.0,2001-02
Raef LaFrentz,Dallas Mavericks,210.82,USA,1998,1,Kansas,26.0,2001-02
Popeye Jones,Washington Wizards,203.2,USA,1992,2,Murray State,32.0,2001-02
Quincy Lewis,Utah Jazz,200.66,USA,1999,1,Minnesota,25.0,2001-02
Quentin Richardson,Los Angeles Clippers,198.12,USA,2000,1,DePaul,22.0,2001-02
Predrag Drobnjak,Seattle SuperSonics,210.82,Yugoslavia,1997,2,,26.0,2001-02
Peja Stojakovic,Sacramento Kings,205.74,Serbia and Montenegro,1996,1,,25.0,2001-02
Raja Bell,Philadelphia 76ers,195.58,U.S. Virgin Islands,Undrafted,Undrafted,Florida International,25.0,2001-02
Primoz Brezec,Indiana Pacers,215.9,Slovenia,2000,1,,22.0,2001-02
Rodney White,Detroit Pistons,205.74,USA,2001,1,North Carolina-Charlotte,22.0,2001-02
Reggie Slater,Atlanta Hawks,200.66,USA,Undrafted,Undrafted,Wyoming,31.0,2001-02
Ryan Bowen,Denver Nuggets,205.74,USA,1998,2,Iowa,26.0,2001-02
Paul Pierce,Boston Celtics,198.12,USA,1998,1,Kansas,24.0,2001-02
Rusty LaRue,Utah Jazz,190.5,USA,Undrafted,Undrafted,Wake Forest,28.0,2001-02
Ruben Patterson,Portland Trail Blazers,195.58,USA,1998,2,Cincinnati,26.0,2001-02
Ruben Boumtje-Boumtje,Portland Trail Blazers,213.36,USA,2001,2,Georgetown,24.0,2001-02
Ron Mercer,Indiana Pacers,200.66,USA,1997,1,Kentucky,26.0,2001-02
Rodney Rogers,Boston Celtics,200.66,USA,1993,1,Wake Forest,31.0,2001-02
Rodney Buford,Memphis Grizzlies,195.58,USA,1999,2,Creighton,24.0,2001-02
Rod Strickland,Miami Heat,190.5,USA,1988,1,DePaul,35.0,2001-02
Robert Traylor,Charlotte Hornets,203.2,USA,1998,1,Michigan,25.0,2001-02
Robert Pack,Minnesota Timberwolves,187.96,USA,Undrafted,Undrafted,Southern California,33.0,2001-02
Robert Horry,Los Angeles Lakers,208.28,USA,1992,1,Alabama,31.0,2001-02
Ricky Davis,Cleveland Cavaliers,200.66,USA,1998,1,Iowa,22.0,2001-02
Rick Fox,Los Angeles Lakers,200.66,Canada,1991,1,North Carolina,32.0,2001-02
Rick Brunson,Portland Trail Blazers,193.04,USA,Undrafted,Undrafted,Temple,30.0,2001-02
Richard Jefferson,New Jersey Nets,200.66,USA,2001,1,Arizona,22.0,2001-02
Richard Hamilton,Washington Wizards,200.66,USA,1999,1,Connecticut,24.0,2001-02
Reggie Miller,Indiana Pacers,200.66,USA,1987,1,UCLA,36.0,2001-02
Pau Gasol,Memphis Grizzlies,213.36,Spain,2001,1,,21.0,2001-02
Michael Dickerson,Memphis Grizzlies,195.58,USA,1998,1,Arizona,27.0,2001-02
Pat Garrity,Orlando Magic,205.74,USA,1998,1,Notre Dame,25.0,2001-02
Michael Redd,Milwaukee Bucks,198.12,USA,2000,2,Ohio State,22.0,2001-02
Michael Olowokandi,Los Angeles Clippers,213.36,Nigeria,1998,1,Pacific,27.0,2001-02
Michael Jordan,Washington Wizards,198.12,USA,1984,1,North Carolina,39.0,2001-02
Michael Finley,Dallas Mavericks,200.66,USA,1995,1,Wisconsin,29.0,2001-02
Michael Doleac,Cleveland Cavaliers,210.82,USA,1998,1,Utah,25.0,2001-02
Sam Cassell,Milwaukee Bucks,190.5,USA,1993,1,Florida State,32.0,2001-02
Michael Curry,Detroit Pistons,195.58,USA,Undrafted,Undrafted,Georgia Southern,33.0,2001-02
Michael Ruffin,Philadelphia 76ers,203.2,USA,1999,2,Tulsa,25.0,2001-02
Michael Bradley,Toronto Raptors,205.74,USA,2001,1,Villanova,23.0,2001-02
Mengke Bateer,Denver Nuggets,210.82,China,Undrafted,Undrafted,,26.0,2001-02
Maurice Evans,Minnesota Timberwolves,195.58,USA,Undrafted,Undrafted,Texas,23.0,2001-02
Matt Harpring,Philadelphia 76ers,200.66,USA,1998,1,Georgia Tech,26.0,2001-02
Matt Geiger,Philadelphia 76ers,205.74,USA,1992,2,Georgia Tech,32.0,2001-02
Matt Bullard,Charlotte Hornets,208.28,USA,Undrafted,Undrafted,Iowa,35.0,2001-02
Mateen Cleaves,Sacramento Kings,187.96,USA,2000,1,Michigan State,24.0,2001-02
Mark Strickland,Atlanta Hawks,208.28,USA,Undrafted,Undrafted,Temple,31.0,2001-02
Metta World Peace,Indiana Pacers,200.66,USA,1999,1,St. John's (NY),22.0,2001-02
Michael Stewart,Toronto Raptors,208.28,USA,Undrafted,Undrafted,California,27.0,2001-02
Mike Bibby,Sacramento Kings,185.42,USA,1998,1,Arizona,24.0,2001-02
Mike James,Miami Heat,187.96,USA,Undrafted,Undrafted,Duquesne,27.0,2001-02
P.J. Brown,Charlotte Hornets,210.82,USA,1992,2,Louisiana Tech,32.0,2001-02
Othella Harrington,New York Knicks,205.74,USA,1996,2,Georgetown,28.0,2001-02
Oscar Torres,Houston Rockets,198.12,Venezuela,Undrafted,Undrafted,Venezuela,25.0,2001-02
Olumide Oyedeji,Seattle SuperSonics,208.28,Nigeria,2000,2,,21.0,2001-02
Obinna Ekezie,Los Angeles Clippers,205.74,Nigeria,1999,2,Maryland,26.0,2001-02
Norman Richardson,Chicago Bulls,195.58,USA,Undrafted,Undrafted,Hofstra,24.0,2001-02
Nazr Mohammed,Atlanta Hawks,208.28,USA,1998,1,Kentucky,24.0,2001-02
Morris Peterson,Toronto Raptors,200.66,USA,2000,1,Michigan State,24.0,2001-02
Mookie Blaylock,Golden State Warriors,182.88,USA,1989,1,Oklahoma,35.0,2001-02
Moochie Norris,Houston Rockets,185.42,USA,1996,2,West Florida,28.0,2001-02
Monty Williams,Orlando Magic,203.2,USA,1994,1,Notre Dame,30.0,2001-02
Mitchell Butler,Portland Trail Blazers,195.58,USA,Undrafted,Undrafted,UCLA,31.0,2001-02
Mitch Richmond,Los Angeles Lakers,195.58,USA,1988,1,Kansas State,37.0,2001-02
Milt Palacio,Phoenix Suns,190.5,Belize,Undrafted,Undrafted,Colorado State,24.0,2001-02
Mikki Moore,Detroit Pistons,213.36,USA,Undrafted,Undrafted,Nebraska,26.0,2001-02
Mike Penberthy,Los Angeles Lakers,190.5,USA,Undrafted,Undrafted,Master's,27.0,2001-02
Mike Miller,Orlando Magic,203.2,USA,2000,1,Florida,22.0,2001-02
Patrick Ewing,Orlando Magic,213.36,Jamaica,1985,1,Georgetown,39.0,2001-02
Sam Mack,Miami Heat,200.66,USA,Undrafted,Undrafted,Houston,32.0,2001-02
Steven Smith,San Antonio Spurs,203.2,USA,1991,1,Michigan State,33.0,2001-02
Samaki Walker,Los Angeles Lakers,205.74,USA,1996,1,Louisville,26.0,2001-02
Tyronn Lue,Washington Wizards,182.88,USA,1998,1,Nebraska,25.0,2001-02
Tyrone Nesby,Washington Wizards,198.12,USA,Undrafted,Undrafted,Nevada-Las Vegas,26.0,2001-02
Tyrone Hill,Cleveland Cavaliers,205.74,USA,1990,1,Xavier,34.0,2001-02
Troy Murphy,Golden State Warriors,210.82,USA,2001,1,Notre Dame,22.0,2001-02
Troy Hudson,Orlando Magic,185.42,USA,Undrafted,Undrafted,Southern Illinois,26.0,2001-02
Trenton Hassell,Chicago Bulls,195.58,USA,2001,2,Austin Peay,23.0,2001-02
Tremaine Fowlkes,Los Angeles Clippers,203.2,USA,1998,2,Fresno State,26.0,2001-02
Tyson Chandler,Chicago Bulls,215.9,USA,2001,1,,19.0,2001-02
Travis Knight,New York Knicks,213.36,USA,1996,1,Connecticut,27.0,2001-02
Trajan Langdon,Cleveland Cavaliers,190.5,USA,1999,1,Duke,26.0,2001-02
Tracy Murray,Toronto Raptors,200.66,USA,1992,1,UCLA,30.0,2001-02
Tracy McGrady,Orlando Magic,203.2,USA,1997,1,,23.0,2001-02
Tony Parker,San Antonio Spurs,187.96,France,2001,1,,20.0,2001-02
Tony Massenburg,Memphis Grizzlies,205.74,USA,1990,2,Maryland,34.0,2001-02
Tony Delk,Boston Celtics,187.96,USA,1996,1,Kentucky,28.0,2001-02
Tony Battie,Boston Celtics,210.82,USA,1997,1,Texas Tech,26.0,2001-02
Travis Best,Chicago Bulls,180.34,USA,1995,1,Georgia Tech,29.0,2001-02
Victor Alexander,Detroit Pistons,208.28,USA,1991,1,Iowa State,32.0,2001-02
Vin Baker,Seattle SuperSonics,210.82,USA,1993,1,Hartford,30.0,2001-02
Vince Carter,Toronto Raptors,198.12,USA,1998,1,North Carolina,25.0,2001-02
Zendon Hamilton,Denver Nuggets,210.82,USA,Undrafted,Undrafted,St. John's (NY),27.0,2001-02
Zeljko Rebraca,Detroit Pistons,213.36,Yugoslavia,1994,2,,30.0,2001-02
Zach Randolph,Portland Trail Blazers,205.74,USA,2001,1,Michigan State,20.0,2001-02
William Avery,Minnesota Timberwolves,187.96,USA,1999,1,Duke,22.0,2001-02
Will Solomon,Memphis Grizzlies,185.42,USA,2001,2,Clemson,23.0,2001-02
Wesley Person,Cleveland Cavaliers,198.12,USA,1994,1,Auburn,31.0,2001-02
Wang Zhi-zhi,Dallas Mavericks,215.9,China,1999,2,,24.0,2001-02
Walter McCarty,Boston Celtics,208.28,USA,1996,1,Kentucky,28.0,2001-02
Walt Williams,Houston Rockets,203.2,USA,1992,1,Maryland,32.0,2001-02
Wally Szczerbiak,Minnesota Timberwolves,200.66,USA,1999,1,Miami (OH),25.0,2001-02
Voshon Lenard,Denver Nuggets,193.04,USA,1994,2,Minnesota,29.0,2001-02
Vonteego Cummings,Philadelphia 76ers,190.5,USA,1999,1,Pittsburgh,26.0,2001-02
Vladimir Stepania,Miami Heat,213.36,Georgia,1998,1,,26.0,2001-02
Vladimir Radmanovic,Seattle SuperSonics,208.28,Serbia,2001,1,,21.0,2001-02
Vlade Divac,Sacramento Kings,215.9,Serbia and Montenegro,1989,1,,34.0,2001-02
Vitaly Potapenko,Boston Celtics,208.28,Ukraine,1996,1,Wright State,27.0,2001-02
Vinny Del Negro,Phoenix Suns,193.04,USA,1988,2,North Carolina State,35.0,2001-02
Toni Kukoc,Atlanta Hawks,210.82,Croatia,1990,2,,33.0,2001-02
Tom Gugliotta,Phoenix Suns,208.28,USA,1992,1,North Carolina State,32.0,2001-02
Todd MacCulloch,New Jersey Nets,213.36,Canada,1999,2,Washington,26.0,2001-02
Tim Thomas,Milwaukee Bucks,208.28,USA,1997,1,Villanova,25.0,2001-02
Slava Medvedenko,Los Angeles Lakers,208.28,Ukraine,Undrafted,Undrafted,,23.0,2001-02
Shawnelle Scott,Denver Nuggets,208.28,USA,1994,2,St. John's (NY),30.0,2001-02
Shawn Marion,Phoenix Suns,200.66,USA,1999,1,Nevada-Las Vegas,24.0,2001-02
Shawn Kemp,Portland Trail Blazers,208.28,USA,1989,1,Trinity Valley Community College,32.0,2001-02
Shawn Bradley,Dallas Mavericks,228.6,USA,1993,1,Brigham Young,30.0,2001-02
Shareef Abdur-Rahim,Atlanta Hawks,205.74,USA,1996,1,California,25.0,2001-02
Shaquille O'Neal,Los Angeles Lakers,215.9,USA,1992,1,Louisiana State,30.0,2001-02
Shane Battier,Memphis Grizzlies,203.2,USA,2001,1,Duke,23.0,2001-02
Shandon Anderson,New York Knicks,198.12,USA,1996,2,Georgia,28.0,2001-02
Shammond Williams,Seattle SuperSonics,185.42,USA,1998,2,North Carolina,27.0,2001-02
Sean Rooks,Los Angeles Clippers,208.28,USA,1992,2,Arizona,32.0,2001-02
Sean Marks,Miami Heat,208.28,New Zealand,1998,2,California,26.0,2001-02
Scottie Pippen,Portland Trail Blazers,200.66,USA,1987,1,Central Arkansas,36.0,2001-02
Scott Williams,Denver Nuggets,208.28,USA,Undrafted,Undrafted,North Carolina,34.0,2001-02
Scott Padgett,Utah Jazz,205.74,USA,1999,1,Kentucky,26.0,2001-02
Scot Pollard,Sacramento Kings,210.82,USA,1997,1,Kansas,27.0,2001-02
Samuel Dalembert,Philadelphia 76ers,210.82,Haiti,2001,1,Seton Hall,22.0,2001-02
Speedy Claxton,Philadelphia 76ers,180.34,USA,2000,1,Hofstra,24.0,2001-02
Sam Mitchell,Minnesota Timberwolves,200.66,USA,1985,3,Mercer,38.0,2001-02
Stacey Augmon,Charlotte Hornets,203.2,USA,1991,1,Nevada-Las Vegas,33.0,2001-02
Stephon Marbury,Phoenix Suns,187.96,USA,1996,1,Georgia Tech,25.0,2001-02
Tim James,Philadelphia 76ers,200.66,USA,1999,1,Miami (FL),25.0,2001-02
Tim Hardaway,Denver Nuggets,182.88,USA,1989,1,Texas-El Paso,35.0,2001-02
Tim Duncan,San Antonio Spurs,213.36,US Virgin Islands,1997,1,Wake Forest,26.0,2001-02
Tierre Brown,Houston Rockets,187.96,USA,Undrafted,Undrafted,McNeese State,23.0,2001-02
Theo Ratliff,Atlanta Hawks,208.28,USA,1995,1,Wyoming,29.0,2001-02
Terry Porter,San Antonio Spurs,190.5,USA,1985,1,Wisconsin-Stevens Point,39.0,2001-02
Terrell Brandon,Minnesota Timberwolves,180.34,USA,1991,1,Oregon,32.0,2001-02
Terence Morris,Houston Rockets,205.74,USA,2001,2,Maryland,23.0,2001-02
Tariq Abdul-Wahad,Dallas Mavericks,198.12,France,1997,1,San Jose State,27.0,2001-02
Tang Hamilton,Miami Heat,203.2,USA,Undrafted,Undrafted,Mississippi State,24.0,2001-02
Stromile Swift,Memphis Grizzlies,205.74,USA,2000,1,Louisiana State,22.0,2001-02
Mark Pope,Milwaukee Bucks,208.28,USA,1996,2,Kentucky,29.0,2001-02
Steven Hunter,Orlando Magic,208.28,USA,2001,1,DePaul,20.0,2001-02
Steve Nash,Dallas Mavericks,190.5,Canada,1996,1,Santa Clara,28.0,2001-02
Steve Kerr,Portland Trail Blazers,190.5,USA,1988,2,Arizona,36.0,2001-02
Steve Goodrich,New Jersey Nets,208.28,USA,Undrafted,Undrafted,Princeton,26.0,2001-02
Steve Francis,Houston Rockets,190.5,USA,1999,1,Maryland,25.0,2001-02
Stephen Jackson,San Antonio Spurs,203.2,USA,1997,2,Butler Community College,24.0,2001-02
Mark Madsen,Los Angeles Lakers,205.74,USA,2000,1,Stanford,26.0,2001-02
Kevin Ollie,Indiana Pacers,187.96,USA,Undrafted,Undrafted,Connecticut,29.0,2001-02
Mark Bryant,San Antonio Spurs,205.74,USA,1988,1,Seton Hall,37.0,2001-02
Greg Anthony,Milwaukee Bucks,185.42,USA,1991,1,Nevada-Las Vegas,34.0,2001-02
Grant Long,Memphis Grizzlies,205.74,USA,1988,2,Eastern Michigan,36.0,2001-02
Grant Hill,Orlando Magic,203.2,USA,1994,1,Duke,29.0,2001-02
Glenn Robinson,Milwaukee Bucks,200.66,USA,1994,1,Purdue,29.0,2001-02
Glen Rice,Houston Rockets,203.2,USA,1989,1,Michigan,35.0,2001-02
Gilbert Arenas,Golden State Warriors,190.5,USA,2001,2,Arizona,20.0,2001-02
Gerald Wallace,Sacramento Kings,200.66,USA,2001,1,Alabama,19.0,2001-02
Greg Buckner,Dallas Mavericks,193.04,USA,1998,2,Clemson,25.0,2001-02
George McCloud,Denver Nuggets,203.2,USA,1989,1,Florida State,35.0,2001-02
Gary Trent,Minnesota Timberwolves,203.2,USA,1995,1,Ohio,27.0,2001-02
Gary Payton,Seattle SuperSonics,193.04,USA,1990,1,Oregon State,33.0,2001-02
Fred Hoiberg,Chicago Bulls,195.58,USA,1995,2,Iowa State,29.0,2001-02
Felton Spencer,New York Knicks,213.36,USA,1990,1,Louisville,34.0,2001-02
Felipe Lopez,Minnesota Timberwolves,195.58,Dominican Republic,1998,1,St. John's (NY),27.0,2001-02
Evan Eschmeyer,Dallas Mavericks,210.82,USA,1999,2,Northwestern,27.0,2001-02
Etan Thomas,Washington Wizards,208.28,USA,2000,1,Syracuse,24.0,2001-02
George Lynch,Charlotte Hornets,203.2,USA,1993,1,North Carolina,31.0,2001-02
Greg Foster,Milwaukee Bucks,210.82,USA,1990,2,Texas-El Paso,33.0,2001-02
Greg Ostertag,Utah Jazz,218.44,USA,1995,1,Kansas,29.0,2001-02
Hakeem Olajuwon,Toronto Raptors,213.36,Nigeria,1984,1,Houston,39.0,2001-02
Jalen Rose,Chicago Bulls,203.2,USA,1994,1,Michigan,29.0,2001-02
Jake Voskuhl,Phoenix Suns,210.82,USA,2000,2,Connecticut,24.0,2001-02
Jake Tsakalidis,Phoenix Suns,218.44,Greece,2000,1,,23.0,2001-02
Jahidi White,Washington Wizards,205.74,USA,1998,2,Georgetown,26.0,2001-02
Jacque Vaughn,Atlanta Hawks,185.42,USA,1997,1,Kansas,27.0,2001-02
Jabari Smith,Philadelphia 76ers,210.82,USA,2000,2,Louisiana State,25.0,2001-02
Isaiah Rider,Denver Nuggets,195.58,USA,1993,1,Nevada-Las Vegas,31.0,2001-02
Ira Newble,Atlanta Hawks,200.66,USA,Undrafted,Undrafted,Miami (OH),27.0,2001-02
Ira Bowman,Philadelphia 76ers,195.58,USA,Undrafted,Undrafted,Pennsylvania,29.0,2001-02
Ike Fontaine,Memphis Grizzlies,193.04,USA,Undrafted,Undrafted,Washington State,27.0,2001-02
Ike Austin,Memphis Grizzlies,208.28,USA,1991,2,Arizona State,32.0,2001-02
Hubert Davis,Washington Wizards,195.58,USA,1992,1,North Carolina,32.0,2001-02
Howard Eisley,New York Knicks,187.96,USA,1994,2,Boston College,29.0,2001-02
Horace Grant,Orlando Magic,208.28,USA,1987,1,Clemson,36.0,2001-02
Hedo Turkoglu,Sacramento Kings,203.2,Turkey,2000,1,,23.0,2001-02
Harold Jamison,Los Angeles Clippers,205.74,USA,Undrafted,Undrafted,Clemson,25.0,2001-02
Hanno Mottola,Atlanta Hawks,210.82,Finland,2000,2,Utah,25.0,2001-02
Ervin Johnson,Milwaukee Bucks,210.82,USA,1993,1,New Orleans,34.0,2001-02
Jamaal Magloire,Charlotte Hornets,210.82,Canada,2000,1,Kentucky,24.0,2001-02
Ernest Brown,Miami Heat,213.36,USA,2000,2,Indian Hills Community College,23.0,2001-02
Erick Dampier,Golden State Warriors,210.82,USA,1996,1,Mississippi State,26.0,2001-02
Donyell Marshall,Utah Jazz,205.74,USA,1994,1,Connecticut,29.0,2001-02
Donny Marshall,New Jersey Nets,200.66,USA,1995,2,Connecticut,29.0,2001-02
Donnell Harvey,Denver Nuggets,203.2,USA,2000,1,Florida,21.0,2001-02
Don Reid,Orlando Magic,203.2,USA,1995,2,Georgetown,28.0,2001-02
Dirk Nowitzki,Dallas Mavericks,213.36,Germany,1998,1,,24.0,2001-02
Dion Glover,Atlanta Hawks,195.58,USA,1999,1,Georgia Tech,23.0,2001-02
Dikembe Mutombo,Philadelphia 76ers,218.44,Congo,1991,1,Georgetown,36.0,2001-02
Doug Christie,Sacramento Kings,198.12,USA,1992,1,Pepperdine,32.0,2001-02
Dickey Simpkins,Atlanta Hawks,205.74,USA,1994,1,Providence,30.0,2001-02
Desmond Mason,Seattle SuperSonics,195.58,USA,2000,1,Oklahoma State,24.0,2001-02
Derrick McKey,Philadelphia 76ers,208.28,USA,1987,1,Alabama,35.0,2001-02
Derrick Dial,Toronto Raptors,193.04,USA,1998,2,Eastern Michigan,26.0,2001-02
Derrick Coleman,Philadelphia 76ers,208.28,USA,1990,1,Syracuse,35.0,2001-02
Derek Fisher,Los Angeles Lakers,185.42,USA,1996,1,Arkansas-Little Rock,27.0,2001-02
Derek Anderson,Portland Trail Blazers,195.58,USA,1997,1,Kentucky,27.0,2001-02
Zydrunas Ilgauskas,Cleveland Cavaliers,220.98,Lithuania,1996,1,,27.0,2001-02
Devean George,Los Angeles Lakers,203.2,USA,1999,1,Augsburg,24.0,2001-02
Doug Overton,Los Angeles Clippers,190.5,USA,1991,2,La Salle,32.0,2001-02
Earl Boykins,Los Angeles Clippers,165.1,USA,Undrafted,Undrafted,Eastern Michigan,26.0,2001-02
Earl Watson,Seattle SuperSonics,185.42,USA,2001,2,UCLA,23.0,2001-02
Erick Barkley,Portland Trail Blazers,185.42,USA,2000,1,St. John's (NY),24.0,2001-02
Eric Williams,Boston Celtics,203.2,USA,1995,1,Providence,29.0,2001-02
Eric Snow,Philadelphia 76ers,190.5,USA,1995,2,Michigan State,29.0,2001-02
Eric Piatkowski,Los Angeles Clippers,198.12,USA,1994,1,Nebraska,31.0,2001-02
Eric Montross,Toronto Raptors,213.36,USA,1994,1,North Carolina,30.0,2001-02
Emanual Davis,Atlanta Hawks,195.58,USA,Undrafted,Undrafted,Delaware State,33.0,2001-02
Elton Brand,Los Angeles Clippers,203.2,USA,1999,1,Duke,23.0,2001-02
Elliot Perry,Memphis Grizzlies,182.88,USA,1991,2,Memphis,33.0,2001-02
Eldridge Recasner,Los Angeles Clippers,190.5,USA,1992,Undrafted,Washington,34.0,2001-02
Elden Campbell,Charlotte Hornets,213.36,USA,1990,1,Clemson,33.0,2001-02
Eduardo Najera,Dallas Mavericks,203.2,Mexico,2000,2,Oklahoma,25.0,2001-02
Eddy Curry,Chicago Bulls,210.82,USA,2001,1,,19.0,2001-02
Eddie Robinson,Chicago Bulls,205.74,USA,Undrafted,Undrafted,Central Oklahoma,26.0,2001-02
Eddie Jones,Miami Heat,198.12,USA,1994,1,Temple,30.0,2001-02
Eddie House,Miami Heat,185.42,USA,2000,2,Arizona State,24.0,2001-02
Eddie Griffin,Houston Rockets,208.28,USA,2001,1,Seton Hall,20.0,2001-02
Eddie Gill,Memphis Grizzlies,182.88,USA,Undrafted,Undrafted,Weber State,23.0,2001-02
Erick Strickland,Boston Celtics,190.5,USA,Undrafted,Undrafted,Nebraska,28.0,2001-02
Mark Jackson,New York Knicks,190.5,USA,1987,1,St. John's (NY),37.0,2001-02
Jamaal Tinsley,Indiana Pacers,190.5,USA,2001,1,Iowa State,24.0,2001-02
Jamal Mashburn,Charlotte Hornets,203.2,USA,1993,1,Kentucky,29.0,2001-02
Kwame Brown,Washington Wizards,210.82,USA,2001,1,,20.0,2001-02
Kurt Thomas,New York Knicks,205.74,USA,1995,1,Texas Christian,29.0,2001-02
Kobe Bryant,Los Angeles Lakers,200.66,USA,1996,1,,23.0,2001-02
Kirk Haston,Charlotte Hornets,205.74,USA,2001,1,Indiana,23.0,2001-02
Keyon Dooling,Los Angeles Clippers,190.5,USA,2000,1,Missouri,22.0,2001-02
Kevin Willis,Houston Rockets,213.36,USA,1984,1,Michigan State,39.0,2001-02
Kevin Garnett,Minnesota Timberwolves,210.82,USA,1995,1,,26.0,2001-02
LaPhonso Ellis,Miami Heat,203.2,USA,1992,1,Notre Dame,32.0,2001-02
Kerry Kittles,New Jersey Nets,195.58,USA,1996,1,Villanova,28.0,2001-02
Kenyon Martin,New Jersey Nets,205.74,USA,2000,1,Cincinnati,24.0,2001-02
Kenny Thomas,Houston Rockets,200.66,USA,1999,1,New Mexico,24.0,2001-02
Kenny Satterfield,Denver Nuggets,185.42,USA,2001,2,Cincinnati,21.0,2001-02
Kenny Anderson,Boston Celtics,185.42,USA,1991,1,Georgia Tech,31.0,2001-02
Kendall Gill,Miami Heat,195.58,USA,1990,1,Illinois,34.0,2001-02
Kelvin Cato,Houston Rockets,210.82,USA,1997,1,Iowa State,27.0,2001-02
Keith Van Horn,New Jersey Nets,208.28,USA,1997,1,Utah,26.0,2001-02
Keon Clark,Toronto Raptors,210.82,USA,1998,1,Nevada-Las Vegas,27.0,2001-02
Lamar Odom,Los Angeles Clippers,208.28,USA,1999,1,Rhode Island,22.0,2001-02
Lamond Murray,Cleveland Cavaliers,200.66,USA,1994,1,California,29.0,2001-02
Larry Hughes,Golden State Warriors,195.58,USA,1998,1,Saint Louis,23.0,2001-02
Mark Blount,Boston Celtics,213.36,USA,1997,2,Pittsburgh,26.0,2001-02
Marcus Fizer,Chicago Bulls,205.74,USA,2000,1,Iowa State,23.0,2001-02
Marcus Camby,New York Knicks,210.82,USA,1996,1,Massachusetts,28.0,2001-02
Marc Jackson,Minnesota Timberwolves,208.28,USA,1997,2,Temple,27.0,2001-02
Mamadou N'diaye,Toronto Raptors,213.36,Senegal,2000,1,Auburn,27.0,2001-02
Malik Rose,San Antonio Spurs,200.66,USA,1996,2,Drexel,27.0,2001-02
Malik Allen,Miami Heat,208.28,USA,Undrafted,Undrafted,Villanova,24.0,2001-02
Lucious Harris,New Jersey Nets,195.58,USA,1993,2,Long Beach State,31.0,2001-02
Lorenzen Wright,Memphis Grizzlies,210.82,USA,1996,1,Memphis,26.0,2001-02
Loren Woods,Minnesota Timberwolves,215.9,USA,2001,2,Arizona,24.0,2001-02
Lindsey Hunter,Los Angeles Lakers,187.96,USA,1993,1,Jackson State,31.0,2001-02
Leon Smith,Atlanta Hawks,208.28,USA,1999,1,,21.0,2001-02
Lee Nailon,Charlotte Hornets,205.74,USA,1999,2,Texas Christian,27.0,2001-02
Lawrence Funderburke,Sacramento Kings,205.74,USA,1994,2,Ohio State,31.0,2001-02
Lavor Postell,New York Knicks,195.58,USA,2000,2,St. John's (NY),24.0,2001-02
Latrell Sprewell,New York Knicks,195.58,USA,1992,1,Alabama,31.0,2001-02
Larry Robinson,New York Knicks,190.5,USA,Undrafted,Undrafted,Centenary (LA),34.0,2001-02
Kedrick Brown,Boston Celtics,200.66,USA,2001,1,Northwest Florida State,21.0,2001-02
Jamal Crawford,Chicago Bulls,195.58,USA,2000,1,Michigan,22.0,2001-02
Karl Malone,Utah Jazz,205.74,USA,1985,1,Louisiana Tech,38.0,2001-02
Jumaine Jones,Cleveland Cavaliers,203.2,USA,1999,1,Georgia,23.0,2001-02
Jelani McCoy,Los Angeles Lakers,208.28,USA,1998,2,UCLA,24.0,2001-02
Jeff Trepagnier,Cleveland Cavaliers,193.04,USA,2001,2,Southern California,22.0,2001-02
Jeff McInnis,Los Angeles Clippers,193.04,USA,1996,2,North Carolina,27.0,2001-02
Jeff Foster,Indiana Pacers,210.82,USA,1999,1,Texas State,25.0,2001-02
Jason Williams,Memphis Grizzlies,185.42,USA,1998,1,Florida,26.0,2001-02
Jason Terry,Atlanta Hawks,187.96,USA,1999,1,Arizona,24.0,2001-02
Jason Richardson,Golden State Warriors,198.12,USA,2001,1,Michigan State,21.0,2001-02
Jermaine Jackson,Toronto Raptors,195.58,USA,Undrafted,Undrafted,Detroit Mercy,26.0,2001-02
Jason Kidd,New Jersey Nets,193.04,USA,1994,1,California,29.0,2001-02
Jason Collins,New Jersey Nets,213.36,USA,2001,1,Stanford,23.0,2001-02
Jason Collier,Houston Rockets,213.36,USA,2000,1,Georgia Tech,24.0,2001-02
Jason Caffey,Milwaukee Bucks,203.2,USA,1995,1,Alabama,29.0,2001-02
Jarron Collins,Utah Jazz,210.82,USA,2001,2,Stanford,23.0,2001-02
Jaren Jackson,Orlando Magic,198.12,USA,Undrafted,Undrafted,Georgetown,34.0,2001-02
Jamison Brewer,Indiana Pacers,187.96,USA,2001,2,Auburn,21.0,2001-02
James Posey,Denver Nuggets,203.2,USA,1999,1,Xavier,25.0,2001-02
Jason Hart,San Antonio Spurs,187.96,USA,2000,2,Syracuse,24.0,2001-02
Jermaine O'Neal,Indiana Pacers,210.82,USA,1996,1,,23.0,2001-02
Jerome James,Seattle SuperSonics,215.9,USA,1998,2,Florida A&M,26.0,2001-02
Jerome Moiso,Charlotte Hornets,208.28,France,2000,1,UCLA,24.0,2001-02
Jud Buechler,Orlando Magic,198.12,USA,1990,2,Arizona,34.0,2001-02
Joseph Forte,Boston Celtics,193.04,USA,2001,1,North Carolina,21.0,2001-02
Jonathan Bender,Indiana Pacers,213.36,USA,1999,1,,21.0,2001-02
Jon Barry,Detroit Pistons,195.58,USA,1992,1,Georgia Tech,32.0,2001-02
Johnny Newman,Dallas Mavericks,200.66,USA,1986,2,Richmond,38.0,2001-02
John Wallace,Phoenix Suns,205.74,USA,1996,1,Syracuse,28.0,2001-02
John Stockton,Utah Jazz,185.42,USA,1984,1,Gonzaga,40.0,2001-02
John Starks,Utah Jazz,195.58,USA,Undrafted,Undrafted,Oklahoma State,36.0,2001-02
John Crotty,Utah Jazz,185.42,USA,Undrafted,Undrafted,Virginia,32.0,2001-02
John Amaechi,Utah Jazz,208.28,England,Undrafted,Undrafted,Penn State,31.0,2001-02
Joel Przybilla,Milwaukee Bucks,215.9,USA,2000,1,Minnesota,22.0,2001-02
Joe Smith,Minnesota Timberwolves,208.28,USA,1995,1,Maryland,26.0,2001-02
Joe Johnson,Phoenix Suns,200.66,USA,2001,1,Arkansas,21.0,2001-02
Joe Crispin,Phoenix Suns,182.88,USA,Undrafted,Undrafted,Penn State,22.0,2001-02
Jim Jackson,Miami Heat,198.12,USA,1992,1,Ohio State,31.0,2001-02
Jeryl Sasser,Orlando Magic,198.12,USA,2001,1,Southern Methodist,23.0,2001-02
Jerry Stackhouse,Detroit Pistons,198.12,USA,1995,1,North Carolina,27.0,2001-02
Juwan Howard,Denver Nuggets,205.74,USA,1994,1,Michigan,29.0,2001-02
Jerome Williams,Toronto Raptors,205.74,USA,1996,1,Georgetown,29.0,2001-02
Nick Van Exel,Dallas Mavericks,185.42,USA,1993,2,Cincinnati,30.0,2001-02
Chris Whitney,Washington Wizards,182.88,USA,1993,2,Clemson,30.0,2001-02
Carlos Rogers,Indiana Pacers,210.82,USA,1994,1,Tennessee State,31.0,2001-02
Cedric Henderson,Golden State Warriors,200.66,USA,1997,2,Memphis,27.0,2001-02
Charles Oakley,Chicago Bulls,205.74,USA,1985,1,Virginia Union,38.0,2001-02
Charles Smith,San Antonio Spurs,193.04,USA,1997,1,New Mexico,26.0,2001-02
Charlie Bell,Dallas Mavericks,190.5,USA,Undrafted,Undrafted,Michigan State,23.0,2001-02
Charlie Ward,New York Knicks,187.96,USA,1994,1,Florida State,31.0,2001-02
Carlos Arroyo,Denver Nuggets,187.96,Puerto Rico,Undrafted,Undrafted,Florida International,22.0,2001-02
Chauncey Billups,Minnesota Timberwolves,190.5,USA,1997,1,Colorado,25.0,2001-02
Chris Andersen,Denver Nuggets,208.28,USA,Undrafted,Undrafted,Blinn,23.0,2001-02
Chris Childs,Toronto Raptors,190.5,USA,Undrafted,Undrafted,Boise State,34.0,2001-02
Chris Crawford,Atlanta Hawks,205.74,USA,1997,2,Marquette,27.0,2001-02
Chris Dudley,Portland Trail Blazers,210.82,USA,1987,4,Yale,37.0,2001-02
Chris Gatling,Miami Heat,208.28,USA,1991,1,Old Dominion,34.0,2001-02
Chris Mihm,Cleveland Cavaliers,213.36,USA,2000,1,Texas,22.0,2001-02
Cherokee Parks,San Antonio Spurs,210.82,USA,1995,1,Duke,29.0,2001-02
Chris Mills,Golden State Warriors,200.66,USA,1993,1,Arizona,32.0,2001-02
Calvin Booth,Seattle SuperSonics,210.82,USA,1999,2,Penn State,26.0,2001-02
Cal Bowdler,Atlanta Hawks,208.28,USA,1999,1,Old Dominion,25.0,2001-02
Brandon Armstrong,New Jersey Nets,195.58,USA,2001,1,Pepperdine,22.0,2001-02
Brendan Haywood,Washington Wizards,213.36,USA,2001,1,North Carolina,22.0,2001-02
Brent Barry,Seattle SuperSonics,198.12,USA,1995,1,Oregon State,30.0,2001-02
Brent Price,Sacramento Kings,185.42,USA,1992,2,Oklahoma,33.0,2001-02
Brevin Knight,Memphis Grizzlies,177.8,USA,1997,1,Stanford,26.0,2001-02
Brian Cardinal,Detroit Pistons,203.2,USA,2000,2,Purdue,25.0,2001-02
Calbert Cheaney,Denver Nuggets,200.66,USA,1993,1,Indiana,30.0,2001-02
Brian Grant,Miami Heat,205.74,USA,1994,1,Xavier,30.0,2001-02
Brian Skinner,Cleveland Cavaliers,205.74,USA,1998,1,Baylor,26.0,2001-02
Bruce Bowen,San Antonio Spurs,200.66,USA,Undrafted,Undrafted,Cal State-Fullerton,31.0,2001-02
Bruno Sundov,Indiana Pacers,218.44,Croatia,1998,2,,22.0,2001-02
Bryant Stith,Cleveland Cavaliers,195.58,USA,1992,1,Virginia,31.0,2001-02
Bryce Drew,Charlotte Hornets,190.5,USA,1998,1,Valparaiso,27.0,2001-02
Bryon Russell,Utah Jazz,200.66,USA,1993,2,Long Beach State,31.0,2001-02
Brian Scalabrine,New Jersey Nets,205.74,USA,2001,2,Southern California,24.0,2001-02
Chris Webber,Sacramento Kings,208.28,USA,1993,1,Michigan,29.0,2001-02
Christian Laettner,Washington Wizards,210.82,USA,1992,1,Duke,32.0,2001-02
Chucky Atkins,Detroit Pistons,180.34,USA,Undrafted,Undrafted,South Florida,27.0,2001-02
Danny Manning,Dallas Mavericks,208.28,USA,1988,1,Kansas,36.0,2001-02
Darius Miles,Los Angeles Clippers,205.74,USA,2000,1,,20.0,2001-02
Darrell Armstrong,Orlando Magic,185.42,USA,Undrafted,Undrafted,Fayetteville State,34.0,2001-02
Darrick Martin,Dallas Mavericks,180.34,USA,Undrafted,Undrafted,UCLA,31.0,2001-02
Darvin Ham,Milwaukee Bucks,200.66,USA,Undrafted,Undrafted,Texas Tech,28.0,2001-02
David Robinson,San Antonio Spurs,215.9,USA,1987,1,Navy,36.0,2001-02
Danny Fortson,Golden State Warriors,203.2,USA,1997,1,Cincinnati,26.0,2001-02
David Wesley,Charlotte Hornets,185.42,USA,Undrafted,Undrafted,Baylor,31.0,2001-02
DeShawn Stevenson,Utah Jazz,195.58,USA,2000,1,,21.0,2001-02
Dean Garrett,Golden State Warriors,210.82,USA,1988,2,Indiana,35.0,2001-02
Dean Oliver,Golden State Warriors,180.34,USA,Undrafted,Undrafted,Iowa,23.0,2001-02
Dee Brown,Orlando Magic,185.42,USA,1990,1,Jacksonville,33.0,2001-02
Dell Curry,Toronto Raptors,195.58,USA,1986,1,Virginia Tech,38.0,2001-02
DerMarr Johnson,Atlanta Hawks,205.74,USA,2000,1,Cincinnati,22.0,2001-02
DeSagana Diop,Cleveland Cavaliers,213.36,Senegal,2001,1,,20.0,2001-02
Danny Ferry,San Antonio Spurs,208.28,USA,1989,1,Duke,35.0,2001-02
Daniel Santiago,Phoenix Suns,215.9,Puerto Rico,Undrafted,Undrafted,Saint Vincent,26.0,2001-02
Dana Barros,Detroit Pistons,180.34,USA,1989,1,Boston College,35.0,2001-02
Chucky Brown,Sacramento Kings,203.2,USA,1989,2,North Carolina State,34.0,2001-02
Clar. Weatherspoon,New York Knicks,200.66,USA,1992,1,Southern Mississippi,31.0,2001-02
Clifford Robinson,Detroit Pistons,208.28,USA,1989,2,Connecticut,35.0,2001-02
Corey Maggette,Los Angeles Clippers,198.12,USA,1999,1,Duke,22.0,2001-02
Corie Blount,Philadelphia 76ers,208.28,USA,1993,1,Cincinnati,33.0,2001-02
Corliss Williamson,Detroit Pistons,200.66,USA,1995,1,Arkansas,28.0,2001-02
Courtney Alexander,Washington Wizards,198.12,USA,2000,1,Fresno State,25.0,2001-02
Cuttino Mobley,Houston Rockets,193.04,USA,1998,2,Rhode Island,26.0,2001-02
Dale Davis,Portland Trail Blazers,210.82,USA,1991,1,Clemson,33.0,2001-02
Dalibor Bagaric,Chicago Bulls,215.9,Croatia,2000,1,,21.0,2001-02
Damon Jones,Detroit Pistons,190.5,USA,Undrafted,Undrafted,Houston,25.0,2001-02
Damon Stoudamire,Portland Trail Blazers,177.8,USA,1995,1,Arizona,28.0,2001-02
Damone Brown,Philadelphia 76ers,203.2,USA,2001,2,Syracuse,23.0,2001-02
Dan Langhi,Houston Rockets,210.82,USA,2000,2,Vanderbilt,24.0,2001-02
Dan Majerle,Phoenix Suns,198.12,USA,1988,1,Central Michigan,36.0,2001-02
Brad Miller,Indiana Pacers,213.36,USA,Undrafted,Undrafted,Purdue,26.0,2001-02
Bonzi Wells,Portland Trail Blazers,195.58,USA,1998,1,Ball State,25.0,2001-02
Brian Shaw,Los Angeles Lakers,198.12,USA,1988,1,California-Santa Barbara,36.0,2001-02
Bobby Jackson,Sacramento Kings,185.42,USA,1997,1,Minnesota,29.0,2001-02
Andrew DeClercq,Orlando Magic,208.28,USA,1995,2,Florida,29.0,2001-02
Andrei Kirilenko,Utah Jazz,205.74,Russia,1999,1,,21.0,2001-02
Andre Miller,Cleveland Cavaliers,187.96,USA,1999,1,Utah,26.0,2001-02
Amal McCaskill,San Antonio Spurs,210.82,USA,1996,2,Marquette,28.0,2001-02
Alvin Williams,Toronto Raptors,195.58,USA,1997,2,Villanova,27.0,2001-02
Alvin Jones,Philadelphia 76ers,210.82,USA,2001,2,Georgia Tech,23.0,2001-02
Alton Ford,Phoenix Suns,205.74,USA,2001,2,Houston,21.0,2001-02
Alonzo Mourning,Miami Heat,208.28,USA,1992,1,Georgetown,32.0,2001-02
Anfernee Hardaway,Phoenix Suns,200.66,USA,1993,1,Memphis,30.0,2001-02
Allen Iverson,Philadelphia 76ers,182.88,USA,1996,1,Georgetown,27.0,2001-02
Al Harrington,Indiana Pacers,205.74,USA,1998,1,,22.0,2001-02
Adrian Griffin,Dallas Mavericks,195.58,USA,Undrafted,Undrafted,Seton Hall,27.0,2001-02
Adonal Foyle,Golden State Warriors,208.28,St. Vincent & Grenadines,1997,1,Colgate,27.0,2001-02
Aaron Williams,New Jersey Nets,205.74,USA,Undrafted,Undrafted,Xavier,30.0,2001-02
Aaron McKie,Philadelphia 76ers,195.58,USA,1994,1,Temple,29.0,2001-02
A.J. Guyton,Chicago Bulls,185.42,USA,2000,2,Indiana,24.0,2001-02
Bobby Simmons,Washington Wizards,198.12,USA,2001,2,DePaul,22.0,2001-02
Nick Anderson,Memphis Grizzlies,198.12,USA,1989,1,Illinois,34.0,2001-02
Alan Henderson,Atlanta Hawks,205.74,USA,1995,1,Indiana,29.0,2001-02
Ansu Sesay,Seattle SuperSonics,205.74,USA,1998,2,Mississippi,25.0,2001-02
Allan Houston,New York Knicks,198.12,USA,1993,1,Tennessee,31.0,2001-02
Anthony Carter,Miami Heat,187.96,USA,Undrafted,Undrafted,Hawaii,27.0,2001-02
Bo Outlaw,Phoenix Suns,203.2,USA,Undrafted,Undrafted,Houston,31.0,2001-02
Antawn Jamison,Golden State Warriors,205.74,USA,1998,1,North Carolina,26.0,2001-02
Bimbo Coles,Cleveland Cavaliers,187.96,USA,1990,2,Virginia Tech,34.0,2001-02
Ben Wallace,Detroit Pistons,205.74,USA,Undrafted,Undrafted,Virginia Union,27.0,2001-02
Baron Davis,Charlotte Hornets,190.5,USA,1999,1,UCLA,23.0,2001-02
Avery Johnson,Dallas Mavericks,180.34,USA,Undrafted,Undrafted,Southern,37.0,2001-02
Austin Croshere,Indiana Pacers,208.28,USA,1997,1,Providence,27.0,2001-02
Art Long,Seattle SuperSonics,205.74,USA,Undrafted,Undrafted,Cincinnati,29.0,2001-02
Bob Sura,Golden State Warriors,195.58,USA,1995,1,Florida State,29.0,2001-02
Antonio McDyess,Denver Nuggets,205.74,USA,1995,1,Alabama,27.0,2001-02
Antonio Harvey,Seattle SuperSonics,210.82,USA,Undrafted,Undrafted,Pfeiffer,31.0,2001-02
Antonio Davis,Toronto Raptors,205.74,USA,1990,2,Texas-El Paso,33.0,2001-02
Antonio Daniels,San Antonio Spurs,193.04,USA,1997,1,Bowling Green,27.0,2001-02
Antoine Walker,Boston Celtics,205.74,USA,1996,1,Kentucky,25.0,2001-02
Anthony Peeler,Minnesota Timberwolves,193.04,USA,1992,1,Missouri,32.0,2001-02
Antonis Fotsis,Memphis Grizzlies,208.28,Greece,2001,2,,21.0,2001-02
Anthony Johnson,New Jersey Nets,190.5,USA,1997,2,College of Charleston,27.0,2001-02
Anthony Mason,Milwaukee Bucks,203.2,USA,1988,3,Tennessee State,35.0,2001-02
Popeye Jones,Dallas Mavericks,203.2,USA,1992,2,Murray State,33.0,2002-03
Michael Doleac,New York Knicks,210.82,USA,1998,1,Utah,26.0,2002-03
Michael Finley,Dallas Mavericks,200.66,USA,1995,1,Wisconsin,30.0,2002-03
Michael Jordan,Washington Wizards,198.12,USA,1984,1,North Carolina,40.0,2002-03
Predrag Savovic,Denver Nuggets,198.12,Yugoslavia,Undrafted,Undrafted,Hawaii,27.0,2002-03
Michael Redd,Milwaukee Bucks,198.12,USA,2000,2,Ohio State,23.0,2002-03
Michael Dickerson,Memphis Grizzlies,195.58,USA,1998,1,Arizona,28.0,2002-03
Predrag Drobnjak,Seattle SuperSonics,210.82,Yugoslavia,1997,2,,27.0,2002-03
Michael Olowokandi,Los Angeles Clippers,213.36,Nigeria,1998,1,Pacific,28.0,2002-03
Michael Curry,Detroit Pistons,195.58,USA,Undrafted,Undrafted,Georgia Southern,34.0,2002-03
Matt Harpring,Utah Jazz,200.66,USA,1998,1,Georgia Tech,27.0,2002-03
Metta World Peace,Indiana Pacers,200.66,USA,1999,1,St. John's (NY),23.0,2002-03
Mengke Bateer,San Antonio Spurs,210.82,China,Undrafted,Undrafted,,27.0,2002-03
Melvin Ely,Los Angeles Clippers,208.28,USA,2002,1,Fresno State,25.0,2002-03
Mehmet Okur,Detroit Pistons,210.82,Turkey,2001,2,,24.0,2002-03
Maurice Taylor,Houston Rockets,205.74,USA,1997,1,Michigan,26.0,2002-03
Matt Maloney,Atlanta Hawks,190.5,USA,Undrafted,Undrafted,Pennsylvania,31.0,2002-03
Mateen Cleaves,Sacramento Kings,187.96,USA,2000,1,Michigan State,25.0,2002-03
Marko Jaric,Los Angeles Clippers,200.66,Serbia,2000,2,,24.0,2002-03
Mark Strickland,Dallas Mavericks,208.28,USA,Undrafted,Undrafted,Temple,32.0,2002-03
Mark Madsen,Los Angeles Lakers,205.74,USA,2000,1,Stanford,27.0,2002-03
Pepe Sanchez,Detroit Pistons,193.04,Argentina,Undrafted,Undrafted,Temple,26.0,2002-03
Michael Bradley,Toronto Raptors,208.28,USA,2001,1,Villanova,24.0,2002-03
Peja Stojakovic,Sacramento Kings,208.28,Serbia and Montenegro,1996,1,,26.0,2002-03
Mike Wilks,Minnesota Timberwolves,177.8,USA,Undrafted,Undrafted,Rice,24.0,2002-03
Paul Pierce,Boston Celtics,198.12,USA,1998,1,Kansas,25.0,2002-03
Mark Jackson,Utah Jazz,190.5,USA,1987,1,St. John's (NY),38.0,2002-03
Michael Stewart,Cleveland Cavaliers,208.28,USA,Undrafted,Undrafted,California,28.0,2002-03
Mike Batiste,Memphis Grizzlies,203.2,USA,Undrafted,Undrafted,Arizona State,25.0,2002-03
Mike Bibby,Sacramento Kings,185.42,USA,1998,1,Arizona,25.0,2002-03
Mike Dunleavy,Golden State Warriors,205.74,USA,2002,1,Duke,22.0,2002-03
Mike James,Miami Heat,187.96,USA,Undrafted,Undrafted,Duquesne,28.0,2002-03
Mike Miller,Memphis Grizzlies,203.2,USA,2000,1,Florida,23.0,2002-03
Mikki Moore,Atlanta Hawks,213.36,USA,Undrafted,Undrafted,Nebraska,27.0,2002-03
Milt Palacio,Cleveland Cavaliers,190.5,Belize,Undrafted,Undrafted,Colorado State,25.0,2002-03
Monty Williams,Philadelphia 76ers,203.2,USA,1994,1,Notre Dame,31.0,2002-03
Moochie Norris,Houston Rockets,187.96,USA,1996,2,West Florida,29.0,2002-03
Paul Shirley,Atlanta Hawks,208.28,USA,Undrafted,Undrafted,Iowa State,25.0,2002-03
Morris Peterson,Toronto Raptors,200.66,USA,2000,1,Michigan State,25.0,2002-03
Nazr Mohammed,Atlanta Hawks,208.28,USA,1998,1,Kentucky,25.0,2002-03
Nene,Denver Nuggets,210.82,Brazil,2002,1,,20.0,2002-03
Nick Van Exel,Dallas Mavericks,185.42,USA,1993,2,Cincinnati,31.0,2002-03
Nikoloz Tskitishvili,Denver Nuggets,213.36,Georgia,2002,1,,20.0,2002-03
Olumide Oyedeji,Orlando Magic,208.28,Nigeria,2000,2,,22.0,2002-03
Oscar Torres,Golden State Warriors,198.12,Venezuela,Undrafted,Undrafted,Venezuela,26.0,2002-03
Othella Harrington,New York Knicks,205.74,USA,1996,2,Georgetown,29.0,2002-03
P.J. Brown,New Orleans Hornets,210.82,USA,1992,2,Louisiana Tech,33.0,2002-03
Pat Burke,Orlando Magic,210.82,Ireland,Undrafted,Undrafted,Auburn,29.0,2002-03
Pat Garrity,Orlando Magic,205.74,USA,1998,1,Notre Dame,26.0,2002-03
Pau Gasol,Memphis Grizzlies,213.36,Spain,2001,1,,22.0,2002-03
Nate Huffman,Toronto Raptors,215.9,USA,Undrafted,Undrafted,Central Michigan,28.0,2002-03
Mark Bryant,Boston Celtics,205.74,USA,1988,1,Seton Hall,38.0,2002-03
Stephen Jackson,San Antonio Spurs,203.2,USA,1997,2,Butler Community College,25.0,2002-03
Marcus Haislip,Milwaukee Bucks,208.28,USA,2002,1,Tennessee,22.0,2002-03
Kevin Ollie,Seattle SuperSonics,187.96,USA,Undrafted,Undrafted,Connecticut,30.0,2002-03
Kevin Garnett,Minnesota Timberwolves,210.82,USA,1995,1,,27.0,2002-03
Kerry Kittles,New Jersey Nets,195.58,USA,1996,1,Villanova,29.0,2002-03
Keon Clark,Sacramento Kings,210.82,USA,1998,1,Nevada-Las Vegas,28.0,2002-03
Kenyon Martin,New Jersey Nets,205.74,USA,2000,1,Cincinnati,25.0,2002-03
Kenny Thomas,Philadelphia 76ers,200.66,USA,1999,1,New Mexico,25.0,2002-03
Kenny Satterfield,Philadelphia 76ers,187.96,USA,2001,2,Cincinnati,22.0,2002-03
Kenny Anderson,New Orleans Hornets,185.42,USA,1991,1,Georgia Tech,32.0,2002-03
Kendall Gill,Minnesota Timberwolves,195.58,USA,1990,1,Illinois,35.0,2002-03
Ken Johnson,Miami Heat,208.28,USA,2001,2,Ohio State,25.0,2002-03
Kelvin Cato,Houston Rockets,210.82,USA,1997,1,Iowa State,28.0,2002-03
Keith Van Horn,Philadelphia 76ers,208.28,USA,1997,1,Utah,27.0,2002-03
Kedrick Brown,Boston Celtics,200.66,USA,2001,1,Northwest Florida State,22.0,2002-03
Karl Malone,Utah Jazz,205.74,USA,1985,1,Louisiana Tech,39.0,2002-03
Kareem Rush,Los Angeles Lakers,198.12,USA,2002,1,Missouri,22.0,2002-03
Juwan Howard,Denver Nuggets,205.74,USA,1994,1,Michigan,30.0,2002-03
Junior Harrington,Denver Nuggets,193.04,USA,Undrafted,Undrafted,Wingate,22.0,2002-03
Jumaine Jones,Cleveland Cavaliers,203.2,USA,1999,1,Georgia,24.0,2002-03
Juaquin Hawkins,Houston Rockets,200.66,USA,Undrafted,Undrafted,Long Beach State,29.0,2002-03
Juan Dixon,Washington Wizards,190.5,USA,2002,1,Maryland,24.0,2002-03
Joseph Forte,Seattle SuperSonics,193.04,USA,2001,1,North Carolina,22.0,2002-03
Jonathan Bender,Indiana Pacers,213.36,USA,1999,1,,22.0,2002-03
Jon Barry,Detroit Pistons,195.58,USA,1992,1,Georgia Tech,33.0,2002-03
Kevin Willis,San Antonio Spurs,213.36,USA,1984,1,Michigan State,40.0,2002-03
Mark Blount,Boston Celtics,213.36,USA,1997,2,Pittsburgh,27.0,2002-03
Keyon Dooling,Los Angeles Clippers,190.5,USA,2000,1,Missouri,23.0,2002-03
Kobe Bryant,Los Angeles Lakers,200.66,USA,1996,1,,24.0,2002-03
Marcus Fizer,Chicago Bulls,203.2,USA,2000,1,Iowa State,24.0,2002-03
Marcus Camby,Denver Nuggets,210.82,USA,1996,1,Massachusetts,29.0,2002-03
Marc Jackson,Minnesota Timberwolves,208.28,USA,1997,2,Temple,28.0,2002-03
Manu Ginobili,San Antonio Spurs,198.12,Argentina,1999,2,,25.0,2002-03
Mamadou N'diaye,Toronto Raptors,213.36,Senegal,2000,1,Auburn,28.0,2002-03
Malik Rose,San Antonio Spurs,200.66,USA,1996,2,Drexel,28.0,2002-03
Malik Allen,Miami Heat,208.28,USA,Undrafted,Undrafted,Villanova,25.0,2002-03
Maceo Baston,Toronto Raptors,205.74,USA,1998,2,Michigan,27.0,2002-03
Lucious Harris,New Jersey Nets,195.58,USA,1993,2,Long Beach State,32.0,2002-03
Lorenzen Wright,Memphis Grizzlies,210.82,USA,1996,1,Memphis,27.0,2002-03
Loren Woods,Minnesota Timberwolves,215.9,USA,2001,2,Arizona,25.0,2002-03
Lonny Baxter,Chicago Bulls,203.2,USA,2002,2,Maryland,24.0,2002-03
Lindsey Hunter,Toronto Raptors,187.96,USA,1993,1,Jackson State,32.0,2002-03
Lee Nailon,New York Knicks,205.74,USA,1999,2,Texas Christian,28.0,2002-03
Lawrence Funderburke,Sacramento Kings,205.74,USA,1994,2,Ohio State,32.0,2002-03
Lavor Postell,New York Knicks,195.58,USA,2000,2,St. John's (NY),25.0,2002-03
Latrell Sprewell,New York Knicks,195.58,USA,1992,1,Alabama,32.0,2002-03
Larry Hughes,Washington Wizards,195.58,USA,1998,1,Saint Louis,24.0,2002-03
Lamar Odom,Los Angeles Clippers,208.28,USA,1999,1,Rhode Island,23.0,2002-03
Primoz Brezec,Indiana Pacers,215.9,Slovenia,2000,1,,23.0,2002-03
LaPhonso Ellis,Miami Heat,203.2,USA,1992,1,Notre Dame,33.0,2002-03
Kwame Brown,Washington Wizards,210.82,USA,2001,1,,21.0,2002-03
Kurt Thomas,New York Knicks,205.74,USA,1995,1,Texas Christian,30.0,2002-03
Kirk Haston,New Orleans Hornets,205.74,USA,2001,1,Indiana,24.0,2002-03
Quentin Richardson,Los Angeles Clippers,198.12,USA,2000,1,DePaul,23.0,2002-03
Stacey Augmon,New Orleans Hornets,203.2,USA,1991,1,Nevada-Las Vegas,34.0,2002-03
Raef LaFrentz,Dallas Mavericks,210.82,USA,1998,1,Kansas,27.0,2002-03
Sam Cassell,Milwaukee Bucks,190.5,USA,1993,1,Florida State,33.0,2002-03
Samaki Walker,Los Angeles Lakers,205.74,USA,1996,1,Louisville,27.0,2002-03
Scot Pollard,Sacramento Kings,210.82,USA,1997,1,Kansas,28.0,2002-03
Scott Padgett,Utah Jazz,205.74,USA,1999,1,Kentucky,27.0,2002-03
Scott Williams,Phoenix Suns,208.28,USA,Undrafted,Undrafted,North Carolina,35.0,2002-03
Scottie Pippen,Portland Trail Blazers,203.2,USA,1987,1,Central Arkansas,37.0,2002-03
Sean Lampley,Miami Heat,200.66,USA,2001,2,California,23.0,2002-03
Sean Marks,Miami Heat,208.28,New Zealand,1998,2,California,27.0,2002-03
Sean Rooks,Los Angeles Clippers,208.28,USA,1992,2,Arizona,33.0,2002-03
Shammond Williams,Denver Nuggets,185.42,USA,1998,2,North Carolina,28.0,2002-03
Shandon Anderson,New York Knicks,198.12,USA,1996,2,Georgia,29.0,2002-03
Shane Battier,Memphis Grizzlies,203.2,USA,2001,1,Duke,24.0,2002-03
Shaquille O'Neal,Los Angeles Lakers,215.9,USA,1992,1,Louisiana State,31.0,2002-03
Shareef Abdur-Rahim,Atlanta Hawks,205.74,USA,1996,1,California,26.0,2002-03
Shawn Bradley,Dallas Mavericks,228.6,USA,1993,1,Brigham Young,31.0,2002-03
Shawn Kemp,Orlando Magic,208.28,USA,1989,1,Trinity Valley Community College,33.0,2002-03
Shawn Marion,Phoenix Suns,200.66,USA,1999,1,Nevada-Las Vegas,25.0,2002-03
Slava Medvedenko,Los Angeles Lakers,208.28,Ukraine,Undrafted,Undrafted,,24.0,2002-03
Smush Parker,Cleveland Cavaliers,193.04,USA,Undrafted,Undrafted,Fordham,22.0,2002-03
Soumaila Samake,Los Angeles Lakers,208.28,Mali,2000,2,,25.0,2002-03
Speedy Claxton,San Antonio Spurs,180.34,USA,2000,1,Hofstra,25.0,2002-03
John Stockton,Utah Jazz,185.42,USA,1984,1,Gonzaga,41.0,2002-03
Raja Bell,Dallas Mavericks,195.58,U.S. Virgin Islands,Undrafted,Undrafted,Florida International,26.0,2002-03
Ryan Humphrey,Memphis Grizzlies,203.2,USA,2002,1,Notre Dame,23.0,2002-03
Stephon Marbury,Phoenix Suns,187.96,USA,1996,1,Georgia Tech,26.0,2002-03
Ryan Bowen,Denver Nuggets,205.74,USA,1998,2,Iowa,27.0,2002-03
Ruben Patterson,Portland Trail Blazers,195.58,USA,1998,2,Cincinnati,27.0,2002-03
Rashard Lewis,Seattle SuperSonics,208.28,USA,1998,2,,23.0,2002-03
Rasheed Wallace,Portland Trail Blazers,210.82,USA,1995,1,North Carolina,28.0,2002-03
Rasho Nesterovic,Minnesota Timberwolves,213.36,Slovenia,1998,1,,27.0,2002-03
Rasual Butler,Miami Heat,200.66,USA,2002,2,La Salle,24.0,2002-03
Ray Allen,Seattle SuperSonics,195.58,USA,1996,1,Connecticut,27.0,2002-03
Reggie Evans,Seattle SuperSonics,203.2,USA,Undrafted,Undrafted,Iowa,23.0,2002-03
Reggie Miller,Indiana Pacers,200.66,USA,1987,1,UCLA,37.0,2002-03
Reggie Slater,Minnesota Timberwolves,200.66,USA,Undrafted,Undrafted,Wyoming,32.0,2002-03
Richard Hamilton,Detroit Pistons,200.66,USA,1999,1,Connecticut,25.0,2002-03
Richard Jefferson,New Jersey Nets,200.66,USA,2001,1,Arizona,23.0,2002-03
Rick Brunson,Chicago Bulls,193.04,USA,Undrafted,Undrafted,Temple,31.0,2002-03
Rick Fox,Los Angeles Lakers,200.66,Canada,1991,1,North Carolina,33.0,2002-03
Ricky Davis,Cleveland Cavaliers,200.66,USA,1998,1,Iowa,23.0,2002-03
Robert Archibald,Memphis Grizzlies,210.82,Scotland,2002,2,Illinois,23.0,2002-03
Robert Horry,Los Angeles Lakers,208.28,USA,1992,1,Alabama,32.0,2002-03
Robert Pack,New Orleans Hornets,187.96,USA,Undrafted,Undrafted,Southern California,34.0,2002-03
Robert Traylor,New Orleans Hornets,203.2,USA,1998,1,Michigan,26.0,2002-03
Rod Strickland,Minnesota Timberwolves,190.5,USA,1988,1,DePaul,36.0,2002-03
Rodney Rogers,New Jersey Nets,200.66,USA,1993,1,Wake Forest,32.0,2002-03
Rodney White,Denver Nuggets,205.74,USA,2001,1,North Carolina-Charlotte,23.0,2002-03
Roger Mason Jr.,Chicago Bulls,195.58,USA,2002,2,Virginia,22.0,2002-03
Ron Mercer,Indiana Pacers,200.66,USA,1997,1,Kentucky,27.0,2002-03
Ruben Boumtje-Boumtje,Portland Trail Blazers,213.36,USA,2001,2,Georgetown,25.0,2002-03
Ruben Wolkowyski,Boston Celtics,208.28,Argentina,Undrafted,Undrafted,,29.0,2002-03
Qyntel Woods,Portland Trail Blazers,203.2,USA,2002,1,Northeast Mississippi Community College,22.0,2002-03
Steve Francis,Houston Rockets,190.5,USA,1999,1,Maryland,26.0,2002-03
Steve Nash,Dallas Mavericks,190.5,Canada,1996,1,Santa Clara,29.0,2002-03
Troy Murphy,Golden State Warriors,210.82,USA,2001,1,Notre Dame,23.0,2002-03
Tyrone Hill,Philadelphia 76ers,205.74,USA,1990,1,Xavier,35.0,2002-03
Tyronn Lue,Washington Wizards,182.88,USA,1998,1,Nebraska,26.0,2002-03
Tyson Chandler,Chicago Bulls,215.9,USA,2001,1,,20.0,2002-03
Vin Baker,Boston Celtics,210.82,USA,1993,1,Hartford,31.0,2002-03
Vince Carter,Toronto Raptors,198.12,USA,1998,1,North Carolina,26.0,2002-03
Vincent Yarbrough,Denver Nuggets,200.66,USA,2002,2,Tennessee,22.0,2002-03
Vitaly Potapenko,Seattle SuperSonics,208.28,Ukraine,1996,1,Wright State,28.0,2002-03
Vlade Divac,Sacramento Kings,215.9,Serbia and Montenegro,1989,1,,35.0,2002-03
Vladimir Radmanovic,Seattle SuperSonics,208.28,Serbia,2001,1,,22.0,2002-03
Vladimir Stepania,Miami Heat,215.9,Georgia,1998,1,,27.0,2002-03
Voshon Lenard,Toronto Raptors,193.04,USA,1994,2,Minnesota,30.0,2002-03
Wally Szczerbiak,Minnesota Timberwolves,200.66,USA,1999,1,Miami (OH),26.0,2002-03
Walt Williams,Dallas Mavericks,203.2,USA,1992,1,Maryland,33.0,2002-03
Walter McCarty,Boston Celtics,208.28,USA,1996,1,Kentucky,29.0,2002-03
Wang Zhi-zhi,Los Angeles Clippers,215.9,China,1999,2,,25.0,2002-03
Wesley Person,Memphis Grizzlies,198.12,USA,1994,1,Auburn,32.0,2002-03
Yao Ming,Houston Rockets,226.06,China,2002,1,,22.0,2002-03
Zach Randolph,Portland Trail Blazers,205.74,USA,2001,1,Michigan State,21.0,2002-03
Zeljko Rebraca,Detroit Pistons,213.36,Yugoslavia,1994,2,,31.0,2002-03
Zendon Hamilton,Toronto Raptors,210.82,USA,Undrafted,Undrafted,St. John's (NY),28.0,2002-03
Zydrunas Ilgauskas,Cleveland Cavaliers,220.98,Lithuania,1996,1,,28.0,2002-03
Rafer Alston,Toronto Raptors,187.96,USA,1998,2,Fresno State,26.0,2002-03
Troy Hudson,Minnesota Timberwolves,185.42,USA,Undrafted,Undrafted,Southern Illinois,27.0,2002-03
Steve Kerr,San Antonio Spurs,185.42,USA,1988,2,Arizona,37.0,2002-03
Trenton Hassell,Chicago Bulls,195.58,USA,2001,2,Austin Peay,24.0,2002-03
Travis Knight,New York Knicks,213.36,USA,1996,1,Connecticut,28.0,2002-03
Steven Hunter,Orlando Magic,213.36,USA,2001,1,DePaul,21.0,2002-03
Steven Smith,San Antonio Spurs,203.2,USA,1991,1,Michigan State,34.0,2002-03
Stromile Swift,Memphis Grizzlies,205.74,USA,2000,1,Louisiana State,23.0,2002-03
Tamar Slay,New Jersey Nets,203.2,USA,2002,2,Marshall,23.0,2002-03
Tariq Abdul-Wahad,Dallas Mavericks,198.12,France,1997,1,San Jose State,28.0,2002-03
Tayshaun Prince,Detroit Pistons,205.74,USA,2002,1,Kentucky,23.0,2002-03
Terence Morris,Houston Rockets,205.74,USA,2001,2,Maryland,24.0,2002-03
Theo Ratliff,Atlanta Hawks,208.28,USA,1995,1,Wyoming,30.0,2002-03
Tierre Brown,Cleveland Cavaliers,187.96,USA,Undrafted,Undrafted,McNeese State,24.0,2002-03
Tim Duncan,San Antonio Spurs,213.36,US Virgin Islands,1997,1,Wake Forest,27.0,2002-03
Tim Hardaway,Indiana Pacers,182.88,USA,1989,1,Texas-El Paso,36.0,2002-03
Tim Thomas,Milwaukee Bucks,208.28,USA,1997,1,Villanova,26.0,2002-03
Tito Maddox,Houston Rockets,193.04,USA,2002,2,Fresno State,22.0,2002-03
Todd MacCulloch,Philadelphia 76ers,213.36,Canada,1999,2,Washington,27.0,2002-03
Tom Gugliotta,Phoenix Suns,208.28,USA,1992,1,North Carolina State,33.0,2002-03
Toni Kukoc,Milwaukee Bucks,210.82,Croatia,1990,2,,34.0,2002-03
Tony Battie,Boston Celtics,210.82,USA,1997,1,Texas Tech,27.0,2002-03
Tony Delk,Boston Celtics,187.96,USA,1996,1,Kentucky,29.0,2002-03
Tony Massenburg,Utah Jazz,205.74,USA,1990,2,Maryland,35.0,2002-03
Tony Parker,San Antonio Spurs,187.96,France,2001,1,,21.0,2002-03
Tracy McGrady,Orlando Magic,203.2,USA,1997,1,,24.0,2002-03
Tracy Murray,Los Angeles Lakers,200.66,USA,1992,1,UCLA,31.0,2002-03
Travis Best,Miami Heat,180.34,USA,1995,1,Georgia Tech,30.0,2002-03
Tremaine Fowlkes,Los Angeles Clippers,203.2,USA,1998,2,Fresno State,27.0,2002-03
John Salmons,Philadelphia 76ers,200.66,USA,2002,1,Miami (FL),23.0,2002-03
Glen Rice,Houston Rockets,203.2,USA,1989,1,Michigan,36.0,2002-03
John Amaechi,Utah Jazz,208.28,England,Undrafted,Undrafted,Penn State,32.0,2002-03
Chris Mihm,Cleveland Cavaliers,213.36,USA,2000,1,Texas,23.0,2002-03
Chris Jefferies,Toronto Raptors,203.2,USA,2002,1,Fresno State,23.0,2002-03
Chris Dudley,Portland Trail Blazers,210.82,USA,1987,4,Yale,38.0,2002-03
Chris Crawford,Atlanta Hawks,205.74,USA,1997,2,Marquette,28.0,2002-03
Chris Childs,New Jersey Nets,190.5,USA,Undrafted,Undrafted,Boise State,35.0,2002-03
Chris Andersen,Denver Nuggets,208.28,USA,Undrafted,Undrafted,Blinn,24.0,2002-03
Cherokee Parks,Los Angeles Clippers,210.82,USA,1995,1,Duke,30.0,2002-03
Chauncey Billups,Detroit Pistons,190.5,USA,1997,1,Colorado,26.0,2002-03
Charlie Ward,New York Knicks,187.96,USA,1994,1,Florida State,32.0,2002-03
Charles Smith,Portland Trail Blazers,193.04,USA,1997,1,New Mexico,27.0,2002-03
Chris Mills,Golden State Warriors,200.66,USA,1993,1,Arizona,33.0,2002-03
Charles Oakley,Washington Wizards,205.74,USA,1985,1,Virginia Union,39.0,2002-03
Casey Jacobsen,Phoenix Suns,198.12,USA,2002,1,Stanford,22.0,2002-03
Caron Butler,Miami Heat,200.66,USA,2002,1,Connecticut,23.0,2002-03
Carlos Boozer,Cleveland Cavaliers,205.74,USA,2002,2,Duke,21.0,2002-03
Carlos Arroyo,Utah Jazz,187.96,Puerto Rico,Undrafted,Undrafted,Florida International,23.0,2002-03
Calvin Booth,Seattle SuperSonics,210.82,USA,1999,2,Penn State,27.0,2002-03
Calbert Cheaney,Utah Jazz,200.66,USA,1993,1,Indiana,31.0,2002-03
Bryon Russell,Washington Wizards,200.66,USA,1993,2,Long Beach State,32.0,2002-03
Bryce Drew,New Orleans Hornets,190.5,USA,1998,1,Valparaiso,28.0,2002-03
Bruno Sundov,Boston Celtics,218.44,Croatia,1998,2,,23.0,2002-03
Bruce Bowen,San Antonio Spurs,200.66,USA,Undrafted,Undrafted,Cal State-Fullerton,32.0,2002-03
Cezary Trybanski,Memphis Grizzlies,218.44,Poland,Undrafted,Undrafted,,23.0,2002-03
Chris Owens,Memphis Grizzlies,200.66,USA,2002,2,Texas,24.0,2002-03
Chris Webber,Sacramento Kings,208.28,USA,1993,1,Michigan,30.0,2002-03
Chris Whitney,Orlando Magic,182.88,USA,1993,2,Clemson,31.0,2002-03
Danny Manning,Detroit Pistons,208.28,USA,1988,1,Kansas,37.0,2002-03
Danny Fortson,Golden State Warriors,203.2,USA,1997,1,Cincinnati,27.0,2002-03
Danny Ferry,San Antonio Spurs,208.28,USA,1989,1,Duke,36.0,2002-03
Dan Langhi,Phoenix Suns,210.82,USA,2000,2,Vanderbilt,25.0,2002-03
Dan Gadzuric,Milwaukee Bucks,210.82,Netherlands,2002,2,UCLA,25.0,2002-03
Dan Dickau,Atlanta Hawks,182.88,USA,2002,1,Gonzaga,24.0,2002-03
Damone Brown,Toronto Raptors,203.2,USA,2001,2,Syracuse,24.0,2002-03
Damon Stoudamire,Portland Trail Blazers,177.8,USA,1995,1,Arizona,29.0,2002-03
Damon Jones,Sacramento Kings,190.5,USA,Undrafted,Undrafted,Houston,26.0,2002-03
Dalibor Bagaric,Chicago Bulls,215.9,Croatia,2000,1,,22.0,2002-03
Dale Davis,Portland Trail Blazers,210.82,USA,1991,1,Clemson,34.0,2002-03
Dajuan Wagner,Cleveland Cavaliers,190.5,USA,2002,1,Memphis,20.0,2002-03
Cuttino Mobley,Houston Rockets,193.04,USA,1998,2,Rhode Island,27.0,2002-03
Courtney Alexander,New Orleans Hornets,195.58,USA,2000,1,Fresno State,26.0,2002-03
Corliss Williamson,Detroit Pistons,200.66,USA,1995,1,Arkansas,29.0,2002-03
Corie Blount,Chicago Bulls,208.28,USA,1993,1,Cincinnati,34.0,2002-03
Corey Maggette,Los Angeles Clippers,198.12,USA,1999,1,Duke,23.0,2002-03
Corey Benjamin,Atlanta Hawks,198.12,USA,1998,1,Oregon State,25.0,2002-03
Clifford Robinson,Detroit Pistons,208.28,USA,1989,2,Connecticut,36.0,2002-03
Clar. Weatherspoon,New York Knicks,200.66,USA,1992,1,Southern Mississippi,32.0,2002-03
Chucky Atkins,Detroit Pistons,180.34,USA,Undrafted,Undrafted,South Florida,28.0,2002-03
Christian Laettner,Washington Wizards,210.82,USA,1992,1,Duke,33.0,2002-03
Chris Wilcox,Los Angeles Clippers,208.28,USA,2002,1,Maryland,20.0,2002-03
Brian Skinner,Philadelphia 76ers,205.74,USA,1998,1,Baylor,27.0,2002-03
Brian Shaw,Los Angeles Lakers,198.12,USA,1988,1,California-Santa Barbara,37.0,2002-03
Brian Scalabrine,New Jersey Nets,205.74,USA,2001,2,Southern California,25.0,2002-03
Brian Grant,Miami Heat,205.74,USA,1994,1,Xavier,31.0,2002-03
Anthony Johnson,New Jersey Nets,190.5,USA,1997,2,College of Charleston,28.0,2002-03
Anthony Goldwire,Washington Wizards,187.96,USA,1994,2,Houston,31.0,2002-03
Anthony Carter,Miami Heat,187.96,USA,Undrafted,Undrafted,Hawaii,28.0,2002-03
Antawn Jamison,Golden State Warriors,205.74,USA,1998,1,North Carolina,27.0,2002-03
Ansu Sesay,Seattle SuperSonics,205.74,USA,1998,2,Mississippi,26.0,2002-03
Anfernee Hardaway,Phoenix Suns,200.66,USA,1993,1,Memphis,31.0,2002-03
Andrew DeClercq,Orlando Magic,208.28,USA,1995,2,Florida,30.0,2002-03
Andrei Kirilenko,Utah Jazz,205.74,Russia,1999,1,,22.0,2002-03
Andre Miller,Los Angeles Clippers,187.96,USA,1999,1,Utah,27.0,2002-03
Amar'e Stoudemire,Phoenix Suns,208.28,USA,2002,1,,20.0,2002-03
Amal McCaskill,Atlanta Hawks,210.82,USA,1996,2,Marquette,29.0,2002-03
Alvin Williams,Toronto Raptors,195.58,USA,1997,2,Villanova,28.0,2002-03
Alton Ford,Phoenix Suns,205.74,USA,2001,2,Houston,22.0,2002-03
Allen Iverson,Philadelphia 76ers,182.88,USA,1996,1,Georgetown,28.0,2002-03
Allan Houston,New York Knicks,198.12,USA,1993,1,Tennessee,32.0,2002-03
Alan Henderson,Atlanta Hawks,205.74,USA,1995,1,Indiana,30.0,2002-03
Al Harrington,Indiana Pacers,205.74,USA,1998,1,,23.0,2002-03
Adrian Griffin,Dallas Mavericks,195.58,USA,Undrafted,Undrafted,Seton Hall,28.0,2002-03
Adonal Foyle,Golden State Warriors,208.28,St. Vincent & Grenadines,1997,1,Colgate,28.0,2002-03
Adam Harrington,Denver Nuggets,195.58,USA,Undrafted,Undrafted,Auburn,22.0,2002-03
Aaron Williams,New Jersey Nets,205.74,USA,Undrafted,Undrafted,Xavier,31.0,2002-03
Aaron McKie,Philadelphia 76ers,195.58,USA,1994,1,Temple,30.0,2002-03
A.J. Guyton,Golden State Warriors,185.42,USA,2000,2,Indiana,25.0,2002-03
Anthony Mason,Milwaukee Bucks,203.2,USA,1988,3,Tennessee State,36.0,2002-03
Darius Miles,Cleveland Cavaliers,205.74,USA,2000,1,,21.0,2002-03
Anthony Peeler,Minnesota Timberwolves,193.04,USA,1992,1,Missouri,33.0,2002-03
Antoine Walker,Boston Celtics,205.74,USA,1996,1,Kentucky,26.0,2002-03
Brian Cardinal,Washington Wizards,203.2,USA,2000,2,Purdue,26.0,2002-03
Brevin Knight,Memphis Grizzlies,177.8,USA,1997,1,Stanford,27.0,2002-03
Brent Barry,Seattle SuperSonics,198.12,USA,1995,1,Oregon State,31.0,2002-03
Brendan Haywood,Washington Wizards,213.36,USA,2001,1,North Carolina,23.0,2002-03
Brandon Williams,Atlanta Hawks,198.12,USA,Undrafted,Undrafted,Davidson,28.0,2002-03
Brandon Armstrong,New Jersey Nets,195.58,USA,2001,1,Pepperdine,23.0,2002-03
Brad Miller,Indiana Pacers,213.36,USA,Undrafted,Undrafted,Purdue,27.0,2002-03
Bostjan Nachbar,Houston Rockets,205.74,Slovenia,2002,1,,22.0,2002-03
Bonzi Wells,Portland Trail Blazers,195.58,USA,1998,1,Ball State,26.0,2002-03
Bobby Simmons,Washington Wizards,198.12,USA,2001,2,DePaul,23.0,2002-03
Bobby Jackson,Sacramento Kings,185.42,USA,1997,1,Minnesota,30.0,2002-03
Bob Sura,Golden State Warriors,195.58,USA,1995,1,Florida State,30.0,2002-03
Bo Outlaw,Phoenix Suns,203.2,USA,Undrafted,Undrafted,Houston,32.0,2002-03
Bimbo Coles,Boston Celtics,187.96,USA,1990,2,Virginia Tech,35.0,2002-03
Ben Wallace,Detroit Pistons,205.74,USA,Undrafted,Undrafted,Virginia Union,28.0,2002-03
Baron Davis,New Orleans Hornets,190.5,USA,1999,1,UCLA,24.0,2002-03
Avery Johnson,Dallas Mavericks,180.34,USA,Undrafted,Undrafted,Southern,38.0,2002-03
Austin Croshere,Indiana Pacers,208.28,USA,1997,1,Providence,28.0,2002-03
Arvydas Sabonis,Portland Trail Blazers,220.98,Lithuania,1986,1,,38.0,2002-03
Art Long,Toronto Raptors,205.74,USA,Undrafted,Undrafted,Cincinnati,30.0,2002-03
Antonio Harvey,Atlanta Hawks,210.82,USA,Undrafted,Undrafted,Pfeiffer,32.0,2002-03
Antonio Davis,Toronto Raptors,205.74,USA,1990,2,Texas-El Paso,34.0,2002-03
Antonio Daniels,Portland Trail Blazers,193.04,USA,1997,1,Bowling Green,28.0,2002-03
Antoine Rigaudeau,Dallas Mavericks,200.66,USA,Undrafted,Undrafted,,31.0,2002-03
John Crotty,Denver Nuggets,185.42,USA,Undrafted,Undrafted,Virginia,33.0,2002-03
Darrell Armstrong,Orlando Magic,185.42,USA,Undrafted,Undrafted,Fayetteville State,35.0,2002-03
David Robinson,San Antonio Spurs,215.9,USA,1987,1,Navy,37.0,2002-03
Jamison Brewer,Indiana Pacers,193.04,USA,2001,2,Auburn,22.0,2002-03
James Posey,Houston Rockets,203.2,USA,1999,1,Xavier,26.0,2002-03
Jamal Sampson,Milwaukee Bucks,210.82,USA,2002,2,California,20.0,2002-03
Jamal Mashburn,New Orleans Hornets,203.2,USA,1993,1,Kentucky,30.0,2002-03
Jamal Crawford,Chicago Bulls,195.58,USA,2000,1,Michigan,23.0,2002-03
Jamaal Tinsley,Indiana Pacers,190.5,USA,2001,1,Iowa State,25.0,2002-03
Jamaal Magloire,New Orleans Hornets,210.82,Canada,2000,1,Kentucky,25.0,2002-03
Jalen Rose,Chicago Bulls,203.2,USA,1994,1,Michigan,30.0,2002-03
Jake Voskuhl,Phoenix Suns,210.82,USA,2000,2,Connecticut,25.0,2002-03
Jake Tsakalidis,Phoenix Suns,218.44,Greece,2000,1,,24.0,2002-03
Jannero Pargo,Los Angeles Lakers,187.96,USA,Undrafted,Undrafted,Arkansas,23.0,2002-03
Jahidi White,Washington Wizards,205.74,USA,1998,2,Georgetown,27.0,2002-03
J.R. Bremer,Boston Celtics,187.96,USA,Undrafted,Undrafted,St. Bonaventure,22.0,2002-03
Ira Newble,Atlanta Hawks,200.66,USA,Undrafted,Undrafted,Miami (OH),28.0,2002-03
Igor Rakocevic,Minnesota Timberwolves,187.96,Serbia and Montenegro,2000,2,,25.0,2002-03
Hubert Davis,Detroit Pistons,195.58,USA,1992,1,North Carolina,33.0,2002-03
Howard Eisley,New York Knicks,187.96,USA,1994,2,Boston College,30.0,2002-03
Horace Grant,Orlando Magic,208.28,USA,1987,1,Clemson,37.0,2002-03
Hedo Turkoglu,Sacramento Kings,208.28,Turkey,2000,1,,24.0,2002-03
Guy Rucker,Golden State Warriors,205.74,USA,1999,Undrafted,Iowa,25.0,2002-03
Greg Ostertag,Utah Jazz,218.44,USA,1995,1,Kansas,30.0,2002-03
Greg Foster,Toronto Raptors,210.82,USA,1990,2,Texas-El Paso,34.0,2002-03
Jacque Vaughn,Orlando Magic,185.42,USA,1997,1,Kansas,28.0,2002-03
Jared Jeffries,Washington Wizards,210.82,USA,2002,1,Indiana,21.0,2002-03
Jarron Collins,Utah Jazz,210.82,USA,2001,2,Stanford,24.0,2002-03
Jason Caffey,Milwaukee Bucks,203.2,USA,1995,1,Alabama,30.0,2002-03
Joel Przybilla,Milwaukee Bucks,215.9,USA,2000,1,Minnesota,23.0,2002-03
Joe Smith,Minnesota Timberwolves,208.28,USA,1995,1,Maryland,27.0,2002-03
Joe Johnson,Phoenix Suns,200.66,USA,2001,1,Arkansas,22.0,2002-03
Jiri Welsch,Golden State Warriors,200.66,Czech Republic,2002,1,,23.0,2002-03
Jim Jackson,Sacramento Kings,198.12,USA,1992,1,Ohio State,32.0,2002-03
Jeryl Sasser,Orlando Magic,198.12,USA,2001,1,Southern Methodist,24.0,2002-03
Jerry Stackhouse,Washington Wizards,198.12,USA,1995,1,North Carolina,28.0,2002-03
Jerome Williams,Toronto Raptors,205.74,USA,1996,1,Georgetown,30.0,2002-03
Jerome Moiso,New Orleans Hornets,208.28,France,2000,1,UCLA,25.0,2002-03
Jerome James,Seattle SuperSonics,215.9,USA,1998,2,Florida A&M,27.0,2002-03
Jermaine O'Neal,Indiana Pacers,210.82,USA,1996,1,,24.0,2002-03
Jermaine Jackson,Atlanta Hawks,195.58,USA,Undrafted,Undrafted,Detroit Mercy,27.0,2002-03
Jelani McCoy,Toronto Raptors,208.28,USA,1998,2,UCLA,25.0,2002-03
Jeff Trepagnier,Denver Nuggets,193.04,USA,2001,2,Southern California,23.0,2002-03
Jeff McInnis,Portland Trail Blazers,193.04,USA,1996,2,North Carolina,28.0,2002-03
Jeff Foster,Indiana Pacers,210.82,USA,1999,1,Texas State,26.0,2002-03
Jay Williams,Chicago Bulls,187.96,USA,2002,1,Duke,21.0,2002-03
Jason Williams,Memphis Grizzlies,185.42,USA,1998,1,Florida,27.0,2002-03
Jason Terry,Atlanta Hawks,187.96,USA,1999,1,Arizona,25.0,2002-03
Jason Richardson,Golden State Warriors,198.12,USA,2001,1,Michigan State,22.0,2002-03
Jason Kidd,New Jersey Nets,193.04,USA,1994,1,California,30.0,2002-03
Jason Collins,New Jersey Nets,213.36,USA,2001,1,Stanford,24.0,2002-03
Jason Collier,Houston Rockets,213.36,USA,2000,1,Georgia Tech,25.0,2002-03
Greg Buckner,Philadelphia 76ers,193.04,USA,1998,2,Clemson,26.0,2002-03
Darvin Ham,Atlanta Hawks,200.66,USA,Undrafted,Undrafted,Texas Tech,29.0,2002-03
Grant Long,Boston Celtics,205.74,USA,1988,2,Eastern Michigan,37.0,2002-03
Gordan Giricek,Orlando Magic,198.12,Croatia,1999,2,,26.0,2002-03
Eddie House,Miami Heat,185.42,USA,2000,2,Arizona State,25.0,2002-03
Eddie Griffin,Houston Rockets,208.28,USA,2001,1,Seton Hall,21.0,2002-03
Earl Watson,Memphis Grizzlies,185.42,USA,2001,2,UCLA,24.0,2002-03
Earl Boykins,Golden State Warriors,165.1,USA,Undrafted,Undrafted,Eastern Michigan,27.0,2002-03
Drew Gooden,Orlando Magic,208.28,USA,2002,1,Kansas,21.0,2002-03
Doug Christie,Sacramento Kings,198.12,USA,1992,1,Pepperdine,33.0,2002-03
Donyell Marshall,Chicago Bulls,205.74,USA,1994,1,Connecticut,30.0,2002-03
Donny Marshall,New Jersey Nets,200.66,USA,1995,2,Connecticut,30.0,2002-03
Donnell Harvey,Denver Nuggets,203.2,USA,2000,1,Florida,22.0,2002-03
Don Reid,Detroit Pistons,203.2,USA,1995,2,Georgetown,29.0,2002-03
Dirk Nowitzki,Dallas Mavericks,213.36,Germany,1998,1,,25.0,2002-03
Dion Glover,Atlanta Hawks,195.58,USA,1999,1,Georgia Tech,24.0,2002-03
Dikembe Mutombo,New Jersey Nets,218.44,Congo,1991,1,Georgetown,37.0,2002-03
Devin Brown,Denver Nuggets,195.58,USA,Undrafted,Undrafted,Texas-San Antonio,24.0,2002-03
Devean George,Los Angeles Lakers,203.2,USA,1999,1,Augsburg,25.0,2002-03
Desmond Mason,Milwaukee Bucks,195.58,USA,2000,1,Oklahoma State,25.0,2002-03
Derrick Coleman,Philadelphia 76ers,208.28,USA,1990,1,Syracuse,36.0,2002-03
Derek Fisher,Los Angeles Lakers,185.42,USA,1996,1,Arkansas-Little Rock,28.0,2002-03
Derek Anderson,Portland Trail Blazers,195.58,USA,1997,1,Kentucky,28.0,2002-03
Dean Oliver,Golden State Warriors,180.34,USA,Undrafted,Undrafted,Iowa,24.0,2002-03
DeShawn Stevenson,Utah Jazz,195.58,USA,2000,1,,22.0,2002-03
DeSagana Diop,Cleveland Cavaliers,213.36,Senegal,2001,1,,21.0,2002-03
David Wesley,New Orleans Hornets,185.42,USA,Undrafted,Undrafted,Baylor,32.0,2002-03
Eddie Jones,Miami Heat,198.12,USA,1994,1,Temple,31.0,2002-03
Grant Hill,Orlando Magic,203.2,USA,1994,1,Duke,30.0,2002-03
Eddie Robinson,Chicago Bulls,205.74,USA,Undrafted,Undrafted,Central Oklahoma,27.0,2002-03
Eduardo Najera,Dallas Mavericks,203.2,Mexico,2000,2,Oklahoma,26.0,2002-03
Glenn Robinson,Atlanta Hawks,200.66,USA,1994,1,Purdue,30.0,2002-03
Randy Livingston,New Orleans Hornets,193.04,USA,1996,2,Louisiana State,28.0,2002-03
Gilbert Arenas,Golden State Warriors,190.5,USA,2001,2,Arizona,21.0,2002-03
Gerald Wallace,Sacramento Kings,200.66,USA,2001,1,Alabama,20.0,2002-03
George Lynch,New Orleans Hornets,203.2,USA,1993,1,North Carolina,32.0,2002-03
Gary Trent,Minnesota Timberwolves,203.2,USA,1995,1,Ohio,28.0,2002-03
Gary Payton,Milwaukee Bucks,193.04,USA,1990,1,Oregon State,34.0,2002-03
Fred Jones,Indiana Pacers,187.96,USA,2002,1,Oregon,24.0,2002-03
Fred Hoiberg,Chicago Bulls,195.58,USA,1995,2,Iowa State,30.0,2002-03
Frank Williams,New York Knicks,190.5,USA,2002,1,Illinois,23.0,2002-03
Eddy Curry,Chicago Bulls,210.82,USA,2001,1,,20.0,2002-03
Flip Murray,Seattle SuperSonics,193.04,USA,2002,2,Shaw,23.0,2002-03
Etan Thomas,Washington Wizards,208.28,USA,2000,1,Syracuse,25.0,2002-03
Ervin Johnson,Milwaukee Bucks,210.82,USA,1993,1,New Orleans,35.0,2002-03
Erick Strickland,Indiana Pacers,190.5,USA,Undrafted,Undrafted,Nebraska,29.0,2002-03
Erick Dampier,Golden State Warriors,210.82,USA,1996,1,Mississippi State,27.0,2002-03
Eric Williams,Boston Celtics,203.2,USA,1995,1,Providence,30.0,2002-03
Eric Snow,Philadelphia 76ers,190.5,USA,1995,2,Michigan State,30.0,2002-03
Eric Piatkowski,Los Angeles Clippers,198.12,USA,1994,1,Nebraska,32.0,2002-03
Emanual Davis,Atlanta Hawks,195.58,USA,Undrafted,Undrafted,Delaware State,34.0,2002-03
Elton Brand,Los Angeles Clippers,203.2,USA,1999,1,Duke,24.0,2002-03
Elden Campbell,Seattle SuperSonics,213.36,USA,1990,1,Clemson,34.0,2002-03
Efthimios Rentzias,Philadelphia 76ers,210.82,Greece,1996,1,,27.0,2002-03
Evan Eschmeyer,Dallas Mavericks,210.82,USA,1999,2,Northwestern,28.0,2002-03
Randy Brown,Phoenix Suns,187.96,USA,1991,2,New Mexico State,35.0,2002-03
Brevin Knight,Milwaukee Bucks,177.8,USA,1997,1,Stanford,28.0,2003-04
Jumaine Jones,Boston Celtics,203.2,USA,1999,1,Georgia,25.0,2003-04
Zydrunas Ilgauskas,Cleveland Cavaliers,220.98,Lithuania,1996,1,,29.0,2003-04
Chris Wilcox,Los Angeles Clippers,208.28,USA,2002,1,Maryland,21.0,2003-04
Chris Whitney,Washington Wizards,182.88,USA,1993,2,Clemson,32.0,2003-04
Chris Webber,Sacramento Kings,208.28,USA,1993,1,Michigan,31.0,2003-04
Chris Mihm,Boston Celtics,213.36,USA,2000,1,Texas,24.0,2003-04
Chris Kaman,Los Angeles Clippers,213.36,USA,2003,1,Central Michigan,22.0,2003-04
Chris Jefferies,Chicago Bulls,203.2,USA,2002,1,Fresno State,24.0,2003-04
Chris Crawford,Atlanta Hawks,205.74,USA,1997,2,Marquette,29.0,2003-04
Chris Bosh,Toronto Raptors,208.28,USA,2003,1,Georgia Tech,20.0,2003-04
Chris Andersen,Denver Nuggets,208.28,USA,Undrafted,Undrafted,Blinn,25.0,2003-04
Cherokee Parks,Golden State Warriors,210.82,USA,1995,1,Duke,31.0,2003-04
Chauncey Billups,Detroit Pistons,190.5,USA,1997,1,Colorado,27.0,2003-04
Charlie Ward,San Antonio Spurs,187.96,USA,1994,1,Florida State,33.0,2003-04
Charles Oakley,Houston Rockets,205.74,USA,1985,1,Virginia Union,40.0,2003-04
Cezary Trybanski,New York Knicks,218.44,Poland,Undrafted,Undrafted,,24.0,2003-04
Casey Jacobsen,Phoenix Suns,198.12,USA,2002,1,Stanford,23.0,2003-04
Caron Butler,Miami Heat,200.66,USA,2002,1,Connecticut,24.0,2003-04
Carmelo Anthony,Denver Nuggets,203.2,USA,2003,1,Syracuse,20.0,2003-04
Carlos Boozer,Cleveland Cavaliers,205.74,USA,2002,2,Duke,22.0,2003-04
Carlos Arroyo,Utah Jazz,187.96,Puerto Rico,Undrafted,Undrafted,Florida International,24.0,2003-04
Calvin Booth,Seattle SuperSonics,210.82,USA,1999,2,Penn State,28.0,2003-04
Calbert Cheaney,Golden State Warriors,200.66,USA,1993,1,Indiana,32.0,2003-04
Bryon Russell,Los Angeles Lakers,200.66,USA,1993,2,Long Beach State,33.0,2003-04
Bryce Drew,New Orleans Hornets,190.5,USA,1998,1,Valparaiso,29.0,2003-04
Christian Laettner,Washington Wizards,210.82,USA,1992,1,Duke,34.0,2003-04
Chucky Atkins,Boston Celtics,180.34,USA,Undrafted,Undrafted,South Florida,29.0,2003-04
Clar. Weatherspoon,Houston Rockets,200.66,USA,1992,1,Southern Mississippi,33.0,2003-04
Clifford Robinson,Golden State Warriors,208.28,USA,1989,2,Connecticut,37.0,2003-04
David Wesley,New Orleans Hornets,185.42,USA,Undrafted,Undrafted,Baylor,33.0,2003-04
Darvin Ham,Detroit Pistons,200.66,USA,Undrafted,Undrafted,Texas Tech,30.0,2003-04
Darrick Martin,Minnesota Timberwolves,180.34,USA,Undrafted,Undrafted,UCLA,33.0,2003-04
Darrell Armstrong,New Orleans Hornets,185.42,USA,Undrafted,Undrafted,Fayetteville State,36.0,2003-04
Darko Milicic,Detroit Pistons,213.36,Serbia,2003,1,,19.0,2003-04
Darius Songaila,Sacramento Kings,205.74,Lithuania,2002,2,Wake Forest,26.0,2003-04
Darius Miles,Portland Trail Blazers,205.74,USA,2000,1,,22.0,2003-04
Danny Fortson,Dallas Mavericks,203.2,USA,1997,1,Cincinnati,28.0,2003-04
Daniel Santiago,Milwaukee Bucks,215.9,Puerto Rico,Undrafted,Undrafted,Saint Vincent,28.0,2003-04
Dana Barros,Boston Celtics,180.34,USA,1989,1,Boston College,37.0,2003-04
Dan Langhi,Milwaukee Bucks,210.82,USA,2000,2,Vanderbilt,26.0,2003-04
Bruno Sundov,New York Knicks,218.44,Croatia,1998,2,,24.0,2003-04
Dan Gadzuric,Milwaukee Bucks,210.82,Netherlands,2002,2,UCLA,26.0,2003-04
Damone Brown,New Jersey Nets,203.2,USA,2001,2,Syracuse,25.0,2003-04
Damon Stoudamire,Portland Trail Blazers,177.8,USA,1995,1,Arizona,30.0,2003-04
Damon Jones,Milwaukee Bucks,190.5,USA,Undrafted,Undrafted,Houston,27.0,2003-04
Dale Davis,Portland Trail Blazers,210.82,USA,1991,1,Clemson,35.0,2003-04
Dajuan Wagner,Cleveland Cavaliers,187.96,USA,2002,1,Memphis,21.0,2003-04
Dahntay Jones,Memphis Grizzlies,198.12,USA,2003,1,Duke,23.0,2003-04
Cuttino Mobley,Houston Rockets,193.04,USA,1998,2,Rhode Island,28.0,2003-04
Curtis Borchardt,Utah Jazz,213.36,USA,2002,1,Stanford,23.0,2003-04
Corliss Williamson,Detroit Pistons,200.66,USA,1995,1,Arkansas,30.0,2003-04
Corie Blount,Toronto Raptors,208.28,USA,1993,1,Cincinnati,35.0,2003-04
Corey Maggette,Los Angeles Clippers,198.12,USA,1999,1,Duke,24.0,2003-04
Dan Dickau,Portland Trail Blazers,182.88,USA,2002,1,Gonzaga,25.0,2003-04
David West,New Orleans Hornets,205.74,USA,2003,1,Xavier,23.0,2003-04
Bruce Bowen,San Antonio Spurs,200.66,USA,Undrafted,Undrafted,Cal State-Fullerton,33.0,2003-04
Brian Skinner,Milwaukee Bucks,205.74,USA,1998,1,Baylor,28.0,2003-04
Antonio Daniels,Seattle SuperSonics,193.04,USA,1997,1,Bowling Green,29.0,2003-04
Antonio Davis,Chicago Bulls,205.74,USA,1990,2,Texas-El Paso,35.0,2003-04
Antonio McDyess,Phoenix Suns,205.74,USA,1995,1,Alabama,29.0,2003-04
Austin Croshere,Indiana Pacers,208.28,USA,1997,1,Providence,29.0,2003-04
Avery Johnson,Golden State Warriors,180.34,USA,Undrafted,Undrafted,Southern,39.0,2003-04
Baron Davis,New Orleans Hornets,190.5,USA,1999,1,UCLA,25.0,2003-04
Ben Handlogten,Utah Jazz,208.28,USA,Undrafted,Undrafted,Western Michigan,30.0,2003-04
Ben Wallace,Detroit Pistons,205.74,USA,Undrafted,Undrafted,Virginia Union,29.0,2003-04
Bimbo Coles,Miami Heat,187.96,USA,1990,2,Virginia Tech,36.0,2003-04
Bo Outlaw,Memphis Grizzlies,203.2,USA,Undrafted,Undrafted,Houston,33.0,2003-04
Bob Sura,Atlanta Hawks,195.58,USA,1995,1,Florida State,31.0,2003-04
Bobby Jackson,Sacramento Kings,185.42,USA,1997,1,Minnesota,31.0,2003-04
Bobby Simmons,Los Angeles Clippers,198.12,USA,2001,2,DePaul,24.0,2003-04
Bonzi Wells,Memphis Grizzlies,195.58,USA,1998,1,Ball State,27.0,2003-04
Boris Diaw,Atlanta Hawks,203.2,France,2003,1,,22.0,2003-04
Bostjan Nachbar,Houston Rockets,205.74,Slovenia,2002,1,,23.0,2003-04
Brad Miller,Sacramento Kings,213.36,USA,Undrafted,Undrafted,Purdue,28.0,2003-04
Brandon Armstrong,New Jersey Nets,195.58,USA,2001,1,Pepperdine,24.0,2003-04
Brandon Hunter,Boston Celtics,200.66,USA,2003,2,Ohio,23.0,2003-04
Brendan Haywood,Washington Wizards,213.36,USA,2001,1,North Carolina,24.0,2003-04
Brent Barry,Seattle SuperSonics,198.12,USA,1995,1,Oregon State,32.0,2003-04
Kareem Rush,Los Angeles Lakers,198.12,USA,2002,1,Missouri,23.0,2003-04
Karl Malone,Los Angeles Lakers,205.74,USA,1985,1,Louisiana Tech,40.0,2003-04
Antoine Walker,Dallas Mavericks,205.74,USA,1996,1,Kentucky,27.0,2003-04
Anthony Peeler,Sacramento Kings,193.04,USA,1992,1,Missouri,34.0,2003-04
Anthony Johnson,Indiana Pacers,190.5,USA,1997,2,College of Charleston,29.0,2003-04
Anthony Goldwire,New Jersey Nets,187.96,USA,1994,2,Houston,32.0,2003-04
Brian Scalabrine,New Jersey Nets,205.74,USA,2001,2,Southern California,26.0,2003-04
Brian Grant,Miami Heat,205.74,USA,1994,1,Xavier,32.0,2003-04
Brian Cook,Los Angeles Lakers,205.74,USA,2003,1,Illinois,23.0,2003-04
Aaron McKie,Philadelphia 76ers,195.58,USA,1994,1,Temple,31.0,2003-04
Aaron Williams,New Jersey Nets,205.74,USA,Undrafted,Undrafted,Xavier,32.0,2003-04
Adonal Foyle,Golden State Warriors,208.28,St. Vincent & Grenadines,1997,1,Colgate,29.0,2003-04
Adrian Griffin,Houston Rockets,195.58,USA,Undrafted,Undrafted,Seton Hall,29.0,2003-04
Al Harrington,Indiana Pacers,205.74,USA,1998,1,,24.0,2003-04
Alan Henderson,Atlanta Hawks,205.74,USA,1995,1,Indiana,31.0,2003-04
Alex Garcia,San Antonio Spurs,190.5,USA,Undrafted,Undrafted,,24.0,2003-04
Allan Houston,New York Knicks,198.12,USA,1993,1,Tennessee,33.0,2003-04
Britton Johnsen,Orlando Magic,208.28,USA,Undrafted,Undrafted,Utah,24.0,2003-04
Allen Iverson,Philadelphia 76ers,182.88,USA,1996,1,Georgetown,29.0,2003-04
Alton Ford,Houston Rockets,205.74,USA,2001,2,Houston,23.0,2003-04
Alvin Williams,Toronto Raptors,195.58,USA,1997,2,Villanova,29.0,2003-04
Amal McCaskill,Philadelphia 76ers,210.82,USA,1996,2,Marquette,30.0,2003-04
Amar'e Stoudemire,Phoenix Suns,208.28,USA,2002,1,,21.0,2003-04
Andre Miller,Denver Nuggets,187.96,USA,1999,1,Utah,28.0,2003-04
Andrei Kirilenko,Utah Jazz,205.74,Russia,1999,1,,23.0,2003-04
Andrew DeClercq,Orlando Magic,208.28,USA,1995,2,Florida,31.0,2003-04
Anfernee Hardaway,New York Knicks,200.66,USA,1993,1,Memphis,32.0,2003-04
Ansu Sesay,Seattle SuperSonics,205.74,USA,1998,2,Mississippi,27.0,2003-04
Antawn Jamison,Dallas Mavericks,205.74,USA,1998,1,North Carolina,28.0,2003-04
Anthony Carter,San Antonio Spurs,187.96,USA,Undrafted,Undrafted,Hawaii,29.0,2003-04
Alonzo Mourning,New Jersey Nets,208.28,USA,1992,1,Georgetown,34.0,2003-04
Kedrick Brown,Cleveland Cavaliers,200.66,USA,2001,1,Northwest Florida State,23.0,2003-04
DeSagana Diop,Cleveland Cavaliers,213.36,Senegal,2001,1,,22.0,2003-04
DerMarr Johnson,New York Knicks,205.74,USA,2000,1,Cincinnati,24.0,2003-04
Jason Collins,New Jersey Nets,213.36,USA,2001,1,Stanford,25.0,2003-04
Jason Collier,Atlanta Hawks,213.36,USA,2000,1,Georgia Tech,26.0,2003-04
Jarvis Hayes,Washington Wizards,200.66,USA,2003,1,Georgia,22.0,2003-04
Jarron Collins,Utah Jazz,210.82,USA,2001,2,Stanford,25.0,2003-04
Jared Jeffries,Washington Wizards,210.82,USA,2002,1,Indiana,22.0,2003-04
Jannero Pargo,Chicago Bulls,185.42,USA,Undrafted,Undrafted,Arkansas,24.0,2003-04
Jamison Brewer,Indiana Pacers,193.04,USA,2001,2,Auburn,23.0,2003-04
James Posey,Memphis Grizzlies,203.2,USA,1999,1,Xavier,27.0,2003-04
James Jones,Indiana Pacers,203.2,USA,2003,2,Miami (FL),23.0,2003-04
Jamal Sampson,Los Angeles Lakers,210.82,USA,2002,2,California,21.0,2003-04
Jamal Mashburn,New Orleans Hornets,203.2,USA,1993,1,Kentucky,31.0,2003-04
Jamal Crawford,Chicago Bulls,195.58,USA,2000,1,Michigan,24.0,2003-04
Jamaal Tinsley,Indiana Pacers,190.5,USA,2001,1,Iowa State,26.0,2003-04
Jamaal Magloire,New Orleans Hornets,210.82,Canada,2000,1,Kentucky,26.0,2003-04
Jalen Rose,Toronto Raptors,203.2,USA,1994,1,Michigan,31.0,2003-04
Jake Voskuhl,Phoenix Suns,210.82,USA,2000,2,Connecticut,26.0,2003-04
Jake Tsakalidis,Memphis Grizzlies,218.44,Greece,2000,1,,25.0,2003-04
Jahidi White,Phoenix Suns,205.74,USA,1998,2,Georgetown,28.0,2003-04
Jacque Vaughn,Atlanta Hawks,185.42,USA,1997,1,Kansas,29.0,2003-04
Jabari Smith,Sacramento Kings,210.82,USA,2000,2,Louisiana State,27.0,2003-04
J.R. Bremer,Golden State Warriors,187.96,USA,Undrafted,Undrafted,St. Bonaventure,23.0,2003-04
Ira Newble,Cleveland Cavaliers,200.66,USA,Undrafted,Undrafted,Miami (OH),29.0,2003-04
Ime Udoka,Los Angeles Lakers,195.58,USA,Undrafted,Undrafted,Portland State,26.0,2003-04
Jason Hart,San Antonio Spurs,190.5,USA,2000,2,Syracuse,26.0,2003-04
Jason Kapono,Cleveland Cavaliers,203.2,USA,2003,2,UCLA,23.0,2003-04
Jason Kidd,New Jersey Nets,193.04,USA,1994,1,California,31.0,2003-04
Jason Richardson,Golden State Warriors,198.12,USA,2001,1,Michigan State,23.0,2003-04
Juan Dixon,Washington Wizards,190.5,USA,2002,1,Maryland,25.0,2003-04
Josh Howard,Dallas Mavericks,200.66,USA,2003,1,Wake Forest,24.0,2003-04
Josh Davis,Atlanta Hawks,203.2,USA,Undrafted,Undrafted,Wyoming,23.0,2003-04
Jonathan Bender,Indiana Pacers,213.36,USA,1999,1,,23.0,2003-04
Kaniel Dickens,Portland Trail Blazers,203.2,USA,2000,2,Idaho,25.0,2003-04
John Wallace,Miami Heat,205.74,USA,1996,1,Syracuse,30.0,2003-04
John Salmons,Philadelphia 76ers,200.66,USA,2002,1,Miami (FL),24.0,2003-04
Joel Przybilla,Atlanta Hawks,215.9,USA,2000,1,Minnesota,24.0,2003-04
Joe Smith,Milwaukee Bucks,208.28,USA,1995,1,Maryland,28.0,2003-04
Joe Johnson,Phoenix Suns,200.66,USA,2001,1,Arkansas,23.0,2003-04
Jiri Welsch,Boston Celtics,200.66,Czech Republic,2002,1,,24.0,2003-04
Hubert Davis,New Jersey Nets,195.58,USA,1992,1,North Carolina,34.0,2003-04
Jim Jackson,Houston Rockets,198.12,USA,1992,1,Ohio State,33.0,2003-04
Jerome Williams,Chicago Bulls,205.74,USA,1996,1,Georgetown,31.0,2003-04
Jerome Moiso,Toronto Raptors,208.28,France,2000,1,UCLA,26.0,2003-04
Jerome James,Seattle SuperSonics,215.9,USA,1998,2,Florida A&M,28.0,2003-04
Jerome Beasley,Miami Heat,205.74,USA,2003,2,North Dakota,24.0,2003-04
Jermaine O'Neal,Indiana Pacers,210.82,USA,1996,1,,25.0,2003-04
Jelani McCoy,Cleveland Cavaliers,208.28,USA,1998,2,UCLA,26.0,2003-04
Jeff Trepagnier,Denver Nuggets,193.04,USA,2001,2,Southern California,24.0,2003-04
Jeff McInnis,Cleveland Cavaliers,193.04,USA,1996,2,North Carolina,29.0,2003-04
Jeff Foster,Indiana Pacers,210.82,USA,1999,1,Texas State,27.0,2003-04
Jason Williams,Memphis Grizzlies,185.42,USA,1998,1,Florida,28.0,2003-04
Jason Terry,Atlanta Hawks,187.96,USA,1999,1,Arizona,26.0,2003-04
Jerry Stackhouse,Washington Wizards,198.12,USA,1995,1,North Carolina,29.0,2003-04
DeShawn Stevenson,Orlando Magic,195.58,USA,2000,1,,23.0,2003-04
Howard Eisley,Phoenix Suns,187.96,USA,1994,2,Boston College,31.0,2003-04
Hiram Fuller,Atlanta Hawks,205.74,USA,Undrafted,Undrafted,Fresno State,23.0,2003-04
Eddie Jones,Miami Heat,198.12,USA,1994,1,Temple,32.0,2003-04
Eddie House,Los Angeles Clippers,185.42,USA,2000,2,Arizona State,26.0,2003-04
Eddie Gill,Portland Trail Blazers,182.88,USA,Undrafted,Undrafted,Weber State,25.0,2003-04
Earl Watson,Memphis Grizzlies,185.42,USA,2001,2,UCLA,25.0,2003-04
Earl Boykins,Denver Nuggets,165.1,USA,Undrafted,Undrafted,Eastern Michigan,28.0,2003-04
Dwyane Wade,Miami Heat,193.04,USA,2003,1,Marquette,22.0,2003-04
Drew Gooden,Orlando Magic,208.28,USA,2002,1,Kansas,22.0,2003-04
Doug Overton,Los Angeles Clippers,190.5,USA,1991,2,La Salle,34.0,2003-04
Doug Christie,Sacramento Kings,198.12,USA,1992,1,Pepperdine,34.0,2003-04
Donyell Marshall,Toronto Raptors,205.74,USA,1994,1,Connecticut,31.0,2003-04
Donnell Harvey,Phoenix Suns,203.2,USA,2000,1,Florida,23.0,2003-04
Dirk Nowitzki,Dallas Mavericks,213.36,Germany,1998,1,,26.0,2003-04
Dion Glover,Toronto Raptors,195.58,USA,1999,1,Georgia Tech,25.0,2003-04
Dikembe Mutombo,New York Knicks,218.44,Congo,1991,1,Georgetown,38.0,2003-04
Devin Brown,San Antonio Spurs,195.58,USA,Undrafted,Undrafted,Texas-San Antonio,25.0,2003-04
Devean George,Los Angeles Lakers,203.2,USA,1999,1,Augsburg,26.0,2003-04
Desmond Penigar,Orlando Magic,200.66,USA,Undrafted,Undrafted,Utah State,22.0,2003-04
Desmond Mason,Milwaukee Bucks,195.58,USA,2000,1,Oklahoma State,26.0,2003-04
Desmond Ferguson,Portland Trail Blazers,200.66,USA,Undrafted,Undrafted,Detroit Mercy,26.0,2003-04
Derrick Dial,Orlando Magic,193.04,USA,1998,2,Eastern Michigan,28.0,2003-04
Derrick Coleman,Philadelphia 76ers,208.28,USA,1990,1,Syracuse,37.0,2003-04
Derek Fisher,Los Angeles Lakers,185.42,USA,1996,1,Arkansas-Little Rock,29.0,2003-04
Derek Anderson,Portland Trail Blazers,195.58,USA,1997,1,Kentucky,29.0,2003-04
Eddie Robinson,Chicago Bulls,205.74,USA,Undrafted,Undrafted,Central Oklahoma,28.0,2003-04
Eddy Curry,Chicago Bulls,210.82,USA,2001,1,,21.0,2003-04
Eduardo Najera,Dallas Mavericks,203.2,Mexico,2000,2,Oklahoma,27.0,2003-04
Elden Campbell,Detroit Pistons,213.36,USA,1990,1,Clemson,35.0,2003-04
Hedo Turkoglu,San Antonio Spurs,208.28,Turkey,2000,1,,25.0,2003-04
Greg Ostertag,Utah Jazz,218.44,USA,1995,1,Kansas,31.0,2003-04
Greg Buckner,Philadelphia 76ers,193.04,USA,1998,2,Clemson,27.0,2003-04
Gordan Giricek,Utah Jazz,195.58,Croatia,1999,2,,27.0,2003-04
Glenn Robinson,Philadelphia 76ers,200.66,USA,1994,1,Purdue,31.0,2003-04
Glen Rice,Los Angeles Clippers,203.2,USA,1989,1,Michigan,37.0,2003-04
Gilbert Arenas,Washington Wizards,190.5,USA,2001,2,Arizona,22.0,2003-04
Gerald Wallace,Sacramento Kings,200.66,USA,2001,1,Alabama,21.0,2003-04
George Lynch,New Orleans Hornets,203.2,USA,1993,1,North Carolina,33.0,2003-04
Gary Trent,Minnesota Timberwolves,203.2,USA,1995,1,Ohio,29.0,2003-04
Gary Payton,Los Angeles Lakers,193.04,USA,1990,1,Oregon State,35.0,2003-04
Horace Grant,Los Angeles Lakers,208.28,USA,1987,1,Clemson,38.0,2003-04
Fred Jones,Indiana Pacers,187.96,USA,2002,1,Oregon,25.0,2003-04
Frank Williams,New York Knicks,190.5,USA,2002,1,Illinois,24.0,2003-04
Francisco Elson,Denver Nuggets,213.36,Netherlands,1999,2,California,28.0,2003-04
Flip Murray,Seattle SuperSonics,193.04,USA,2002,2,Shaw,24.0,2003-04
Etan Thomas,Washington Wizards,208.28,USA,2000,1,Syracuse,26.0,2003-04
Ervin Johnson,Minnesota Timberwolves,210.82,USA,1993,1,New Orleans,36.0,2003-04
Erick Strickland,Milwaukee Bucks,190.5,USA,Undrafted,Undrafted,Nebraska,30.0,2003-04
Erick Dampier,Golden State Warriors,210.82,USA,1996,1,Mississippi State,28.0,2003-04
Eric Williams,Cleveland Cavaliers,203.2,USA,1995,1,Providence,31.0,2003-04
Eric Snow,Philadelphia 76ers,190.5,USA,1995,2,Michigan State,31.0,2003-04
Eric Piatkowski,Houston Rockets,200.66,USA,1994,1,Nebraska,33.0,2003-04
Elton Brand,Los Angeles Clippers,203.2,USA,1999,1,Duke,25.0,2003-04
Fred Hoiberg,Minnesota Timberwolves,195.58,USA,1995,2,Iowa State,31.0,2003-04
Juwan Howard,Orlando Magic,205.74,USA,1994,1,Michigan,31.0,2003-04
Keith Bogans,Orlando Magic,195.58,USA,2003,2,Kentucky,24.0,2003-04
Keith Van Horn,Milwaukee Bucks,208.28,USA,1997,1,Utah,28.0,2003-04
Sam Cassell,Minnesota Timberwolves,190.5,USA,1993,1,Florida State,34.0,2003-04
Samaki Walker,Miami Heat,205.74,USA,1996,1,Louisville,28.0,2003-04
Samuel Dalembert,Philadelphia 76ers,210.82,Haiti,2001,1,Seton Hall,24.0,2003-04
Sasha Pavlovic,Utah Jazz,200.66,Montenegro,2003,1,,20.0,2003-04
Scot Pollard,Indiana Pacers,210.82,USA,1997,1,Kansas,29.0,2003-04
Scott Padgett,Houston Rockets,205.74,USA,1999,1,Kentucky,28.0,2003-04
Scott Williams,Dallas Mavericks,208.28,USA,Undrafted,Undrafted,North Carolina,36.0,2003-04
Scottie Pippen,Chicago Bulls,203.2,USA,1987,1,Central Arkansas,38.0,2003-04
Sean Lampley,Golden State Warriors,198.12,USA,2001,2,California,24.0,2003-04
Sean Rooks,Orlando Magic,208.28,USA,1992,2,Arizona,34.0,2003-04
Shammond Williams,New Orleans Hornets,185.42,USA,1998,2,North Carolina,29.0,2003-04
Shandon Anderson,New York Knicks,198.12,USA,1996,2,Georgia,30.0,2003-04
Shane Battier,Memphis Grizzlies,203.2,USA,2001,1,Duke,25.0,2003-04
Shane Heal,San Antonio Spurs,182.88,USA,Undrafted,Undrafted,,33.0,2003-04
Shaquille O'Neal,Los Angeles Lakers,215.9,USA,1992,1,Louisiana State,32.0,2003-04
Shareef Abdur-Rahim,Portland Trail Blazers,205.74,USA,1996,1,California,27.0,2003-04
Shawn Bradley,Dallas Mavericks,228.6,USA,1993,1,Brigham Young,32.0,2003-04
Shawn Marion,Phoenix Suns,200.66,USA,1999,1,Nevada-Las Vegas,26.0,2003-04
Slava Medvedenko,Los Angeles Lakers,208.28,Ukraine,Undrafted,Undrafted,,25.0,2003-04
Slavko Vranes,Portland Trail Blazers,226.06,USA,2003,2,,21.0,2003-04
Speedy Claxton,Golden State Warriors,180.34,USA,2000,1,Hofstra,26.0,2003-04
Stacey Augmon,New Orleans Hornets,203.2,USA,1991,1,Nevada-Las Vegas,35.0,2003-04
Stephen Jackson,Atlanta Hawks,203.2,USA,1997,2,Butler Community College,26.0,2003-04
Ryan Humphrey,Memphis Grizzlies,203.2,USA,2002,1,Notre Dame,24.0,2003-04
Ryan Bowen,Denver Nuggets,205.74,USA,1998,2,Iowa,28.0,2003-04
Rusty LaRue,Golden State Warriors,190.5,USA,Undrafted,Undrafted,Wake Forest,30.0,2003-04
Ruben Patterson,Portland Trail Blazers,195.58,USA,1998,2,Cincinnati,28.0,2003-04
Rasual Butler,Miami Heat,200.66,USA,2002,2,La Salle,25.0,2003-04
Raul Lopez,Utah Jazz,182.88,Spain,2001,1,,24.0,2003-04
Ray Allen,Seattle SuperSonics,195.58,USA,1996,1,Connecticut,28.0,2003-04
Reece Gaines,Orlando Magic,198.12,USA,2003,1,Louisville,23.0,2003-04
Reggie Evans,Seattle SuperSonics,203.2,USA,Undrafted,Undrafted,Iowa,24.0,2003-04
Reggie Miller,Indiana Pacers,200.66,USA,1987,1,UCLA,38.0,2003-04
Richard Hamilton,Detroit Pistons,200.66,USA,1999,1,Connecticut,26.0,2003-04
Richard Jefferson,New Jersey Nets,200.66,USA,2001,1,Arizona,24.0,2003-04
Richie Frahm,Seattle SuperSonics,195.58,USA,Undrafted,Undrafted,Gonzaga,26.0,2003-04
Rick Brunson,Chicago Bulls,193.04,USA,Undrafted,Undrafted,Temple,32.0,2003-04
Rick Fox,Los Angeles Lakers,200.66,Canada,1991,1,North Carolina,34.0,2003-04
Stephon Marbury,New York Knicks,187.96,USA,1996,1,Georgia Tech,27.0,2003-04
Ricky Davis,Boston Celtics,200.66,USA,1998,1,Iowa,24.0,2003-04
Robert Horry,San Antonio Spurs,208.28,USA,1992,1,Alabama,33.0,2003-04
Robert Pack,New Jersey Nets,187.96,USA,Undrafted,Undrafted,Southern California,35.0,2003-04
Robert Traylor,New Orleans Hornets,203.2,USA,1998,1,Michigan,27.0,2003-04
Rod Strickland,Toronto Raptors,190.5,USA,1988,1,DePaul,37.0,2003-04
Rodney Buford,Sacramento Kings,195.58,USA,1999,2,Creighton,26.0,2003-04
Rodney Rogers,New Jersey Nets,200.66,USA,1993,1,Wake Forest,33.0,2003-04
Rodney White,Denver Nuggets,205.74,USA,2001,1,North Carolina-Charlotte,24.0,2003-04
Roger Mason Jr.,Toronto Raptors,195.58,USA,2002,2,Virginia,23.0,2003-04
Ron Mercer,San Antonio Spurs,200.66,USA,1997,1,Kentucky,28.0,2003-04
Ronald Dupree,Chicago Bulls,200.66,USA,Undrafted,Undrafted,Louisiana State,23.0,2003-04
Ruben Boumtje-Boumtje,Portland Trail Blazers,213.36,USA,2001,2,Georgetown,26.0,2003-04
Robert Archibald,Toronto Raptors,210.82,Scotland,2002,2,Illinois,24.0,2003-04
Rasho Nesterovic,San Antonio Spurs,213.36,Slovenia,1998,1,,28.0,2003-04
Steve Blake,Washington Wizards,190.5,USA,2003,2,Maryland,24.0,2003-04
Steve Nash,Dallas Mavericks,190.5,Canada,1996,1,Santa Clara,30.0,2003-04
Tyrone Hill,Miami Heat,205.74,USA,1990,1,Xavier,36.0,2003-04
Tyronn Lue,Orlando Magic,182.88,USA,1998,1,Nebraska,27.0,2003-04
Tyson Chandler,Chicago Bulls,215.9,USA,2001,1,,21.0,2003-04
Udonis Haslem,Miami Heat,203.2,USA,Undrafted,Undrafted,Florida,24.0,2003-04
Vin Baker,New York Knicks,210.82,USA,1993,1,Hartford,32.0,2003-04
Vince Carter,Toronto Raptors,198.12,USA,1998,1,North Carolina,27.0,2003-04
Vitaly Potapenko,Seattle SuperSonics,208.28,Ukraine,1996,1,Wright State,29.0,2003-04
Vlade Divac,Sacramento Kings,215.9,Serbia and Montenegro,1989,1,,36.0,2003-04
Vladimir Radmanovic,Seattle SuperSonics,208.28,Serbia,2001,1,,23.0,2003-04
Vladimir Stepania,Portland Trail Blazers,215.9,Georgia,1998,1,,28.0,2003-04
Voshon Lenard,Denver Nuggets,193.04,USA,1994,2,Minnesota,31.0,2003-04
Wally Szczerbiak,Minnesota Timberwolves,200.66,USA,1999,1,Miami (OH),27.0,2003-04
Walter McCarty,Boston Celtics,208.28,USA,1996,1,Kentucky,30.0,2003-04
Wang Zhi-zhi,Miami Heat,215.9,China,1999,2,,26.0,2003-04
Wesley Person,Atlanta Hawks,198.12,USA,1994,1,Auburn,33.0,2003-04
Willie Green,Philadelphia 76ers,193.04,USA,2003,2,Detroit Mercy,22.0,2003-04
Yao Ming,Houston Rockets,228.6,China,2002,1,,23.0,2003-04
Zach Randolph,Portland Trail Blazers,205.74,USA,2001,1,Michigan State,22.0,2003-04
Zarko Cabarkapa,Phoenix Suns,210.82,Serbia and Montenegro,2003,1,,23.0,2003-04
Zaza Pachulia,Orlando Magic,210.82,Georgia,2003,2,,20.0,2003-04
Zeljko Rebraca,Atlanta Hawks,213.36,Yugoslavia,1994,2,,32.0,2003-04
Zendon Hamilton,Philadelphia 76ers,210.82,USA,Undrafted,Undrafted,St. John's (NY),29.0,2003-04
Zoran Planinic,New Jersey Nets,200.66,Croatia,2003,1,,21.0,2003-04
Troy Murphy,Golden State Warriors,210.82,USA,2001,1,Notre Dame,24.0,2003-04
Troy Hudson,Minnesota Timberwolves,185.42,USA,Undrafted,Undrafted,Southern Illinois,28.0,2003-04
Troy Bell,Memphis Grizzlies,185.42,USA,2003,1,Boston College,23.0,2003-04
Trenton Hassell,Minnesota Timberwolves,195.58,USA,2001,2,Austin Peay,25.0,2003-04
Steven Hunter,Orlando Magic,213.36,USA,2001,1,DePaul,22.0,2003-04
Steven Smith,New Orleans Hornets,203.2,USA,1991,1,Michigan State,35.0,2003-04
Stromile Swift,Memphis Grizzlies,205.74,USA,2000,1,Louisiana State,24.0,2003-04
T.J. Ford,Milwaukee Bucks,182.88,USA,2003,1,Texas,21.0,2003-04
Tamar Slay,New Jersey Nets,203.2,USA,2002,2,Marshall,24.0,2003-04
Tayshaun Prince,Detroit Pistons,205.74,USA,2002,1,Kentucky,24.0,2003-04
Theo Ratliff,Portland Trail Blazers,208.28,USA,1995,1,Wyoming,31.0,2003-04
Theron Smith,Memphis Grizzlies,203.2,USA,Undrafted,Undrafted,Ball State,23.0,2003-04
Tierre Brown,New Orleans Hornets,187.96,USA,Undrafted,Undrafted,McNeese State,25.0,2003-04
Tim Duncan,San Antonio Spurs,213.36,US Virgin Islands,1997,1,Wake Forest,28.0,2003-04
Tim Thomas,New York Knicks,208.28,USA,1997,1,Villanova,27.0,2003-04
Steve Francis,Houston Rockets,190.5,USA,1999,1,Maryland,27.0,2003-04
Tom Gugliotta,Utah Jazz,208.28,USA,1992,1,North Carolina State,34.0,2003-04
Tony Battie,Cleveland Cavaliers,210.82,USA,1997,1,Texas Tech,28.0,2003-04
Tony Delk,Dallas Mavericks,187.96,USA,1996,1,Kentucky,30.0,2003-04
Tony Massenburg,Sacramento Kings,205.74,USA,1990,2,Maryland,36.0,2003-04
Tony Parker,San Antonio Spurs,187.96,France,2001,1,,22.0,2003-04
Torraye Braggs,Washington Wizards,203.2,USA,1998,2,Xavier,28.0,2003-04
Tracy McGrady,Orlando Magic,203.2,USA,1997,1,,25.0,2003-04
Tracy Murray,Portland Trail Blazers,200.66,USA,1992,1,UCLA,32.0,2003-04
Travis Best,Dallas Mavericks,180.34,USA,1995,1,Georgia Tech,31.0,2003-04
Travis Hansen,Atlanta Hawks,198.12,USA,2003,2,Brigham Young,26.0,2003-04
Travis Outlaw,Portland Trail Blazers,205.74,USA,2003,1,,19.0,2003-04
Tremaine Fowlkes,Detroit Pistons,198.12,USA,1998,2,Fresno State,28.0,2003-04
Toni Kukoc,Milwaukee Bucks,210.82,Croatia,1990,2,,35.0,2003-04
Keith McLeod,Minnesota Timberwolves,187.96,USA,Undrafted,Undrafted,Bowling Green,24.0,2003-04
Rasheed Wallace,Detroit Pistons,210.82,USA,1995,1,North Carolina,29.0,2003-04
Randy Livingston,Los Angeles Clippers,193.04,USA,1996,2,Louisiana State,29.0,2003-04
Lonny Baxter,Washington Wizards,203.2,USA,2002,2,Maryland,25.0,2003-04
Loren Woods,Miami Heat,218.44,USA,2001,2,Arizona,26.0,2003-04
Lorenzen Wright,Memphis Grizzlies,210.82,USA,1996,1,Memphis,28.0,2003-04
Lucious Harris,New Jersey Nets,195.58,USA,1993,2,Long Beach State,33.0,2003-04
Luke Ridnour,Seattle SuperSonics,187.96,USA,2003,1,Oregon,23.0,2003-04
Luke Walton,Los Angeles Lakers,203.2,USA,2003,2,Arizona,24.0,2003-04
Maciej Lampe,Phoenix Suns,210.82,Poland,2003,2,,19.0,2003-04
Malik Allen,Miami Heat,208.28,USA,Undrafted,Undrafted,Villanova,26.0,2003-04
Malik Rose,San Antonio Spurs,200.66,USA,1996,2,Drexel,29.0,2003-04
Mamadou N'diaye,Atlanta Hawks,213.36,Senegal,2000,1,Auburn,29.0,2003-04
Manu Ginobili,San Antonio Spurs,198.12,Argentina,1999,2,,26.0,2003-04
Marc Jackson,Philadelphia 76ers,208.28,USA,1997,2,Temple,29.0,2003-04
Marcus Banks,Boston Celtics,187.96,USA,2003,1,Nevada-Las Vegas,22.0,2003-04
Marcus Camby,Denver Nuggets,210.82,USA,1996,1,Massachusetts,30.0,2003-04
Marcus Fizer,Chicago Bulls,203.2,USA,2000,1,Iowa State,25.0,2003-04
Marcus Haislip,Milwaukee Bucks,208.28,USA,2002,1,Tennessee,23.0,2003-04
Mark Blount,Boston Celtics,213.36,USA,1997,2,Pittsburgh,28.0,2003-04
Mark Jackson,Houston Rockets,190.5,USA,1987,1,St. John's (NY),39.0,2003-04
Mark Madsen,Minnesota Timberwolves,205.74,USA,2000,1,Stanford,28.0,2003-04
Mark Pope,Denver Nuggets,208.28,USA,1996,2,Kentucky,31.0,2003-04
Marko Jaric,Los Angeles Clippers,195.58,Serbia,2000,2,,25.0,2003-04
Marquis Daniels,Dallas Mavericks,198.12,USA,Undrafted,Undrafted,Auburn,23.0,2003-04
Mateen Cleaves,Cleveland Cavaliers,187.96,USA,2000,1,Michigan State,26.0,2003-04
Linton Johnson,Chicago Bulls,203.2,USA,Undrafted,Undrafted,Tulane,24.0,2003-04
Lindsey Hunter,Detroit Pistons,187.96,USA,1993,1,Jackson State,33.0,2003-04
Leon Smith,Seattle SuperSonics,208.28,USA,1999,1,,23.0,2003-04
Lee Nailon,Cleveland Cavaliers,205.74,USA,1999,2,Texas Christian,29.0,2003-04
Kelvin Cato,Houston Rockets,210.82,USA,1997,1,Iowa State,29.0,2003-04
Kendall Gill,Chicago Bulls,195.58,USA,1990,1,Illinois,36.0,2003-04
Kendrick Perkins,Boston Celtics,208.28,USA,2003,1,,19.0,2003-04
Kenny Anderson,Indiana Pacers,185.42,USA,1991,1,Georgia Tech,33.0,2003-04
Kenny Thomas,Philadelphia 76ers,200.66,USA,1999,1,New Mexico,26.0,2003-04
Kenyon Martin,New Jersey Nets,205.74,USA,2000,1,Cincinnati,26.0,2003-04
Keon Clark,Utah Jazz,210.82,USA,1998,1,Nevada-Las Vegas,29.0,2003-04
Kerry Kittles,New Jersey Nets,195.58,USA,1996,1,Villanova,30.0,2003-04
Kevin Garnett,Minnesota Timberwolves,210.82,USA,1995,1,,28.0,2003-04
Kevin Ollie,Cleveland Cavaliers,187.96,USA,Undrafted,Undrafted,Connecticut,31.0,2003-04
Kevin Willis,San Antonio Spurs,213.36,USA,1984,1,Michigan State,41.0,2003-04
Matt Barnes,Los Angeles Clippers,200.66,USA,2002,2,UCLA,24.0,2003-04
Keyon Dooling,Los Angeles Clippers,190.5,USA,2000,1,Missouri,24.0,2003-04
Kirk Penney,Miami Heat,195.58,USA,Undrafted,Undrafted,Wisconsin,23.0,2003-04
Kobe Bryant,Los Angeles Lakers,198.12,USA,1996,1,,25.0,2003-04
Kurt Thomas,New York Knicks,205.74,USA,1995,1,Texas Christian,31.0,2003-04
Kwame Brown,Washington Wizards,210.82,USA,2001,1,,22.0,2003-04
Kyle Korver,Philadelphia 76ers,200.66,USA,2003,2,Creighton,23.0,2003-04
Lamar Odom,Miami Heat,208.28,USA,1999,1,Rhode Island,24.0,2003-04
Lamond Murray,Toronto Raptors,200.66,USA,1994,1,California,31.0,2003-04
Larry Hughes,Washington Wizards,195.58,USA,1998,1,Saint Louis,25.0,2003-04
Latrell Sprewell,Minnesota Timberwolves,195.58,USA,1992,1,Alabama,33.0,2003-04
LeBron James,Cleveland Cavaliers,203.2,USA,2003,1,,19.0,2003-04
Leandro Barbosa,Phoenix Suns,190.5,Brazil,2003,1,,21.0,2003-04
Kirk Hinrich,Chicago Bulls,190.5,USA,2003,1,Kansas,23.0,2003-04
Rashard Lewis,Seattle SuperSonics,208.28,USA,1998,2,,24.0,2003-04
Matt Carroll,San Antonio Spurs,198.12,USA,Undrafted,Undrafted,Notre Dame,23.0,2003-04
Maurice Carter,New Orleans Hornets,195.58,USA,Undrafted,Undrafted,Louisiana State,27.0,2003-04
Nene,Denver Nuggets,210.82,Brazil,2002,1,,21.0,2003-04
Nick Van Exel,Golden State Warriors,185.42,USA,1993,2,Cincinnati,32.0,2003-04
Nikoloz Tskitishvili,Denver Nuggets,213.36,Georgia,2002,1,,21.0,2003-04
Olden Polynice,Los Angeles Clippers,208.28,USA,1987,1,Virginia,39.0,2003-04
Oliver Miller,Minnesota Timberwolves,205.74,USA,1992,1,Arkansas,34.0,2003-04
Omar Cook,Portland Trail Blazers,185.42,USA,2001,2,St. John's (NY),22.0,2003-04
Othella Harrington,New York Knicks,205.74,USA,1996,2,Georgetown,30.0,2003-04
P.J. Brown,New Orleans Hornets,210.82,USA,1992,2,Louisiana Tech,34.0,2003-04
Pat Garrity,Orlando Magic,205.74,USA,1998,1,Notre Dame,27.0,2003-04
Pau Gasol,Memphis Grizzlies,213.36,Spain,2001,1,,23.0,2003-04
Paul Grant,Utah Jazz,213.36,USA,1997,1,Wisconsin,30.0,2003-04
Paul Pierce,Boston Celtics,198.12,USA,1998,1,Kansas,26.0,2003-04
Paul Shirley,Chicago Bulls,208.28,USA,Undrafted,Undrafted,Iowa State,26.0,2003-04
Peja Stojakovic,Sacramento Kings,208.28,Serbia and Montenegro,1996,1,,27.0,2003-04
Popeye Jones,Golden State Warriors,203.2,USA,1992,2,Murray State,34.0,2003-04
Predrag Drobnjak,Los Angeles Clippers,210.82,Yugoslavia,1997,2,,28.0,2003-04
Primoz Brezec,Indiana Pacers,215.9,Slovenia,2000,1,,24.0,2003-04
Quentin Richardson,Los Angeles Clippers,195.58,USA,2000,1,DePaul,24.0,2003-04
Quincy Lewis,Minnesota Timberwolves,200.66,USA,1999,1,Minnesota,27.0,2003-04
Qyntel Woods,Portland Trail Blazers,203.2,USA,2002,1,Northeast Mississippi Community College,23.0,2003-04
Raef LaFrentz,Boston Celtics,210.82,USA,1998,1,Kansas,28.0,2003-04
Rafer Alston,Miami Heat,187.96,USA,1998,2,Fresno State,27.0,2003-04
Raja Bell,Utah Jazz,195.58,U.S. Virgin Islands,Undrafted,Undrafted,Florida International,27.0,2003-04
Ndudi Ebi,Minnesota Timberwolves,205.74,USA,2003,1,,20.0,2003-04
Nazr Mohammed,New York Knicks,208.28,USA,1998,1,Kentucky,26.0,2003-04
Morris Peterson,Toronto Raptors,200.66,USA,2000,1,Michigan State,26.0,2003-04
Moochie Norris,New York Knicks,187.96,USA,1996,2,West Florida,30.0,2003-04
Maurice Taylor,Houston Rockets,205.74,USA,1997,1,Michigan,27.0,2003-04
Mehmet Okur,Detroit Pistons,210.82,Turkey,2001,2,,25.0,2003-04
Melvin Ely,Los Angeles Clippers,208.28,USA,2002,1,Fresno State,26.0,2003-04
Mengke Bateer,Toronto Raptors,210.82,China,Undrafted,Undrafted,,28.0,2003-04
Metta World Peace,Indiana Pacers,200.66,USA,1999,1,St. John's (NY),24.0,2003-04
Michael Bradley,Atlanta Hawks,208.28,USA,2001,1,Villanova,25.0,2003-04
Michael Curry,Toronto Raptors,195.58,USA,Undrafted,Undrafted,Georgia Southern,35.0,2003-04
Michael Doleac,Denver Nuggets,210.82,USA,1998,1,Utah,27.0,2003-04
Michael Finley,Dallas Mavericks,200.66,USA,1995,1,Wisconsin,31.0,2003-04
Michael Olowokandi,Minnesota Timberwolves,213.36,Nigeria,1998,1,Pacific,29.0,2003-04
Michael Redd,Milwaukee Bucks,198.12,USA,2000,2,Ohio State,24.0,2003-04
Matt Harpring,Utah Jazz,200.66,USA,1998,1,Georgia Tech,28.0,2003-04
Michael Ruffin,Utah Jazz,203.2,USA,1999,2,Tulsa,27.0,2003-04
Michael Sweetney,New York Knicks,203.2,USA,2003,1,Georgetown,21.0,2003-04
Mickael Pietrus,Golden State Warriors,198.12,France,2003,1,,22.0,2003-04
Mike Bibby,Sacramento Kings,185.42,USA,1998,1,Arizona,26.0,2003-04
Mike Dunleavy,Golden State Warriors,205.74,USA,2002,1,Duke,23.0,2003-04
Mike James,Detroit Pistons,187.96,USA,Undrafted,Undrafted,Duquesne,29.0,2003-04
Mike Miller,Memphis Grizzlies,203.2,USA,2000,1,Florida,24.0,2003-04
Mike Wilks,Houston Rockets,180.34,USA,Undrafted,Undrafted,Rice,25.0,2003-04
Mikki Moore,Utah Jazz,213.36,USA,Undrafted,Undrafted,Nebraska,28.0,2003-04
Milt Palacio,Toronto Raptors,190.5,Belize,Undrafted,Undrafted,Colorado State,26.0,2003-04
Mitchell Butler,Washington Wizards,195.58,USA,Undrafted,Undrafted,UCLA,33.0,2003-04
Mo Williams,Utah Jazz,185.42,USA,2003,2,Alabama,21.0,2003-04
Michael Stewart,Boston Celtics,208.28,USA,Undrafted,Undrafted,California,29.0,2003-04
Jon Barry,Denver Nuggets,195.58,USA,1992,1,Georgia Tech,34.0,2003-04
Brian Cardinal,Golden State Warriors,203.2,USA,2000,2,Purdue,27.0,2003-04
Aaron McKie,Philadelphia 76ers,195.58,USA,1994,1,Temple,32.0,2004-05
Michael Redd,Milwaukee Bucks,198.12,USA,2000,2,Ohio State,25.0,2004-05
Michael Olowokandi,Minnesota Timberwolves,213.36,Nigeria,1998,1,Pacific,30.0,2004-05
Michael Finley,Dallas Mavericks,200.66,USA,1995,1,Wisconsin,32.0,2004-05
Michael Doleac,Miami Heat,210.82,USA,1998,1,Utah,28.0,2004-05
Michael Curry,Indiana Pacers,195.58,USA,Undrafted,Undrafted,Georgia Southern,36.0,2004-05
Michael Bradley,Philadelphia 76ers,205.74,USA,2001,1,Villanova,26.0,2004-05
Metta World Peace,Indiana Pacers,200.66,USA,1999,1,St. John's (NY),25.0,2004-05
Melvin Ely,Charlotte Hornets,208.28,USA,2002,1,Fresno State,27.0,2004-05
Mehmet Okur,Utah Jazz,210.82,Turkey,2001,2,,26.0,2004-05
Maurice Taylor,New York Knicks,205.74,USA,1997,1,Michigan,28.0,2004-05
Maurice Evans,Sacramento Kings,195.58,USA,Undrafted,Undrafted,Texas,26.0,2004-05
Maurice Baker,Portland Trail Blazers,187.96,USA,Undrafted,Undrafted,Oklahoma State,25.0,2004-05
Matt Harpring,Utah Jazz,200.66,USA,1998,1,Georgia Tech,29.0,2004-05
Matt Freije,New Orleans Hornets,208.28,USA,2004,2,Vanderbilt,23.0,2004-05
Matt Carroll,Charlotte Hornets,198.12,USA,Undrafted,Undrafted,Notre Dame,24.0,2004-05
Matt Bonner,Toronto Raptors,208.28,USA,2003,2,Florida,25.0,2004-05
Matt Barnes,Sacramento Kings,200.66,USA,2002,2,UCLA,25.0,2004-05
Mateen Cleaves,Seattle SuperSonics,187.96,USA,2000,1,Michigan State,27.0,2004-05
Marquis Daniels,Dallas Mavericks,198.12,USA,Undrafted,Undrafted,Auburn,24.0,2004-05
Marko Jaric,Los Angeles Clippers,200.66,Serbia,2000,2,,26.0,2004-05
Mark Pope,Denver Nuggets,208.28,USA,1996,2,Kentucky,32.0,2004-05
Mark Madsen,Minnesota Timberwolves,205.74,USA,2000,1,Stanford,29.0,2004-05
Mark Jones,Orlando Magic,198.12,USA,2004,4,Central Florida,30.0,2004-05
Mark Blount,Boston Celtics,213.36,USA,1997,2,Pittsburgh,29.0,2004-05
Mario Kasun,Orlando Magic,213.36,Croatia,2002,2,,25.0,2004-05
Michael Ruffin,Washington Wizards,203.2,USA,1999,2,Tulsa,28.0,2004-05
Marcus Haislip,Indiana Pacers,208.28,USA,2002,1,Tennessee,24.0,2004-05
Michael Stewart,Atlanta Hawks,208.28,USA,Undrafted,Undrafted,California,30.0,2004-05
Mickael Pietrus,Golden State Warriors,198.12,France,2003,1,,23.0,2004-05
Paul Pierce,Boston Celtics,198.12,USA,1998,1,Kansas,27.0,2004-05
Pau Gasol,Memphis Grizzlies,213.36,Spain,2001,1,,24.0,2004-05
Pat Garrity,Orlando Magic,205.74,USA,1998,1,Notre Dame,28.0,2004-05
Pape Sow,Toronto Raptors,208.28,Senegal,2004,2,Cal State-Fullerton,23.0,2004-05
P.J. Brown,New Orleans Hornets,210.82,USA,1992,2,Louisiana Tech,35.0,2004-05
Othella Harrington,Chicago Bulls,205.74,USA,1996,2,Georgetown,31.0,2004-05
Omar Cook,Toronto Raptors,185.42,USA,2001,2,St. John's (NY),23.0,2004-05
Obinna Ekezie,Atlanta Hawks,205.74,Nigeria,1999,2,Maryland,29.0,2004-05
Nikoloz Tskitishvili,Golden State Warriors,213.36,Georgia,2002,1,,22.0,2004-05
Nick Van Exel,Portland Trail Blazers,185.42,USA,1993,2,Cincinnati,33.0,2004-05
Nick Collison,Seattle SuperSonics,205.74,USA,2003,1,Kansas,24.0,2004-05
Nene,Denver Nuggets,210.82,Brazil,2002,1,,22.0,2004-05
Nenad Krstic,New Jersey Nets,213.36,Serbia and Montenegro,2002,1,,21.0,2004-05
Ndudi Ebi,Minnesota Timberwolves,205.74,USA,2003,1,,21.0,2004-05
Nazr Mohammed,San Antonio Spurs,208.28,USA,1998,1,Kentucky,27.0,2004-05
Morris Peterson,Toronto Raptors,200.66,USA,2000,1,Michigan State,27.0,2004-05
Moochie Norris,Houston Rockets,185.42,USA,1996,2,West Florida,31.0,2004-05
Mo Williams,Milwaukee Bucks,185.42,USA,2003,2,Alabama,22.0,2004-05
Milt Palacio,Toronto Raptors,190.5,Belize,Undrafted,Undrafted,Colorado State,27.0,2004-05
Mikki Moore,Los Angeles Clippers,213.36,USA,Undrafted,Undrafted,Nebraska,29.0,2004-05
Mike Wilks,San Antonio Spurs,177.8,USA,Undrafted,Undrafted,Rice,26.0,2004-05
Mike Miller,Memphis Grizzlies,203.2,USA,2000,1,Florida,25.0,2004-05
Mike James,Houston Rockets,187.96,USA,Undrafted,Undrafted,Duquesne,30.0,2004-05
Mike Dunleavy,Golden State Warriors,205.74,USA,2002,1,Duke,24.0,2004-05
Mike Bibby,Sacramento Kings,185.42,USA,1998,1,Arizona,27.0,2004-05
Michael Sweetney,New York Knicks,203.2,USA,2003,1,Georgetown,22.0,2004-05
Paul Shirley,Phoenix Suns,208.28,USA,Undrafted,Undrafted,Iowa State,27.0,2004-05
Marcus Fizer,Milwaukee Bucks,203.2,USA,2000,1,Iowa State,26.0,2004-05
Marcus Banks,Boston Celtics,187.96,USA,2003,1,Nevada-Las Vegas,23.0,2004-05
Kurt Thomas,New York Knicks,205.74,USA,1995,1,Texas Christian,32.0,2004-05
Kris Humphries,Utah Jazz,205.74,USA,2004,1,Minnesota,20.0,2004-05
Kobe Bryant,Los Angeles Lakers,198.12,USA,1996,1,,26.0,2004-05
Kirk Snyder,Utah Jazz,198.12,USA,2004,1,Nevada,22.0,2004-05
Kirk Penney,Los Angeles Clippers,195.58,USA,Undrafted,Undrafted,Wisconsin,24.0,2004-05
Kirk Hinrich,Chicago Bulls,190.5,USA,2003,1,Kansas,24.0,2004-05
Keyon Dooling,Miami Heat,190.5,USA,2000,1,Missouri,25.0,2004-05
Kevin Willis,Atlanta Hawks,213.36,USA,1984,1,Michigan State,42.0,2004-05
Kevin Ollie,Philadelphia 76ers,187.96,USA,Undrafted,Undrafted,Connecticut,32.0,2004-05
Kevin Martin,Sacramento Kings,200.66,USA,2004,1,Western Carolina,22.0,2004-05
Kevin Garnett,Minnesota Timberwolves,210.82,USA,1995,1,,29.0,2004-05
Kerry Kittles,Los Angeles Clippers,195.58,USA,1996,1,Villanova,31.0,2004-05
Kenyon Martin,Denver Nuggets,205.74,USA,2000,1,Cincinnati,27.0,2004-05
Kenny Thomas,Sacramento Kings,200.66,USA,1999,1,New Mexico,27.0,2004-05
Kenny Anderson,Los Angeles Clippers,185.42,USA,1991,1,Georgia Tech,34.0,2004-05
Kendrick Perkins,Boston Celtics,208.28,USA,2003,1,,20.0,2004-05
Kendall Gill,Milwaukee Bucks,195.58,USA,1990,1,Illinois,37.0,2004-05
Kelvin Cato,Orlando Magic,210.82,USA,1997,1,Iowa State,30.0,2004-05
Keith Van Horn,Dallas Mavericks,208.28,USA,1997,1,Utah,29.0,2004-05
Keith McLeod,Utah Jazz,187.96,USA,Undrafted,Undrafted,Bowling Green,25.0,2004-05
Keith Bogans,Charlotte Hornets,195.58,USA,2003,2,Kentucky,25.0,2004-05
Kedrick Brown,Philadelphia 76ers,200.66,USA,2001,1,Northwest Florida State,24.0,2004-05
Kareem Rush,Charlotte Hornets,198.12,USA,2002,1,Missouri,24.0,2004-05
Kaniel Dickens,New Jersey Nets,203.2,USA,2000,2,Idaho,26.0,2004-05
Juwan Howard,Houston Rockets,205.74,USA,1994,1,Michigan,32.0,2004-05
Kwame Brown,Washington Wizards,210.82,USA,2001,1,,23.0,2004-05
Marcus Camby,Denver Nuggets,210.82,USA,1996,1,Massachusetts,31.0,2004-05
Kyle Korver,Philadelphia 76ers,198.12,USA,2003,2,Creighton,24.0,2004-05
Lamond Murray,Toronto Raptors,200.66,USA,1994,1,California,32.0,2004-05
Marc Jackson,Philadelphia 76ers,208.28,USA,1997,2,Temple,30.0,2004-05
Manu Ginobili,San Antonio Spurs,198.12,Argentina,1999,2,,27.0,2004-05
Mamadou N'diaye,Los Angeles Clippers,213.36,Senegal,2000,1,Auburn,30.0,2004-05
Malik Rose,New York Knicks,200.66,USA,1996,2,Drexel,30.0,2004-05
Malik Allen,Charlotte Hornets,208.28,USA,Undrafted,Undrafted,Villanova,27.0,2004-05
Maciej Lampe,New Orleans Hornets,210.82,Poland,2003,2,,20.0,2004-05
Luol Deng,Chicago Bulls,203.2,United Kingdom,2004,1,Duke,20.0,2004-05
Luke Walton,Los Angeles Lakers,203.2,USA,2003,2,Arizona,25.0,2004-05
Luke Ridnour,Seattle SuperSonics,185.42,USA,2003,1,Oregon,24.0,2004-05
Luke Jackson,Cleveland Cavaliers,200.66,USA,2004,1,Oregon,23.0,2004-05
Luis Flores,Denver Nuggets,187.96,USA,2004,2,Manhattan,24.0,2004-05
Lucious Harris,Cleveland Cavaliers,195.58,USA,1993,2,Long Beach State,34.0,2004-05
Lorenzen Wright,Memphis Grizzlies,210.82,USA,1996,1,Memphis,29.0,2004-05
Loren Woods,Toronto Raptors,215.9,USA,2001,2,Arizona,27.0,2004-05
Lonny Baxter,New Orleans Hornets,203.2,USA,2002,2,Maryland,26.0,2004-05
Lionel Chalmers,Los Angeles Clippers,182.88,USA,2004,2,Xavier,24.0,2004-05
Linton Johnson,San Antonio Spurs,203.2,USA,Undrafted,Undrafted,Tulane,25.0,2004-05
Lindsey Hunter,Detroit Pistons,187.96,USA,1993,1,Jackson State,34.0,2004-05
Lee Nailon,New Orleans Hornets,205.74,USA,1999,2,Texas Christian,30.0,2004-05
Leandro Barbosa,Phoenix Suns,190.5,Brazil,2003,1,,22.0,2004-05
LeBron James,Cleveland Cavaliers,203.2,USA,2003,1,,20.0,2004-05
Lawrence Funderburke,Chicago Bulls,205.74,USA,1994,2,Ohio State,34.0,2004-05
Latrell Sprewell,Minnesota Timberwolves,195.58,USA,1992,1,Alabama,34.0,2004-05
Larry Hughes,Washington Wizards,195.58,USA,1998,1,Saint Louis,26.0,2004-05
Laron Profit,Washington Wizards,195.58,USA,1999,2,Maryland,27.0,2004-05
Lamar Odom,Los Angeles Lakers,208.28,USA,1999,1,Rhode Island,25.0,2004-05
Pavel Podkolzin,Dallas Mavericks,226.06,Russia,2004,1,,20.0,2004-05
Peja Stojakovic,Sacramento Kings,208.28,Serbia and Montenegro,1996,1,,28.0,2004-05
Peter John Ramos,Washington Wizards,220.98,Puerto Rico,2004,2,,20.0,2004-05
Travis Outlaw,Portland Trail Blazers,205.74,USA,2003,1,,20.0,2004-05
Travis Best,New Jersey Nets,180.34,USA,1995,1,Georgia Tech,32.0,2004-05
Tracy McGrady,Houston Rockets,203.2,USA,1997,1,,26.0,2004-05
Torraye Braggs,Houston Rockets,203.2,USA,1998,2,Xavier,29.0,2004-05
Tony Parker,San Antonio Spurs,187.96,France,2001,1,,23.0,2004-05
Tony Massenburg,San Antonio Spurs,205.74,USA,1990,2,Maryland,37.0,2004-05
Tony Delk,Atlanta Hawks,187.96,USA,1996,1,Kentucky,31.0,2004-05
Tony Bobbitt,Los Angeles Lakers,193.04,USA,Undrafted,Undrafted,Cincinnati,25.0,2004-05
Tony Battie,Orlando Magic,210.82,USA,1997,1,Texas Tech,29.0,2004-05
Tony Allen,Boston Celtics,193.04,USA,2004,1,Oklahoma State,23.0,2004-05
Toni Kukoc,Milwaukee Bucks,210.82,Croatia,1990,2,,36.0,2004-05
Tom Gugliotta,Atlanta Hawks,208.28,USA,1992,1,North Carolina State,35.0,2004-05
Tim Thomas,New York Knicks,208.28,USA,1997,1,Villanova,28.0,2004-05
Tim Duncan,San Antonio Spurs,210.82,US Virgin Islands,1997,1,Wake Forest,29.0,2004-05
Tierre Brown,Los Angeles Lakers,187.96,USA,Undrafted,Undrafted,McNeese State,26.0,2004-05
Theron Smith,Charlotte Hornets,203.2,USA,Undrafted,Undrafted,Ball State,24.0,2004-05
Theo Ratliff,Portland Trail Blazers,208.28,USA,1995,1,Wyoming,32.0,2004-05
Tayshaun Prince,Detroit Pistons,205.74,USA,2002,1,Kentucky,25.0,2004-05
Tamar Slay,Charlotte Hornets,203.2,USA,2002,2,Marshall,25.0,2004-05
Stromile Swift,Memphis Grizzlies,205.74,USA,2000,1,Louisiana State,25.0,2004-05
Steven Smith,Miami Heat,203.2,USA,1991,1,Michigan State,36.0,2004-05
Steven Hunter,Phoenix Suns,213.36,USA,2001,1,DePaul,23.0,2004-05
Steve Nash,Phoenix Suns,190.5,Canada,1996,1,Santa Clara,31.0,2004-05
Steve Francis,Orlando Magic,190.5,USA,1999,1,Maryland,28.0,2004-05
Steve Blake,Washington Wizards,190.5,USA,2003,2,Maryland,25.0,2004-05
Tremaine Fowlkes,Indiana Pacers,203.2,USA,1998,2,Fresno State,29.0,2004-05
Stephon Marbury,New York Knicks,187.96,USA,1996,1,Georgia Tech,28.0,2004-05
Trenton Hassell,Minnesota Timberwolves,195.58,USA,2001,2,Austin Peay,26.0,2004-05
Troy Hudson,Minnesota Timberwolves,185.42,USA,Undrafted,Undrafted,Southern Illinois,29.0,2004-05
Wally Szczerbiak,Minnesota Timberwolves,200.66,USA,1999,1,Miami (OH),28.0,2004-05
Walter McCarty,Phoenix Suns,208.28,USA,1996,1,Kentucky,31.0,2004-05
Wang Zhi-zhi,Miami Heat,215.9,China,1999,2,,27.0,2004-05
Wesley Person,Denver Nuggets,198.12,USA,1994,1,Auburn,34.0,2004-05
Willie Green,Philadelphia 76ers,187.96,USA,2003,2,Detroit Mercy,23.0,2004-05
Yao Ming,Houston Rockets,228.6,China,2002,1,,24.0,2004-05
Yuta Tabuse,Phoenix Suns,175.26,USA,Undrafted,Undrafted,Brigham Young-Hawaii,24.0,2004-05
Zach Randolph,Portland Trail Blazers,205.74,USA,2001,1,Michigan State,23.0,2004-05
Zarko Cabarkapa,Golden State Warriors,210.82,Serbia and Montenegro,2003,1,,24.0,2004-05
Zaza Pachulia,Milwaukee Bucks,210.82,Georgia,2003,2,,21.0,2004-05
Zeljko Rebraca,Los Angeles Clippers,213.36,Yugoslavia,1994,2,,33.0,2004-05
Zendon Hamilton,Milwaukee Bucks,210.82,USA,Undrafted,Undrafted,St. John's (NY),30.0,2004-05
Zoran Planinic,New Jersey Nets,200.66,Croatia,2003,1,,22.0,2004-05
Zydrunas Ilgauskas,Cleveland Cavaliers,220.98,Lithuania,1996,1,,30.0,2004-05
Voshon Lenard,Denver Nuggets,193.04,USA,1994,2,Minnesota,32.0,2004-05
Vladimir Radmanovic,Seattle SuperSonics,208.28,Serbia,2001,1,,24.0,2004-05
Vlade Divac,Los Angeles Lakers,215.9,Serbia and Montenegro,1989,1,,37.0,2004-05
Vitaly Potapenko,Seattle SuperSonics,208.28,Ukraine,1996,1,Wright State,30.0,2004-05
Vince Carter,New Jersey Nets,198.12,USA,1998,1,North Carolina,28.0,2004-05
Vin Baker,Houston Rockets,210.82,USA,1993,1,Hartford,33.0,2004-05
Viktor Khryapa,Portland Trail Blazers,205.74,Russia,2004,1,,22.0,2004-05
Udonis Haslem,Miami Heat,203.2,USA,Undrafted,Undrafted,Florida,25.0,2004-05
Tyson Chandler,Chicago Bulls,215.9,USA,2001,1,,22.0,2004-05
Tyronn Lue,Atlanta Hawks,182.88,USA,1998,1,Nebraska,28.0,2004-05
Troy Murphy,Golden State Warriors,210.82,USA,2001,1,Notre Dame,25.0,2004-05
Trevor Ariza,New York Knicks,203.2,USA,2004,2,UCLA,20.0,2004-05
Stephen Jackson,Indiana Pacers,203.2,USA,1997,2,Butler Community College,27.0,2004-05
Stacey Augmon,Orlando Magic,203.2,USA,1991,1,Nevada-Las Vegas,36.0,2004-05
Speedy Claxton,New Orleans Hornets,180.34,USA,2000,1,Hofstra,27.0,2004-05
Robert Swift,Seattle SuperSonics,213.36,USA,2004,1,,19.0,2004-05
Robert Horry,San Antonio Spurs,208.28,USA,1992,1,Alabama,34.0,2004-05
Ricky Davis,Boston Celtics,200.66,USA,1998,1,Iowa,25.0,2004-05
Rick Brunson,Los Angeles Clippers,193.04,USA,Undrafted,Undrafted,Temple,33.0,2004-05
Richie Frahm,Portland Trail Blazers,195.58,USA,Undrafted,Undrafted,Gonzaga,27.0,2004-05
Richard Hamilton,Detroit Pistons,200.66,USA,1999,1,Connecticut,27.0,2004-05
Reggie Miller,Indiana Pacers,200.66,USA,1987,1,UCLA,39.0,2004-05
Reggie Evans,Seattle SuperSonics,203.2,USA,Undrafted,Undrafted,Iowa,25.0,2004-05
Reece Gaines,Milwaukee Bucks,198.12,USA,2003,1,Louisville,24.0,2004-05
Ray Allen,Seattle SuperSonics,195.58,USA,1996,1,Connecticut,29.0,2004-05
Raul Lopez,Utah Jazz,182.88,Spain,2001,1,,25.0,2004-05
Rasual Butler,Miami Heat,200.66,USA,2002,2,La Salle,26.0,2004-05
Rasho Nesterovic,San Antonio Spurs,213.36,Slovenia,1998,1,,29.0,2004-05
Rasheed Wallace,Detroit Pistons,210.82,USA,1995,1,North Carolina,30.0,2004-05
Rashard Lewis,Seattle SuperSonics,208.28,USA,1998,2,,25.0,2004-05
Randy Livingston,Utah Jazz,193.04,USA,1996,2,Louisiana State,30.0,2004-05
Raja Bell,Utah Jazz,195.58,U.S. Virgin Islands,Undrafted,Undrafted,Florida International,28.0,2004-05
Rafer Alston,Toronto Raptors,187.96,USA,1998,2,Fresno State,28.0,2004-05
Rafael Araujo,Toronto Raptors,210.82,Brazil,2004,1,Brigham Young,24.0,2004-05
Raef LaFrentz,Boston Celtics,210.82,USA,1998,1,Kansas,29.0,2004-05
Qyntel Woods,Miami Heat,203.2,USA,2002,1,Northeast Mississippi Community College,24.0,2004-05
Quinton Ross,Los Angeles Clippers,198.12,USA,Undrafted,Undrafted,Southern Methodist,24.0,2004-05
Quentin Richardson,Phoenix Suns,198.12,USA,2000,1,DePaul,25.0,2004-05
Primoz Brezec,Charlotte Hornets,215.9,Slovenia,2000,1,,25.0,2004-05
Predrag Drobnjak,Atlanta Hawks,210.82,Yugoslavia,1997,2,,29.0,2004-05
Robert Traylor,Cleveland Cavaliers,203.2,USA,1998,1,Michigan,28.0,2004-05
Rod Strickland,Houston Rockets,190.5,USA,1988,1,DePaul,38.0,2004-05
Rodney Buford,New Jersey Nets,195.58,USA,1999,2,Creighton,27.0,2004-05
Rodney Rogers,Philadelphia 76ers,200.66,USA,1993,1,Wake Forest,34.0,2004-05
Smush Parker,Phoenix Suns,193.04,USA,Undrafted,Undrafted,Fordham,24.0,2004-05
Slava Medvedenko,Los Angeles Lakers,208.28,Ukraine,Undrafted,Undrafted,,26.0,2004-05
Shawn Marion,Phoenix Suns,200.66,USA,1999,1,Nevada-Las Vegas,27.0,2004-05
Shawn Bradley,Dallas Mavericks,228.6,USA,1993,1,Brigham Young,33.0,2004-05
Shaun Livingston,Los Angeles Clippers,200.66,USA,2004,1,,19.0,2004-05
Shareef Abdur-Rahim,Portland Trail Blazers,205.74,USA,1996,1,California,28.0,2004-05
Shaquille O'Neal,Miami Heat,215.9,USA,1992,1,Louisiana State,33.0,2004-05
Shane Battier,Memphis Grizzlies,203.2,USA,2001,1,Duke,26.0,2004-05
Shandon Anderson,Miami Heat,198.12,USA,1996,2,Georgia,31.0,2004-05
Sebastian Telfair,Portland Trail Blazers,182.88,USA,2004,1,,20.0,2004-05
Sean Marks,San Antonio Spurs,208.28,New Zealand,1998,2,California,29.0,2004-05
Scott Williams,Cleveland Cavaliers,208.28,USA,Undrafted,Undrafted,North Carolina,37.0,2004-05
Justin Reed,Boston Celtics,203.2,USA,2004,2,Mississippi,23.0,2004-05
Scott Padgett,Houston Rockets,205.74,USA,1999,1,Kentucky,29.0,2004-05
Sasha Vujacic,Los Angeles Lakers,200.66,Slovenia,2004,1,,21.0,2004-05
Sasha Pavlovic,Cleveland Cavaliers,200.66,Montenegro,2003,1,,21.0,2004-05
Samuel Dalembert,Philadelphia 76ers,210.82,Haiti,2001,1,Seton Hall,25.0,2004-05
Samaki Walker,Washington Wizards,205.74,USA,1996,1,Louisville,29.0,2004-05
Sam Cassell,Minnesota Timberwolves,190.5,USA,1993,1,Florida State,35.0,2004-05
Ryan Humphrey,Memphis Grizzlies,203.2,USA,2002,1,Notre Dame,25.0,2004-05
Ryan Bowen,Houston Rockets,205.74,USA,1998,2,Iowa,29.0,2004-05
Ruben Patterson,Portland Trail Blazers,195.58,USA,1998,2,Cincinnati,29.0,2004-05
Royal Ivey,Atlanta Hawks,190.5,USA,2004,2,Texas,23.0,2004-05
Ronald Dupree,Detroit Pistons,200.66,USA,Undrafted,Undrafted,Louisiana State,24.0,2004-05
Ron Mercer,New Jersey Nets,200.66,USA,1997,1,Kentucky,29.0,2004-05
Rodney White,Golden State Warriors,205.74,USA,2001,1,North Carolina-Charlotte,25.0,2004-05
Scot Pollard,Indiana Pacers,210.82,USA,1997,1,Kansas,30.0,2004-05
Junior Harrington,New Orleans Hornets,193.04,USA,Undrafted,Undrafted,Wingate,24.0,2004-05
Richard Jefferson,New Jersey Nets,200.66,USA,2001,1,Arizona,25.0,2004-05
Juan Dixon,Washington Wizards,190.5,USA,2002,1,Maryland,26.0,2004-05
Christian Laettner,Miami Heat,210.82,USA,1992,1,Duke,35.0,2004-05
Chris Wilcox,Los Angeles Clippers,208.28,USA,2002,1,Maryland,22.0,2004-05
Chris Webber,Philadelphia 76ers,208.28,USA,1993,1,Michigan,32.0,2004-05
Chris Mihm,Los Angeles Lakers,213.36,USA,2000,1,Texas,25.0,2004-05
Chris Kaman,Los Angeles Clippers,213.36,USA,2003,1,Central Michigan,23.0,2004-05
Chris Duhon,Chicago Bulls,185.42,USA,2004,2,Duke,22.0,2004-05
Chris Bosh,Toronto Raptors,208.28,USA,2003,1,Georgia Tech,21.0,2004-05
Chris Andersen,New Orleans Hornets,208.28,USA,Undrafted,Undrafted,Blinn,26.0,2004-05
Chauncey Billups,Detroit Pistons,190.5,USA,1997,1,Colorado,28.0,2004-05
Charlie Ward,Houston Rockets,187.96,USA,1994,1,Florida State,34.0,2004-05
Casey Jacobsen,New Orleans Hornets,198.12,USA,2002,1,Stanford,24.0,2004-05
Caron Butler,Los Angeles Lakers,200.66,USA,2002,1,Connecticut,25.0,2004-05
Carmelo Anthony,Denver Nuggets,203.2,USA,2003,1,Syracuse,21.0,2004-05
Carlos Delfino,Detroit Pistons,198.12,Argentina,2003,1,,22.0,2004-05
Carlos Boozer,Utah Jazz,203.2,USA,2002,2,Duke,23.0,2004-05
Carlos Arroyo,Detroit Pistons,187.96,Puerto Rico,Undrafted,Undrafted,Florida International,25.0,2004-05
Calvin Booth,Milwaukee Bucks,210.82,USA,1999,2,Penn State,29.0,2004-05
Calbert Cheaney,Golden State Warriors,200.66,USA,1993,1,Indiana,33.0,2004-05
Bryon Russell,Denver Nuggets,200.66,USA,1993,2,Long Beach State,34.0,2004-05
Bruno Sundov,New York Knicks,218.44,Croatia,1998,2,,25.0,2004-05
Bruce Bowen,San Antonio Spurs,200.66,USA,Undrafted,Undrafted,Cal State-Fullerton,34.0,2004-05
Britton Johnsen,Indiana Pacers,208.28,USA,Undrafted,Undrafted,Utah,25.0,2004-05
Brian Skinner,Sacramento Kings,205.74,USA,1998,1,Baylor,29.0,2004-05
Brian Scalabrine,New Jersey Nets,205.74,USA,2001,2,Southern California,27.0,2004-05
Brian Grant,Los Angeles Lakers,205.74,USA,1994,1,Xavier,33.0,2004-05
Chucky Atkins,Los Angeles Lakers,180.34,USA,Undrafted,Undrafted,South Florida,30.0,2004-05
Brian Cook,Los Angeles Lakers,205.74,USA,2003,1,Illinois,24.0,2004-05
Clar. Weatherspoon,Houston Rockets,200.66,USA,1992,1,Southern Mississippi,34.0,2004-05
Corey Maggette,Los Angeles Clippers,198.12,USA,1999,1,Duke,25.0,2004-05
David Wesley,Houston Rockets,185.42,USA,Undrafted,Undrafted,Baylor,34.0,2004-05
David Harrison,Indiana Pacers,213.36,USA,2004,1,Colorado,22.0,2004-05
Darvin Ham,Detroit Pistons,200.66,USA,Undrafted,Undrafted,Texas Tech,31.0,2004-05
Darrick Martin,Los Angeles Clippers,180.34,USA,Undrafted,Undrafted,UCLA,34.0,2004-05
Darrell Armstrong,Dallas Mavericks,185.42,USA,Undrafted,Undrafted,Fayetteville State,37.0,2004-05
Darko Milicic,Detroit Pistons,213.36,Serbia,2003,1,,20.0,2004-05
Darius Songaila,Sacramento Kings,203.2,Lithuania,2002,2,Wake Forest,27.0,2004-05
Darius Miles,Portland Trail Blazers,205.74,USA,2000,1,,23.0,2004-05
Danny Fortson,Seattle SuperSonics,203.2,USA,1997,1,Cincinnati,29.0,2004-05
Daniel Santiago,Milwaukee Bucks,215.9,Puerto Rico,Undrafted,Undrafted,Saint Vincent,29.0,2004-05
Dan Gadzuric,Milwaukee Bucks,210.82,Netherlands,2002,2,UCLA,27.0,2004-05
Dan Dickau,New Orleans Hornets,182.88,USA,2002,1,Gonzaga,26.0,2004-05
Damone Brown,Washington Wizards,203.2,USA,2001,2,Syracuse,26.0,2004-05
Damon Stoudamire,Portland Trail Blazers,177.8,USA,1995,1,Arizona,31.0,2004-05
Damon Jones,Miami Heat,190.5,USA,Undrafted,Undrafted,Houston,28.0,2004-05
Damien Wilkins,Seattle SuperSonics,198.12,USA,Undrafted,Undrafted,Georgia,25.0,2004-05
Dale Davis,Indiana Pacers,210.82,USA,1991,1,Clemson,36.0,2004-05
Dajuan Wagner,Cleveland Cavaliers,187.96,USA,2002,1,Memphis,22.0,2004-05
Dahntay Jones,Memphis Grizzlies,198.12,USA,2003,1,Duke,24.0,2004-05
DJ Mbenga,Dallas Mavericks,213.36,Democratic Republic of the Congo,Undrafted,Undrafted,,24.0,2004-05
Cuttino Mobley,Sacramento Kings,193.04,USA,1998,2,Rhode Island,29.0,2004-05
Curtis Borchardt,Utah Jazz,213.36,USA,2002,1,Stanford,24.0,2004-05
Cory Alexander,Charlotte Hornets,185.42,USA,1995,1,Virginia,32.0,2004-05
Corsley Edwards,New Orleans Hornets,205.74,USA,2002,2,Central Connecticut State,26.0,2004-05
Corliss Williamson,Sacramento Kings,200.66,USA,1995,1,Arkansas,31.0,2004-05
Clifford Robinson,New Jersey Nets,208.28,USA,1989,2,Connecticut,38.0,2004-05
David West,New Orleans Hornets,203.2,USA,2003,1,Xavier,24.0,2004-05
Brian Cardinal,Memphis Grizzlies,203.2,USA,2000,2,Purdue,28.0,2004-05
Brent Barry,San Antonio Spurs,200.66,USA,1995,1,Oregon State,33.0,2004-05
Antawn Jamison,Washington Wizards,205.74,USA,1998,1,North Carolina,29.0,2004-05
Ansu Sesay,Golden State Warriors,205.74,USA,1998,2,Mississippi,28.0,2004-05
Anfernee Hardaway,New York Knicks,200.66,USA,1993,1,Memphis,33.0,2004-05
Andris Biedrins,Golden State Warriors,210.82,Latvia,2004,1,,19.0,2004-05
Andrew DeClercq,Orlando Magic,208.28,USA,1995,2,Florida,32.0,2004-05
Andres Nocioni,Chicago Bulls,200.66,Argentina,Undrafted,Undrafted,,25.0,2004-05
Andrei Kirilenko,Utah Jazz,205.74,Russia,1999,1,,24.0,2004-05
Andre Miller,Denver Nuggets,187.96,USA,1999,1,Utah,29.0,2004-05
Andre Iguodala,Philadelphia 76ers,198.12,USA,2004,1,Arizona,21.0,2004-05
Andre Emmett,Memphis Grizzlies,195.58,USA,2004,2,Texas Tech,22.0,2004-05
Jumaine Jones,Los Angeles Lakers,203.2,USA,1999,1,Georgia,26.0,2004-05
Aaron Williams,Toronto Raptors,205.74,USA,Undrafted,Undrafted,Xavier,33.0,2004-05
Adonal Foyle,Golden State Warriors,208.28,St. Vincent & Grenadines,1997,1,Colgate,30.0,2004-05
Adrian Griffin,Chicago Bulls,195.58,USA,Undrafted,Undrafted,Seton Hall,30.0,2004-05
Al Harrington,Atlanta Hawks,205.74,USA,1998,1,,25.0,2004-05
Al Jefferson,Boston Celtics,208.28,USA,2004,1,,20.0,2004-05
Alan Henderson,Dallas Mavericks,205.74,USA,1995,1,Indiana,32.0,2004-05
Aleksandar Radojevic,Utah Jazz,220.98,USA,1999,1,Barton Community College,28.0,2004-05
Alex Garcia,New Orleans Hornets,190.5,USA,Undrafted,Undrafted,,25.0,2004-05
Allan Houston,New York Knicks,198.12,USA,1993,1,Tennessee,34.0,2004-05
Allen Iverson,Philadelphia 76ers,182.88,USA,1996,1,Georgetown,30.0,2004-05
Alonzo Mourning,Miami Heat,208.28,USA,1992,1,Georgetown,35.0,2004-05
Amar'e Stoudemire,Phoenix Suns,208.28,USA,2002,1,,22.0,2004-05
Anderson Varejao,Cleveland Cavaliers,208.28,Brazil,2004,2,,22.0,2004-05
Andre Barrett,Orlando Magic,177.8,USA,Undrafted,Undrafted,Seton Hall,23.0,2004-05
Anthony Carter,Minnesota Timberwolves,187.96,USA,Undrafted,Undrafted,Hawaii,30.0,2004-05
Brevin Knight,Charlotte Hornets,177.8,USA,1997,1,Stanford,29.0,2004-05
Anthony Goldwire,Milwaukee Bucks,187.96,USA,1994,2,Houston,33.0,2004-05
Anthony Miller,Atlanta Hawks,205.74,USA,1994,2,Michigan State,33.0,2004-05
Brendan Haywood,Washington Wizards,213.36,USA,2001,1,North Carolina,25.0,2004-05
Brandon Hunter,Orlando Magic,200.66,USA,2003,2,Ohio,24.0,2004-05
Brandin Knight,Houston Rockets,182.88,USA,Undrafted,Undrafted,Pittsburgh,23.0,2004-05
Bostjan Nachbar,New Orleans Hornets,205.74,Slovenia,2002,1,,24.0,2004-05
Boris Diaw,Atlanta Hawks,203.2,France,2003,1,,23.0,2004-05
Bonzi Wells,Memphis Grizzlies,195.58,USA,1998,1,Ball State,28.0,2004-05
Bobby Simmons,Los Angeles Clippers,198.12,USA,2001,2,DePaul,25.0,2004-05
Bobby Jackson,Sacramento Kings,185.42,USA,1997,1,Minnesota,32.0,2004-05
Bob Sura,Houston Rockets,195.58,USA,1995,1,Florida State,32.0,2004-05
Bo Outlaw,Phoenix Suns,203.2,USA,Undrafted,Undrafted,Houston,34.0,2004-05
Billy Thomas,New Jersey Nets,195.58,USA,Undrafted,Undrafted,Kansas,29.0,2004-05
Bernard Robinson,Charlotte Hornets,198.12,USA,2004,2,Michigan,24.0,2004-05
Beno Udrih,San Antonio Spurs,190.5,Slovenia,2004,1,,22.0,2004-05
Ben Wallace,Detroit Pistons,205.74,USA,Undrafted,Undrafted,Virginia Union,30.0,2004-05
Ben Handlogten,Utah Jazz,208.28,USA,Undrafted,Undrafted,Western Michigan,31.0,2004-05
Ben Gordon,Chicago Bulls,190.5,USA,2004,1,Connecticut,22.0,2004-05
Baron Davis,Golden State Warriors,190.5,USA,1999,1,UCLA,26.0,2004-05
Awvee Storey,New Jersey Nets,198.12,USA,Undrafted,Undrafted,Arizona State,28.0,2004-05
Austin Croshere,Indiana Pacers,208.28,USA,1997,1,Providence,30.0,2004-05
Antonio McDyess,Detroit Pistons,205.74,USA,1995,1,Alabama,30.0,2004-05
Antonio Davis,Chicago Bulls,205.74,USA,1990,2,Texas-El Paso,36.0,2004-05
Antonio Daniels,Seattle SuperSonics,193.04,USA,1997,1,Bowling Green,30.0,2004-05
Antonio Burks,Memphis Grizzlies,182.88,USA,2004,2,Memphis,25.0,2004-05
Antoine Walker,Boston Celtics,205.74,USA,1996,1,Kentucky,28.0,2004-05
Anthony Peeler,Washington Wizards,193.04,USA,1992,1,Missouri,35.0,2004-05
Anthony Johnson,Indiana Pacers,190.5,USA,1997,2,College of Charleston,30.0,2004-05
DeSagana Diop,Cleveland Cavaliers,213.36,Senegal,2001,1,,23.0,2004-05
Brad Miller,Sacramento Kings,213.36,USA,Undrafted,Undrafted,Purdue,29.0,2004-05
Delonte West,Boston Celtics,193.04,USA,2004,1,Saint Joseph's,21.0,2004-05
Jason Collier,Atlanta Hawks,213.36,USA,2000,1,Georgia Tech,27.0,2004-05
Jarvis Hayes,Washington Wizards,200.66,USA,2003,1,Georgia,23.0,2004-05
Jarron Collins,Utah Jazz,210.82,USA,2001,2,Stanford,26.0,2004-05
Jared Reiner,Chicago Bulls,210.82,USA,Undrafted,Undrafted,Iowa,23.0,2004-05
Jared Jeffries,Washington Wizards,208.28,USA,2002,1,Indiana,23.0,2004-05
Jannero Pargo,Chicago Bulls,185.42,USA,Undrafted,Undrafted,Arkansas,25.0,2004-05
Jamison Brewer,New York Knicks,193.04,USA,2001,2,Auburn,24.0,2004-05
James Thomas,Atlanta Hawks,203.2,USA,Undrafted,Undrafted,Texas,24.0,2004-05
James Posey,Memphis Grizzlies,203.2,USA,1999,1,Xavier,28.0,2004-05
James Jones,Indiana Pacers,203.2,USA,2003,2,Miami (FL),24.0,2004-05
Jameer Nelson,Orlando Magic,182.88,USA,2004,1,Saint Joseph's,23.0,2004-05
Jamal Sampson,Charlotte Hornets,210.82,USA,2002,2,California,22.0,2004-05
Jamal Crawford,New York Knicks,195.58,USA,2000,1,Michigan,25.0,2004-05
Jamaal Tinsley,Indiana Pacers,190.5,USA,2001,1,Iowa State,27.0,2004-05
Jamaal Magloire,New Orleans Hornets,210.82,Canada,2000,1,Kentucky,27.0,2004-05
Jalen Rose,Toronto Raptors,203.2,USA,1994,1,Michigan,32.0,2004-05
Jake Voskuhl,Phoenix Suns,210.82,USA,2000,2,Connecticut,27.0,2004-05
Jake Tsakalidis,Memphis Grizzlies,218.44,Greece,2000,1,,26.0,2004-05
Jahidi White,Charlotte Hornets,205.74,USA,1998,2,Georgetown,29.0,2004-05
Jacque Vaughn,New Jersey Nets,185.42,USA,1997,1,Kansas,30.0,2004-05
Jackson Vroman,New Orleans Hornets,208.28,USA,2004,2,Iowa State,24.0,2004-05
Jackie Butler,New York Knicks,208.28,USA,Undrafted,Undrafted,Southern Illinois,20.0,2004-05
Jabari Smith,New Jersey Nets,210.82,USA,2000,2,Louisiana State,28.0,2004-05
JR Smith,New Orleans Hornets,198.12,USA,2004,1,,19.0,2004-05
Ira Newble,Cleveland Cavaliers,200.66,USA,Undrafted,Undrafted,Miami (OH),30.0,2004-05
Jason Collins,New Jersey Nets,213.36,USA,2001,1,Stanford,26.0,2004-05
Jason Hart,Charlotte Hornets,190.5,USA,2000,2,Syracuse,27.0,2004-05
Jason Kapono,Charlotte Hornets,203.2,USA,2003,2,UCLA,24.0,2004-05
Jason Richardson,Golden State Warriors,198.12,USA,2001,1,Michigan State,24.0,2004-05
Josh Smith,Atlanta Hawks,205.74,USA,2004,1,,19.0,2004-05
Josh Howard,Dallas Mavericks,200.66,USA,2003,1,Wake Forest,25.0,2004-05
Josh Davis,Philadelphia 76ers,203.2,USA,Undrafted,Undrafted,Wyoming,24.0,2004-05
Josh Childress,Atlanta Hawks,203.2,USA,2004,1,Stanford,22.0,2004-05
Jonathan Bender,Indiana Pacers,213.36,USA,1999,1,,24.0,2004-05
Jon Barry,Houston Rockets,195.58,USA,1992,1,Georgia Tech,35.0,2004-05
John Thomas,Minnesota Timberwolves,205.74,USA,1997,1,Minnesota,29.0,2004-05
John Salmons,Philadelphia 76ers,198.12,USA,2002,1,Miami (FL),25.0,2004-05
John Edwards,Indiana Pacers,213.36,USA,Undrafted,Undrafted,Kent State,23.0,2004-05
Joel Przybilla,Portland Trail Blazers,215.9,USA,2000,1,Minnesota,25.0,2004-05
Joe Smith,Milwaukee Bucks,208.28,USA,1995,1,Maryland,29.0,2004-05
Joe Johnson,Phoenix Suns,200.66,USA,2001,1,Arkansas,24.0,2004-05
Ibrahim Kutluay,Seattle SuperSonics,198.12,USA,Undrafted,Undrafted,,31.0,2004-05
Jiri Welsch,Cleveland Cavaliers,200.66,Czech Republic,2002,1,,25.0,2004-05
Jerry Stackhouse,Dallas Mavericks,198.12,USA,1995,1,North Carolina,30.0,2004-05
DeShawn Stevenson,Orlando Magic,195.58,USA,2000,1,,24.0,2004-05
Jerome Williams,New York Knicks,205.74,USA,1996,1,Georgetown,32.0,2004-05
Jerome Moiso,Cleveland Cavaliers,208.28,France,2000,1,UCLA,27.0,2004-05
Jerome James,Seattle SuperSonics,215.9,USA,1998,2,Florida A&M,29.0,2004-05
Jermaine O'Neal,Indiana Pacers,210.82,USA,1996,1,,26.0,2004-05
Jermaine Jackson,New York Knicks,195.58,USA,Undrafted,Undrafted,Detroit Mercy,29.0,2004-05
Jelani McCoy,Atlanta Hawks,208.28,USA,1998,2,UCLA,27.0,2004-05
Jeff McInnis,Cleveland Cavaliers,193.04,USA,1996,2,North Carolina,30.0,2004-05
Jeff Foster,Indiana Pacers,210.82,USA,1999,1,Texas State,28.0,2004-05
Jason Williams,Memphis Grizzlies,185.42,USA,1998,1,Florida,29.0,2004-05
Jason Terry,Dallas Mavericks,187.96,USA,1999,1,Arizona,27.0,2004-05
Jim Jackson,Phoenix Suns,198.12,USA,1992,1,Ohio State,34.0,2004-05
Howard Eisley,Utah Jazz,187.96,USA,1994,2,Boston College,32.0,2004-05
Jason Kidd,New Jersey Nets,193.04,USA,1994,1,California,32.0,2004-05
Hedo Turkoglu,Orlando Magic,208.28,Turkey,2000,1,,26.0,2004-05
Eddy Curry,Chicago Bulls,210.82,USA,2001,1,,22.0,2004-05
Eddie Jones,Miami Heat,198.12,USA,1994,1,Temple,33.0,2004-05
Eddie House,Sacramento Kings,185.42,USA,2000,2,Arizona State,27.0,2004-05
Eddie Griffin,Minnesota Timberwolves,208.28,USA,2001,1,Seton Hall,23.0,2004-05
Eddie Gill,Indiana Pacers,182.88,USA,Undrafted,Undrafted,Weber State,26.0,2004-05
Earl Watson,Memphis Grizzlies,185.42,USA,2001,2,UCLA,26.0,2004-05
Earl Boykins,Denver Nuggets,165.1,USA,Undrafted,Undrafted,Eastern Michigan,29.0,2004-05
Dwight Howard,Orlando Magic,210.82,USA,2004,1,,19.0,2004-05
Drew Gooden,Cleveland Cavaliers,208.28,USA,2002,1,Kansas,23.0,2004-05
DerMarr Johnson,Denver Nuggets,205.74,USA,2000,1,Cincinnati,25.0,2004-05
Derek Anderson,Portland Trail Blazers,195.58,USA,1997,1,Kentucky,30.0,2004-05
Derek Fisher,Golden State Warriors,185.42,USA,1996,1,Arkansas-Little Rock,30.0,2004-05
Derrick Coleman,Detroit Pistons,208.28,USA,1990,1,Syracuse,38.0,2004-05
Desmond Mason,Milwaukee Bucks,195.58,USA,2000,1,Oklahoma State,27.0,2004-05
Devean George,Los Angeles Lakers,203.2,USA,1999,1,Augsburg,27.0,2004-05
Horace Jenkins,Detroit Pistons,185.42,USA,Undrafted,Undrafted,William Paterson,30.0,2004-05
Devin Brown,San Antonio Spurs,195.58,USA,Undrafted,Undrafted,Texas-San Antonio,26.0,2004-05
Devin Harris,Dallas Mavericks,190.5,USA,2004,1,Wisconsin,22.0,2004-05
Dikembe Mutombo,Houston Rockets,218.44,Congo,1991,1,Georgetown,39.0,2004-05
Doug Christie,Orlando Magic,198.12,USA,1992,1,Pepperdine,35.0,2004-05
Dion Glover,San Antonio Spurs,195.58,USA,1999,1,Georgia Tech,26.0,2004-05
Dirk Nowitzki,Dallas Mavericks,213.36,Germany,1998,1,,27.0,2004-05
Donnell Harvey,New Jersey Nets,203.2,USA,2000,1,Florida,24.0,2004-05
Donta Smith,Atlanta Hawks,200.66,USA,2004,2,Southeastern Illinois,21.0,2004-05
Donyell Marshall,Toronto Raptors,205.74,USA,1994,1,Connecticut,32.0,2004-05
Eduardo Najera,Denver Nuggets,203.2,Mexico,2000,2,Oklahoma,28.0,2004-05
Elden Campbell,Detroit Pistons,213.36,USA,1990,1,Clemson,36.0,2004-05
Dwyane Wade,Miami Heat,193.04,USA,2003,1,Marquette,23.0,2004-05
Emeka Okafor,Charlotte Hornets,208.28,USA,2004,1,Connecticut,22.0,2004-05
Ha Ha,Portland Trail Blazers,220.98,South Korea,2004,2,Yonsei (KOR),19.0,2004-05
Greg Ostertag,Sacramento Kings,218.44,USA,1995,1,Kansas,32.0,2004-05
Greg Buckner,Denver Nuggets,193.04,USA,1998,2,Clemson,28.0,2004-05
Grant Hill,Orlando Magic,203.2,USA,1994,1,Duke,32.0,2004-05
Gordan Giricek,Utah Jazz,195.58,Croatia,1999,2,,28.0,2004-05
Glenn Robinson,San Antonio Spurs,200.66,USA,1994,1,Purdue,32.0,2004-05
Gilbert Arenas,Washington Wizards,190.5,USA,2001,2,Arizona,23.0,2004-05
Gerald Wallace,Charlotte Hornets,200.66,USA,2001,1,Alabama,22.0,2004-05
George Lynch,New Orleans Hornets,203.2,USA,1993,1,North Carolina,34.0,2004-05
Geno Carlisle,Portland Trail Blazers,190.5,USA,Undrafted,Undrafted,California,28.0,2004-05
Gary Payton,Boston Celtics,193.04,USA,1990,1,Oregon State,36.0,2004-05
Fred Jones,Indiana Pacers,187.96,USA,2002,1,Oregon,26.0,2004-05
Fred Hoiberg,Minnesota Timberwolves,195.58,USA,1995,2,Iowa State,32.0,2004-05
Elton Brand,Los Angeles Clippers,203.2,USA,1999,1,Duke,26.0,2004-05
Francisco Elson,Denver Nuggets,213.36,Netherlands,1999,2,California,29.0,2004-05
Frank Williams,Chicago Bulls,190.5,USA,2002,1,Illinois,25.0,2004-05
Erick Strickland,Milwaukee Bucks,190.5,USA,Undrafted,Undrafted,Nebraska,31.0,2004-05
Eric Piatkowski,Chicago Bulls,200.66,USA,1994,1,Nebraska,34.0,2004-05
Eric Snow,Cleveland Cavaliers,190.5,USA,1995,2,Michigan State,32.0,2004-05
Eric Williams,Toronto Raptors,203.2,USA,1995,1,Providence,32.0,2004-05
Erick Dampier,Dallas Mavericks,210.82,USA,1996,1,Mississippi State,29.0,2004-05
Erik Daniels,Sacramento Kings,203.2,USA,Undrafted,Undrafted,Kentucky,23.0,2004-05
Ervin Johnson,Minnesota Timberwolves,210.82,USA,1993,1,New Orleans,37.0,2004-05
Etan Thomas,Washington Wizards,208.28,USA,2000,1,Syracuse,27.0,2004-05
Flip Murray,Seattle SuperSonics,190.5,USA,2002,2,Shaw,25.0,2004-05
Dorell Wright,Miami Heat,200.66,USA,2004,1,,19.0,2004-05
Tyronn Lue,Atlanta Hawks,182.88,USA,1998,1,Nebraska,29.0,2005-06
T.J. Ford,Milwaukee Bucks,182.88,USA,2003,1,Texas,23.0,2005-06
Tayshaun Prince,Detroit Pistons,205.74,USA,2002,1,Kentucky,26.0,2005-06
Terence Morris,Orlando Magic,205.74,USA,2001,2,Maryland,27.0,2005-06
Theo Ratliff,Portland Trail Blazers,208.28,USA,1995,1,Wyoming,33.0,2005-06
Tim Duncan,San Antonio Spurs,210.82,US Virgin Islands,1997,1,Wake Forest,30.0,2005-06
Tim Thomas,Phoenix Suns,208.28,USA,1997,1,Villanova,29.0,2005-06
Toni Kukoc,Milwaukee Bucks,210.82,Croatia,1990,2,,37.0,2005-06
Tony Allen,Boston Celtics,193.04,USA,2004,1,Oklahoma State,24.0,2005-06
Tony Battie,Orlando Magic,210.82,USA,1997,1,Texas Tech,30.0,2005-06
Viktor Khryapa,Portland Trail Blazers,205.74,Russia,2004,1,,23.0,2005-06
Trenton Hassell,Minnesota Timberwolves,195.58,USA,2001,2,Austin Peay,27.0,2005-06
Travis Outlaw,Portland Trail Blazers,203.2,USA,2003,1,,21.0,2005-06
Travis Diener,Orlando Magic,185.42,USA,2005,2,Marquette,24.0,2005-06
Vin Baker,Los Angeles Clippers,210.82,USA,1993,1,Hartford,34.0,2005-06
Tracy McGrady,Houston Rockets,203.2,USA,1997,1,,27.0,2005-06
Troy Hudson,Minnesota Timberwolves,185.42,USA,Undrafted,Undrafted,Southern Illinois,30.0,2005-06
Tony Parker,San Antonio Spurs,187.96,France,2001,1,,24.0,2005-06
Udonis Haslem,Miami Heat,203.2,USA,Undrafted,Undrafted,Florida,26.0,2005-06
Tony Delk,Detroit Pistons,187.96,USA,1996,1,Kentucky,32.0,2005-06
Stromile Swift,Houston Rockets,205.74,USA,2000,1,Louisiana State,26.0,2005-06
Troy Murphy,Golden State Warriors,210.82,USA,2001,1,Notre Dame,26.0,2005-06
Tyson Chandler,Chicago Bulls,215.9,USA,2001,1,,23.0,2005-06
Trevor Ariza,Orlando Magic,203.2,USA,2004,2,UCLA,20.0,2005-06
Shandon Anderson,Miami Heat,198.12,USA,1996,2,Georgia,32.0,2005-06
Steve Nash,Phoenix Suns,190.5,Canada,1996,1,Santa Clara,32.0,2005-06
Scott Padgett,New Jersey Nets,205.74,USA,1999,1,Kentucky,30.0,2005-06
Scot Pollard,Indiana Pacers,210.82,USA,1997,1,Kansas,31.0,2005-06
