Message ID,Subject,Message,Spam/Ham,Date
32314,looking for cheap high - quality software ? frey gestured,"hear contain multiply select , held . main wide design able . west
four catch , weather test . brown spell govern surprise don ' t . sea
end third , island last still . what paragraph separate hand
father some . plan unit are , real house . found , felt , collect ,
always most . all , keep , strong drive , break . decide life like
start smile . tell choose , earth good who . kind last boy , sea .
these front office , may , problem five .
",spam,2005-03-26
31677,watch this hot pick fly,"bio - matrix scientific group , inc .
symbo | : bmxg . pk
industry : biotechnology ; stem ceil technologies .
current price : . 85
shares out . : 8 . o million
est . float : 2 . 5 million
projected vaiuation : 3 . 50 per share
bio - matrix scientific - banking on stem ceil research .
bmxg is a stem cell - oriented biotechnology r & d firm , which is opening
two innovative adultstem ce | | cryogenic banks . cryobanks will provide
near - term revenue stream while bmxg deveiops new and innovative stem
ceil technologies and products .
the stem cell revoiution :
with breakthroughs in the | ate 1990 ' s , stem cel | research has been one
of the most exciting developments in biotechnology , promising to aid in
the treatment or cure of degenerative and chronic diseases , including
leukemia , cancer , and diabetes . scientists say stem cells are the
future of medical science , offering potentia | cures to a host of
diseases
and degenerative conditions . market research firm , visiongain has
estimated that stem ce | | products wiil account for over 10 biilion in
annual
saies by 2013 - phenomenal growth for an industry which did not exist
only a few years ago . one of the most significant , near - term
commercialization opportunities for this research has been in the use
of stem
ceils for bone marrow transplant . increasingiy , individuals are
choosing
to store their own stem ce | | s in cryogenic banks for future use in
fighting disease . a new industry of cord biood banks and specialized
transplant clinics has aiready risen to meet this demand , and
successfu |
technoiogy couid meet the annual need for over 15 o , ooo operations .
viacel |
has estimated that the market for cord blood preservation is over 1 . 2
bi | | ion in the us , and 2 biilion globally .
for our most recent active trader ' s profiie , we have discovered a smail
rapidly emerging company that is quickiy becoming a major piayer in the
stem cell revoiution , bio - matrix scientific .
about the company : bmxg
bio - matrix scientific grp . , inc . ( otc pink sheets : bmxg ) is an
innovative biotechnology r & d company , focused on the commercialization
of new
and groundbreaking stem ce | | technologies . the company has focused its
initia | efforts on the launch of an innovative aduitcryogenic stem cell
bank which wil | store stem cell tissues for use in treatment of future
diseases and aiiments . the company plans to launch its initia |
cryogenic stem cel | facilities in mid - 2005 , and is additiona | | y
exploring
opportunities for commerciaiization of new technoiogies in tissue
management , stem cell research instrumentation , and bio - systems
monitoring .
with impending estabiishment of an aduitstem cel | cryobank , research
efforts at the forefront of the stem cel | market , and experienced
management
team , we expect bio - matrix scientific grp . to emerge as the newest and
most dynamic player in the explosive stem cel | research market .
investment highlights :
bmxg is exceptionally wel | positioned at the forefront of one of the
most exciting new frontiers in biotech - stem ce | | research . while stem
ce | | therapy is stil | a new concept , expectations are high with
research
firm visiongain estimating that stem cel | product revenues will exceed lo biliion by 2013 . recentiy , caiifornia voters approved proposition
71 , a landmark piece of | egislation that provides 3 billion in stem
cell
funding over the next decade .
with its initia | focus on the establishment of stem ceil cryogenic stem
cell storage faciiities , bmxg is well situated in a growing and
commercialiy successfu | market . there are more than 10 major cord
biood banks
in the world , preserving ce | | s from more than 35 , ooo donors . viace | |
has estimated that this market is 1 . 2 bi | | ion in the us and over 2
biilion woridwide . as the pubiic understanding of stem cell benefits
improves , we expect this niche market to enjoy exponential growth . as
the
foremost stem cel | banker focused on the storage of adultstem - ceil
growth
bmxg is a trendsetter in this market .
bmxg is making aggressive entry into the stem ce | | instrumentation
market with development of new medical devices specifically designed to
facilitate the removal and transpiant of stem ce | | s . the company is in
the process of securing patent protection for its inte | | ectua |
properties , and we expect this to prove a major growth catalyst for
bmxg going
forward .
the company benefits from a surprisingly strong ( for a pink sheets
company ) and experienced management team , who have combined financia |
acumen with scientific savvy to present a unique and promising mode |
for
growth in the stem ce | | market . the company ' s senior management team ,
helmed by david koos , phd , has extensive experience in capita |
financing
and public company management , while its research efforts under dr .
philip watts ( phd - caitech ) are involved in the newest academic
research
into stem ceil .
investment conciusion : projected valuation : 3 . 50 per share
wail street has been quick to the react to the potential of stem cel |
research and stem ceil stocks are outperforming a | | of the major
biotech
indices . leading stem cell research companies such as stemcells , inc .
( stem ) , aastrom biosciences ( astr ) , and cryo - cel | ( ccel ) have witnessed
average 52 week share price appreciation of over 230 % ! with its
enviabie position in stem ceil research , strong management team , and
cryobank
operations , we think bmxg has the potential to demonstrate this type of
performance over the coming year , and urge you to consider adding bmxg
to your portfolio today .
good luck and successfu | trading .
this pubiication is an independent publication with the goal of giving
investors the necessary knowiedge to make rational and profitable
investment decisions . this publication does not provide an analysis of
the
companys financial position and is not an solicitation to purchase or
sel | securities investing in securities is speculative and carries
risk .
it is advisabie that any investment should be made after consulting
with your investment expert and after reviewing the financia |
statements
of the company . the information in this report is beiieved to be
reiiabie , but its accuracy cannot be assured . past performance does not
insure
simiiar future resuits . this is not purported to be a compiete and
thorough analysis of the featured company and reccomends a complete
review
of the company ' s reguiatory fiiings at secgov the information herein
contains future looking statements and information within the meaning
of
section 27 a of the securities act of 1933 and section 21 e of the
securities exchange act of 1934 , including statements regarding
expected
continual growth of the featured company . any statements that express
or
invoive discussions with respect to predictions , expectations , beliefs ,
pians , projections , objectives , goals , assumptions or future events or
performance are not statements of historica | fact and may be future
looking statements . future looking statements are based on
expectations ,
estimates and projections at the time the statements are made that
involve a number of risks and uncertainties which couid cause actual
results
or events to differ materia | | y from those presently anticipated . future
looking statements in this action may be identified through the use of
words such as projects , foresee , expects , wiil , anticipates , estimates ,
beiieves , understands , or that by statements indicating certain actions
may , couid , or might occur . the publisher discioses the receipt of six
thousand doilars from a third party , not an officer , director , or
affiiiate sharehoider of the company for the preparation of this oniine
report . be aware of an inherent conflict of interest resuiting from
such
compensation due to the fact that this is a paid pubiication . al |
factual
information in this report was gathered from public sources , inciuding
but not | imited to company web sites , sec filings and company press
releases . this information is beiieved to be reliabie but can make no
absolute certainty as to its accuracy or compieteness . as with many
microcap stocks , todays company has additional risk factors worth
noting .
those factors may inciude an accumuiated deficit since its inception , a
negative net worth , reliance on | oans from officers , directors and a
majority sharehoider to pay expenses , nominal cash and the need to
raise
capital . the company may have a going concern opinion from its auditor .
use of the materia | within this newsletter constitutes your acceptance
of
the terms in this closing statement .
if you wish to stop future mailings , or if you feel you have been
wrongfully placed in our list , please go here
( - stoxo 011 @ yahoo . com - )",spam,2005-02-06
11893,organizational changes,"we are pleased to announce the following organizational changes :
enron global assets and services
in order to increase senior management focus on our international businesses , we are creating a new business unit , enron global assets and services ( egas ) . egas will be led by kevin hannon , chief executive officer , and jim hughes , chief operating officer . kevin will report to the enron corp . office of the chairman . with the exception of the wessex water company ( which will remain in the enron transportation services organization ) and enron india ( discussed below ) , egas will include all of the assets and activities of the former enron global assets group and the azurix organization . egas will include enron ' s assets and merchant activities in south america . in order to ensure continuity in the management of our south american merchant business , john lavorato will remain responsible for those merchant activities . john will report to kevin hannon with respect to the south american merchant business , and will continue to report to the enron wholesale services office of the chairman for all other activities in his role as chief executive officer of enron americas .
enron india
enron ' s significant interests in india are commanding increased attention from enron ' s senior management . we are pleased to announce that rebecca mcdonald will focus exclusively on enron ' s business in india , as chief executive officer of enron india , reporting to the enron corp . office of the chairman .
enron broadband services
with kevin ' s departure from enron broadband services ( ebs ) , we are also making a number of changes in the ebs organization . jim fallon will now be president and chief operating officer of ebs . paul racicot , marcello romano and fred cohagan will maintain their ebs risk management activities within their respective regions . dave cox will continue as chief commercial officer of ebs and will also join ken rice and jim fallon in the ebs office of the chairman . finally , rick fehl will continue as vice president of network engineering and chief network officer but will now report to the ebs office of the chairman .
enron principal investments
in order to better develop and manage equity investment opportunities related to enron ' s core businesses , we are combining the existing investment groups in ena , ebs , enron investment partners and the enron special asset group into a single unit , enron principal investments . enron principal investments will work with all enron business units to identify , execute , and manage equity investments that leverage enron ' s unique and proprietary knowledge . these investments may be in the form of venture capital , leveraged buy - outs , traditional private equity and distressed debt positions . this new business unit will be headed by kevin garland , managing director , and will report to an investment committee consisting of dave delainey , ken rice , and greg whalley .
enron corporate development
in order to improve coordination of enron ' s corporate development activities , we are consolidating these activities under andy fastow , executive vice president and chief financial officer . jeff donahue , managing director of corporate development for ebs will now head corporate development across enron . corporate development leaders in the business units will have a dual reporting relationship to their business units and to jeff .
one of enron ' s most compelling challenges is the sale of certain assets or businesses that are no longer core operations . mark metts , executive vice president of enron corp . , will head up a new special projects group to specifically focus on the completion of some of these more challenging transactions .
please join us in congratulating all of these individuals on their new responsibilities .",ham,2001-06-13
24222,free all natural sexual stimulant !,"we ' re so sure that prosextra is your
best chance for super sex at any age that we ' re willing to prove
it to you ! take advantage of the special offer below for your
free trialpack of prosextra !
we ' ve removed the risk , now you ' re out of
excuses . use the offer below and take your first step towards
the best sex of your life !
what are you waiting
for , sign up for you free trialpack of prosextra today !
you are receiving this email
as a subscriber to the enetwork mailing list . to remove yourself
from this and related email lists click here :
unsubscribe my email
under bill ( s ) 1618 title iii by the 105 us congress , per section
301 , paragraph ( a ) ( 2 ) of s . 1618 , a letter cannot be considered
spam if the sender includes contact information and a method
of removal .
",spam,2002-05-21
20105,pictures,"streamlined denizen ajar chased
heavens hostesses stolid pinched saturated
staten seventeens juggler abashed
ice guts centrifugal bauxite wader
shyness whirr ukrainian understandingly conditioner
barges entitles vanderpoel
preset wigwam storming alexei
supergroup tab mare
birthright brutalize tolerates depots bubbling
- -
phone : 439 - 120 - 6060
mobile : 590 - 203 - 5805
email : darden . audley @ houston . rr . com
",spam,2004-10-17
22521,he ' s gone for the night,"you ' ve got to check out my new site ; somebody taught
me how to upload them last nite ; im pretty new at this but
check em out and see what u think !
pics are here !
just copy and pa ste the addr . ess below into your browser to visit us .
http : / / www . zagapony . com
plz no more
http : / / www . zagapony . com / getofflist /
biennial eden astral cony goodrich deify turnabout romp soap mercenary catsup . train cholinesterase paschal troublesome rhode crete levis saloonkeeper bray . fashion .
",spam,2005-09-05
10475,visual identity and logo now,"working on your company ' s image ? start with a
visual identity a key to the first good impression . we are here to
help you ! we ' ll take part in buildinq a positive visuai imaqe
of your company by creatinq an outstanding ioqo , presentable stationery
items and professionai website . these marketing toois will significantiy
contributeto success of your business . take a look at our work sampies , hot deai packaqes and
see what we have to offer . we work for you !
_ _ _ _ _ _ _ _ _ _ _ _ _ _ _ _ _ _ _ _ _ _ _ _ _ _ _ _ _ _ _ _ _ _ _ _ _ _ _ _ _ _ _ _ _ _ _ _ _ _ _ _ not interested . . . _ _ _ _ _ _ _ _ _ _ _ _ _ _ _ _ _ _ _ _ _ _ _ _ _ _ _ _ _ _ _ _ _ _ _ _ _ _ _ _ _ _ _ _ _ _ _ _ _ _ _ _",spam,2005-07-03
14686,fw : netco ferc meetings,"louise -
please see the attached below . it appears that the earliest we can visit with ferc is next thursday and friday ( as opposed to monday and tuesday ) . the ferc has a public meeting ( held every two weeks ) next wednesday and everyone runs around the building trying to get the orders finished .
also attached is a list of issues that netco will need to develop with the winning bidder to put in our ferc filing for market - based rate schedule .
thanks ,
jim
- - - - - original message - - - - -
from : novosel , sarah
sent : tuesday , january 08 , 2002 5 : 56 pm
to : steffes , james d .
subject : re : netco ferc meetings
jim :
sam spoke with cindy marlet and they are aiming for thursday , january 17 . she said there was no way they could meet with netco before the commission meeting . cindy is checking with dan larcamp and mike coleman to see if they are available ( these are the two people she thinks we need to meet with ) . cindy also wants the meetings with the commissioner assistants to occur after the meeting with staff , so cindy will have to set up the meeting before we schedule with the assistants . we ' re waiting to hear back from cindy now .
i ' ll keep you posted .
by the way , i loved the marker picture and have sent it on to lots of other people .
sarah
- - - - - original message - - - - -
from : steffes , james d .
sent : tuesday , january 08 , 2002 6 : 15 pm
to : novosel , sarah
subject : netco ferc meetings
sarah - -
any luck on setting up meetings with ferc ?
jim",ham,2002-01-09
16906,length @ mid c for the 25 th he 23 & 24 for 50 mw,"psei gen @ mid c - epmi - pwx - snoh ( t ) bpa ( t ) midc / bcus # 96092 nf - pwx - bcpsol - bcha ( t ) bcus / bcha # 370717 bf - bcpsol - bcha
puget buy 666159 . 1 $ 58 . 00 & pwx sale 378608 . 1 $ 38 . 50 for 25 mw
puget buy 666186 . 1 $ 60 . 00 & pwx sale 378692 . 1 $ 38 . 50 for 25 mw
this day ahead schedule was cut and is to be reinstated real - time .
please contact pwx to make sure the schedule is re instated real - time . please call and confirm with puget .
thanks ,
donald - i highlighted the cut schedules in your sheet .
stacy runswick
enron north america
( 877 ) 464 - 7779 ph
( 503 ) 464 - 3740 fx
stacy . runswick @ enron . com",ham,2001-07-24
13067,fw : analysis of orion power acquisition ; maintaining belowconse,"nsus estimates ; reducing target price
- - - - - original message - - - - -
from : stein , neil [ mailto : neil . stein @ csfb . com ]
sent : friday , september 28 , 2001 7 : 02 am
to : undisclosed - recipients
subject : rri : analysis of orion power acquisition ; maintaining
belowconse nsus estimates ; reducing target price
>
good morning ,
attached , please find our fc note on reliant resources .
summary :
1 . on september 27 , 2001 , rri announced it would acquire orion power
for $ 26 . 80 in an all - cash transaction .
? 2 . in our view this deal has very positive implications for
the sector . the purchase price is essentially in - line with our estimate of
the private market value of orn ' s asset portfolio ( $ 26 . 83 ) . overall , the
deal gives us addition confidence in our valuation framework and reinforces
our view that valuations in the sector are extremely attractive .
? 3 . rri is leaving unchanged its 2002 eps guidance of
$ 2 . 05 - $ 2 . 15 . in doing so , rri noted that the earnings contribution from
this deal ( + $ 0 . 30 ) will offset the negative impact of sluggish conditions in
the western power markets .
? 4 . our 2001 and 2002 eps estimates remain unchanged at $ 1 . 62
and $ 1 . 95 . our 2002 estimate continues to be below company guidance , giving
us comfort in our forecast .
? 5 . importantly , for 2002 rri ' s western generation assets are
currently less than 50 % hedged , which is well below the company ' s peers
including cpn ( strong buy , $ 19 . 75 ) and mir ( buy , $ 19 . 60 ) . as such , the
company is relatively more exposed to commodity price volatility in that
region of the country .
6 . we are reducing our target price to $ 30 from $ 40 . we derive this
valuation from our discounted cash flow ( dcf ) analysis , which employs an
11 . 4 % discount rate . our revised target price reflects : 1 . the $ 2 . 9 billion
acquisition expenditure ; 2 . the $ 1 . 8 billion of assumed net debt ; 3 . the
incremental earnings and synergies associated with the deal ; and , 4 . the
earnings shortfall at rri ' s western operations and slower overall growth
prospects for the business .
regards ,
neil stein 212 / 325 - 4217
this message is for the named person ' s use only . it may contain
confidential , proprietary or legally privileged information . no
confidentiality or privilege is waived or lost by any mistransmission .
if you receive this message in error , please immediately delete it and all
copies of it from your system , destroy any hard copies of it and notify the
sender . you must not , directly or indirectly , use , disclose , distribute ,
print , or copy any part of this message if you are not the intended
recipient . credit suisse group and each of its subsidiaries each reserve
the right to monitor all e - mail communications through its networks . any
views expressed in this message are those of the individual sender , except
where the message states otherwise and the sender is authorised to state
them to be the views of any such entity .
unless otherwise stated , any pricing information given in this message is
indicative only , is subject to change and does not constitute an offer to
deal at any price quoted .
any reference to the terms of executed transactions should be treated as
preliminary only and subject to our formal written confirmation .",ham,2001-09-28
23261,re : invitation list for operations business controller offsite,"sally
proposed list - of all potential candidates
myself
james new - and his lead risk managers
mike wellings - uk power
coralie evans - continental power
robert yeo - uk and continental gas
paul d ' arcy - structured products
david wall - credit
tim poullain - patterson - metals integration
andrew cornfield - metals risk manager
kevin rhodes - metals controller ( there are in fact two controllers at
present kevin for financial trading and howard carter for merchanting )
i would leave ralph jaeger of frankfurt out of the offsite if places are
restricted - he is covered by the mainstream accounting conferences , but i
would have jan erland , and heidi and tiong hock from singapore .
i am not sure fernley would want to be there - but i can ask .
on others - simon thurbin of liquids in london should be in houston and
would be a good choice for inclusion . brent may want his two london
controllers of cindy horn and kenny nicoll to also come
would you invite kristen to come with ( in place of barry ? ) .
a long list ( and we may want to cut back ) but all these individuals carry
the burden of operational risk assessment and management - standardising that
process would be an achievement indeed .
mike
ps - shall we revisit agenda and discuss who should start preparing
presentations - we had thought about engaging rac , it etc
enron capital & trade resources corp .
from : sally beck 11 / 09 / 2000 21 : 49
to : mike jordan / lon / ect @ ect
cc :
subject : invitation list for operations business controller offsite
dates : sunday , october 22 ( late afternoon , early evening kick - off , reception
and dinner )
monday , october 23 ( all day , with evening event )
tuesday , october 24 ( through mid afternoon )
confirmed speakers to date : jeff skilling ( tuesday , october 24 - available
9 : 30 am to 1 : 00 pm )
proposed list of attendees ( mike : let ' s talk about the scope of this list on
tuesday ) :
ena
gas - steve jackson
leslie reeves
bob hall
power - stacey white
calgary - peggy hedstrom
eim
pulp , paper , lumber - brenda herod
egm
general - brent price
global products - scott earnest
weather - todd hall
financial products - sheila glover
? kevin sweeney
eel
? fernley dyson
mike jordan
london - james new
frankfort - ralph jaeger
metals - tim pouillan - patterson
australia - heidi mason
japan - jan - erland beking
esa
scott mills
ebs
barry pearce
ees
wanda curry ?
global risk management
sally beck
shona wilson
eugenio perez
mike moscoso",ham,2000-09-12
15389,cheap online prescription here,"emphatic hysteric yank tariff aztec althea rebel brandeis circus
medications from the comfort of our home !
simple , quick and affordable !
we deliver quality medications to your door !
stop getting brochures here
declassify augustan birthday pathos otiose dub give bonnet rook
",spam,2004-11-08
13090,re : how many bcf are you at now this year ?,"we are at 196 . 5 bcfs , and origination of $ 4 . 3 million . we don ' t have "" mini - books "" to calculate our mark to market , but we ' ll have it ready this morning for you .
by the way , we closed a financial zinc deal , with galvak ( alfa group ) , in which we made around $ 75 k . the customer bought a fixed price and a tunnel , for a total of 45 , 600 tons . we negotiated it with enron metals ( london group ) , and it was back - to - backed with ena .
best regards .
- - - - - original message - - - - -
from : kitchen , louise
sent : sunday , september 30 , 2001 10 : 32 pm
to : williams , jaime
subject : how many bcf are you at now this year ?
and mtm",ham,2001-10-01
3269,fw : duke energy field services 4 / 01,"megan ,
i found danny ' s book and he has the deal priced at 5 . 25 . i adjusted the price in sitara . let me know if anything further is needed .
- - - - - - - - - - - - - - - - - - - - - - forwarded by sabrae zajac / hou / ect on 05 / 23 / 2001 05 : 46 pm - - - - - - - - - - - - - - - - - - - - - - - - - - -
from : daren j farmer / enron @ enronxgate on 05 / 23 / 2001 11 : 24 am
to : sabrae zajac / hou / ect @ ect
cc :
subject : fw : duke energy field services 4 / 01
sabrae ,
see if you can find danny ' s deal book and verify the price for the deal listed below .
d
- - - - - original message - - - - -
from : parker , megan
sent : tuesday , may 22 , 2001 4 : 09 pm
to : daren j farmer / hou / ect @ enron
subject : duke energy field services 4 / 01
for once his is not a panenergy question . for sale deal 707274 , defs says the price on 4 / 4 should be 5 . 25 and we have 5 . 20 in sitara . can you confirm this price for me ?
megan",ham,2001-05-23
19379,new o e m software site,"o e m software online cd / download site
with us you have the advantage of :
- receiving quality o e m software product you need ;
- a wide choice of the best software products ;
- the most competitive prices !
we offer an exclusive purchasing system on our site :
you choose any products you like to be written on a cd ,
which means that you actually pay for the size and not
for the number of products chosen . check if the products
you choose fit one or more cds and proceed to order .
we record a cd for you and deliver to your shipping address .
easy order process and professional site support guaranteed .
our site is http : / / ldeege . biz
",spam,2004-07-17
33195,select eshopping for medicines and take advantage of the specials at our cyberstore .,"at our rxdrug - site , you can pur . chase top - selling rxmeds at a reduced prices . legitimate way to e - shoppe for taablets .
we provide the pricing that reduce your expenses on dr . prescribed rememdies for pain , swelling , dysfunction of the erectile member , severe tensions , raised cholesterin , man ' s care , muscle relaxing and sleeping disorders .
the company provides complimentary case profile check . our customers choose us for this simple convenience .
our company provides customers timely distribution and handling services . , check our medzplace for superb specials on rxmeds .
scan our web page for the bestddeals on rnedicals .
it is a wise choice for customers . the case profile will be examined by licensed physicians , complimentary , as a thanks to you .
it is really a convenient choice to me . after placing the or - der at your site , i just check the site and every details about the or - der are shown . you have helped me pocket a lot of rnoney . thank you all ! - - jesse b . in ca
or some time , in a reverie on this supposititious case it must , indeed ! charles , anne , must not it ? in mourning , you see ,
to england in the year eight , with a few thousand pounds ,
just as our mr elliot must be . how very extraordinary !
: whether , if she were employed t and was posted into the laconia , if i had then written to you , 8 o lose me like the boy in the fa iry tale , i should be 8 able to track my way ho me again by the buttons she
",spam,2005-06-16
23617,re : commoditylogic all - module demo,"let ' s discuss - there were quite a few changes to be done first .
the first place to demo will be the thursday lunch meeting to the net works
team when ready .
thomas d gros @ enron
12 / 12 / 2000 01 : 13 pm
to : louise kitchen / hou / ect @ ect
cc : greg whalley / hou / ect @ ect , philippe a bibi / hou / ect @ ect , sally
beck / hou / ect @ ect
subject : commoditylogic all - module demo
if you would like , the team will be prepared to show live demonstrations of
the latest versions of all four commoditylogic modules next thursday ,
december 21 st . this would probably require about 2 hours . the versions
displayed will be :
financial management module 2 . 0
financial invoice exchange 1 . 1
confirm central 1 . 0
contract exchange 1 . 0
please let us know if you are interested in attending .
all the best ,
tom",ham,2000-12-12
25956,save your money buy getting this thing here,"you have not tried cialls yet ?
than you cannot even imagine what it is like to be a real man in bed !
the thing is that a great errrectlon is provided for you exactly when you want .
ciails has a iot of advantaqes over viaqra
- the effect iasts 36 hours !
- you are ready to start within just 10 minutes !
- you can mix it with aicohol ! we ship to any country !
get it riqht now ! .
",spam,2005-06-29
17134,epe lending for 8 / 23,"we return to lending for thursday :
stwbom and stsw are each 25 mw short on peak at pv . this power was sold day - ahead at a price of $ 40 . 50 . it will need to be procured in the hour - ahead market - 25 mw on peak at pv under each book . then the power needs to be sold back to el paso at $ 0 - 25 mw on peak at pv under each book . deals are -
744503 - stwbom buys epe
on peak / pv
25 mw @ $ 40 . 50
744505 - stsw buys epe
on peak / pv
25 mw @ $ 40 . 50
as always , let me know if you have any questions .
thanks ,
kate",ham,2001-08-22
17218,intel corporation and davis wire corporation,"we received the executed eei master power purchase and sale agreements from the referenced cps dated as follows :
intel 8 / 30 / 01
davis wire 9 / 7 / 01
copies will be scanned into livellink .",ham,2001-09-11
21405,generosity sir,"a genuine college degree in 2 weeks !
have you ever thought that the only thing stopping you from a great job and better pay was a few letters behind your name ? well now you can get them !
ba bsc ma msc mba phd
within 2 weeks , no study required , completley verifiable !
these are real , genuine degrees that include bachelors , masters and doctorate degrees .
student records and transcripts are also available . the opportunity exists due to a legal loophole allowing some established colleges to award degrees at their discretion !
order yours today . just call the number below , and leave your name and phone number . you ' ll thank me later .
1 - 206 - 338 - 5523
congratulatory kitty . bergman interdict housewives . pressure . apparition canvasback
bookcase , agee cocoa profile showroom anion . hopkinsiantopologize
propose radioactive . irredeemable observatory inoffensive , japanese bedridden sanguinary
tatty duet confute doreen ! quirinal sou bryan , bullyboy
phoneme , affricate . apt cactus candy hilly . adrenaline backplate
sumerian vitro yukon . leash exert sudden washy atypic
kingston , king penh skirt . codeposit . coplanar embeddable hamlet
sceptic shanty . comprehend rank amanuensis ? dinnertime . cranky subpoena
quasar bimodal ? brutal quandary collier . farmington crankshaft , challenge
craftsperson sanders upsetting .
",spam,2005-02-27
21559,unbelievable 3 . 58 % _ 0 |,"h ) ello
dear heome own } er ,
wqve
have been notified th 8 tat yogcur
mortg @ a ] gmle rat 2 oe is fixed at a very
hing 4 h invtererst ra { te . therefore you are
currently ove > rpzeaying , wbhaiccyh swvums - bcu { p to
thtousands of dolg 2 lars annu ' alljy .
luckily
for yobu w / e can
grvu @ aranteoe the lowest rates
ifun th % e u . s . ( 3 . 58 % ) . so hu 77 rry be 2 caupise
the rate f ) orecast is not loo ; king good !
there is no okbliingation ,
and it ' s fr ^ efse
locsek on the 3 . 58 % , even
wixitp 2 h b $ ad credit !
clicdgk here now fneor detai * ls
re 8 vmove
hdter _ e
",spam,2005-03-20
8841,technical corner,"vince ,
last monday , i sent the vp ' s an e - mail asking for their help ( from them , or
from one of the people working with them ) in providing a technical corner
article by today . to date , sandeep and mike have responded but cannot do one
for this coming week . i didn ' t get a response from the other three . do you
have something that could be easily adapted for the monday issue ?
and , any suggestions about how to motivate a vp would be appreciated . my
usual approach is to ask politely , which usually gets a positive response . i
know the newsletter is low priority compared to our daily work , but surely as
much as our people like to publish their ideas , one person out of
forty - some - odd would be able to do something in a week ' s time , right ?
as always , i appreciate your help . and , if you would care to share some
advice on how i can do this in a better way , i will always listen and learn .
sam",ham,2001-03-30
33591,warez cd ' s,"looking for not expensive high - quality software ?
we might have just what you need .
windows xp professional 2002
. . . . . . . . . . . . . $ 50
adobe photoshop 7 . 0 . . . . . . . . . . . . . . . . . . . . . . $ 60
microsoft office xp professional 2002 . . . . $ 60
corel draw graphics suite 11 . . . . . . . . . . . . . $ 60
and lots more . . .",spam,2005-07-19
728,re : unify / sitara enhancements,"please add being able to set up multiple deals for the same
contract / meter / time period but with different rates . thanks , mary
michael eiben
05 / 01 / 2000 10 : 17 am
to : pat clynes / corp / enron @ enron , mary m smith / hou / ect @ ect , lisa
csikos / hou / ect @ ect , rita wynne / hou / ect @ ect , daren j farmer / hou / ect @ ect , lauri
a allen / hou / ect @ ect
cc : steve venturatos / hou / ect @ ect
subject : unify / sitara enhancements
i am compiling a list of unify enhancements related to texas operations for
brenda . please provide me your lists by end of day today . i am looking for
enhancements that are specific to texas . if you have any questions , please
call me @ 36373 . the major ones that i have are : the transport contracting
process , processing hourly transactions , enhancing the shipper imbalance
worksheet , multiple service classes on the same contract , consolidated ua 4
tracking , and any enhancements occuring from project torque .
thanks , mve
- - - - - - - - - - - - - - - - - - - - - - forwarded by michael eiben / hou / ect on 05 / 01 / 2000 09 : 21
am - - - - - - - - - - - - - - - - - - - - - - - - - - -
enron north america corp .
from : brenda f herod 04 / 25 / 2000 12 : 05 pm
to : steve venturatos / hou / ect @ ect , michael eiben / hou / ect @ ect
cc :
subject : unify / sitara enhancements
please schedule a meeting with me to review the enhancements lising - the
prioritizations and status . i am interested in understanding the listing of
enhancements , the benefits of the enhancements , what is required of both user
and it resources to complete the enhancements , who the resources are and the
status of completion . it should cover all systems - sitara , unify ( mops ,
volume management and settlements ) and pops . please include anyone else
( management team , it , etc . ) who is necessary to ensure thorough explanations .",ham,2000-05-01
11782,better end to long week,"louise ,
of course , as soon as i send off my email to you . . . things change , but for the better .
? i spoke to nowlan and he is going to pay me by the end of next week and take me out for drinks .
? lavorato increased the var for the wellhead desk to $ 250 k . in addition , he is having gossett et . al fix the issues that were distorting grass ' s var position .
? lavorato spoke to bernie aucoin to focus resources to price ecs deals . he feels that if ews is wearing the risk associated with retail transactions , ecs should not have to interface with ees originators at all . in addition , he also understands that horsepower transactions have a combination of retail and wholesale commodity components .
i am off to the 2 : 30 staff meeting . hope your day is well . i will give you an update on the other issues next week .
regards , jean",ham,2001-05-18
28747,trrc chairman michael williams and land commissioner david dewhurst,"nesa / hea is headed to dallas ! whether you live , work or just have customers
in dallas , you ' ll want to take advantage of every opportunity to join us on
monday , august 20 th at cityplace , just outside downtown dallas to hear trrc
chairman michael l . williams and david dewhurst , commissioner of the texas
general land office , present their views of the state of the energy industry
in texas !
cityplace is located at 2711 n . haskell , and registration will begin at
11 : 30 a . m . in the foyer of the turtle creek i ballroom . lunch service
begins at noon and chairman williams will speak at 12 : 30 p . m . , followed by
commissioner dewhurst . for directions to cityplace , please call
214 / 828 - 7050 .
nesa / hea members pay only $ 35 in advance , or $ 40 at the door . members can
also purchase corporate tables of ten for $ 300 if your registration is
received by august 15 th . all registrations received wishing to pay at the
door will be billed if you do not attend . non - members pay $ 50 or can pay $ 75
which includes nesa / hea membership through 2001 .
fax in the bottom portion of this message with your credit card payment or
mail with your check to nesa / hea headquarters . don ' t delay ! this is
expected to be a sell - out , so register today ! see you on the 20 th in
dallas !
name _ _ _ _ _ _ _ _ _ _ _ _ _ _ _ _ _ _ _ _ _ _ _ _ _ _ _ _ _ _ _ _ _ _ _ _ _ _ _ _ _ _ _ _ _ _ _ _ _ _ _ _ _
company _ _ _ _ _ _ _ _ _ _ _ _ _ _ _ _ _ _ _ _ _ _ _ _ _ _ _ _ _ _ _ _ _ _ _ _ _ _ _ _ _ _ _ _ _ _ _ _ _
nesa / hea member ? _ _ _ _ _ phone number _ _ _ _ _ _ _ _ _ _ _ _ _ _ _ _
credit card number _ _ _ _ _ _ _ _ _ _ _ _ _ _ _ _ _ _ _ _ _ _ _ _ _ _ _ _ _ _ _ _ _ _ _ _ _ _
expiration date _ _ _ _ _ _ _ _ _ _ _ _ _ amount paid _ _ _ _ _ _ _ _ _ _ _ _
teresa a . knight
vice president , member services
teresa . knight @ nesanet . org
( 713 ) 856 - 6525
fax ( 713 ) 856 - 6199",ham,2001-08-06
32365,"promised macromedia . xp pro ( sp 2 ) , adobe photoshop , ms office 2 oo 3 ; acrobat , norton turning promised friends","immediate end you music immediate side , prison teach wife letters , supposedto mischievous again thus you bad ,
most popular softwwares start from $ 20 q
windows xp pro ( sp 2 )
microsoft office 2003 system pro ( 5 cds )
adobe photoshop cs 8 . 0
adobe acrobat 7 . 0 professional spq
autocad 2006
symantec norton systemworks 2 oo 5
dvdxcopy platinum 4 . 0 . 38
quickbooks 2004 premier edition
macromedia studio mx 2004
microsoft office system professional 2003
norton antivirus 2005
adobe pagemaker 7 . 01 & many many morehefire order ur softwares here appearance
fascinate edge the light . edge leader social shining .
",spam,2005-03-31
31908,looking for cheap high - quality software ? demographic paroles,"or bit , number arm . grow should deep now . state million chart .
bear , world big , no . between boat tree desert , end vowel . oxygen
hour , men fall , dry . complete written while , parent that .
fraction notice , simple head . create south put , these about
divide . let keep our us city war . she never bit . simple
thousand , pair , must unit week .
",spam,2005-02-21
27056,earn thousands,"a tiny investment now . . . thousands of $ $ $ ' s in a few short weeks . . .
hi profit seeker ,
one of the secrets of earning incredible profits online is to simply provide real tangible products everyone wants .
then tell people that you have them at bargain prices .
you profit because they need these products for their online businesses and they snap them up faster then a road runner on steroids .
what are these must - have products and what do they do ?
* popup protection
* virus protection
* spam protection
* web hosting security and encryption
* firewall protection
plus , lots more goodies that you and your customers can instantly download .
your new business website
* does all the selling
* handles delivery of all the products
* gives you the latest marking advice
all you need to do is send people to your new site and you can generate your own constant income flow quickly , easily and effortlessly .
* want to be in business for yourself ?
* want to be financially independent ?
* want extra money so you can take a vacation ?
* want to generate huge profits day after day
join right now youll wonder why you didnt sooner
al spangenberg
software business consultant
please note ; that by clicking the link below , you have automatically opted - in , and have agreed to view their website .
click here to visit their website
thank you for taking the time to read this special report
regards , the web reporter
webworld s . l . edificio jupiter , avendida el gamonal 12 benalmadena costa , malaga 29630 spainthis e - mail message is an advertisement and / or solicitation .
",spam,2005-07-17
16477,national lottery headquarters :,"national lottery headquarters :
customer service
an affiliate of watergate inc .
28 tanfield road ,
croydon . london
ref : eaasl / 941 oyi / 02
batch : 14 / 07 / dc 34
you can as well reply to me through this mail address for more
information :
terrypark 44 @ yahoo . co . uk
winning notification :
we happily announce to you the draw of the national sweepstake
lottery international programs held on the 4 th of july 2005 in
london . your name and e - mail address attached to ticket number : 564
75600545888 with serial number 5388 / 02 drew the lucky umbers :
31 - 6 - 26 - 13 - 35 - 7 , which subsequently won you the lottery in the 2 nd
category . you are therefore , been approved to claim a total sum of
â £ 5 , 000 . 000 ( five million pound ) in cash credited to file
kpc / 9080118308 / 02 . this is from a total cash prize of â £ 75 million pound .
please note that your lucky winning number falls within our european
booklet representative office in europe as indicated in our play
coupon . in view of this , your â £ 5000000 ( five million
pound ) would be released to you by our affiliate bank in london . our
agent will immediately commence the process to facilitate the release of
your funds to you as soon as you make contact with him .
all participants were selected randomly from world wide web site
through computer draw system and extracted from over 100 , 000
companies . this promotion takes place annually . for security reasons ,
you are advised to keep your winning information confidential till your
claims is processed and your money remitted to you in whatever manner you
deem fit to claimyour prize . this is a part of our precautionary measure to
avoid double claiming and unwarranted abuse of this program by some
unscrupulous elements .
please be warned . to file for your claim , please contact the officer
incharges with the below details for processing of your claims .
officer : dr . terry park , financial director
email : terrypark 44 @ yahoo . co . uk
to avoid unnecessary delays and complications , please quote your
reference / batch numbers in any correspondences with us or our
designated agent . congratulations once more from all members and staffs
of this program . thank you for being part of our promotional lottery
program .
sincerely ,
dr . terry park
euro - asian zonal coordinator",spam,2005-07-14
31647,"hey , its me , diehlmys 5644 from aim","would you reflnance if you knew you ' d save thousands ?
we can get you lnterest as low as 2 . 36 % .
fill out our small form below and we ' ll show you how .
get the house and / or car you always wanted , it
takes less than a minute of your time
http : / / www . ez - rate . info / 1 /
doesn ' t sarah remember shouting slowly ?",spam,2005-02-05
1274,"hpl nom for july 28 , 2000","( see attached file : hplo 728 . xls )
- hplo 728 . xls",ham,2000-07-27
27358,mail delivery failed : returning message to sender,"this message was created automatically by mail delivery software .
a message that you sent could not be delivered to one or more of its
recipients . this is a permanent error . the following address ( es ) failed :
info @ cadiparma . it
smtp error from remote mailer after end of data :
host dns . cadiparma . it [ 194 . 184 . 205 . 216 ] : 554 5 . 7 . 1 message cannot be accepted , content filter rejection messaggio respinto - spam - rejected message
- - - - - - this is a copy of the message , including all the headers . - - - - - -
return - path :
received : from [ 61 . 54 . 44 . 57 ] ( helo = mailwisconsin . com )
by lon - mail - 4 - relay . gradwell . net with smtp ( exim 4 . 34 ; freebsd )
id ldupp 4 - 0004 th - ol
for info @ cadiparma . it ; tue , 19 jul 2005 11 : 59 : 48 + 0100
received : from 205 . 214 . 42 . 66
( squirrelmail authenticated user projecthoneypot @ projecthoneypot . org ) ;
by mailwisconsin . com with http id j 87 gzo 09359951 ;
tue , 19 jul 2005 10 : 57 : 46 + 0000
message - id :
date : tue , 19 jul 2005 10 : 57 : 46 + 0000
subject : just to her . . .
from : "" barry castillo ""
to : info @ cadiparma . it
user - agent : squirrelmail / 1 . 4 . 3 a
x - mailer : squirrelmail / 1 . 4 . 3 a
mime - version : 1 . 0
content - type : text / html ; charset = iso - 8859 - 1
content - transfer - encoding : 8 bit
x - priority : 3 ( normal )
importance : normal
soft viagra at $ 1 . 62 per dose
ready to boost your sex life ? positive ?
time to do it right now !
order soft viagra at incredibly low prices
starting at $ 1 . 99 per dose ! unbelivabie !",spam,2005-07-19
27455,good news,"want to know how axlepin to save over 60 % on your piils ?
http : crystalline / / www . depeter . com - successfull a complainant nd proven way to save your scandalmonger money .
phalli v
flossy ag
a woodshed l
l surface u
palter l
corpora rac notoriety l
taking isv trestle al
faultfinding m
andmanyother .
best prlc odysseus es .
high investor quaiity .
worl reprehensible dwide shlpplng .
total confiden catchmentbasin tiaiity .
250 . 0 drossy 00 + satisfied customers .
have a depilatory nice day !",spam,2005-07-19
16009,reply immediately . . . . .,"no 17 vc 2
randall estate
johannesburg - south africa .
dear friend ,
do not be perplexed with this note . it ' s all about soliciting your attention to transfer the sum of { $ 26 million usd } , we will start the first transfer with six million [ 6 , 000 , 000 . 00 ] upon successful transaction without any disappoint from your side , we shall re - apply for the payment of the remaining amount to your account .
as an auditor general ( ag ) , an equivalent of american certified public accountant { c . p . a } and a personal account officer to the deceased , i believe that we can do this business without any hitches , if only you will be trusted and then follow simple instructions for a smooth success of this business .
we have a solid master plan / arrangements on how best to actualize this objective . so , we are not trying to experiment with a transaction of this natureand magnitude , for such an opportunity will not / never ever come my way again in my lifetime .
our fears now is if this money will be safe in your hand / custody pending my physical arrival in your country for sharing and investments . you can provide either an existing bank account or set up a new bank a / c immediately to receive this money . even an empty a / c without any money in it can serve to receive this money , as long as you will remain honest to me till the end of this important business , trusting in you and believing in god that you will never let me down either now or in future .
if we agree and never to disagree , you will stand to get 30 % , 5 % for the orphanage , poor / less privileged , 5 % for local and international expenses incurred by both parties on the course of transfer , while the balance of 60 % will be for me .
note : the deceased died without oral or written "" will "" and without any "" heir "" . the deceased is a foreigner and because he is a foreigner , this fund cannot be released to an indigenous bank a / c here , it must be a foreigner with a valid international passport . so it is based on this that you are contacted .
as you know inheritance is not a crime all over the world , but may be a crime only when you did not follow the rules of the international law of inheritance . in this transaction we shall follow strictly all the rules of the international law of inheritance and obtain all the necessary transaction documents from the appropriate authorities to prove that the inheritance / fund is genuine .
waiting for your positive response urgently through my email address : box _ ag 4 @ yahoo . co . uk
regards ,
duke glenwood .
switch to netscape internet service .
as low as $ 9 . 95 a month - - sign up today at http : / / isp . netscape . com / register
netscape . just the net you need .
new ! netscape toolbar for internet explorer
search from anywhere on the web and block those annoying pop - ups .
download now at http : / / channels . netscape . com / ns / search / install . jsp",spam,2005-03-17
29780,dance club # 90 - out 04,"marketing electrónico _ e
- pepper
www . e - pepper . net
já nas bancas !
www . danceclub . pt
informações
leitores @ danceclub . pt
se não desejar receber mais
mensagens deste serviço envie um mail para
remover @ e - pepper . net
com o assunto remover
",spam,2004-09-24
14735,cuts,"hi louise ,
i asked each of my directs to consider 3 levels of cuts . i told them this is strictly an exercise at this point and that we haven ' t been given targets ( trying to keep the emotion down ) . the three levels were :
a . remove capability for new projects but retain a reasonable ability to continue growth of our current application suite .
b . reduce to minimal development capability . retain ability for operations and minor enhancements to applications .
c . cut to life - support level . retain ability to operate the applications and fix bugs .
the cut levels are as follows :
a . reduce by 11 ( to 129 )
b . reduce by 21 ( to 108 )
c . reduce by 17 ( to 91 )
jeff johnson placed himself in the a cuts , though i removed him from that cut thinking i can talk him out of it . he is in the b cut .
steve stock placed himself in the b cuts .
michael guadarrama placed himself in the b cuts . he said he would probably leave if the a cuts were made but would wait until we got through the transition .
hopefully we can hold this together .
i ' ll try to call you to discuss .
thanks .
- - jay
jay webb",ham,2002-01-12
22892,re : planned pre prc meetings,"sally ,
leslie reeves reports that she conducted her pre - prc last week and that she
will be in touch w / you tomorrow to discuss her results .
hgm
from : hector mcloughlin 06 / 06 / 2000 03 : 59 pm
to : sally beck / hou / ect @ ect
cc :
subject : planned pre prc meetings
sally ,
as of this date our assistant tells me that the following pre - prc meetings
are scheduled :
brent price will meet on 6 / 15
brenda herod will meet on 6 / 13
sheila glover stated she will have the meeting ad hoc .
kristin albrecht stated that she had it last week
leslie reeves is not scheduled as of today
others that have scheduled for a pre - prc :
bob supurty will meet on 6 / 15
mary solmonson will meet on 6 / 16
jeff sorenson will meet on 6 / 9
bryce baxter will meet on 6 / 13
let me know if there is any other information that i can provide .
hector",ham,2000-06-06
459,re : hplr liquids / humble gas pipeline,"just wanted to keep everyone on point in terms of the importance and
expectations of getting this king ranch issue cleaned up for the prior months
and correct on a go forward basis . i spoke with brenda on friday to give her
an update of our progress and one of the things that she stressed and wanted
passed on to the team was the expectations that king ranch would be clean
( scheduled and allocated correctly ) for march and foward . as of thursday
night ' s p & l calc . , unaccounted for march 2000 on texas was a little over
400 , 000 mmbtus . as you all know , that number is way too high and should be a
lot lower ( on a bad month , no more than 100 , 000 mmbuts ) . hopefully , if king
ranch is the part of the problem for march and we get these issues resolved ,
march will not be an issue . i appreciate everyone ' s committment so far and
hopefully we can apply this team concept in the future to prevent crisis
modes like this from here on out . if anyone has questions or concerns ,
please do not hesitate to let me know . thanks !
howard b camp
03 / 20 / 2000 08 : 46 am
to : karry kendall / hou / ect @ ect , daren j farmer / hou / ect @ ect , clem
cernosek / hou / ect @ ect
cc : stella l morris / hou / ect @ ect , howard b camp / hou / ect @ ect , rita
wynne / hou / ect @ ect , fred boas / hou / ect @ ect , robert e lloyd / hou / ect @ ect
subject : hplr liquids / humble gas pipeline
we need to get together this afternoon at 2 : 00 pm in room 3745 to discuss how
we will schedule and allocate the hplr liquids coming into humble gas
pipeline at meter 8793 . karry , it is my understanding that you do not want
an intercompany sale from hplr liquids to hplc at this point . how do you
plan to get this gas to king ranch since hplr liquids does not have a
transport on humble ?
daren , the intercompany hplc purchase is how it is set up currently in mops .
robert , since stella is out , we will need someone to represent logistics .
hc",ham,2000-03-20
12446,"enrononline outage , august 9 , 2001","enrononline started to see message delivery slow down drastically at 8 : 40 am . at 8 : 50 updates were so slow that all products were suspended from trading . at 8 : 56 we brought the site offline to insure that trading would not continue , as our traders could not manage their products .
at 9 : 10 we were able to isolate the issue to a single disk , in a brick of storage , that was responding extremely slowly , but not failing over like it should . we removed the storage from the configuration and brought the database back online . once we verified the database was healthy we brought eol back online at approximately 9 : 28 am . at this point all our users , both internal and external , started logging back in .
the issue was caused by a bug in the firmware on the disk . the vendor of the disk has already provided us with a patch for this bug . we will be applying this patch to all of our storage , one brick at a time starting this evening .
we had to take eol offline for a second time at 11 : 17 am due to a failure on another brick of storage . this failure was caused while we were verifying the root cause of the issue we experienced earlier . we brought the site back online at 11 : 56 . during this outage we verified that there was no corruption or loss of data , due to either of the outages .
regards ,
bob hillier
e - commerce operations",ham,2001-08-09
1209,cornhusker - gas management,"i thought it might be helpful to summarize the next steps we agreed are
necessary to put a "" gas agency "" agreement in place between the texas desk and
ponderosa pine energy , llc .
mazowita and farmer to work with plant manager ( mike gough ) to determine :
how power schedules are received from brazos and translated into fuel
requirements
the plant ' s operating flexibility to use fuel oil over natural gas
how the use of fuel oil is built into the dispatch / operation decision
the degree to which the plant has historically been involved with fuel
suppliers beyond tgc ( i . e . , apache , williams , lone star )
mazowita and farmer to work with tgc ( nancy stivers ) to determine :
how gas schedules are received from the plant
why there were structural differences between the apache / williams fuel supply
agreements and the tgc agency agreement
tgc ' s experience with optimizing value under the fuel supply agreements
farmer to determine if a "" form agreement "" is available within ena for
transactions of this nature
lyons / hill to determine ( a ) if there is a need to have the gas agency
agreement at the project vs . holding company level and ( b ) if bank approvals
are needed as a result of the new agreement
lyons / mazowita / farmer to draft agency agreement
griffith to determine the best means of handling "" duel fuel "" capability at
the plant within ena
as an aside , i passed the information that daren gave me in the meeting
concerning the tax certificate for the use of fuel oil on to rhett jackson ,
who handled tax - related matters during the acquisition phase of this
project .
please keep me in the loop as these contacts are made and let me know how i
can help .",ham,2000-07-17
26914,persian kilims and rugs,"dear
professional decorator / designer : we go to remote areas of iran ( persia )
to bring you old and antique nomadic kilims and rugs . we
invite you to see parts of our collection by visiting our website ( www . pazirik . com ) . should you be interested
in purchasing any of the viewed items , we would make all the necessary
arrangements so that your purchase is free of risk . best
regards ,
pazirik . com
if you wish to be removed from
our mailing list , click here
to send us a blank email . your email will be automatically removed
fromthe list .
",spam,2005-07-15
32751,analyst deiivers best market piay report,"wysak petroieum ( wysk )
current price : o . 165
apr 25 , 2005 - - wysak petroleum is pieased to report that due diiigence is neariy complete in regards to the company ' s further planned | eases in the wyoming oil region . management anticipates further news wil | be forthcoming shortiy and will report on developments as they occur .
targets include properties in the powder river basin region and western wyoming ' s green river basin . acquisition of energy producing assets has aiways been the core objective of wysak ' s expansion strategy . wysak wi | | strategica | | y purchase | eases in know and proven oil they include exxonmobile , williams gas and western gas , among others .
about wyoming oi | & gas and coalbed methane ( cbm )
wyoming state has biliions of do | | ars in proven oil and gas reserves . in 20 o 2 , wyoming ranked second in the u . s . in proved reserves of natural gas and seventh in proved reserves of crude oil . coliectively over 26 , ooo welis produced 54 . 7 mi | | ion barreis of oi | and 1 . 75 tri | | ion cubic feet of natura | gas . proved reserves of natural gas were at an all - time high of 18 . 4 triliion cubic feet , while proved reserves of crude oi | were 489 miliion barrels .
reserves of cbm in the powder river basin are estimated at 31 . 8 trillion cubic feet . neariy 10 o welis are being dri | | ed each week , and the gas companies say the entire 8 miliion - acre basin could have 50 , 0 oo to loo , ooo producing wells before they are finished . this is the | argest onshore natural gas piay in north america within the | ast ten years .
about wysak petroieum
wysak is a diversified energy company whose goa | is to identify and develop
traditional fossil fue | sites , as we | | as clean air aiternative energy producing
technoiogies . wysak controls one wyoming federa | oil they inciude exxonmobiie ( xom ) , wi | | iams gas ( wmb ) ,
and western gas ( wgr ) among others . collectiveiy , over 26 , 0 oo weils produced
54 . 7 mi | | ion barrels of oil and 1 . 75 triliion cubic feet of natura | gas in
wyoming
conclusion :
the examples above show the awesome , earning potential of little known companies that expiode onto investor ' s radar screens ; many of you are already famiiiar with this . is wysk poised and positioned to do that for you ? then you may feel the time has come to act . . . and piease watch this one trade friday ! go wysk .
penny stocks are considered highiy speculative and may be unsuitabie for al | but very aggressive investors . this profile is not in any way affiiiated with the featured company . we were compensated 3 ooo dollars to distribute this report . this report is for entertainment and advertising purposes only and should not be used as investment advice .
if you wish to stop future mailings , or if you fee | you have been
wrongfuily piaced in our membership , please go here or send a biank
e mai | with no thanks in the subject to
noneedl 003 @ yahoo . com",spam,2005-05-06
11643,re : highstar letter,"louise ,
don and i spoke about this prior to the execution of the highstar letter . while we both feel that it is unlikely that we will be in "" material negotiations "" with a potential counterparty within the next 11 days ( or so ) , we are prepared to notify aig in the event that something comes very quickly . thanks .
stuart
louise kitchen 04 / 30 / 2001 10 : 29 am to : don miller / hou / ect , stuart zisman / hou / ect @ ect cc : subject : highstar letter
you guys will need a strategy as to notifying aig of other material negotiations .
- - - - - - - - - - - - - - - - - - - - - - forwarded by louise kitchen / hou / ect on 04 / 30 / 2001 10 : 28 am - - - - - - - - - - - - - - - - - - - - - - - - - - -
from : heather kroll / enron @ enronxgate on 04 / 27 / 2001 05 : 05 pm
to : steve van hooser / hou / ect @ ect , "" clark thompson ( e - mail ) "" @ smtp @ enronxgate , "" jay sonnenberg ( e - mail ) "" @ smtp @ enronxgate , stuart zisman / hou / ect @ ect
cc : w david duran / hou / ect @ ect , louise kitchen / hou / ect @ ect , don miller / enron @ enronxgate
subject : highstar letter
to all :
attached below is the letter signed between ena and highstar . in summary , we have acknowledged that we have been unable to finalize the existing transaction but are going to discuss a restructured deal . ena is free to begin marketing the plants to third parties , provided that we cannot enter into binding agreements before may 11 , 2001 . either party may terminate after may 11 , 2001 for any reason or no reason .
now on to final docs !
regards ,
heather",ham,2001-04-30
26376,assistance me,"my name is mr . newton gwarada , the stepson of mr . terry ford of zimbabwe . it might be a surprise to you where i got your contact address ; i got it from the net . dont be worried because i am contacting you in good faith .
during the current crisis against the farmer of zimbabwe by the supporters of our president robert mugabe to claim all the white owned farms in our country , he ordered all the white farmers to surrender their farms to his party members and their followers .
my stepfather was one of the best farmer in the country and knowing that he did not support the president political ideology , the president supporters invaded my stepfather "" s farm and burnt down everything , killed him and confiscated all his investments .
after the death of my stepfather , my mother and i with my younger sister decided to move out of zimbabwe for the safety of our lives . we took along with us the money my stepfather kept in the safe in my mother ' s house which amounted to the sum of us $ 20 m ( twenty million united states dollars ) to the republic of south africa where we have deposited it as personal valuables in a private security company for safe - keeping .
because of our present status ( political refugees ) , my mother and i are sriously looking forward to having an overseas partner that will assist us with the convenient and legal transfer of the funds out of south africa .
if my proposition is considered , for assisting us to transfer this money to your country , we will offer you 20 % of the total fund , and 5 % of the total will be set aside to cover any expenses incurred during this transaction , 75 % will be for my family to invest . in your country under your supervision .
for detailed information , you can contact me direct .
i would appreciate confidentiality and honesty in our correspondence . your immediate response will be highly wecomed .
best regards ,
mr . newton gwarada",spam,2005-07-03
13256,gmm 12 oct 01,"please find attached the global markets monitor for the week ending 12 october 2001 .
thank you ,
maureen raymond - castaneda
and gwyn koepke",ham,2001-10-12
2265,"tuesday , december 26 th","daren ,
the following logistics personnel will be in the office on tuesday :
mary poorman
mark mccoy
eddie janzen
tom acton
aimee lannou
if you think we need more or less people , please let me know and i will keep
the group informed .
thanks ,
mary",ham,2000-12-20
14483,var 12 / 28 / 01,"as an aside ? .
normal historical vol
corp $ 105 . 6 mm $ 112 . 2 mm
americas $ 96 . 3 mm $ 101 . 9 mm
gas var $ 52 . 9 mm $ 55 . 4 mm * cvar shows april 02 as having largest risk $ 23 mm
power var $ 50 . 5 mm $ 52 . 77 mm",ham,2001-12-31
30233,unbeleivable deals for medication on our site,"simple & quick
uproat duck to is
generic avid ago rat
super avid ago ra
co idealism soft
hang over
max as max
fat blasted
virgin lit my patch
spec roma max
prop zac
hump an grog with
why not try us now ?
* professional review hanukkah influenced
* fully confidential medal ' s bunkmates
* no embarrasment haven ' s debilitated
* no appointments braided paperback
* secure ordering dirichlet certified
* professional consultation clusterings dress
* discreet and overnight shipping
* no waiting rooms invariable countrywide
copyright © 2003 - 2004 eva ph
",spam,2004-11-01
3669,re : contracts and credit,"thanks - - i ' ll include it in the master file .
- - - - - original message - - - - -
from : farmer , daren j .
sent : thursday , january 10 , 2002 8 : 02 am
to : calcagno , suzanne
subject : contracts and credit
suzanne ,
attached is an updated file on our pipeline contract situation . i haven ' t gotten much info from credit managers , but i wanted to pass along their names and numbers .
d
>",ham,2002-01-10
9623,can men live like kings in their own home ?,"explode your sex life
all natural alternative !
men of iron has been featured
on over 100 tv news and top radio stations across america , and we know
why . . .
it really works !
buy two bottles and
get one free
formulated for men
no doctor visit required !
no prescription needed !
not a drug !
click
here to visit our web site
iron man benefits :
· number 1 formula for men
· dramatically enhances organism
· no negative side effects ( all
natural ingredients ) .
· boosts multiple orgasms !
· does not increase blood pressure !
· increases circulation in men
so erections become firmer .
· helps men with a sexual response
dysfunction , or lack of
interest in sex .
· clears impotency problems .
· boosts multiple climaxes .
· relieves emotional ups downs ,
and headaches !
· helps relieve prostate problems .
· lowers cholesterol .
· very affordable price
visit
our web site click here : learn about our special offer !
",spam,2002-05-27
28755,fw : california capacity report for week of 8 / 6 - 8 / 10,"transwestern ' s average deliveries to california were 1081 mmbtu / d ( 99 % ) , with san juan lateral throughput at 860 mmbtu / d and rio puerco at 2 mmbtu / d . total east deliveries averaged 446 mmbtu / d .
el paso ' s average deliveries to california were 2290 mmbtu / d ( 78 % ) :
- pg & etop , capacity of 1140 mmbtu / d , deliveries of 727 mmbtu / d ( 64 % )
- socalehr , capacity 1240 mmbtu / d , deliveries of 1053 mmbtu / d ( 85 % )
- socaltop , capacity 539 mmbtu / d , deliveries of 510 mmbtu / d ( 95 % )
friday ' s posted gas daily prices :
socal gas , large pkgs 3 . 33
pg & e , large pkgs 3 . 20
tw san juan 2 . 63
tw permian 2 . 925
enron online bases :
sept oct nov - mar
perm - ca . 46 . 43 . 42
sj - ca . 85 . 64 . 52
sj - waha . 41 . 23 . 12
perm - waha . 02 . 02 . 02",ham,2001-08-10
10688,"chocolate m & m ' s * or peanut m & m ' s * , which kind do you like ?","do you choose chocolate m & m ' s ® or peanut m charset = windows - 1252 "" >
you can get $ 100 worth chocolate m & m ' s ® , peanut m & m ' s ® , or a $ 100 restaurant gift card for your opinion .
suyhfgbd",spam,2005-07-14
7683,site license for power world,"gentleman ,
kevin presto concurred on the purchase of a site license as recommended by
vince . what are the thoughts of others ? i am available to demo the package
if others would like to see it .
thanks ,
lance
- - - - - - - - - - - - - - - - - - - - - - forwarded by lance cunningham / na / enron on 11 / 20 / 2000
01 : 51 pm - - - - - - - - - - - - - - - - - - - - - - - - - - -
vince j kaminski @ ect
11 / 10 / 2000 09 : 16 am
to : vince j kaminski / hou / ect @ ect , richard lewis / lon / ect @ ect , tim
belden / hou / ect @ ect , tim . heizenrader @ enron . com , kevin m presto / hou / ect @ ect ,
george hopley / hou / ect @ ect
cc : lance cunningham / na / enron @ enron
subject : site license for power world
gentlemen ,
i recommend that we purchase this package and split the cost 3 ways between 3
power trading desks .
i think that we should go for option 3 ( ~ $ 15 , 000 ) .
lance cunningham in my group looked at this software package and found it
very useful for modeling transmission problems .
please , feel free to ask him for technical details in support of this
recommendation .
vince
- - - - - - - - - - - - - - - - - - - - - - forwarded by vince j kaminski / hou / ect on 11 / 10 / 2000
09 : 17 am - - - - - - - - - - - - - - - - - - - - - - - - - - -
lance cunningham @ enron on 11 / 09 / 2000 06 : 15 : 14 pm
to : vince j kaminski / hou / ect @ ect
cc : vasant shanbhogue / hou / ect @ ect
subject : site license for power world
vince ,
we have three options to increase our availability across enron for the power
world load flow software .
option 1 , upgrade to a site license for the load flow software only . price
$ 9 , 990 . 00
this would give all of enron the ability to perform load flows , but not
determine marginal cost or available transfer capacity ( atc ) because only the
optimal power flow ( opf ) version can perform that task .
option 2 , site license for the load flow and purchase 1 opf package for
walter coffer ' s group . price $ 11 , 240 .
this would give all of enron the ability to perform load flows and one other
group the ability to determine marginal cost and atc .
option 3 , site license for load flows , opf and atc . price $ 14 , 990 . 00
this would give all of enron the ability to perform load flows , marginal
cost , and atc .
regards ,
lance",ham,2000-11-20
9419,new frbny research : 5 / 3,"now available at the new york fed ' s research site :
"" stocks in the household portfolio : a look back at the 1990 s , "" by tracy and
schneider ( current issues 7 , no . 4 )
"" currency orders and exchange - rate dynamics : explaining the success of
technical analysis , "" by osler ( staff report 125 )
"" recent changes in the u . s . business cycle , "" by chauvet and potter ( staff
report 126 )
u . s . and global economies charts , updated every wednesday
in addition , the foreign exchange committee ' s 2000 annual report is now
available
research home page
http : / / www . newyorkfed . org / rmaghome
feel free to forward these messages . to unsubscribe , contact
listserv @ peach . ease . lsoft . com . in the e - mail , type : signoff frbnyrmagl . for
more details : http : / / www . newyorkfed . org / rmaghome / subscribe / subscribe . html .
?
this notification service is provided to you free of charge . by subscribing
to the service and providing your e - mail address , you agree to waive any
claim against the federal reserve bank of new york for any messages that you
may receive by reason of your subscription to this service and / or any
resultant harm to you and / or your computer from receipt of such messages . ?
the federal reserve bank of new york assumes no responsibility for any
inaccuracies in any messages you may receive as a result of your subscription
to this service .",ham,2001-05-02
6107,marketpoint business plan summary,"greg ,
e - commerce related proposal from dale nesbitt .
vince
- - - - - - - - - - - - - - - - - - - - - - forwarded by vince j kaminski / hou / ect on 05 / 16 / 2000
10 : 02 am - - - - - - - - - - - - - - - - - - - - - - - - - - -
"" dale nesbitt "" on 04 / 06 / 2000 01 : 47 : 15 am
to :
cc :
subject : marketpoint business plan summary
vince :
thanks very much for your interest in our marketpoint product , and thanks
for the hour you gave me this morning . as promised , i am enclosing our
executive summary and first chapter from our business plan for you to take
forward to your management as a prospective enron - marketpoint investment
collaboration . i want to reiterate that should enron elect to be the lead
investor here , you will be exclusive in your industry if you want . if enron
wants to be the lead and ensure the entire second round of resources we
need , we would not offer and investment opportunity to other trading
companies , pipelines , or electrics until the third or subsequent rounds and
then only with your participation as a marketpoint board member . i am aware
you have coinvested with sap in the past and that you might want to coinvest
with them again . i presume you would not have a problem with
non - competitors such as epri , our management consulting service provider
partner , or our vc partner ( but i would want guidance from you in this
arena ) . i think you would find our vc partner very suitable and very
attractive . they have done several interesting energy and trading plays ,
and they would provide good management skills i believe . i hope we can move
forward together . i am looking forward to a positive response . thanks
again and best regards .
dale nesbitt
ps : you might hear from drew ries of your investments group . i spoke with
him after speaking with you about many of the same issues .
- longexecsum . doc",ham,2000-05-16
26103,your account with paypal,"dear valued paypal ® member ,
it has come to our attention that your account information needs to be updated as part of our continuing commitment to protect your account and to reduce the instance of fraud on our website . if you could please take 5 - 10 minutes out of your online experience and update your personal records you will not run into any future problems with the online service .
please
click the link below and enter the needed information on the following page
to update your e - mail address .
click here to update your paypal ® account
however , failure to update your records will result in account suspension . please update your records on or before : buy from an online auctionpay on a merchant
websitesend money to anyone with an email address
you can also confirm your however , failure to update your records will result in account suspension . please update your records on or before : email address by logging into your paypal
account at https : / / www . paypal . com / us / . click on
the confirm email link in the activate account box and then enter this
confirmation number : 1328 - 8599 - 4830 - 9811 - 3174
thank you for using paypal !
the paypal team
please do not reply to this e - mail . mail sent to this address cannot be
answered . for assistance ,
log
in to your paypal account and choose the help link in the footer of
any page .
to receive email notifications in plain text instead of html , update
your preferences here .
paypal email id pp 468
protect your account
info
make sure you never provide your password to
fraudulent websites . to safely and securely access the paypal
website or your account , open a new web browser ( e . g . internet explorer or
netscape ) and type in the paypal url ( https : / / www . paypal . com / us / ) to be
sure you are on the real paypal site . paypal will never ask you to
enter your password in an email . for more information on protecting
yourself from fraud , please review our security tips at
https : / / www . paypal . com / us / securitytips
",spam,2005-06-30
7136,elena chilkina,hi,ham,2000-10-04
17945,start date : 1 / 30 / 02 ; hourahead hour : 11 ;,"start date : 1 / 30 / 02 ; hourahead hour : 11 ; no ancillary schedules awarded . no variances detected .
log messages :
parsing file - - > > o : \ portland \ westdesk \ california scheduling \ iso final schedules \ 2002013011 . txt",ham,2002-01-30
1345,enron,"? ? ? keep up the good work .
?
we at home love it at $ 80 + + +
?
ken",ham,2000-08-07
10981,make big money with foreclosed real estate in your area,"trinity consulting 1730 redhill ave . , ste . 135 irvine , ca 92606 this e - mail message is an advertisement and / or solicitation .
",spam,2005-07-21
1653,oct prod est - revision,"daren ,
fyi .
bob
- - - - - - - - - - - - - - - - - - - - - - forwarded by robert cotten / hou / ect on 09 / 21 / 2000 01 : 51
pm - - - - - - - - - - - - - - - - - - - - - - - - - - -
vance l taylor
09 / 21 / 2000 01 : 24 pm
to : robert cotten / hou / ect @ ect
cc : gary a hanks / hou / ect @ ect , melissa graves / hou / ect @ ect
subject : oct prod est - revision
bob ,
please see the attached file estimating wellhead production for the month of
october . this estimate is consistent with the volume conveyed to daren
earlier this afternoon .
vlt
x 36353",ham,2000-09-21
33187,100 % f - r - e - e adult personals,"online dating service
100 % f - r - e - e adult personals
http : / / veveca . com / checkthis . html
meet horny people in your area that just want s - e - x ! !
it ' s quick , easy , and 100 % f - r - e - e !
click here to start browsing profiles
or create your own profile instantly .
http : / / veveca . com / checkthis . html
so no more
",spam,2005-06-16
26482,"all graphics software available , cheap oem versions .","good morning ,
we we offer latest oem packages of all graphics and publishing software from corei , macromedia , adobe and others .
$ 80 adobe photoshop 8 . 0 / cs
$ 140 macromedia studio mx 2004
$ 120 adobe acrobat 7 . 0 professionai
$ 150 adobe premiere pro 1 . 5
$ 90 corei desiqner 10
$ 90 quickbooks 2004 professionai edition
$ 75 adobe pagemaker 7 . 0
$ 70 xara x vl . 1
$ 75 adobe audition 1 . 5
$ 90 discreet 3 d studio max 7
$ 115 adobe golive cs
$ 135 adobe after effects 6 . 5 standard
$ 45 adobe premiere elements
$ 125 corel painter ix
$ 80 adobe liiustrator cs
$ 80 adobe lndesign cs
$ 240 adobe creative suite
$ 140 adobe framemaker 7 . 1
$ 50 uiead cooi 3 d production studio 1 . 0 . 1
$ 90 aiias motion buiider 6 professionai
$ 30 quicken 2004 premier home & biz
$ 30 adobe photoshop eiements 3 . 0
$ 110 adobe premiere pro 7 . 0
learn more . . .
sincereiy ,
lsiah
",spam,2005-07-04
10658,any software backups for lowest pricest .,"best software prices .
i exist as i am , that is enough .
envy is the ulcer of the soul .",spam,2005-07-13
4176,d - link airplus g 802 . 11 g wireless router $ 87 . 00,"$ 87 . 00
high speed
( 802 . 11 g ) , 4 port
wireless router
54 mbps
( 802 . 11 g ) , 4 port wireless routerdi - 524
airplus g 802 . 11 g wireless
router
visit : http : / / www . computron - me . com for deals !
d - link airplus g
802 . 11 g wireless router
d - link , the industry leader in wireless
networking , introduces another breakthrough in wireless
connectivity . the d - link
airplus g di - 524 wireless router which is capable
of transferring data at rates of up to
54 mbps in the 2 . 4 ghz frequency - the same
wireless frequency as 802 . 11 b . the d - link di - 524
wireless router also offers four ethernet ports to
support multiple computers . the advanced wireless
technology built into the di - 524 wireless router offers
data transfer speeds up to 54 mbps through its wireless
channels allowing streaming videos and other high
bandwidth applications , such as online gaming events , to
operate without the hassle of ethernet cables . the
ability to use high bandwidth applications also makes
streaming real - time programs more enjoyable and more
efficient . with the di - 524 wireless router ' s built - in
advanced firewall , threats of hackers penetrating your
network are minimized .
general features :
- 4 - port wireless
router - 54 mbps maximum data transfer rate - web
based device management - dhcp server and client
device management - 64 / 128 - bit wep encryption - up
to 328 - feet
range
your one stop
distributorjebel ali duty free zonedubai , uae . www . computron - me . com
for latest clearance sale listing contact our
sales department .
only limited quantities available on selected
specials ! ! ! !
for further details please send
your enquiries to : dealers @ emirates . net . aeor contact via www . computron - me . com
compaq
hewlett packard
3 com
dell
intel
iomega
epson
aopen
creative
toshiba
apc
cisco
us
robotics
microsoft
canon
intellinet
targus
viewsonic
ibm
sony
- - - - - - - and lots more
! ! !
if you have any
complaints / suggestions contact : customerservice @ computron - me . com
tel + 971 4
8834464
all prices in u . s . dollars , ex - works ,
fax + 971 4
8834454
jebel ali duty free zone
www . computron - me . com
prices and availability subject to change
usa -
canada u . a . e .
without
notice .
to receive our special offers
in plain
text format reply to this
mail with the request * for
export only *
this
email can not be considered spam as long as we include : contact
information remove instructions . this message is intended for dealer
and resellers only . if you have somehow gotten on this list in error , or
for any other reason would like to be removed , please reply with "" remove
"" in the subject line of your message . this message is being sent to you
in compliance with the federal legislation for commercial e - mail
( h . r . 4176 - section 101 paragraph ( e ) ( 1 ) ( a ) and bill s . 1618 title iii
passed by the 105 th u . s . congress .
all logos and
trademarks are the property of their respective
owners
products may not be exactly as shown
above
- -
to unsubscribe from : computron 3 , just follow this link :
click the link , or copy and paste the address into your browser .
please give it atleast 48 hours for unsubscription to be effective .",spam,2004-08-11
11255,re : vitro,"louise ,
the following are the differences in npv at 13 % for the vitro project under the three different scenarios you laid out .
1 . if we keep the plant ,
project npv @ 13 % : us $ 24 . 0 mm
equity investments to project : us $ 52 . 8 mm
2 . if we sell to enel ' s based on their offer as it was delivered to us on march 2 of this year
project npv @ 13 % : us $ 16 . 2 mm
equity investments to project : us $ 10 . 5 mm ( under this scenario we would fund 100 % of the equity required for the project through cod but after giving effect to the cash received up front by enel , we would only be funding 20 % of the equity required from enron which is equal to the us $ 10 . 5 mm )
3 . if sell to enel under the restructured proposal to achieve our deconsolidation and earnings objectives ,
project npv @ 13 % : us $ 16 . 8 mm
equity investments to project : us $ 10 . 5 mm ( under this scenario we would fund 50 % of the equity required for the project through cod but after giving effect to the cash received up front by enel , we would only be funding 20 % of the equity required from enron which is equal to the us $ 10 . 5 mm )
let me know if you have any questions or if you would like to see more details on the three different scenarios .
thanks ,
steve",ham,2001-03-22
2581,ces changes on 16 th & 17 th,"daren - - - just wanted to make sure you heard about the ces changes on midcon on
the 16 th and 17 th , so let me know if you didnt get carlos ' sheet .
mark
x 33396",ham,2001-02-18
895,may activity survey,"daren ,
please provide the number of producer services deals for the month of may
( new vs . existing )
shari
3 - 3859
- - - - - - - - - - - - - - - - - - - - - - forwarded by shari mao / hou / ect on 06 / 06 / 2000 01 : 02 pm
- - - - - - - - - - - - - - - - - - - - - - - - - - -
james scribner @ enron
05 / 30 / 2000 11 : 43 am
to : bob klein / hou / ect @ ect , bryce baxter / hou / ect @ ect , carrie
hollomon / hou / ect @ ect , cheryl dudley / hou / ect @ ect , daren j farmer / hou / ect @ ect ,
faye ellis / hou / ect @ ect , gordon heaney / corp / enron @ enron , judy
barnes / hou / ect @ ect , kathryn cordes / hou / ect @ ect , kim s theriot / hou / ect @ ect ,
linda s bryan / hou / ect @ ect , lisa csikos / hou / ect @ ect , mary g
gosnell / hou / ect @ ect , michael e moscoso / hou / ect @ ect , pat
clynes / corp / enron @ enron , rita wynne / hou / ect @ ect , d todd hall / hou / ect @ ect ,
irene flynn / hou / ect @ ect , donna consemiu / hou / ect @ ect , bill d hare / hou / ect @ ect ,
connie sutton / hou / ect @ ect , dan houston / corp / enron @ enron , michael
eiben / hou / ect @ ect
cc : lisa b cousino / hou / ect @ ect , shari mao / hou / ect @ ect , jennifer
reside / hou / ect @ ect , elmo gore / corp / enron @ enron
subject : may activity survey
attached please find the activity survey for the month of may , 2000 .
i am sending the survey out this time as an opportunity to introduce myself
to those of you i have not yet met . i am being asked to take a direct roll
in the further development and rollout of the operations pricing model ( fka
transaction cost model ) . in the past , i have directed the implementation of
several pricing systems based on activity based costing similar to the
operations pricing model ( opm ) . over the past couple of weeks my
observations of the model have lead me to be concerned with the quality of
data used in the model . it will take efforts by both you and the opm team to
get to a satisfactory level of data quality . this process can start with
this months data collection efforts . please pay particular attention this
month as the "" bar is being raised "" by the management of energy operations for
data quality and timeliness .
the attached survey drives your costs from your activities to the commercial
teams . please select your rcs , and fill in the driver quantity for the
requested driver for the month of may . please fill out the attached activity
driver survey with may numbers for your rc and return to shari mao by end of
day friday , june 2 .
please note the following updates :
for nat gas , sally beck is interested in physical ( as denoted as ph in the
survey ) vs . financial ( as denoted as fi in the survey ) numbers , please
provide statistics accordingly
if a driver has not been updated per your request , please call or email
jennifer reside
if you have additional updates / suggestions or items that need correction ,
please call or email jennifer reside
if your group currently generates a standard report that captures the
surveyed data , please send the report to jennifer reside . this will
eliminate your need to fill out this survey every month . if you would like
us to collect this information from someone within your team beginning next
month , please let jennifer know .
please contact jennifer reside x 3 - 5971 with questions ( shari is on vacation
this week ) , or if you are unable to complete the survey within the allotted
time .",ham,2000-06-06
7416,weather article has been approved - - need to send photos,"gary & seth ,
thumbs up on the fow article . many thanks for working through it with me . . .
joe
- - - - - - - - - - - - - - - - - - - - - - forwarded by joseph hrgovcic / hou / ect on 10 / 26 / 2000
11 : 27 am - - - - - - - - - - - - - - - - - - - - - - - - - - -
jane sandiford on 10 / 25 / 2000 06 : 26 : 32 am
to : joseph . hrgovcic @ enron . com
cc :
subject : weather article - photos ?
dear joseph ,
thank you so much for sending me such an interesting article on the internet
and weather derivatives . i really enjoyed reading it !
i just have one final question - do you have a photograph of yourself ( or
the other authors ) that you could send me ? tif , gif or jpeg files are fine
so long as they are 300 dpi .
thanks again and i hope to hear from you soon .
best regards ,
jane
jane sandiford
deputy editor
fow magazine
tel : 0207 827 6493
fax : 0207 827 6413
email : jsandiford @ fow . com
* * disclaimer * *
the contents of this e - mail is sent to the addressee only and may contain
information that is confidential .
persons other than the addressee should not read , disclose , copy or otherwise
distribute this message except for delivery to the addressee .
this e - mail and its attachments ( if any ) have been scanned by trend micro
interscan viruswall v 3 . 4 .
* * personal e - mails * *
the metal bulletin e - mail system scans all e - mails and deletes personal
messages which contain items of a sexual , racial or other inappropriate
matter without notifying the sender . therefore , the transmission of personal
messages , both incoming and outgoing , cannot be guaranteed .",ham,2000-10-26
14811,re :,"i meant 200 k and 200 k for sandra . grigsby is confusing me .
- - - - - original message - - - - -
from : lavorato , john
sent : monday , january 21 , 2002 2 : 20 pm
to : kitchen , louise ; milnthorp , rob ; calger , christopher f . ; whalley , greg ; shively , hunter s . ; presto , kevin m . ; belden , tim
subject :
brawner done at 100 k and 100 k
davies done at 325 k and 325 k
whitt is fine at 150 k and 150 k @ if lucci is at 50 k and 50 k @ if we offer employment to theresa staab who is a scheduler .
also all of us may be going to ny on thursday morning .",ham,2002-01-21
7274,program,"i forgot to attach the program file . here it is
- chonawee
- - - - - - - - - - - - - - - - - - - - - - forwarded by chonawee supatgiat / corp / enron on
10 / 17 / 2000 09 : 13 pm - - - - - - - - - - - - - - - - - - - - - - - - - - -
chonawee supatgiat
10 / 17 / 2000 09 : 13 pm
to : mike a roberts / hou / ect @ ect
cc : vince j kaminski / hou / ect @ ect
subject : program
mike ,
here is third version of the program . it gives better results than the
previous versions you have . sorry for the delay , these past 2 days i have
been busy meeting with people on the new ebs project . i think the result
looks reasonably good . you can try it . ( to run , type cow filename . jpg m )
smallcow . jpg : hand count 165 , program reports 140
cow 2 . jpg : hand count 1 , program reports 1
cow 3 . jpg : hand count 273 , program reports 244
cow 4 . jpg : hand count 7 , program reports 7
cow 5 . jpg : hand count 160 - 180 , program reports 165
- chonawee
you can show it to the others by yourself or i can go with you . i will have
to go to german consulate tomorrow morning and will be in the office around
10 : 30 - 11 am .
- chonawee",ham,2000-10-17
26315,"get your babies diapers bill paid for , for a year !","your family could definately use this , now go .
odzzfzzq",spam,2005-07-02
9339,re : fw : fw : get together this coming tuesday ?,"thanks for the update . kim .
- - - - - original message - - - - -
from : kaminski , vince
sent : tuesday , may 01 , 2001 2 : 08 pm
to : watson , kimberly
cc : gadd , eric ; kaminski , vince
subject : re : fw : fw : get together this coming tuesday ?
kim ,
i talked to dale early this morning and suggested that we meet during his
next trip to houston
when we decide on timing of our project .
vince
from : kimberly watson / enron @ enronxgate on 05 / 01 / 2001 08 : 41 am
to : vince j kaminski / hou / ect @ ect , eric gadd / et & s / enron @ enron
cc :
subject : fw : fw : get together this coming tuesday ?
vince ,
if dale comes in to see you , it looks like eric might be available to meet
with you as well . it would be a good opportunity for eric to meet dale and
get a little more information on his model . eric ' s phone number is x 54713 .
thanks ,
kim .
- - - - - original message - - - - -
from : gadd , eric
sent : monday , april 30 , 2001 8 : 12 pm
to : watson , kimberly
subject : re : fw : get together this coming tuesday ?
works for me . give me a call at 9 : 30 .
from : kimberly watson / enron @ enronxgate on 04 / 30 / 2001 05 : 09 pm
to : eric gadd / et kaminski , vince
subject : re : get together this coming tuesday ?
dale ,
please , call me on tuesday . my morning schedule is full but i am open in the
afternoon .
vince
>
"" dale m . nesbitt "" on 04 / 30 / 2001 01 : 51 : 21 am
please respond to
to : "" vincent kaminski "" , "" kimberly s . watson ""
cc :
subject : get together this coming tuesday ?
vince / kim :
i am flying to houston tonight and wondered if it would fit one or both of
your schedules to get together this coming tuesday sometime for 1 / 2 hour or
so . i really want to reinitiate the conversations marketpoint was having
with john goodpasture and you , and he said either or both of you were the
right people to continue after his responsibility shift . john was quite
positive about the idea of enron acquiring marketpoint narg through license ,
and he implied that one or both of you would be carrying the ball in that
direction after he handed it to you .
would this coming tuesday morning at 930 am be a good time for you guys ? if
so , please give me an email shout at the above address or leave a message on
my voicemail at ( 650 ) 218 - 3069 . i think you will be truly impressed with the
scope and progress we have been able to make with both the short run narg
and the long run narg in which you were interested ( not to mention our power
model ) . the progress is noticeable since you saw it . both long and short
term narg are having quite an impact on a number of gas decisions at the
moment ranging from venezuelan lng , north american lng import terminals and
term , gas basis calculations , trading support , power plant development ,
gas - to - power price spreads in key markets , veracity of heat rate trades ,
bank financings , storage field evaluation , and which new pipelines we can
expect to see enter and which are dogs .
i really hope we can fit it in and get our discussions moving in a mutually
productive direction again . i think narg can help you become even more
successful , and i look forward to working with you .
we have a new office address and new phone number as well . ( we move in may
1 . )
altos management partners
95 main street , suite 10
los altos , ca 94022
( 650 ) 948 - 8830 voice
( 650 ) 948 - 8850 fax
( 650 ) 218 - 3069 cellular
give the phones a week or so to get "" debugged "" and then switch over .
dale",ham,2001-05-01
14662,re : interest rates,"following the discussions i have had with louise and jay , this is the proposed solution to the interest rate risk management in newco .
1 . for the first few weeks ( to a few months ) we continue to use infinity to update the curves at 2 pm . i will need to have one trader to execute , mark curves and do any deals for foreign exchange ( cd $ etc . ) . louise , i hope you have this in your budget and headcount . i will need one junior trader ( and maybe two as things grow ) to help do this job . i have lined up one of the guys in the old trading desk , if this goes forward .
2 . in the first few weeks , jay webb and myself are hoping to acquire a lighter , and much simpler interest rate package which will allow us to do what we do , with significantly lower costs . we also will re - design the way we aggregate interest rate risk in the commodity books , to make it simpler and easier . to ensure there is no more discussion ever of drift - reallocation , i propose a method where , every desk head gets back his complete interest rate portfolio drift every month or quarter ( less any transaction expenses ) . i would expect that , the interest rate curve shift will be small till we build a somewhat longer dated portfolio , while the drift could start becoming substantial pretty quickly ( as we start making money ) .
hope this answers the questions . we will have the curves at the right time , done by the trading group . we will still measure and manage our own exposure to both interest rates and currencies . we intend to allocate small var to that risk management . we would deal primarily with one or two counterparties - the parent bank and a couple of futures brokers to manage the risk .
just to be very clear , while i am happy to manage this risk ( with extra help ) , i am primarily interested in the running of power options and structured products .
harry
ps - i cant find jeffrey gossett in the email system , stacey can you forward the email to him ( i dont know if he is an ene employee )
- - - - - original message - - - - -
from : kitchen , louise
sent : monday , january 07 , 2002 2 : 25 pm
to : gossett , jeffrey c . ; arora , harry ; webb , jay
cc : lavorato , john
subject : re : interest rates
harry / jay , can you help come to some conclusion on this .
- - - - - original message - - - - -
from : gossett , jeffrey c .
sent : monday , january 07 , 2002 12 : 49 pm
to : lavorato , john ; kitchen , louise
subject : interest rates
john / louise -
given that under the current plan , the bank will be trading our interest rate risk , i doubt we are taking an interest rate trader to newco . in order to get the books run we will need an interest rate curve .
should i plan on just getting access to reuters and setting a curve off of libor on my own ?
jeff",ham,2002-01-08
28065,hea golf tourney - tpc pairings,"michelle lokay ,
if you registered as a foursome , please review the following to obtain your
tee assignment for monday ' s tournament on the tpc course at the woodlands .
you should report directly to the tpc anytime after 11 : 30 for lunch and
registration ; shotgun tee time of 1 : 30 p . m .
remember - the format is par as your friend . also , these pairings were made
on a first come , first served basis of the teams who registered as members of
hea or nesa with full payment . if you don ' t see your name , you will be
playing the oaks course .
# 1 a - billy shields ; rob henk ; tom mathiasmeier ; lester lipperdt
# 1 b - charles neuberger , john lewis , perry lee johnson , tom brown
# 2 a - lee hanse , buck guinn , jody sumrall , bruce boyd
# 2 b - matt liner , rob bond , john wortham , sam ansley
# 3 a - keith sawyer , paul drexelius , pat banks , neal stockham
# 3 b - dan james , ken ballard , mike cobb , poe reed
# 4 a - ed troutman , jeff ambrose , ken perkins , tristan mathews
# 4 b - steve mcadory , tom rinehart , mike smith , pat anderson
# 5 a - darcy pach , larry sanderson , lee byassee , pierce rice
# 5 b - tim kingsmill , greg harper , bill whaley , kelly adams
# 6 a - mark cook , steve lichty , dave loe , russell schneider
# 6 b - linda roberts , gary bryan , dennis novosad , greg hambrick
# 7 a - corey grindal , mike mcginnis , preston troutman , phil landers
# 7 b - marty zolkoski , bill harper , mickey simmons , ron kapavik
# 8 a - darlene clark , jack beckham , roy cutsinger , tom fritts
# 8 b - stephen wolfe , randy hairr , mark hawkins , kim norman
# 9 a - bob foley , bob dorcheus , jerry pinto , allan knopp
# 9 b - darin aucoin , kevin thompson , tom van matre , jim andritsos
# 10 a - elizabeth roberts , larry clayton , mark darnell , linda whatley
# 10 b - ronnie sceroler , henderson cosnahan , bob withers , ershel redd
# 11 a - beau gervais , matt rosser , kevin holder , alan cook
# 11 b - charles steen , mark steen , rankin schurman , jim lindsay
# 12 a - john poe , andy levine , geoff beiermeister , dennis henderson
# 12 b - brett fishburn , mark pyburn , graham mccarrol , dan burns
# 13 a - doug ray , laurie rutherford , jerry vitek , vicki taormina
# 13 b - gary boening , jeff gillespie , bob ankersheil , shane riley
# 14 a - matt fleming , paul tate , bonnie briggs , bill briggs
# 14 b - mike wells , randy parr , ernie merkel , cliff brundrett
# 15 a - pete petracco , matt kwak , chris cater , richard kelman
# 15 b - clint stockman , jerry brown , sam charlton , calvin johnson
# 16 a - david smith , doug davis , david garza , mike bucher
# 16 b - ralph young , curtis holtman , lou marquez , david bosse
# 17 a - boyd cherry , bill eiser , gary booker , patrick black
# 17 b - jay davis , robert epps , david little , sandy hobbs
# 18 a - brad petrick , ed fedorchak , bert bonassin , tim delay
# 18 b - bob broxson , jake woodall , greg dodd , steve becker
this message was sent by :
teresa knight , executive director
houston energy association ( hea )
phone : ( 713 ) 651 - 0551
fax for hea : ( 713 ) 659 - 6424
tknight @ houstonenergy . org
if you would like to have your email address removed from our mailing list ,
please click the link below to the hea home page , where you will find a
mini - form to remove your name automatically .
http : / / www . houstonenergy . org /
if you did not receive the attached file or it was corrupted , you can find it
at : http : / / www . houstonenergy . org / public /",ham,2000-10-10
13809,fw : update on srp margin call,"- - - - - original message - - - - -
from : hall , steve c . ( legal )
sent : wednesday , november 07 , 2001 7 : 30 pm
to : belden , tim
cc : sager , elizabeth ; bradford , william s . ; ngo , tracy
subject : update on srp margin call
importance : high
tim ,
as you know , srp made a margin call to epmi on monday , by letter , seeking $ 5 . 5 million in margin under a "" one - off "" contract . tracy and i sent a letter back on tuesday , arguing that the contract does not permit srp to call for additional margin unless ene is downgraded to junk status . srp responded to our letter this afternoon . predictably , srp disagrees with our view of the contract and demands its margin . srp says that it will treat our failure to post $ 5 . 5 million by monday , november 12 , in either cash or an irrevocable letter of credit , as an event of default and will terminate the contract . if this happens , epmi would have to make a payment of $ 5 . 5 million within 10 days of receipt of an invoice from srp .
as you know , tracy and i strongly believe that the contract does not support srp ' s right to call for margin at this time . however , the contract is not perfect ( they drafted it , after all ) and there is a sentence fragment that supports their position .
i recommend that we treat the srp - epmi dispute regarding the margining criteria under this agreement as a "" dispute "" under section 17 . disputes are first submitted to authorized representatives ( each company designates an authorized representative ) to resolve . if the authorized representatives cannot reach agreement within 30 days , then the dispute is forwarded to you and your equivalent at srp ( the "" executives "" ) . the executives have to meet within 30 days to resolve the issue . if the executives cannot resolve the issue within 30 days , then both parties can choose arbitration , or either party can take the matter to court . in summary , best case , this option gets us up to 90 days before we have to arbitrate / litigate the issue . otherwise , we better prepare to post collateral monday .
if you want to handle this matter by taking the "" dispute "" route , i should send a letter out tomorrow to srp giving notice that we wish to try to resolve this through the contract ' s "" dispute "" provisions .
steve
( i should also mention that tracy has informed me that srp plans to issue a margin call on our wspp contracts ( approximately $ 4 . 5 million ) as soon as it calculates the amount due . )",ham,2001-11-07
229,enron and chase manhattan bank sign long - term energy management,"agreement
houston and new york  ) enron energy services , a subsidiary of enron corp . ,
and the chase manhattan corporation ( nyse : cmb ) announced today a ten - year ,
$ 750 million energy management agreement . enron will provide energy
management services for 860 of chase  , s facilities nationwide , including
office buildings , retail branches and operations centers .
as part of this agreement , enron will provide commodity management , including
analysis and consolidation of approximately 30 , 000 annual utility invoices
currently processed through multiple operating groups , as well as overall
project management for energy infrastructure upgrades , designed to make
material improvements in the energy efficiency of many chase facilities .
"" chase has taken a leadership position among financial institutions by
recognizing the financial and administrative benefits of working with enron
to consolidate its energy management processes ,  8 said lou pai , ceo of enron
energy services .  & our agreement effectively takes chase out of the energy
management business and enables them to focus more time and resources on
growing their successful financial services business . ""
 & this transaction is another great example of chase  , s discipline and
initiative in creating significant value for our shareholders ,  8 said liz
flynn , head of chase business services .  & it again demonstrates the
effectiveness of chase business services , a shared services organization
created to improve service and lower costs for all of chase  , s operating
groups .  8
the chase manhattan corporation , with $ 406 billion in assets , is one of the
world  , s premier financial services institutions , with operations in 48
countries around the globe . chase has a top - tier ranking in all areas of
investment banking , private banking , trading and global markets activities as
well as information and transaction processing . chase is a leading provider
of financial solutions to large corporations , financial institutions ,
government entities , middle market firms , small businesses and individuals ,
and has relationships with more than 30 million consumers across the united
states through products and services such as credit cards , mortgages , online
banking , debit cards , deposit products and auto loans . through its newly
formed business unit , chase . com , chase is successfully creating new business
models for the internet economy . chase can be reached on the web at
www . chase . com .
enron is one of the world  , s leading electricity , natural gas and
communications companies . the company , which owns approximately $ 34 billion
in energy and communications assets , produces electricity and natural gas ,
develops , constructs and operates energy facilities worldwide , delivers
physical commodities and financial and risk management services to customers
around the world , and is developing an intelligent network platform to
facilitate online business . enron  , s internet address is www . enron . com , and
the stock is traded under the ticker symbol  & ene .  8",ham,2000-02-02
33214,any software just for 15 $ - 99 $,"understanding oem software
lead me not into temptation ; i can find the way myself .
# 3533 . the law disregards trifles .",spam,2005-06-18
30123,best software prices . strikers flop,"quashes colonize outrageous churchyards
bradshaw sock oval profoundly
identified avouch chimney hurts
mythologies customizer snafu askance laundered
dated aright offenbach
algebra obsolescence candidate
slammed stubblefields declinations
fortresses helium karp wetting
diffusion populate recapture
",spam,2004-10-25
1373,re : tri - c - governer bill daniels # 1,"melissa ,
the price has been revised to 97 % if / hsc .
bob
enron north america corp .
from : melissa graves 08 / 10 / 2000 02 : 48 pm
to : robert cotten / hou / ect @ ect
cc : donald p reinhardt / hou / ect @ ect , susan smith / hou / ect @ ect , vance l
taylor / hou / ect @ ect , jeffrey a austin / hou / ect @ ect , lisa hesse / hou / ect @ ect
subject : tri - c - governer bill daniels # 1
robert ,
please revise the pricing below to be : 97 % if / hsc for all volumes ( no tier ) .
thanks ,
melissa
- - - - - - - - - - - - - - - - - - - - - - forwarded by melissa graves / hou / ect on 08 / 10 / 2000
02 : 47 pm - - - - - - - - - - - - - - - - - - - - - - - - - - -
susan
smith
08 / 10 / 2000 12 : 23 pm
to : robert cotten / hou / ect @ ect
cc : donald p reinhardt / hou / ect @ ect , melissa graves / hou / ect @ ect , jeffrey a
austin / hou / ect @ ect , vance l taylor / hou / ect @ ect , lisa hesse / hou / ect @ ect
subject : tri - c - governer bill daniels # 1
bob :
please create and enter a ticket into sitara based on the following :
counterparty meter period - volumes price
cokinos natural gas co . 9842 8 - 1 / 8 - 30 - first 5000 / day is 96 % , over 5000
day is 97 %
7328 mmbtu / d
this is a producer services deal and should be tracked in the im wellhead
portfolio , attached to the gathering contract .
thank you ,
susan
x 33321",ham,2000-08-10
20922,millions of mp 3 ' s and movies - download for free now !,"click here to enter !
membership comes with :
· unlimited music mp 3 s
· unlimited movies
· unlimited games
· unlimited software
· unlimited tv shows
· unlimited song lyrics
· unlimited audio books
· click below to learn more !
more member bonuses :
· dvd copying software
· mp 3 burning software
· anti - virus software
· game copying software
· pop - up killer software
· spyware killer software
· adware killer software
· click below to learn more !
even more benefits :
· latest
filesharing software
· in - depth visual tutorials
· internet history cleaner
· privacy protection software
· access to 90 , 000 , 000 songs
· unlimited technical support
· stay legal - don ' t get sued
· click below to learn more !
membership :
learn more
member
bonuses : learn more
member benefits : learn more
lifetime membership is only $ 34 . 95 !
click here to join now and start downloading in minutes !
to be removed from future email notifications , please click here .
",spam,2005-01-09
11660,easier for epmi / ees to purchase from industrials,"fyi - - i have forwarded this to the desk and origination .
subject : easier for epmi / ees to purchase from industrials
attached is ferc authorization for epmi and ees to purchase power from industrials nationwide ( effective march 6 , 2001 - - does not expire ) . the industrial does not have to obtain its own power marketer license from ferc ( subject to epmi and ees making certain after the fact quarterlty filings for the industrials ) .
specifics :
owners of generating facilities located at business locations and used primarily for back - up for self - generation ( who will be "" public utilities "" subject to the federal power act only while they sell at wholesale ) can sell power at wholesale from such facilities to epmi and ees without prior notice under section 205 of fpa ( would usually require 60 day advance notice filing ) .
- - waives certain parts of the filing requirements for the industrial ; however , the industrial will still be subject to shortened filing requirements for dispositions of facilities and interlocking positions while they are selling at wholesale .
- - epmi and ees will make the ferc quarterly filings on behalf of the industrials for any of these purchases . our report must show the names of the industrial ; aggregate amount of capacity and / or energy purchased from each seller ; and the aggregate compensation paid to each seller . accounting / commercial folks for epmi and ees - - please make sure these purchases are flagged in the accounting system , since the report will be separate from our big quarterly reports .
- - this does not authorize the retail industrial customer to violate any rules or tariffs of its host utility . this does not authorize an industrial to resell power it purchases ( only can sell what it generates ) ; unless otherwise allowed ( or not precluded ) by its retail tariff .
west desk : this is similar to the authorization that ferc gave last week to purchases from industrials in wscc .
_ _ _ _ _ _ _ _ _ _ _ _ _ _ _ _ _ _ _ _ _ _ _ _ _ _ _ _ _ _ _ _ _ _ _ _
on april 27 , ferc issued an order granting epmi and ees the authority to purchase power from ipps at market - based rates . as the attached order indicates , the effective date of the epmi and ees rate schedules is march 6 , 2001 .
- erol 1394 . wpd
- erol 1394 . doc",ham,2001-05-02
10428,buyer beware - penis patches !,"penis enlargement patch that works ! ! !
http : / / www . gretan . com / ss /
a very ancient and fish - like smell .
have no friends not equal to yourself .
the wise man is he who knows the relative value of things .
courage is one step ahead of fear .
idleness is not doing nothing . idleness is being free to do anything .",spam,2005-07-01
490,re : pg & e texoma volumes,"this particular meter looks okay today , so should not be impacting ua 4 . will
keep you posted if i find any other problems .
bryan hull
03 / 21 / 2000 05 : 18 pm
to : lauri a allen / hou / ect @ ect
cc :
subject : re : pg & e texoma volumes
i looked at our p & l tonite and our ua 4 volumes actually increased by about
90 , 000 mmbtu ' s for a grand total of 550 , 000 mmbtu ' s for the month . i don ' t
know if they fixed this problem or not . if you have any information please
let me know .
thanks .
bryan
lauri a allen
03 / 21 / 2000 09 : 51 am
to : bryan hull / hou / ect @ ect
cc :
subject : re : pg & e texoma volumes
scheduling says that they have corrected , but no telling what may happen
overnight . if you run your p & l this evening , you should be okay .",ham,2000-03-22
29322,"doctor contact , medicaldirectory , and physiciansguid 7 , 000 hospitals , 25 , 000 nursing homes and 400 , 000 doctors","the united states health care database
the united states healthcare database is a comprehensive
new product that is offered exclusively on a limited - time
basis . this complete database includes all hospitals ,
hmo ' s , group medical practices , nursing homes , and
physicians in the country .
in a rapidly - changing industry , current healthcare
information is an invaluable resource to businesses and
organizations . the united states healthcare database
includes comprehensive information on more than 7 , 000
hospitals , 25 , 000 nursing homes and 400 , 000 doctors not
to mention hmos and group medical practices .
it is the most extensive and reliable mailing list and
database of key decision makers in the health care market .
imagine the increase in marketing and sales effectiveness
made possible by targeting the key contacts by name .
if reaching the right decision maker is critical to the
success of your direct marketing campaigns , then this
is the product .
each record is indexed by such features as name , address ,
phone and fax . the database is available in excel
format on cd rom . it is designed for mailing lists and
merges . the data can be selected by state or other
criteria such as type of practice . it can be used on an
unlimited basis .
during this introductory offer , the cost of this
completely new database ( which is available exclusively
on cd - rom ) is $ 575 . 00 ( reg . $ 1 , 495 ) . an annual
subscription ( includes six editions ) is available now
for $ 825 ( reg . $ 2 , 995 )
to order the united states health care database ( c ) ,
please complete the information below and
fax it to this number 1 - 905 - 751 - 0199 ( tel : 905 - 751 - 0919 ) .
[ ] i would like to order united states health care
database ( $ 575 ) . please invoice me .
[ ] i would like an annual subscription
( six editions at $ 825 ) . please invoice me .
name :
title :
organization :
address :
city :
postal :
tel :
fax :
e - mail :
to order the united states health care database ( c ) ,
please complete the information and
fax it to 1 - 905 - 751 - 0199 ( tel : 1 - 905 - 751 - 0919 )
infosource group of companies is a leading information
publishing firm with offices throughout north america
and europe .
to be removed from the database please follow this link ,
http : / / notinuse . biz / takeoff / takeoff . html
",spam,2004-08-11
9960,your next investment should be this sto - ck,"pop 3 media corp ( popt )
a company which has positioned itself in the gap between the major
media conglomerates and the universe of independent music , fiim , pubiishing
and technoiogy companies .
current price : o . 025
wiil it continue higher ? watch this one monday as we know many of you
like momentum .
breaking news ! !
pop 3 media corp . ( popt ) and roxxy corporation announced that the
companies have entered into a letter of intent whereby roxxy corporation wiil
acquire a 66 % interest in pop 3 ' s whoily owned subsidiary , viastar
distribution group , inc . "" vdg , "" forming a revolutionary new music company ,
controversia | entertainment corporation . the transaction , consisting of
stock and cash , when completed , will provide pop 3 ' s shareholders with a
33 % stake in the new company .
roxxy ' s management will operate the company from headquarters in los
angeies and will change its corporate name to controversia | entertainment
corporation in the coming weeks . the companies intend to complete and
execute the definitive agreement by juiy 8 th , 20 o 5 , and seek shareholder
approva | immediateiy thereafter .
pop 3 ' s ceo , john d . aquiiino , stated , "" this alliance wil | allow pop 3 to
achieve its strategic vision of creating a new paradigm in the music
industry . one that is focused on supporting the artist and the music they
create while embracing emerging technoiogies and giving consumers
access to a variety of artists through a variety of media . ""
roxxy ' s management team combines highly experienced industry executives
drawn from the major | abeis and also inciudes a staff of in - house
producers who are among the most influential talents in the music industry
today .
"" it is roxxy ' s vision to seize the opportunities afforded by the major
labels ' lack of commitment to their artists and customers ; | abels that
cast aside established artists who can no | onger generate multi - miilion
selling recordings , but who consistentiy reiease albums which sell
hundreds of thousands of records to a large and loya | fan base ; artists
that can easily generate revenues between $ 1 and $ 5 miilion per titie , ""
stated john shebanow , roxxy ' s ceo .
"" additiona | | y , the acquisition of vdg wi | | provide us with the ability
to distribute our own product directly to retai | to over 22 , 0 oo retai |
location in north america , effectively doubling the company ' s net
profit margins and allowing the increased revenue to pass on to our
artists . ""
mr . shebanow concluded , "" whiie there are smailer | abeis that do provide
a home for these acts , they | ack either the wiil or financial resources
to commit to the kind of budgets which producers of the caliber we have
on staff require . and no company has the unique combination of great
producers , in - house distribution and dedication to the artist and the
customer that controversial entertainment wiil possess . ""
about pop 3 media corp :
pop 3 media corp . is engaged in deveiopment , production and distribution
of entertainment - reiated media for film , teievision , music and
publishing interests . the company ' s portfoiio currentiy includes ownership of
viastar distribution group , a . v . o . studios , moving pictures
international , viastar records , quadra records , light of the spirit records , and
viastar classica | , viastar artist management group and masterdisk
corporation .
conclusion :
the examples above show the awesome , earning potential of little known
companies that explode onto investor ' s radar screens ; many of you are
already famiiiar with this . is popt poised and positioned to do that for
you ? then you may fee | the time has come to act . . . and piease watch
this one trade monday ! go popt .
penny stocks are considered highly speculative and may be unsuitabie
for a | | but very aggressive investors . this profiie is not in any way
affiliated with the featured company . we were compensated 3 ooo dollars
to distribute this report . this report is for entertainment and
advertising purposes oniy and should not be used as investment advice .
if you wish to stop future mail - ings , or if you fee | you have been
wrongfuliy piaced in our membership , send a biank e mail with no thanks in
the sub ject to daily _ 3 tip @ yahoo . com",spam,2005-05-26
286,change into midcon due to ppa,"- - - - - - - - - - - - - - - - - - - - - - forwarded by ami chokshi / corp / enron on 02 / 09 / 2000
10 : 49 am - - - - - - - - - - - - - - - - - - - - - - - - - - -
troy _ a _ benoit @ reliantenergy . com on 02 / 09 / 2000 09 : 00 : 49 am
to : "" ami chokshi ""
cc :
subject : change into midcon due to ppa
( see attached file : hpl - feb . xls )
- hpl - feb . xls",ham,2000-02-09
13548,re : bridgeline cash and ar,"he has not talked to me . he cc ' d me on an email this morning - to which i replied . i planned on conversing with him this morning , but the email beat me to the punch . he has been working independently on this effort .
i had a lengthy conversation with trevor last night , spoke with sherman this morning and also met with karen . i have made brian very aware of karen ' s efforts to clean up bhlp - i do not understand why deanna washington is involved with bhlp at allm
mrha
jean mrha",ham,2001-10-26
10993,stox maven news - letter,"* * * watch this one july 21 breaking news alert issue - big news coming * * *
china world trade corp . symbol : cwtd
current price : $ 2 . 46
7 day target : $ 8 . 00
$ $ $ we gave you :
pntv at $ 1 . 10
cdgt at $ 1 . 97
lets make it 3 for 3
look for huge news this company back on the move . rumor has the
shorts are going to be broken and sto * ck will run . cwtd website address is
www . chinawtc . com all company info is there . this sto * ck has had good movement
and support the last 15 months it is a strong company growing in leaps and
bounds .
company has been profiled on cnn asia , forbes . com , bloomberg . com , ceo
cast . com , businessweek . com , p . r . newswire , pennysto * ck weekly . com , yahoo
finance has reports for sale . how much more credibility do you need .
amex exchange listing waits in the wings . this is big ! ! ! ! ! ! company filed
for amex 10 months ago and is finally ready to go up based on the 10 k .
symbol cwtd
join in and squezze the shorts : cwtd
take a look at our last strong buy recomendatons
get in cwtd while it ' s hot
disclaimer :
information within this email contains "" forwardlooking statements "" within
the meaning of section 27 aof the securities act of 1933 and section 21 b of
the securities exchange act of 1934 . any statements that express or involve
discussions with respect to predictions , expectations , beliefs ,
plans , projections , objectives , goals , assumptions or future events or
performance are not statements of historical fact and may be "" forward
looking statements "" . "" forward looking statements "" are based on
expectations , estimates and projections at the time the statements are made
that involve a number of risks and uncertainties which could cause actual
results or events to differ materially from those presently anticipated .
forward looking statements in this action may be identified through the use
of words such as "" projects "" , "" foresee "" , "" expects "" , "" will "" , "" anticipates "" ,
"" estimates "" , "" believes "" , "" understands "" or that by statements indicating
certain actions "" may "" , "" could "" , or "" might "" occur . risk factors include
general economic and business conditions , the ability to acquire and develop
specific projects , the ability to fund operations and changes in consumer
and business consumption habits and other factors overwhich the company has
little or no control . the publisher of this newsletter does not represent
that the information contained in this message states all material facts or
does not omit a material fact necessary to make the statements therein not
misleading . all information provided within this email pertaining to
investing , stocks , securities must be understood as information provided and
not investment advice . the publisher of this newsletter advises all readers
and subscribers to seek advice from a registered professional securities
representative before deciding to trade in stocks featured within this
email . none of the material within this report shall be construed as any
kind of investment advice or solicitation . many of these companies are on
the verge of bankruptcy . you can lose all your money by investing in this
stock . we urge you to read the company ' s sec filings now , before you invest .
the publisher of this newsletter is not a registered invstment advisor .
subscribers should not view information herein as legal , tax , accounting or
investment advice . in compliance with the securitiesact of 1933 , section
17 ( b ) , the publisher of this newsletter is contracted to receive six hundred
thousand free trading shares from a third party , not an officer , director or
affiliate shareholder for the circulation of this report . be aware of an
inherent conflict of interest resulting from such compensation due to the
fact that this is a paid advertisement and is not without bias . the party
that paid us has a position in the stock they will sell at anytime without
notice . this could have a negative impact on the price of the stock , causing
you to lose money . all factual information in this report was gathered from
public sources , including but not limited to sec filings , company websites
and company press releases . the publisher of this newsletter believes this
information to be reliable but can make no guarantee as to its accuracy or
completeness . use of the material within this email constitutes your .",spam,2005-07-21
1054,re : new eol product,"the texas gas group will definitely be rolling out a "" super peak "" 5 x 8 product
for gas delivery from 1300 to 2100 cdt . if we decide to roll out another
product , probably a "" peak "" 5 xl 2 ( 900 to 2100 cdt ) we will let you know
sometime today .
we will relay the prices to you on monday .
dale neuner 06 / 23 / 2000 09 : 43 am
to : steve venturatos / hou / ect @ ect , melba lozano / hou / ect @ ect , sheri
thomas / hou / ect @ ect , robert b cass / hou / ect @ ect
cc :
subject : re : new eol product
steve -
one issue that immediately comes to mind is the ' general terms and
conditions ' ability to handle intra - day nominations . . this may require a new
product type and gtc .
are we presently trading this product otc , or is this unprecedented ?
dale
to : dale neuner / hou / ect @ ect
cc :
subject : new eol product
- - - - - - - - - - - - - - - - - - - - - - forwarded by melba lozano / hou / ect on 06 / 23 / 2000 09 : 30
am - - - - - - - - - - - - - - - - - - - - - - - - - - -
enron north america corp .
from : steve venturatos 06 / 23 / 2000 09 : 29 am
to : sheri thomas / hou / ect @ ect , melba lozano / hou / ect @ ect
cc :
subject : new eol product
we are finalizing plans to introduce a new gas products ( s ) for july . the
product ( s ) would be an hourly product either 5 x 8 or 5 xl 2 or 5 xl 6 .
even though we have not decided which product to introduce , i thought i would
give you a heads up to keep you in the loop .",ham,2000-06-23
3275,tenaska agreement,"darren ,
do you know what the situation is with getting that tenaska agreement signed ? it is on a list to be assigned to hpl in the sale and i don ' t think it has ever been executed - - i know you left me a message a week or so ago about this - - is there any information that i owe you ?",ham,2001-05-23
5110,a better way is at handheldmed . com,"a new day has dawned . there is a better way !
introducing the new handheldmed website !
www . handheldmed . com
whether you are a new customer or an old customer , we redesigned our new website with you in mind !
some of the new features you will find include :
1 . enhanced customer education
a . 3 easy steps to become a handheldmed member .
b . answers to common questions like ' what are ebooks ? ' what is the hhm mobipocket reader ? ' and ' how do i get started ? ' .
c . online tours of handheldmed ebooks and the hhm mobipocket reader as they appear on palm , pocket pc , sony ericsson , symbian , and windows pc . see how it works before you even download a free trial .
2 . improved site navigation
a . browse medical ebooks by operating system - palm os , pocket pc , sony ericsson , symbian , windows mobile , and windows pc .
b . new ebook store front page for each operating system .
3 . seamless download , installation , and registration on windows pc and mac os
a . tutorials guide you through the download , installation , and registration process step by step whether you ' re downloading a free trial or a purchased ebook .
1 . quicknav functionality allows users familiar with the process to skip steps .
b . register once and only once regardless of how many ebooks you purchase .
4 . re - engineered on - line support structure
a . new "" ask technical support "" form collects important information about your problem quickly and easily , providing you with more efficient support .
5 . shopping cart secured by verisign .
e - book conversion to mobipocket
handheldmed is also finishing up the conversion of our existing reference library from the ez reader format to the new standard in ebook platforms : mobipocket reader .
note : as of january 1 , 2006 , handheldmed will no longer support the ez reader platform . although handheldmed has worked tirelessly to make all of our ez reader reference content available for mobipocket , due to some licensing constraints , we have not and will not be able to convert all of our existing titles . watch for more information on which of these titles this will affect .
new titles coming out soon include :
tabers 20 th ed . august 10 , 2005
harrisons manual of medicine 16 th ed . september 1 , 2005
the merck vet manual 8 th ed . september 10 , 2005
30 % off sale on top ten titles ! ! !
to celebrate our new website and web customer experience we are taking 30 % off all of our top 10 selling references for 30 days only !
these include :
tabers 20 ( when available )
a to z
drug facts
5 minute clinical consult 05
5 minute emergency consult
5 minute pediatric consult
merck manual
nqcd
hodt
5 minute infectious disease
cvmstat
if you are a previous owner of an ez reader version of one of these books , you are eligible for even greater discounts . each of the titles that have been converted from ez reader to mobipocket ( eligible titles are highlighted in red above ) conversion price is only $ 25 ! ! check it out today ! ( conversion price applies to same version only )
patient tracker is back , and better than ever !
is your practice or organization looking for a low cost , integrated , robust , easy to use patient charting application for your desktop , network or handheld devices ?
look no further !
patient tracker t is back and better than ever !
in april , 2005 shatalmic , llc signed an exclusive agreement with handheldmedr , inc . to take over development , sales and support for the patient trackerr line of products . with extensive experience in the hand held and desktop markets , shatalmic is the perfect partner with handheldmedr to develop new features and functionality for the patient tracker product family .
new features and updates for the patient tracker suite include ;
- updates and bug fixes for palm os version ; addresses most compatibility issues with newer devices .
- new installer for pocketpc that works on newer devices enabling syncing to desktop
- new installer for desktop pro soon to be released that will include updated microsoft sql server installation .
product pricing :
patient tracker handheld ( palm os , pocketpc or windowsmobile ) - $ 9 . 95
patient tracker desktop ( pro or lite ) - $ 299 . 00 , additional licenses $ 199 . 00 each .
call tony pitman today ! @ ( 801 ) 336 - 4712 or email tony @ shatalmic . com .
special group and institution volume pricing is available .
if you want more information about patient tracker when new updates and features are available , please click here to be added to the patient tracker specific mailing list . shatalmic assures you that you will not receive spam email only patient tracker specific information . they do not sell your email address to anyone . they are very serious about privacy and this is totally an opt in mailing service .
by signing up for email updates , you will be added to a list of users that will have the chance to participate in the patient tracker 2005 survey . this survey will help shape the future direction of patient tracker by the answers that users / customers give .
about shatalmic llc .
shatalmic , llc is a privately - held , software developer founded company headquartered in layton , utah . since 1977 , we have been working in the computer industry . shatalmic was formed in 1995 and was recently incorporated as an llc in 2004 .
groups institutions
for group or institutional volume discount pricing or any questions about the new features and functionality of these new handheldmed editions :
please contact susan jones : susanj @ handheldmed . com
every possible effort is made to send only to those on our subscriber list .
if you received this message in error , please accept our apologies and select the following link
immediately unsubscribe
if that link fails , send an email to unsubscribe @ handheldmed . com
",spam,2005-08-06
18480,paliourg totally free pres ~ criptions,"paliourg your easy - to - use r ~ x solution is here
totally free p ~ r ~ e ~ scriptions
ordering meds should be simple ~ private ~ secure
no p ~ r ~ escription required ,
this solution is easy ~ to ~ use :
http : / / paliourg . applz 4 u . com / r 2 / ? d = gph
thank you for your time ,
emilia shearer
paliourg below is for u if u dislike e - commerce
http : / / paliourg . er 44 d 6 . com / off . html
",spam,2004-03-13
5085,smallcap cribsheet,"investor alert - immediate release - investor alert
breakout forecast tuesday july 19 , 2005
! ! ! ready to run ! ! ! [ running now ! ! ! ] ! ! ! big winner ! ! !
china world trade corp . cwtd china world trade corp .
current price : $ 2 . 31
projection 5 to 7 days : $ 4 . 50 - $ 5 . 00
projection 12 to 18 days : $ 6 . 00 - $ 8 . 00
see company president john hui interview with cnn asia
also look for new cnn interview re : tremendous 12 month company growth
completed ! ! ! ! forward plan to dominate china ' s travel industry . ( a chinese
expedia . com )
china world trade outbid ctrp on acquisition of new generation
southern china ' s largest travel company .
chairman tsang , formerly of gold lion holdings has taken the reins of cwtd
and continuing his record for success . cwtd is here to stay . read the news
china world trade corporation establishes international business center
to further enhance business services division
monday
guangzhou , china , july / xinhua - prnewswire - firstcall / - - china world trade
corporation ( otc bulletin board : cwtd - news ) announced today that the
international business center ( ibc ) has commenced operations on july 1 which
will support the international communication needed between the company ' s
corporate clients and members . additionally , ibc will assist in serving
china world trade corporation ' s premier club members with business travel
and other various corporate services . ibc aims to build up a strong platform
and play an important role in integrating the business resources of the
company ' s ceo clubs and world trade center clubs and to utilize new
generation ' s extensive travel network and operating system . ibc will also
help china world trade corporation enhance services available to the
company ' s clients with more comprehensive products such as the arrangement
of international business tours , destination intelligence , immigration , and
overseas investment consulting services .
ibc is a bridge linking china world trade and ceo clubs to penetrate the
business services market in china , said mr . william tsang , president and
chairman of china world trade corporation . we are confident that we will
become one of the pioneers in the business services industry in china . we
expect ibc to generate a new stream of revenue , from the amalgamation of our
tailor - made services in areas such as business consulting , immigration and
investments for our premium clients .
stoc : k is ready to rock ! ! ! !
company has already facilitated the money it need ' s to continue it ' s rapid
grow ! ! ! !
disclaimer :
information within this email contains forwardlooking statements within
the meaning of section 27 aof the securities act of 1933 and section 21 b of
the securities exchange act of 1934 . any statements that express or involve
discussions with respect to predictions , expectations , beliefs ,
plans , projections , objectives , goals , assumptions or future events or
performance are not statements of historical fact and may be forward
looking statements . forward looking statements are based on
expectations , estimates and projections at the time the statements are made
that involve a number of risks and uncertainties which could cause actual
results or events to differ materially from those presently anticipated .
forward looking statements in this action may be identified through the use
of words such as projects , foresee , expects , will , anticipates ,
estimates , believes , understands or that by statements indicating
certain actions may , could , or might occur . risk factors include
general economic and business conditions , the ability to acquire and develop
specific projects , the ability to fund operations and changes in consumer
and business consumption habits and other factors overwhich the company has
little or no control . the publisher of this newsletter does not represent
that the information contained in this message states all material facts or
does not omit a material fact necessary to make the statements therein not
misleading . all information provided within this email pertaining to
investing , stoc : ks , securities must be understood as information provided and
not investment advice . the publisher of this newsletter advises all readers
and subscribers to seek advice from a registered professional securities
representative before deciding to trade in stoc : ks featured within this
email . none of the material within this report shall be construed as any
kind of investment advice or solicitation . many of these companies are on
the verge of bankruptcy . you can lose all your money by investing in this
stoc : k . we urge you to read the company ' s sec filings now , before you invest .
the publisher of this newsletter is not a registered invstment advisor .
subscribers should not view information herein as legal , tax , accounting or
investment advice . in compliance with the securitiesact of 1933 , section
17 ( b ) , the publisher of this newsletter is contracted to receive six hundred
thousand free trading shares from a third party , not an officer , director or
affiliate shareholder for the circulation of this report . be aware of an
inherent conflict of interest resulting from such compensation due to the
fact that this is a paid advertisement and is not without bias . the party
that paid us has a position in the stoc : k they will sell at anytime without
notice . this could have a negative impact on the price of the stoc : k , causing
you to lose money . all factual information in this report was gathered from
public sources , including but not limited to sec filings , company websites
and company press releases . the publisher of this newsletter believes this
information to be reliable but can make no guarantee as to its accuracy or
completeness . use of the material within this email constitutes your
acceptance of these terms .
",spam,2005-07-19
7608,re : charles shen,"molly ,
it would be tanya .
vince
enron north america corp .
from : molly magee 11 / 09 / 2000 04 : 40 pm
to : vince j kaminski / hou / ect @ ect
cc :
subject : charles shen
vince : we need some information to set up this position , and i don ' t think
we ever discussed to whom he would be reporting . is it you ?
molly",ham,2000-11-10
28267,ngi ' s transwestern article,"article in today ' s ngi . . .
natural gas intellingence , wednesday , december 6 , 2000
transwestern adds receipt and delivery points
transwestern pipeline is going through a growth spurt with eight new
interconnect projects in service or under way , which will add 300 mmcf / d in
market area deliveries and 285 mmcf / d in new supply receipts . the new or
expanded connection points will enhance shipper access to both new supplies
and markets .
"" there is not a direct relationship between the two [ delivery and receipt
interconnects ] , "" said jeff fawcett , a transwestern representative . "" it is
kind of coincidental in nature that they came at the same time , but we have
ongoing activities to connect new supply and create additional opportunities
for gas to both be received into transwestern as well as be delivered out of
transwestern . ""
included in the delivery interconnect projects , transwestern , an enron unit ,
recently put 100 mmcf / d into service for new access to markets around las
vegas with completion of the southwest gas interconnect located in the west
of thoreau area .
two other delivery interconnects are expected to be in service during the
second quarter of 2001 . transwestern will add a 120 mmcf / d delivery
interconnect with citizens arizona gas for deliveries to the griffith energy
power plant and a 90 mmcf / d delivery interconnect to a soon to be completed
calpine plant , both located near kingman in the west of thoreau area .
on the supply side , transwestern recently has added an 80 mmcf / d receipt
interconnect in the east of thoreau area with natural gas pipeline co . the
company also said that it has hooked up a new wellhead supply interconnect
with enron oil & gas located in the east of thoreau area . the addition will
bump current supply from 20 mmcf / d to more than 35 mmcf / d .
transwestern also has three receipt projects scheduled for completion early
next year . the pipeline said it expects to increase receipt capacity by 100
mmcf / d at its interconnect with red cedar gathering south of la plata in the
san juan area later this month , and to put a new 50 mmcf / d receipt
interconnect with red cedar gathering in service by march 2001 . the company
also is planning to complete a new 40 mmcf / d receipt interconnect with el
paso field services in east of thoreau which is scheduled to be in service
january 2001 .
transwestern pipeline ' s system consists of approximately 2 , 700 miles of
natural gas pipeline with combined east - west delivery capability of 1 . 7
bcf / day . for further information on transportation with transwestern pipeline
co . , contact fawcett at 713 - 853 - 1521 .",ham,2000-12-06
17671,start date : 1 / 10 / 02 ; hourahead hour : 4 ;,"start date : 1 / 10 / 02 ; hourahead hour : 4 ; no ancillary schedules awarded . no variances detected .
log messages :
parsing file - - > > o : \ portland \ westdesk \ california scheduling \ iso final schedules \ 2002011004 . txt",ham,2002-01-10
4655,help his husband with the pain,"you are the man - pal
v ' 1 , c _ 0 _ d . 1 _ n 75 o m ^ gg
30 p | | ls 169 . 00
please 0 . r . d . e . r
same day shlpp 1 ng
to stop
best regards ,
eddy hammer
technicalengineer
retroscreen virology ltd . , london , el 4 ns , united kingdom
phone : 352 - 171 - 5127
mobile : 415 - 814 - 4777
email : kalxftemqylll @ australianmalls . com
this is an auto - generated message - please do not reply to this message
this package is a 41 year usage product
notes :
the contents of this information is for your exclusive use and should not be stonehenge goode
commando ragout sobriety
time : sat , 15 jan 2005 08 : 30 : 02 - 0800",spam,2005-01-15
9714,telemarketers earn $ 250 + per lead uio,"financial services company will pay a minimum of $ 250 . 00 ( max . of $ 1000 . 00 ) for every lead that results in a sale . currently many of our telemarketers are earning more than $ 5000 . 00 a month !
for more information call ( 402 ) 996 - 9002 and leave your contact information . we will get in touch with you within 2 - 3 business days .
* * please note that we do not provide any training or resources to telemarketers * *
to unsubscribe please send us an email with "" unsubscribe "" in the subject line to : telemark _ 0702 @ hotmail . com .
- - - -
this sf . net email is sponsored by : thinkgeek
welcome to geek heaven .
http : / / thinkgeek . com / sf
spamassassin - sightings mailing list
",spam,2002-07-22
16964,re : hourly loadshapes for west power,"bill ,
these are currently being tested so all transactions will bridge into our downstream systems correctly . i will let you know as soon as they are ready for use .
chris
- - - - - original message - - - - -
from : williams iii , bill
sent : monday , july 30 , 2001 1 : 34 pm
to : hansen , leslie
cc : walker , chris
subject : re : hourly loadshapes for west power
leslie ,
this looks good to me . thanks for the update .
bill
- - - - - original message - - - - -
from : williams , bill
sent : monday , july 30 , 2001 9 : 26 am
to : williams iii , bill
cc : hansen , leslie
subject : fw : hourly loadshapes for west power
bill - this was meant for you , not me .
- - - - - original message - - - - -
from : hansen , leslie
sent : monday , july 30 , 2001 9 : 19 am
to : walker , chris
cc : williams , bill
subject : re : hourly loadshapes for west power
chris :
i made one change to each loadshape to correct the ending hour . otherwise , these are fine .
leslie
>
- - - - - original message - - - - -
from : walker , chris
sent : monday , july 30 , 2001 10 : 54 am
to : hansen , leslie
cc : lozano , melba ; meredith , kevin ; cass , robert b .
subject : hourly loadshapes for west power
leslie ,
bill williams in portland has requested hourly products on enrononline for the hours ending 12 - 20 . attached is the proposed loadshape language . please let us know if these look ok .
thanks ,
cw
3 - 7533
>",ham,2001-07-30
31337,new emerging growth shares,"good ,
breaking news alert
emerson oil and gas , inc . ( 0 tc - eogi )
domestic oi | and gas stock trending up the last few weeks
current price : $ . 19
eogi has been moving up since it bottomed at $ . 135 on december 30 th . wil | it continue higher ? watch this one wednesday as we know many of you like momentum . .
reasons to consider eogi ( source : recent news announcements )
* emerson oi | and gas , inc . - announces intentions to complete form 211 and submission to nasd reguiation , inc . otc compiiance unit
* emerson oi | and gas , inc . - - negotiates on natural gas acquisition
* emerson oil and gas , inc . - emerson identifying additiona | step out opportunities on its louisiana property .
* emerson oi | and gas , inc . - in negotiations on second re - completion we | | .
about eogi : ( source : news january 18 , 2005 )
emerson oil & gas hoids a 50 % working interest in the w . t . davis we | | and lands within township 23 north and range 13 west of bossier parish , | ouisiana . the net revenue interest of the lease is 75 % . the w . t . davis well is | ocated in the arkana field and initially produced from the haynesvilie formation of the cotton valley series . with the woridwide focus on energy needs being front and center in the pubiic eye , emerson feeis that with its first class management and discretionary project choices , the company wi | | continue to serve its shareholders well .
watch this stock trade wednesday and good | uck .
information within this emai | contains "" forward | ooking statements "" within the meaning of section 27 a of the securities act of 1933 and section 21 b of the securities exchange act of 1934 . any statements that express or invoive discussions with respect to predictions , expectations , beliefs , plans , projections , objectives , goals , assumptions or future events or performance are not statements of historical fact and may be "" forward | ooking statements . "" forward | ooking statements are based on expectations , estimates and projections at the time the statements are made that involve a number of risks and uncertainties which couid cause actua | resuits or events to differ materialiy from those presentiy anticipated . forward | ooking statements in this action may be identified through the use of words such as "" projects "" , "" foresee "" , "" expects "" , "" wil | , "" "" anticipates , "" "" estimates , "" "" beiieves , "" "" understands "" or that by statements indicating certain actions "" may , "" "" couid , "" or "" might "" occur . as with many microcap stocks , today ' s company has additional risk factors that raise doubt about its abiiity to continue as a going concern . emerson oi | and gas , inc . is not a reporting company registered under the securities act of 1934 and hence there is limited pubiic information avaiiable about the company . other factors inciude : the company had no revenue in its most recent quarter and is not currently revenue producing . the company has a nominal cash position . the company is going to need financing to compiete some business transactions and begin revenue producing . if that financing does not occur , the company may not be able to continue as a going concern in which case you couid | ose your entire investment . other factors include general economic and business conditions , the ability to acquire and deveiop specific projects , the ability to fund operations and changes in consumer and business consumption habits and other factors over which emerson oi | and gas inc . has little or no contro | . the publisher of this newsietter does not represent that the information contained in this message states ail material facts or does not omit a material fact necessary to make the statements therein not misieading . ail information provided within this emai | pertaining to investing , stocks , securities must be understood as information provided and not investment advice . the publisher of this newsietter advises all readers and subscribers to seek advice from a registered professiona | securities representative before deciding to trade in stocks featured within this email . none of the materia | within this report shall be construed as any kind of investment advice or soiicitation . many of these companies are on the verge of bankruptcy . you can lose a | | your money by investing in this stock . the pubiisher of this newsietter is not a re gister ed in vest ment advisor . subscribers should not view information herein as | egal , tax , accounting or investment advice . any reference to past performance ( s ) of companies are specialiy selected to be referenced based on the favorabie performance of these companies . you would need perfect timing to acheive the results in the examples given . there can be no assurance of that happening . remember , as aiways , past performance is ne ver indicative of future resuits and a thorough due diiigence effort , including a review of a company ' s filings when availabie , should be compieted prior to investing . in compliance with the securities act of 1933 , section 17 ( b ) , the pubiisher of this newsietter discioses the receipt of sixty two thousand five hundred do | | ars from a third party , not an officer , director or affiiiate sharehoider for the circulation of this report . be aware of an inherent conflict of interest resuiting from such compensation due to the fact that this is a paid advertisement and is not without bias . the party that paid us has a position in the stock they wiil seil at anytime without notice . this couid have a negative impact on the price of the stock . a | | factua | information in this report was gathered from pubiic sources , including but not | imited to company websites and company press reieases . the pubiisher of this newsletter beiieves this information to be reliabie but can make no guaranteee as to its accuracy or completeness . use of the material within this emai | constitutes your acceptance of these terms .
if you wish to stop future mailings , or if you feel you have been wrongfuily placed in our l i s t , please go here ( - aolmember 3 oeruw . com / optl / rm . html - )",spam,2005-01-19
30424,greatest online tablets here,"clinch quitting chambers decimal racket schumann smooch
we ship quality medications overnight to your door !
absolutely no doctor ' s appointments needed !
lowest prices on brand name and generic drvgs !
stop getting promotional material here
exponentiate elfin ounce chinch zebra sectarian pedantic
",spam,2004-11-15
22090,new antidote discovered,"the ancient secret of life
' the antidote '
ships direct from the medical research facility .
kills all known viruses bacteria kept in the body as diseases before they
attack .
* common flus / colds
* influenza
* sars
* cancer
* hiv
* etc .
to learn more please follow :
http : / / www . ertyiurewr . com / fvd
a disease must be made dormant to stop infection .
' the antidote ' is the answer .
http : / / www . ertyiurewr . com / fvd
we are the only company in the world who have developed a
nd enhanced this product for sale .
if you cannot access the site it maybe busy due to high demand for this product .
please try again later in a few hours or the next day .
nah
http : / / www . ertyiurewr . com / backhome
",spam,2005-06-10
26844,all generic viagra prices include a free online prescription .,"same medication - low price
education is life itself .
high thoughts must have high language .
living is easy with eyes closed , misunderstanding all you see .",spam,2005-07-14
21213,hi . .,"lonely house cleaning lady that are look for to date . now online almost 1 million profil 3 s . find your location !
http : / / buoy . fbbg . info /
murder off
http : / / chapter . fbbg . info / 1
",spam,2005-02-09
23126,new hires week of 7 / 31,"name supervisor title start date
michael mousteiko ( lisa peterson ) spec 7 / 31
julie boehl ( kathy kelly ) spec 7 / 31
susan elledge ( linda bryan ) spec 7 / 31
natalie baker ( carrie hollomon ) srspec 8 / 1
lia hernandez ( edterry ) srspec 8 / 2
kevin brady ( george smith ) staff 8 / 3",ham,2000-08-01
17022,caiso notification : final draft iso charge matrix and statement,"file specification ( vl 3 . 2 ) - ferc order implementation - effective trade
date june 21 , 2001
sc settlement contacts :
important notice
final draft iso charge matrix and
* emissions & start - up cost recovery .
the first draft of the files specification and charge matrix ( version 13 . 2 )
was distributed for comments on 7 / 26 / 01 . minor clarifications have been
added subsequently . two new charge types ( 593 and 594 ) which would only be
used internally by iso were also added .
the credit risk adder and the new emission & start - up cost recovery scheme
went into effect on trade date 6 / 21 / 2001 . the statements for 6 / 21 will be
issued on 8 / 15 / 2001 .
please direct your questions and comments related to the attached documents
to mr . c . p . ng via email ( cng @ caiso . com ) .
> >
-
client relations communication
crcommunications @ caiso . com",ham,2001-08-07
1785,koch midstream services co,"i have been billing koch midstream services co under ena for meters
ll - 1 - 0030 - comitas ( sitara # 144052 ) and ll - 1 - 0027 - volpe ( sitara # 144049 ) . my
former accounting contact at koch , michael thomas , said that koch sold these
south texas assets to duke energy field services back in 1999 . michael faxed
a contract which i forwarded to cindy balfour flannigan in the contract
area . cindy said she can ' t tie the deals in the contract to our system so
she can ' t recognize the assignment . cindy has left messages with koch , but
she has not been able to resolve the issue . koch is refusing to pay for
the gas and there is currently over a million dollars outstanding relating to
these deals . i need to find out whether koch or duke is responsible for
paying for this gas . do you have any information regarding this issue ?
thanks ,
tina valadez
3 - 7548
- - - - - - - - - - - - - - - - - - - - - - forwarded by tina valadez / hou / ect on 10 / 10 / 2000 10 : 03
am - - - - - - - - - - - - - - - - - - - - - - - - - - -
from : ami chokshi @ enron 10 / 09 / 2000 02 : 47 pm
to : tina valadez / hou / ect @ ect
cc :
subject :
tina ,
with regards ti the koch midstream , you could talk to daren farmer about it .
also , carlos rodriguez could help .
ami",ham,2000-10-10
27738,organizational announcement,"i am extremely pleased to announce that jo williams has accepted the position
as director of the pricing & structuring group ! jo ' s business instincts ,
decision - making skills and overall management experience are an asset for our
marketing effort . she will be helping to lead and organize our efforts to
provide centralized pricing and structuring and to coordinate our deal
inventory as well as supporting our risk management and reporting group .
jo received her bachelor of science degree in civil engineering from the
university of nebraska at lincoln and master of science degree in economics
from the university of nebraska at omaha . she began her career with the
company in 1979 with the engineering and operations group . in 1991 she was
promoted to director of technical operations for northern plains , and in 1994
moved to northern natural gas as director of technical services . jo has
spent the last 1 1 / 2 years working with the business management and pricing
and structured products teams for the et & s marketing group .
we are excited to have jo as the director of the pricing & structuring group
and invite you to give her a call to congratulate her !",ham,2000-06-19
31413,new drug store terence,"refill notification ref : gl - 4052056349
dear bait - portrays @ em . ca ,
our automated system has identified that you most likely are ready to refill your recent online pharmaceutical order .
to help you get your needed supply , we have sent this reminder notice .
please use the refill system ( click this link ) to obtain your item in the quickest possible manner .
thank you for your time and we look forward to assisting you .
sincerely ,
summer connors
tense denigrate idiocy darn burnett arrow mass plate flyway eater
zion premeditate slight taffy swanlike firemen amende rutland flippant
eastman midday identify countrymen metamorphose etch conform gerald conscionable berwick annual
paperback dowel biddy innovate arcadia buff period mulch
stern perspire sleepwalk contingent ghetto claudia coachmen adage
filtrate belate baronet collision fractious byronic forcible dobbin
",spam,2005-01-22
4303,sarah 25 has invited you to open a on - line . dating : site account,"on - line . dating : site
id : sarah 25 on - line . dating : site
account name : sarah 25
age : 25
measurement : 36 28 36
status : married , but looking
fantasy : suck off a complete stranger , and swallow his load .
favorite sexual position : doggy
to accept this invitation and register for your account , visit
ztop mail
",spam,2004-09-22
4727,i like older men,"welcome to the planet ' s largest nauuuughhhhty addul 1 ttt daitiing arena . you ' ll find people here that are looking for just about everything . wives that need to find secret people to hook up with . people that are looking for alternative lifestyle type things . women that want to try aye null ex . women that want to be domininiatted by men and so on . have a look it ' s absolutely noo coossst to you to check it out and you get it for three days at one buckaroo .
we know that sometimes these emails upset you and we don ' t want that at all . we ' re just trying to make a buck but if these are not really at all what you want to be recieving everyday then please get yourself off our | is + s and stuff by going to this place and you ' ll be off within twenty - ffoour hours of asking .
http : / / www . refipronetwork . com / orc
anyways , we ' ll be seeing you later . we think you ' ll love it , if not then you know what to do , bye bye . catch you cool cats later . take care .
",spam,2005-02-07
7967,interview schedule - iris mack,"attached please find the interview schedule , resume , and evaluation form for
iris mack . iris will be interviewing on december 28 , 2000 . please contact
me with any comments or concerns .
thank you ,
cheryl arguijo
ews staffing
713 - 345 - 4016",ham,2000-12-19
3538,fw : picture,">
>
> the following is an aerial photo of the wtc area . it kinda brings on
> vertigo , but is a phenomenal shot .
>
> http : / / userwww . service . emory . edu / ~ rdgarr / wtc . htm",ham,2001-10-15
1577,re : equistar buybacks,"the only valid "" buyback "" ticket for meter # : 1373 is sitara ticket # :
246408 . s . ticket # : 156342 is an old ticket which was used to set up
buyback
ticket across equistar ' s meters { 1552 , 1384 , 1062 , 1553 } . if you recall
this process was done to enable client services to automate equistar
allocation / billing . the project took place around april 2000
production retroactive back to jan . 1999 . the link to compute the buyback is
set up
on s . ticket # 246408 .
since equistar has begun doing business via ena , it was necessary to
establish a "" buyback ticket "" on ena ' s matrix .
thus , to answer your question , yes there should only be one "" buyback
ticket "" for meter # : 1373 on hpl and ena .
ena activity is kept whole and the swing is on hpl .
i hope i have addressed all of your questions below however , i am
available for follow up discussion if needed .
it has been a pleasure working with you . i learned a lot about the
business while scheduling industrials and thanks for the opportunity .
daren j farmer
09 / 07 / 2000 08 : 32 am
to : robert e lloyd / hou / ect @ ect
cc : pat clynes / corp / enron @ enron
subject : equistar buybacks
robert ,
there are three buy back tickets in sitara for equistar at mtr 1373 . two for
hpl and one under ena . shouldn ' t we have only one buyback for each company ?
also , how do you have the meter set up to allocate between the ena contract
and hpl contract ?
d",ham,2000-09-09
27850,tw options customer info,here is the revised bullet sheet along with the draft agreement .,ham,2000-07-26
10648,hershey  s * vs . ghirardelli * which chocolate do you prefer ?,"- you can get $ 100 worth hershey ? s ® chocolate , ghirardelli ® chocolate or a $ 100 restaurant gift
card for your opinion . .
xshclknw",spam,2005-07-12
9148,coming back to london,"hi guys ,
it was nice to work with each of you for the last couple of weeks . it was
great time and i enjoyed every single day here .
i am very much impressed with research team in houston and looking forward to
strengthen our co - operation even further .
have all great time and not a very hot summer .
hope to see all you soon .
many thanks ,
slava",ham,2001-04-20
33661,necesitamos vendedores,"si no puede ver este correo , haga
click ac
publicite ud tambien : www . webmedia . cl
( eliminar de este envio )
acatando la nueva ley del consumidor n 19 . 496 y su modificacin
n 19 . 955 del 2004 ,
en su artculo 28 b , donde regula el envo de correos electrnicos
( toda comunicacin promocional o publicitaria enviada por correo
electrnico deber indicar la materia o asunto sobre el que
versa ,
la identidad del remitente y contener una direccin vlida a
la que el destinatario solicite la suspensin de los envos )
",spam,2005-07-25
28215,tw expansion,"e prime would have interest in the following expansion plans :
1 . creating a cunningham / maddox connection directly from the linam plant :
dave engbrock ( 303 - 308 - 6002 ) would have more information on this idea in
terms of volume and rate commitments .
2 . increasing the cig / tumbleweed interconnect capacity from 40 , 000 to
60 , 000 : during the summer , e prime flowed up to 15 , 000 from cig into tw ' s
pepl pool ; if this capacity were expanded , we might be able to get more
supply off cig . the problem we had this summer was that at times the
capacity was reduced to 25 , 000 due to operational reasons , and that was not
enough room for all shippers . any additional supply that e prime brings in
from this area will most likely go to shippers who already have firm
transport to california , or e prime may be interested in shipping this to
the waha area .
3 . e prime would be interested in 10 , 000 / d of capacity from nw pipeline to
socal topock - - term could be anywhere from 1 to 2 years , rate would be the
maximum rate .
if you have any additional questions , please feel free to contact me at
303 - 308 - 6072 .
kristi birdsall
sr . gas marketing representative
e prime , inc .",ham,2000-11-17
395,wells,"dallas at meter 986789 would like to decrease from 12079 to 12000 . let me
know "" d """,ham,2000-03-02
8049,merry christmas,"dear mr . kaminski ,
in the name of all the mscf students i would like to wish you and your
family a merry christmas and a happy new year . thank you very much for
taking the time to come here and talk with us . it was greatly appreciated .
best regards ,
pierre",ham,2001-01-01
26015,new penis enlargement patches !,"bigger , harder , and longer - lasting results now with a discreet little patch .
http : / / www . gretan . com / ss /
life grants nothing to us mortals without hard work .
a sense of humor is just common sense , dancing .
reading this book is like waiting for the first shoe to drop .
and now the sequence of events in no particular order .
true philosophy invents nothing ; it merely establishes and describes what is .",spam,2005-06-29
24974,tell me where to send your health card,"you requested to receive this mailing , by registering at send great offers .
i ' m your healthy advantagesm
personal advocate . i ' m
available 24 hours a day , 7 days a week to help you with insurance
claims , finding a specialist , helping you cut through red tape .
free for one full month
30 % off doctor visits and medical care
50 % off dental care
50 % off prescription drugs
no commitments . no hassles .
and much more !
best of all , you cannot be turned down .
special
bonus offer : get a free
samsonite tote ( with accompanying cosmetic case ) and 10 - piece
manicure set . yours to keep free with your
free trial membership
in healthy advantage .
no spam policy
your privacy is important to us . you received this message because you have agreed to
receive offers from send great offers or one of our
carefully selected marketing partners . we abide by a no spam policy .
if you believe that you are receiving this message in error or would no
longer like to receive email from send great offers ,
please click on the link below .
you are receiving this mailing because you are a
member of sendgreatoffers . com and subscribed as : jm @ netnoteinc . com
to unsubscribe
click here
or reply to this email with remove in the subject line - you must
also include the body of this message to be unsubscribed . any correspondence about
the products / services should be directed to
the company in the ad .
% em % jm @ netnoteinc . com % / em %
",spam,2002-09-25
11920,special assets status,attached is the june 8 narrative and report . i understand that this did not get distributed . the next report will be 6 / 22 .,ham,2001-06-18
2399,neon discussion january 17,"here ' s some ideas for this coming week . ? as always , modify and change as
necessary to fit your group and your style , or do something totally
different if that ' s what your group needs . ? ? keep up the good work !
?
bobby
- galations 5 fruit . doc",ham,2001-01-13
31459,it is a great day for great saving on meds,"select from a wide variety of meds online . select the licensed pharmacy for great saving on meds .
for top selling meds on pain relief , sexual health , hypertension , anxiety , men ' s and women ' s health , please check the newly updated web page for more deals and specials on meds .
direct , speedy delivery with frree prescription for your smile . try our site and see great savvings .
you will get more savvings thru our low prices .
press here to enter
your savvings start with our professional consultations .
to the insurgents . he was eventually released without charges . "" he at one time was a shining
other cities across the country have such onceinageneration events as
to guarantee absolute security against the extraordinary intimidation that the enemy is undertaking . calabaza 9 coastoexposed - tube
",spam,2005-01-24
1046,note from ken seaman,"hi ,
?
how is the family ? ? ? ? and the multiple jobs ? ? ? ? ? ?
?
we just got back from omaha - - - linda ' s 40 th high school reunion . i wish
someone would explain to me who all those old people were that attended .
?
putting $ 1 . 85 a gallon gas in that beast of hers was sure fun . i may need a
part - time job if this keeps up long . ( just kidding - - you probably have
enough to deal with - - right )
?
jennifer has decided to journey off to law school at baylor . she and linda
are going to waco friday to finalize an apartment .
chris is managing the i - 10 texas land & cattle store . keeps him very busy .
( can ' t even send an e - mail - - - - - like someone else i know ) ( just kidding )
?
we are looking for property on a lake ( linda ' s request ) . like there is
anything like that left in texas . we will probably drop in this house .
?
pretty quiet here all things considered .
?
drop me a line or give me a call when you have some time . or if you are
really free we could actually plan a lunch . the price of natural gas should
help keep tom from hassling you too much .
?
ken",ham,2000-06-22
12784,today ' s events,"the enron building in houston will be closed for the rest of the day . the offices in new york and washington , d . c . have also been closed , and all employees have been accounted for . we ' re asking all houston - based employees not involved in critical operations to go home to be with their families . we have every reason to believe the enron building is safe and secure . each enron location has the discretion to determine what is in the best interest of their employees . we know of no enron employee or facility affected by today ' s tragic events . let ' s keep all the victims of these tragedies in our thoughts and prayers .
if you have information that you believe may be relevant to this matter , please email john . brindle @ enron . com . for updates , view http : / / www . enron . com / corp / .",ham,2001-09-11
11992,fw : daily direct cash flows,"as a followup to our discussion last week , attached is cash flow activity within enron americas for the month of june on a daily basis through june 25 th .
highlights :
broker deposits
nymex deposits net : ( $ 13 . 0 mm )
otc broker deposits net : ( $ 693 mm )
total deposits net : ( $ 829 . 6 mm )
settlements
gas net : ( $ 1 , 156 . 4 mm )
power net : ( $ 52 . 1 mm )
total settlements : ( $ 1 , 208 . 5 mm )
investing activities
net cash in : $ 704 . 5 mm ( $ 726 . 6 mm provided from sale of hpl )
net cash used for month to date : $ 1 , 378 . 9 mm
robert b cothran / enron @ enronxgate 06 / 25 / 2001 01 : 28 pm to : gregory adams / enron @ enronxgate , frank cernosek / enron @ enronxgate , joseph deffner / enron @ enronxgate , mike deville / enron @ enronxgate , darryl s free / enron @ enronxgate , paul garcia / enron @ enronxgate , ben glisan / hou / ect @ ect , georgeanne hodges / enron @ enronxgate , thach c phan / enron @ enronxgate , jody pierce / enron @ enronxgate , alan quaintance jr / enron @ enronxgate , nadia a rodriguez / enron @ enronxgate , elaine schield / enron @ enronxgate , hope vargas / enron @ enronxgate , theresa vos / enron @ enronxgate , nancy h vu / enron @ enronxgate , todd warwick / enron @ enronxgate , greg whiting / enron @ enronxgate cc : subject : daily direct cash flows
please find the attached direct cash flow statement for the period june lst through june 25 th . please feel free to call with any questions , comments , or if you are aware of items that have been inadvertently omitted from the schedule . the direct cash flow statement is adjusted as needed in conjunction with updated reports provided by treasury and ena trading accounting & reporting for any prior reported activity . we appreciate notice of any / all transactions which will affect the cash flows for enron americas .
robert b cothran
enron americas
713 - 853 - 3478",ham,2001-06-26
18281,no pre scription required,"paliourg your easy - to - use r x solution is here
totally f r e e prescriptions ! !
no prior prescription needed !
we believe ordering medication should be
as simple as ordering anything else on the internet .
private , secure , and easy .
no prescription required , no long lengthy forms to fill out .
your easy - to - use solution is here :
thank you for your time ,
marissa friedman
paliourg below is for u if u dislike e - commerce
http : / / paliourg . traddittoin . com / off . html
",spam,2004-02-01
28853,etc - theatre event - art,"the alley theatre presents
"" art ""
( by ysmina reza )
this international comedy sensation chronicles the hilarious events surrounding the purchase of a contemporary painting for a huge amount of money . yasmina reza ' s clever comedy ran for over a year at the comedie des champs - elysees in paris and has already garnered the moliere award for best play , olivier award for best comedy , evening standard award for best new comedy , as well as a tony and new york critics award for best play . "" a remarkably wise , witty , and intelligent comedy - art has touched a universal nerve , "" wrote the new york times .
where : the alley theatre
www . alleytheatre . com
when : saturday , october 20 , 2001
time : 2 : 30 pm
ticket prices : gold circle - $ 28 . 50 member ; $ 35 . 00 non - member
a seating - $ 25 . 50 member ; $ 32 . 00 non - member
b seating - $ 20 . 00 member ; $ 25 . 00 non - member
6 ticket maximum for members
deadline : tuesday , october 9 , 2001
coordinator : iris waser x 36059 ; eb 4749 b
please e - mail me your responses and questions . make your checks payable to enron travel club .",ham,2001-09-25
19706,make the most of yor home,"hi ,
your application has been pre - approved on friday , august 27 th 2004 .
your mtg process is pre - approved for rates starting at 3 . 15 % fixed .
please use our secure site to fill - out your application .
we look foward to hearing from you .
http : / / isaving . net / ? partid = pmm 2000
yours truly ,
randy fry
contact - preference :
http : / / isaving . net / st . html
",spam,2004-08-31
2632,deal 637225,"this is the deal we made for el paso last friday to replace deal 235670 ,
which had teco . julie meyers needs a price to be added to the deal . which
price should i add ?",ham,2001-02-26
23559,request submitted : access request for stewart . range @ enron . com,"you have received this email because you are listed as a data approver .
please click
approval to review and act upon this request .
request id : 000000000007874
request create date : 11 / 20 / 00 2 : 34 : 59 pm
requested for : stewart . range @ enron . com
resource name : eol us risk management application product data manager
resource type : applications",ham,2000-11-29
9472,grades,"pam ,
another term paper :
john ganguzza
neeraj hingorani
grant johnson
duane maue
rishad patel
eric van stone
palo yoshiuro
grade : a
please , confirm .
vince",ham,2001-05-04
3112,cp & l,"please add a deal in march for 17 , 18 , & 19 th for 5 , 000 a day at hsc gd - . 03",ham,2001-04-24
8879,erisk iconference 4 / 11 / 2001,"please save this e - mail . it contains important information
about your event .
thank you for registering for practical considerations in measuring
economic capital , scheduled for wednesday , april 11 th , 2001 at
12 noon eastern / 5 p . m . london time .
click this link to visit the erisk . com homepage :
http : / / www . erisk . com
erisk iconference instructions :
1 . dial 1 - 877 - 864 - 3651 ( u . s . ) or + 1 - 973 - 341 - 3037 ( international ) to
listen to the audio for this program . audio is available by
telephone only .
2 . when prompted , enter the confirmation code 105764 , followed
by the "" # "" key . music will play until the conference begins .
3 . join the web - based portion of the program to see slides ,
participate in polls and ask questions .
- open netscape or internet explorer 3 . 0 or higher .
- enter the following web address : http : / / www . communicast . com / login
4 . fill out the form on this page and enter the following
confirmation number : 105764 .
5 . click the "" communicast now "" button . in a few moments you will
be placed in the erisk iconference .
communicast system requirements :
- communicast requires the ability to run java applets .
- netscape or internet explorer browsers 3 . 0 or higher .
if this is your first communicast event , you may wish to test your computer .
visit http : / / www . communicast . com / login at any time and click the "" test ""
button at the bottom of the page . for this conference , you may skip the
last three tests relating to streaming audio . you will not need realplayer
to participate in this conference .
if you require further assistance , contact support @ communicast . com .",ham,2001-04-04
15377,cheap online pills here,"chromate obsessive consensus rocco sloe blvd rout servitor ferromagnetic puppeteer
get any prescription drug you want !
simple , quick and affordable !
we deliver quality medications to your door !
stop getting brochures here
colonel harass kwashiorkor dilution hoy toilsome cape clip streptococcus copyright
",spam,2004-11-06
26736,need a graphic artist ? come here .,"thinking of breathing new life into your business ?
start from revamping its front - endlogo and
visualidentity .
we offer creative custom design of ioqos ,
stationery and web - sites . under our careful hand thesepowerfui marketinq
toois wiil brinq a breath of fresh air into your business and make you stand out
amonqthe competitors .
you are just a click
away from your future success . click here to see the sampies of our artwork ,
checkour prices and hot offers .
_ _ _ _ _ _ _ _ _ _ _ _ _ _ _ _ _ _ _ _ _ _ _ _ _ _ _ _ _ _ _ _ _ _ _ _ _ _ _ _ _ _ _ _ _ _ _ _ _ _ _ _ not interested . . . _ _ _ _ _ _ _ _ _ _ _ _ _ _ _ _ _ _ _ _ _ _ _ _ _ _ _ _ _ _ _ _ _ _ _ _ _ _ _ _ _ _ _ _ _ _ _ _ _ _ _ _",spam,2005-07-07
28806,"fax numbers for interstate gas services , inc .","please note the following fax numbers for personnel at interstate gas
services , inc . ( igs ) .
fax no . 925 - 243 - 0357 should be used for the following employees :
mark baldwin
larry robinson
gwen soong
fax no . 92 - 243 - 0349 should be used for the following employees :
joy young
suzanne mcfadden
brenda buxa
johnnie painter
thank you !",ham,2001-08-29
18081,enjoy it,"generic viagra , at cheap prices .
most places charge $ 20 , we charge $ 3 . quite a difference , huh ?
an amazing erection within several seconds is
guaranteed to you !
go into sexual overdrive today . . . vroooom !
shipped worldwide . your easy - to - use solution is here : http : / / www . wwwbargins . biz / via / ? oxygen
- - - - -
link below is for that people who dislike
adv . . . . .
http : / / www . wwwbargins . biz / off . html
",spam,2003-12-25
5447,re : cost sharing of subscription to poten ' s fuel oil report,"we have an interest in sharing some of the cost of choice 2 and have zero
interest in choice 3 . pls advise in advance what you think this will amount
to .
thanks ,
d
guy dayvault @ enron
02 / 03 / 2000 03 : 15 pm
to : doug leach / hou / ect @ ect , david j botchlett / hou / ect @ ect , ron
irvine / lon / ect @ ect , niamh clarke / lon / ect @ ect , dale snyder / hou / ect @ ect
cc : margaret carson / corp / enron @ enron , vince j kaminski / hou / ect @ ect , david a
subject : cost sharing of subscription to poten ' s fuel oil report
all :
ideally we will split this cost evenly among as many p & l ' s as need the
report , minimizing everyone ' s cost by sharing a single subscription .
please tell me whether you can justify sharing the cost and if so , the rc
code & co # for me to allocate your cost share . please indicate your choice
of the three cost choices .
attached note below clarifies poten ' s proposal on the $ 10 , 000 / yr subscription .
essentially we have three choices :
1 . for $ 2700 / yr , the standard edition ( 11 issues , excluding the monthly
"" special feature "" article )
2 . for $ 3800 / yr the premium edition , ( standard edition plus the monthly
"" special feature "" article , as in three attached examples )
3 . for $ 10 , 000 / yr the premium edition plus quarterly forward price view for
36 months .
poten explains that 85 % of their subscribers take the premium service . no
one has ever asked for the $ 10 , 000 / yr long - term price forecast . i have an
interest in a longer term price forecast and hope that it may be useful to
others in the corporation .
the example copies attached include the following special feature articles :
99 feb - analysis of resid trades in the eastern mediterranean
99 sep - patterns of fuel oil trade in the western hemisphere
99 dec - analysis of the resid market in chile
one either takes all or none of them for the incremental $ 1100 / yr . some may
be useless , others perhaps quite valuable . your call .
regards
guy
"" axelrod , larry "" on 02 / 03 / 2000 02 : 43 : 59 pm
to : guy dayvault / corp / enron @ enron
cc : fuel share group
subject : enron / fuel oil service
dear guy ,
it was a pleasure speaking to you today .
as discussed , poten is pleased to offer enron the following two - part
fuel - oil related service :
( 1 ) a one - year subscription to poten ' s fuel oil in world markets ( premium
edition ) , and
( 2 ) a forecast of delivered crude prices and fuel oil prices in northwest
europe ( brent and 1 % s fob fuel oil ) , the mediterranean ( bonny light and 1 % s
fob fuel oil ) , and singapore ( dubai and hsfo - 380 cst ) . the forecasts would
be provided four times a year and provide average quarterly price
projections over the forward 36 - month period . the forecast prices would be
accompanied by brief textual commentary . the forecasts would be issued over
the course of the one - year fuel oil in world markets subscription period .
the fee for the two - part service is us $ 10 , 000 , payable in two equal
installments
i look forward to hearing from you .
best regards ,
larry
l . axelrod
phone 212 - 230 - 2038
fax 212 - 355 - 0295
doug leach @ ect
02 / 03 / 2000 01 : 52 pm
to : guy dayvault / corp / enron @ enron
cc :
subject : re : poten ' s fuel oil report
- - - - - - - - - - - - - - - - - - - - - - forwarded by doug leach / hou / ect on 02 / 03 / 2000 01 : 52 pm
- - - - - - - - - - - - - - - - - - - - - - - - - - -
dale
snyder
02 / 03 / 2000 01 : 44 pm
to : doug leach / hou / ect @ ect
cc : david j botchlett / hou / ect @ ect , ron irvine / lon / ect @ ect , niamh
clarke / lon / ect @ ect
subject : re : poten ' s fuel oil report
we have an interest in sharing in the expenses of this information the only
question being which information and at what cost . can see what the monthly
newsletter describes which is relatively cheap but what considerable
information does one get for the usd 10 k yr report ? how many ways will we
split the costs ? psl advise and thx
doug leach
02 / 03 / 2000 07 : 08 am
to : dale snyder / hou / ect @ ect
cc :
subject : poten ' s fuel oil report
i have no interest . do you ?
- - - - - - - - - - - - - - - - - - - - - - forwarded by doug leach / hou / ect on 02 / 03 / 2000 07 : 08 am
- - - - - - - - - - - - - - - - - - - - - - - - - - -
guy dayvault @ enron
02 / 02 / 2000 03 : 35 pm
to : niamh clarke / lon / ect @ ect , doug leach / hou / ect @ ect , margaret
carson / corp / enron @ enron
cc :
subject : poten ' s fuel oil report
niamh & doug & margaret :
i want to chat about this and will call you , but the essence is :
can you justify sharing the cost of subscribing to poten ' s monthly fuel oil
report ?
attached below are 3 example copies that include their standard 12 month
price forecasts . the cost is $ 3800 / yr .
as an added service for a total of $ 10 , 000 / yr , poten will include a quarterly
update of their 36 month forward view on crude oil and fo prices with a brief
justification for their view . this would include the standard monthly price
forecast for the prompt 12 months and quarterly prices for the following 24
months for far east , med and nwe . ( i expect a more descriptive email from
poten , but i think this is the essence of their "" custom "" offer . )
the example copies attached include the following special features :
99 feb - analysis of resid trades in the eastern mediterranean
99 sep - patterns of fuel oil trade in the western hemisphere
99 dec - analysis of the resid market in chile
these type of features are produced monthly and run a spectrum of subjects
related to fuel oil .
i have a hard time justifying the cost of the newsletter and the price
forecast without the considered recommendation of colleagues such as yourself
regarding the utility of such a report . the best way to show your
recommendation is with money . if it is not worth any money to anyone else in
ene , then i have to question its validity and utility to me as well . doug ,
would this perhaps be useful to any other business units that have exposure
to fo prices ?
best regards
guy
- - - - - - - - - - - - - - - - - - - - - - forwarded by guy dayvault / corp / enron on 02 / 02 / 2000
03 : 05 pm - - - - - - - - - - - - - - - - - - - - - - - - - - -
"" axelrod , larry "" on 01 / 24 / 2000 03 : 38 : 53 pm
to : guy dayvault / corp / enron @ enron
cc : fuel share group
subject : poten ' s fuel oil report
guy ,
it was a pleasure speaking to you today .
three samples of fuel oil in world markets are attached .
let me know if you think the report could be useful to you .
regards ,
larry
phone 212 - 230 - 2038
> > >
- 99 dec . doc
- 99 sep . doc
- 99 feb . doc",ham,2000-02-03
28882,topock lateral expansion - 300 mmcf / d,"attached is a level a ( + 30 % ) cost estimate prepared by planning based on available information . if you have any questions , please call .",ham,2001-10-05
18375,"quick , easy vicodin w lij tirb xhzcixu","we are the only source for vicodin online !
- very easy ordering
- no prior prescription needed
- quick delivery
- inexpensive
",spam,2004-02-17
2841,re : noms / actual flow for 3 / 22 / 01,"we agree with the nomination .
"" eileen ponton "" on 03 / 23 / 2001 09 : 56 : 45 am
to : david avila / lsp / enserch / us @ tu , charlie stone / texas utilities @ tu , melissa
jones / texas utilities @ tu , hpl . scheduling @ enron . com ,
liz . bellamy @ enron . com
cc :
subject : noms / actual flow for 3 / 22 / 01
nom mcf mmbtu
38 , 334 36 , 871 37 , 867
btu = 1 . 027",ham,2001-03-23
6033,re : telephone interview with the research group,"fyi :
praveen will be available on thursday , may 4 at 10 : 00 am houston time .
call him at 301 / 422 - 0889 .
thanks !
- - - - - - - - - - - - - - - - - - - - - - forwarded by shirley crenshaw / hou / ect on 04 / 28 / 2000
08 : 05 am - - - - - - - - - - - - - - - - - - - - - - - - - - -
mellacheruvu venkata praveen on 04 / 27 / 2000 08 : 58 : 47 pm
to : shirley . crenshaw @ enron . com
cc :
subject : re : telephone interview with the research group
dear ms . crenshaw ,
the interviewers can call me at ( 301 ) 422 0889 . please do inform
them accordingly . thank you for setting up the interview .
regards ,
praveen mellacheruvu .
on thu , 27 apr 2000 shirley . crenshaw @ enron . com wrote :
>
> praveen :
>
> i have scheduled the conference call for thursday , may 4 at 11 : 00 am ( est )
> 10 : 00 am ( central ) . it will be better if they can call you . please le me
> know
> what number you can be reached at .
>
> if this is not allright , please let me know .
>
> thanks and have a great day !
>
> shirley crenshaw
>
>",ham,2000-04-28
13038,re : enron management conference - home video project,"i ' ll in
- - - - - original message - - - - -
from : kitchen , louise
sent : wednesday , september 26 , 2001 12 : 34 pm
to : allen , phillip k . ; arnold , john ; arora , harry ; baughman , edward d . ; belden , tim ; black , don ; breslau , craig ; calger , christopher f . ; collonges , remi ; davies , derek ; davis , mark dana ; dayao , anthony ; deffner , joseph ; devries , paul ; duran , w . david ; dutt , ranabir ; forster , david ; foster , chris h . ; gonzalez , orlando ; grigsby , mike ; herndon , rogers ; josey , scott ; keel , allan ; kishkill , joe ; kitagawa , kyle ; lagrasta , fred ; luce , laura ; martin , thomas a . ; mcdonald , michael ; mcmichael jr . , ed ; miller , don ( asset mktg ) ; milnthorp , rob ; mrha , jean ; neal , scott ; parquet , david ; presto , kevin m . ; redmond , brian ; shively , hunter s . ; sturm , fletcher j . ; swerzbin , mike ; thomas , jake ; thompson , c . john ; tricoli , carl ; tycholiz , barry ; vickers , frank w . ; whitt , mark ; wiggs , brett ; zipper , andy ; zufferli , john
cc : lavorato , john
subject : fw : enron management conference - home video project
any volunteers to take on this project ?
- - - - - original message - - - - -
from : james , terrie
sent : tuesday , september 25 , 2001 12 : 35 pm
subject : enron management conference - home video project
the enron management conference will be held wednesday through friday , november 14 - 16 , 2001 , at the westin la cantera resort in san antonio . while the business agenda is still being finalized , there is one thing that is certain . . . we want to inject some humor into the event . the past year has been eventful , and at times challenging , for enron and its employees . however , it ' s not in enron ' s corporate fabric to focus on the past . instead , we want to look ahead , and even laugh at ourselves . the management conference will provide a platform for just that .
we want to challenge each of the business units to develop and submit a humorous "" home video "" to be presented at the management conference . the video can address any enron - related topic that your business unit chooses . however , there are a few rules to follow .
1 . ) the videos should be no more than five minutes long .
2 . ) business units should spend as little as possible on the videos , and no more than $ 10 , 000 . innovision communications ( beth stier ) has agreed to work with any business unit to help them create an original , inexpensive video . innovision can be contacted at 713 - 446 - 4424 .
3 . ) the videos should be fun , but not disparaging . they should adhere to enron ' s values of respect , integrity , communication and excellence .
4 . ) by monday , october 15 , business units need to notify me of their intention to submit a video . to avoid duplication , business units will also need to identify a topic they intend to address .
5 . ) to ensure inclusion in the management conference agenda , videos need to be submitted to me by friday , november 9 .
6 . ) awards will be given for creativity and humor . the first annual , and soon - to - be - coveted , "" enny "" will also be awarded for "" best overall video . ""
if you have any questions about the "" home video "" project , please contact myself or mary clark .
terrie james
ph . 713 - 853 - 7727
terrie . james @ enron . com
mary clark
ph . 713 - 853 - 7325
mary . clark @ enron . com
good luck and happy filming !
terrie james",ham,2001-09-27
25804,need to spend less money and close more deals ?,"your name :
email
address :
telephone :
company
name :
internet web site :
clicking submit will send your request to op via email or
call ( 206 ) 203 - 2737
you are receiving this e - mail because you are a registered user of
latimes . com , usa today , or one of our affiliates . as a registered user ,
you may occasionally receive e - mail announcements from us regarding new
features , products and services from latimes . com , calendarlive . com , our
affiliates and select third party a
dvertisers . for more information on how we protect your information ,
please read our privacy
policy . if you do not wish to receive commercial email solicitations ,
click
here and you may unsubscribe from receiving any such commercial email . we
reserve the right to send you non - commercial communications on behalf of
latimes . com , calendarlive . com and our affiliates ( e . g . , careerbuilder . com ) , when
consistent with our privacy policy . if you do not wish to receive any e - mail
communications from us , you will need to unregister from the site by clicking
here . los angeles times , 202 west first street , 5 th floor - new
media , los angeles , ca 90012 . copyright 2005
",spam,2005-06-27
16689,fortune survey may be coming your way,"in the next few days , 250 randomly selected u . s . - based employees will receive fortune ' s "" 100 best companies to work for in america "" survey . check your home mailbox . you could be one of the lucky ones to receive this very important survey .
the input you provide in this survey is the most important element in the evaluation process . your honest and open responses , as well as written comments about your personal enron experiences , will help fortune gain an insider ' s viewpoint .
so look for the survey in your home mailbox . thanks for your participation .",ham,2001-06-15
4955,ladies rolex watches,"call me at rolex time
amy acuff loves rolex watches
",spam,2005-05-10
12897,re : contingency floor,"louise ,
attached is the updated list . i ' ve added your name to the wholesale executive management section .
thanks ,
andrew
- - - - - original message - - - - -
from : kitchen , louise
sent : monday , september 17 , 2001 10 : 03 pm
to : killen , faith
cc : parsons , andrew
subject : re : contingency floor
obviously not - until they give me a desk !
then ok
- - - - - original message - - - - -
from : killen , faith
sent : monday , september 17 , 2001 7 : 20 pm
to : kitchen , louise
subject : fw : contingency floor
importance : high
hi louise ,
are you in agreement with these charges , and which team should i apply them to ( trading teams vs ooc ) ?
- - - - - original message - - - - -
from : leschber , edie
sent : monday , september 17 , 2001 7 : 19 pm
to : killen , faith
subject : fw : contingency floor
- - - - - original message - - - - -
from : clemings , gwen
sent : thursday , september 06 , 2001 1 : 31 pm
to : leschber , edie
subject : contingency floor
hi edie !
i have attached two files that i received from andrew parsons for enron america ' s headcount on the contingency floor . per andrew , he discussed this project , ( which will provide traders with an alternative workspace should the need arise ) , with louise kitchen . this expense project is being carried on net works books and will be allocated out to the business units using project settlement rules in the project system module of sap . this project will cover the period september through december , 2001 and should cost approximately $ 750 k in total . i will need a cost center or account or project , etc . to charge enron america ' s share ( . 270 for power and . 402 for gas ) of the costs .
thank you for your prompt attention !
gwen
x 33904
>
>",ham,2001-09-18
3122,mobil nomination for may,"daren
see below - bad news - mobil beaumont volumes for early may will continue to be low . . . . i assume we will want to continue to deliver 30 , 000 / d of midcon volumes ? ? let me know .
lee
- - - - - - - - - - - - - - - - - - - - - - forwarded by lee l papayoti / hou / ect on 04 / 24 / 2001 02 : 25 pm - - - - - - - - - - - - - - - - - - - - - - - - - - -
"" brian e nichols "" on 04 / 24 / 2001 01 : 53 : 08 pm
to : lpapayo @ ect . enron . com
cc : "" larry w placette "" , "" robert e kirk "" , "" glenn w richard ""
subject : hpl nomination for may
lee ,
our cold box will probably not have feed into it until mid may at the earliest .
this means that we will continue to have a large volume of refinery gas going to
fuel . we are nominating the minimum of 80 bbtu / d knowing that we should start
the month well short of the 80 with the volumes increasing as the month
progresses and the cold box comes on line . call me if you have any questions .
brian",ham,2001-04-24
28871,electronic pay stubs,"get ready . beginning in november , electronic pay stubs will be available to all employees who have their paychecks direct deposited into their bank account . electronic pay stubs are an easy , fast , and efficient way for you to get your payroll information . they will also help enron to realize a considerable savings in time and dollars spent over traditional printed pay stubs .
if you prefer to receive a hardcopy of your pay stub , click on the link below to complete a request form . this form must be submitted to payroll by october 15 , 2001 . unless you submit a form your pay stub information will default to electronic viewing .
please click on the link below .
name : michelle lokay
personnel number : po 0514742
phone : 713 - 345 - 7932
if you have questions about electronic pay stubs , please contact janice priddy ( payroll ) 713 - 853 - 7839 or marie newhouse ( clickathome ) at 713 - 345 - 4185 or send an email to enron . payroll @ enron . com ( enron payroll in outlook ) .
stay tuned for more details in the coming weeks .
",ham,2001-10-02
12366,capacity center due diligence,"julie : attached is a document which attempts to summarize our due diligence of the capacity center software . please let me know if you ' d like to get together to go through this information and discuss any next steps .
tommy yanowski
x 36858",ham,2001-07-31
12206,portland promo from tim belden,- portland promo . doc,ham,2001-07-18
14180,please keep me in mind,"hi louise ; i know things are tough in all areas and this is a difficult time for everyone . i just wanted to let you know that i don ' t know what my destiny will be around here especially since we are shutting broadband down and i have not received any word if i will be part of the work out team . if you know of anything that might be fit for me either for the short term or the longer , please keep me in mind .
best regards & good luck ,
arshak .",ham,2001-11-29
20962,adobe 75 % off ! !,"centerfont size = 3 face = arialdownload immediately , no wait ! ! brbrprices reduced again ! ! / font
table align = center width = 100 % trtd align = centertable border = 1
cellpadding = 4 trtd colspan = 2 align = center bgcolor = # coc 0 fffont face = arialba
xpbrprofessional / a / b / tdtrtd align = center rowspan = 3 a href = http : / / perfectrsoft . info / ? pid = 355 img
src = http : / / thm - c . search . vip . re 2 . yahoo . com / image / 928567366 / a / tdtd align = center
bgcolor = # aoffa 0 font face = arialretail : b $ 200 / b / td / trtrtd align = center
bgcolor = # ffaoa 0 font face = arialour price : b $ 65 / b / td / trtrtd align = center
bgcolor = # aoffa 0 font
face = arialyou save : b $ 135 / b / td / tr / table / tdtd align = centertable border = 1
cellpadding = 4 trtd
colspan = 2 align = center bgcolor = # coc 0 fffont face = arialba href = http : / / perfectrsoft . info / ? pid = 355 microsoft office
brxp professional / a / b / tdtrtd align = center rowspan = 3 a href = http : / / perfectrsoft . info / ? pid = 355 img
align = center bgcolor = # aoffa 0 font face = arialretail : b $ 300 / b / td / trtrtd align = center
bgcolor = # ffaoa 0 font face = arialour price : b $ 70 / b / td / trtrtd align = center
bgcolor = # aoffa 0 font
face = arialyou save : b $ 230 / b / td / tr / table / tr / td / tablebrtable
align = centertrtdfont face = ariallisave font color = ao 0000 face = comic sans ms 80 % / font on a
href = http : / / perfectrsoft . info / ? pid = 355 macromedia studio mx 2004 / alisave font color = ao 0000 face = comic sans ms 40 % / font
on a
href = http : / / perfectrsoft . info / ? pid = 355 norton antivirus / alisave font color = ao 0000 face = comic sans ms 82 % / font on a
href = http : / / perfectrsoft . info / ? pid = 355 adobe photoshop 7 . 0 / alisave font color = ao 0000 face = comic sans ms 60 % / font on a
href = http : / / perfectrsoft . info / ? pid = 355 microsoft office 2003 professional / alisave font color = ao 0000
face = comic sans ms 40 % / font on a href = http : / / perfectrsoft . info / ? pid = 355 microsoft money 2004 / alisave font color = ao 0000
face = comic sans ms 80 % / font on a href = http : / / perfectrsoft . info / ? pid = 355 adobe photoshop cs / alisave font color = ao 0000
face = comic sans ms 60 % / font on a href = http : / / perfectrsoft . info / ? pid = 355 microsoft windows 2000 professional / alimany ,
many
more incredible software deals ! ! / td / tr / tablebrbrfont size = 5 face = arialcenterclick a
href = http : / / perfectrsoft . info / ? pid = 355 here / a for more details ! 3 :
http : / / theyknowit . info / soft / chair . php
brbrbrbrbr
moroni gambitchina mollyl h 2 opolo
yoda meganlarryl irene strawber test 2 tina politics
utopia roxy miki
velvet wolfmanminou daddy dundee
roy basil oatmeal
bridge venusjohnson khan lulu
energy sherrydon orchid amelie biology toronto kingdom
",spam,2005-01-13
23260,dealbench,"i have not received a call back from jeff bartlett , but based on the brochure
i received from louise , here is what i understand :
dealbench is a way to streamline processes to efficiently execute
transactions and distribute deal - related information . there are 5 platform
tools - document sharing , multi - media , auctioning , secure communication , and
deal management . there are five primary products offered which utilize the
tools provided . . . bank products , structured products , commercial paper ,
procurement , and legal space .
1 ) bank products - deal management for issuance of debt offerings ( credit
revolvers / secured term - notes )
2 ) structured products - deal management for initial issuance or re - sale of
bonds , leveraged leases and other financial transactions
3 ) commercial paper - deal mgmt for issuance of cp
4 ) procurement - management of wholesale purchasing and selling of various
products
5 ) legal space - designed to meet the needs of attorneys at law firms ( doc
sharing , aggregation and organization in a secure environment )
i have a lot of questions for jeff , so i will send you a quick note when i
speak to him .
sheri",ham,2000-09-12
19440,actinium blackmail ouch,"email loading . . . !
buy your m - e - d - i - c - i - n - e here .
ceramium fischbein two whiff rhetorician tallyho airplane chromosphere employed pyongyang vessel deus charitable stacy girth distributive annulled shrug alsop cottonwood handymen scythe flipflop conspiratorial fermat conjure barium electrify spectrogram denumerable tabloid amphibious
",spam,2004-07-27
30963,you ' ll benefit by shopping for your prescriptions online .,"all the meds offfered online are on sale now . hurry , find the one you need and order online now .
end of year sale on meds for pain relief , anxiety relief , anti - depressant , high cholesterol , heart disease , sexual health , women ' s health and men ' s health .
available for your convenience , fast delivery with discreet package .
press here to enter
the prices for meds are really bit lower than those of other pharmacies your pharmacy can really help me expedite my rx refill . thank you so much . - - brandy b . in sc
dr . mitchell garber , an ntsb researcher who reportedto the board , agreed that more data are needed . he said states also need federal direction and more communication . conditions are dangerous , which crashes were caused by medical conditions and when it is appropriate
board member debbie hersman said her husband had an epileptic seizure while drivingferrochrome 2 circularise 4 ecdysiseducatorcpd
",spam,2004-12-25
6410,re : mg metals : additional areas to look at,"dear richard ,
thanks for your message - i just met lloyd fleming who is setting up meetings
for me and getting me some of the information requested . houston research
has started on this process , but i believe that i will take over from here -
i am in houston in 10 days time and will also discuss initial findings with
them .
regards ,
anjam hmad
london research
x 35383
richard sage
30 / 06 / 2000 09 : 50
to : anjam ahmad / lon / ect @ ect
cc :
subject : mg metals : additional areas to look at
phil redman will come to see you to capture appropriate tasks on the overall
project plan and identify dependencies .
i hope lloyd has kept you up to date so far .
i have added you to the address list for daily updates affecting the support
functions .
- - - - - - - - - - - - - - - - - - - - - - forwarded by richard sage / lon / ect on 30 / 06 / 2000 09 : 50
- - - - - - - - - - - - - - - - - - - - - - - - - - -
enron europe
from : anjam ahmad 30 / 06 / 2000 09 : 46
to : lloyd fleming / lon / ect @ ect , richard sage / lon / ect @ ect
cc : vince j kaminski / hou / ect @ ect , stinson gibner / hou / ect @ ect , bjorn
hagelmann / hou / ect @ ect , dale surbey / lon / ect @ ect , tanya tamarchenko / hou / ect @ ect
subject : mg metals : additional areas to look at
dear lloyd & richard ,
i have been discussing with eric gadd about two particular areas of concern
that will affect the london research group . i believe there are a number of
issues to address to ensure that the integration goes smoothly from a risk
management and quantitative analysis perspective , and i have put together a
( by no means exhaustive ) list : -
i ) seamless transfer of front and middle office systems from an exotic
options linking perspective ( e . g . their spreadsheets link to different option
pricing add - ins )
ii ) development of volatility curves and factor analysis to ensure that we
can capture metals risk in our var system ( we will require historical data
for this ) . i am sure bjorn will be looking to the research group to assist
in this matter .
iii ) ensure that mg staff on quant and risk side become familiar with our
methods and systems and vice versa
these tasks will involve a significant degree of cross - communication with
relevant contacts within mg metals , and so i look forward to starting on the
process as soon as possible - i hope to play a full part from a quantitative
research and risk management perspective to ensure that everything goes
smoothly in this exciting new development , so please do not hesitate to
involve me .
best regards ,
anjam ahmad
research
x 35383",ham,2000-06-30
6990,re : weatherwise,"thanks , brian . do contact him , please . his number in houston should be
( 713 ) 853 - 3400 , or 6 - 853 - 3400 on the direct line .
michael
ronnie : brian ' s number is 503 - 464 - 8516
> > > brian soth 09 / 07 / 00 12 : 06 pm > > >
michael - we have a contract with weatherwise to launch the weatherproof bill
here in our service territory . the wpb is a hedge for customers and , to some
extent , a weather hedge for us . we are not buying a typical enron - like hedge
from them , however .
if you want me to talk to ronnie i ' d be glad to .
> > > michael schilmoeller 09 / 05 / 00 10 : 25 am > > >
an associate of mine from research , ronnie chahal , is working for the enron
subsidiary newpower and was wondering if pge uses weatherwise , a derivatives
provider for weather hedges among other things . ronnie is trying to get some
background on them . if any of you know whether pge uses this service , please
contact ronnie or me and let me know to whom ronnie could speak about pge ' s
experiences with weatherwise .
thanks ,
michael
- text . htm",ham,2000-09-07
473,cilco storage,"the cilco volumes are different than the confirmed volumes to cilco . please
review the attached the spreadsheets from lisa kinsey , the central desk
scheduler responsible for the cilco account . the biggest variance is in
january 2000 . cilco withdrew 200 , 000 mmbtu ' s more than we booked @ bammel .
please let me know the best way to correct the problem . i suspect the
variance is showing up as a transport imbalance . also , the nomination for
the current month is 7 , 327 mmbtu instead of 7 , 000 mmbtu per day . 7 , 000 is
the volume delivered to cilco after transport fuel .
- - - - - - - - - - - - - - - - - - - - -
lisa kinsey
03 / 21 / 2000 08 : 12 am
to : kenny j soignet / hou / ect @ ect
cc :
subject : cilco storage
kenny ,
attached is the worksheet that i have been using to verify cilco ' s storage
balance with vonda seckler from cilco . let me know if you need anything
else .
lisa kinsey
ext 37628",ham,2000-03-21
25446,discounted window treatments,"xvdy
product
width
height
productl "" wood blinds 2 "" wood
blinds 2 1 / 2 "" wood blinds 3 "" wood blinds 2 "" faux wood blinds 2 1 / 2 "" faux wood blindssmooth and ribbed vinylfabric free - hang and embossed
vinylfabric insert and embossed vinylfaux wood
vertical blindsreal wood vertical blindssmooth
horizontal vinyl blindsembossed horizontal vinyl blindslight filtering honeycomb shadesblackout honeycomb
shadesl / 2 "" aluminum blindsl "" aluminum
blinds 2 "" aluminum blindsspring roller
shadesclutch roller shadesflat style roman
shadesteardrop style roman shadespleated
shadeswoven wood shadeslight filtering sheer
horizontalsblackout sheer horizontals 2 ""
composite blinds
wood blindschoose from many different slat sizes
from 1 to 3 inches , in a large selection of colors and t . . . more
faux wood blindsall the look of real wood , at a
lower price . available in 2 and 2 1 / 2 in slats , in both smooth . . .
more
vertical blindsavailable in vinyl , fabric , faux ,
and real wood . vertical blinds are perfect for arcadia doors . . .
more
aluminum blindsaluminum blinds are available in
1 / 2 inch , 1 inch , and 2 inch slat sizes and come in an endles . . .
more
copyright 2005 decorating
depot all rights reserved . designated trademarks
and brands are the property of their respective owners . decorating depot is located at 1630 south
stapley drive , suite 231 mesa , arizona 85204
779
",spam,2005-06-24
19555,greetings,"dear friend ,
you may be surprised to receive this letter from me since you do not
know me personally . the purpose of my introduction is that i am blossom makenbi ,
the first daughter of zuma makenbi one of the most popular black farmer in
zimbabwe who was recently murdered in the land dispute in my country . i
got your contact through network online hence decided to write you .
before the death of my father , he had taken me to johannesburg to
deposit the sum of usd $ 9 . 5 million ( nine million , five hundred thousand united states dollars )
in one of the private security company , as he foresaw the looming danger in zimbabwe this money
was deposited in a box as gem stones to avoid much demurrage from security
company . this amount was meant for the purchase of new machines and
= emicals for the farms and establishment of new farms in swaziland .
this land problem came when zimbabwean president mr . robert mugabe
introduced a new land act reform wholly affecting the rich white farmers
and some few black farmers , and this resulted to the killing and mob
action by zimbabwean war veterans and some lunatics in
the society . in fact a lot of people were killed because of this land
reform act for which my father was one of the victims .
it is against this background that , i and my family fled zimbabwe for
fear of our lives and are currently staying in the netherlands where we
are seeking political asylum and moreso have decided to transfer my
?thers money to a more reliable foreign account . since the law of
netherlands prohibits a refugee ( asylum seeker ) to open any bank
account or to be involved in any financial transaction throughout the
territorial zone of netherlands , as the eldest daughter of my father , i am
saddled with the responsibility of seeking a genuine foreign account
where this money could be transferred without the knowledge of my
government who are bent on taking everything we have got . the south
? rican government seems to be playing along with them .
i am faced with the dilemma of moving this amount of money out of south
africa for fear of going through the same experience in future , both
countries have similar political history . as a business minded lady , i am
seeking for a partner who i have to entrust my future and that of my
family in his hands , i must let you know that this transaction is risk
free . if you accept to assist me and my family , all i want you to do for
me , is to make an arrangements with the security company to clear the
consignment ( funds ) from their afiliate office here in the netherlands as
i have already given directives for the consignment to be brought to
the netherlands from south africa . but before then all modalities will
have to be put in place like change of ownership to the consignment and
more importantly this money i intend to use for
investment .
i have two options for you . firstly you can choose to have certain
percentage of the money for nominating your account for this transaction
",spam,2004-08-14
23569,organization chart,"for you records , attached is an organization chart .",ham,2000-12-01
3843,cheap prices on valium,"cheap prices on valium
* * * get your medication delivered to your doorstep * * *
us doctor writes prescription online . us licensed .
- great prices
- overnight shipping
- very easy ordering
- no prior prescription needed
- no doctor ' s appointments
why not try us now ? http : / / www . thehelp 9836 rx . biz / g 30
",spam,2004-03-13
25675,"marry kimmel , ebay billing department team .","dear valued ebay member ,
it has come to our attention that your ebay billing updates are
out of order . if you could please take 5 - 10 minutes out of your
online experience and update your billing records you will not run
into any future problems with the online service .
once you have updated your account records your ebay session will not be
interrupted and will continue as normal . failure to update will result in
cancellation of service , terms of service ( tos ) violations or future billing
problems .
to update your ebay records click here :
ebay billing department team .
http : / / www . ebay . com
© 1995 - 2005 ebay inc . all rights reserved . designated
trademarks and brands are the property of their respective owners .
use of this web site constitutes acceptance of the ebay user
agreement and privacy policy .
ebay official time .
",spam,2005-06-26
17497,start date : 12 / 28 / 01 ; hourahead hour : 4 ;,"start date : 12 / 28 / 01 ; hourahead hour : 4 ; no ancillary schedules awarded . no variances detected .
log messages :
parsing file - - > > o : \ portland \ westdesk \ california scheduling \ iso final schedules \ 2001122804 . txt",ham,2001-12-28
18637,fwd : any pills u want . v . a . lium . vicod ^ | n . vl @ gra . ~ xanax ~ . lmyrkuvo,"if he put out the eye of a freed man , or break the bone of a freed man , he shall pay one gold mina .
we offer a complimentary medical consultation with one of our doctors to determine which treatment is best for you .
carisoprodol ( soma ) 90 pills - 350 mg tablets - $ 129 . 99
levitra 30 pills - 10 mg tablets - $ 339 . 99
carisoprodol ( soma ) 60 pills - 350 mg tablets - $ 99 . 99
vicodin ( hydrocodone / apap 10 mg / 500 mg ) 90 pills $ 319 . 99
we use our own licensed pharmacists .
buy online in the comfort of your home . .
please copy and paste this link into your browser keepinghealthy . biz
for phone orders please call us at
1 - 415 - 462 - 2965 or 1 - 646 - 837 - 0772
( monday - saturday , 09 : 30 am to 10 : 00 pm est )
which from love ' s fire took heat perpetual ,
that music hath a far more pleasing sound :
theirs for their style i ' ll read , his for his love ' .
that thou consum ' st thy self in single life ?
",spam,2004-04-08
499,nomination 3 / 21 / 2000,"this is to have written record of nom on 3 / 21 / 2000 and following .
the nomination into eastrans is 75 , 000 mmbtu , but since
pg & e cut hpl ' s contract effective 3 / 21 / 2000 to 44 , 482 from 50 , 000 ,
the redeliveries will be as follows :
44 , 482 to pg & e
21 , 518 to mobil beaumont
3 , 000 int o cartwheel at carthage",ham,2000-03-22
21092,heyz darling,"would you like to keep me some company ?
my idiot husband is out of town and i ' m a little lonely .
safe way to contact me : http : / / www . llg 2005 . biz / 844268 / chws / fullpage . php
p . s . it ' s me
nicole f
",spam,2005-01-28
9304,siam conference,"dear mr . kaminski ,
?
i was one of the participants of the siam conference which was held last
week - end , and i have very much enjoyed your presentation . at the end of the
session , i was hoping to talk to you , but unfortunately you were already
gone . you said that if we were interested , you could e - mail a copy of your
talk . i would appreciate if you could send a copy to this e - mail address .
?
i am a mathematics ph . d . student at texas a & m university and i will be
graduating this august . i am very much interested in working in the modeling
of energy markets . can you please tell me whom i should send my resume , and
who i should contact in your company about a possible position in your
research group .
?
thank you for your time .
?
sincerely
?
g . aysu bilgin
texas a & m university
department of mathematics
?
get your free download of msn explorer at http : / / explorer . msn . com",ham,2001-04-30
11894,accenture presentation in eb 2601,"calendar entry : invitation
description :
accenture presentation in eb 2601
date : 6 / 28 / 2001
time : 2 : 00 pm - 5 : 00 pm ( central standard time )
meeting location : eb 2601 @ ect
chairperson : madhup kumar
detailed description :
when : thursday , june 28 , 2001 2 : 00 pm - 5 : 00 pm ( gmt - 06 : 00 ) central time ( us & canada ) .
where : eb 2601
* ~ * ~ * ~ * ~ * ~ * ~ * ~ * ~ * ~ *
if you have any questions about this meeting , please contact dan luciano @ x 5 - 3911 .",ham,2001-06-13
2903,"hpl nom for march 29 , 2001","( see attached file : hplno 329 . xls )
- hplno 329 . xls",ham,2001-03-28
12105,re : originations schedule,"gross margin by deal :
pastoria - $ 40 mm total ; parquet ( $ 20 mm ) ; wehn ( $ 16 mm ) ; mcdonald ( $ 4 mm )
fountain valley - $ 17 mm total ; thome ( $ 7 mm ) ; thomas ( $ 4 mm ) ; slaughter ( $ 4 mm ) ; buerkle ( $ 2 mm )
las vegas - $ 38 mm total ; gilbert ( $ 12 mm ) ; parquet ( $ 8 mm ) ; thomas ( $ 8 mm ) ; page ( $ 4 mm ) ; etringer ( $ 4 mm )
dwr - $ 7 mm calger
turbine deals - $ 5 mm total ; thome ( $ 3 mm ) ; thomas ( $ 2 mm )
municipals - $ 2 mm total ; dyer ( $ 2 mm )
total : $ 109 mm
team leader :
parquet : $ 55 mm
thomas : $ 41 mm
mcdonald : $ 6 mm
calger : $ 7 mm
chris calger
503 - 464 - 3735
- - - - - original message - - - - -
from : kitchen , louise
sent : thursday , july 05 , 2001 8 : 00 am
to : kitchen , louise
cc : calger , christopher f . ; belden , tim ; killen , faith
subject : re : originations schedule
it might be easier ( for the sake of time ) to just take the dpr numbers and split it out be originator .
these are the aggregate numbers :
foster 37 , 642 , 000
wolfe 5 , 678 , 000
thomas / macdonald 5 , 188 , 000
parquet 77 , 191 , 000
calger 7 , 000 , 000
thanks
louise
louise kitchen
07 / 05 / 2001 08 : 27 am
to : christopher f calger / enron @ enronxgate , tim belden / enron @ enronxgate
cc : faith killen / enron @ enronxgate
subject : re : originations schedule >
these are the origination numbers by deal maker that we are using for prc purposes , can you check your guys and let faith know today if there are any discrepencies .
thanks
louise
from : faith killen / enron @ enronxgate on 07 / 04 / 2001 01 : 54 pm
to : louise kitchen / hou / ect @ ect
cc : wes colwell / enron @ enronxgate , tammie schoppe / hou / ect @ ect
subject : originations schedule
hi louise ,
as requested , attached is a file that contains june ytd originations by originator .
we ' ve arranged the file in the following sorts :
? by team
? by originator ( sorted alphabetically )
? by originator ( sorted by value )
? top 10 overall originators by value
? top 10 originators - gas
? top 10 originators - power
an item to note is that not all deals had a related individual ' s name ( such as enduser ) - we left the listing as it appears in the risk book in these cases .
we ' ll send you an update if the dpr amounts move ( the dpr isn ' t final yet . )
please let me know if you need any additional information !
>
",ham,2001-07-05
30404,buy vãlium and x . anax now,"sa ; ve 7 _ 0 % ord . ering onl / ine to ` day !
vi ! sit our site and sa ! ve big
brag conglomerate al bruegel candidacy dirge afield balletomane aba del abstracter barter comprehend distinct coffee deposition allure bermuda creature biography cage doff becky arhat comatose distaff conductor deflate awhile contraception cartography bebop covariant adam avoid antoine crosby automobile brady canada cassius annotate constrictor collapse advocacy brief chosen amok aplomb bruno breast bindweed bribery dive conjectural burundi cliffhang cal covert alpha citroen bustle crete closet birdlike bakersfield choir bartok diatom collide bid beneath cherubim bonaparte cotta betwixt conway archery bandage blight bentley belittle arcsin answer coven discreet amnesia chigger circulate beginner briefcase boeotia adolphus cholinesterase begin dionysus bauxite abstracter boatswain anyplace backlog cranium candide absent amber burst average
removemeplease
",spam,2004-11-13
10169,save your money buy getting this thing here,"you have not tried cialls yet ?
than you cannot even imagine what it is like to be a real man in bed !
the thing is that a great errrectlon is provided for you exactly when you want .
ciaiis has a iot of advantaqes over viagra
- the effect iasts 36 hours !
- you are ready to start within just 10 minutes !
- you can mix it with aicohol ! we ship to any country !
get it riqht now ! .
",spam,2005-06-25
764,how do you get your hands around this ? ? are there reports which can help ?,"when unify was designed , how did scotty / mike and team plan to aid you all to
manage this ?
- - - - - - - - - - - - - - - - - - - - - - forwarded by brenda f herod / hou / ect on 05 / 11 / 2000
08 : 53 am - - - - - - - - - - - - - - - - - - - - - - - - - - -
enron capital management
from : david baumbach 05 / 10 / 2000 06 : 12 pm
to : daren j farmer / hou / ect @ ect , pat clynes / corp / enron @ enron
cc : brenda f herod / hou / ect @ ect
subject :",ham,2000-05-11
32420,go to 24 hour fitness on us bait - excelled @ em . ca,"having problems seeing the graphics ? please go here .
congratulations ! you ' ve been selected to receive a one year free membership at 24 hour fitness ® .
everyfreegift is not affiliated with 24 hour fitness , inc . if you do not wish to receive special offers , discounts and coupons from everyfreegift . com , please do one of the following : use this link to unsubscribe or write to us at customerservice , po box 390520 , mountain view , ca 94039 - 0520 . 24 hour fitness and its affiliates have not sponsored or endorsed this promotion in any way .
this message is a solicitation .
if you wish to opt - out from
further e - mails , please
go here .
you can also write to us at :
opt - out department
6311 van nuys blvd # 403
van nuys , ca 91401
",spam,2005-04-06
11446,"yahoo - allegheny energy announces plans to issue 10 , 000 , 000 common","shares
you may have already seen this . aye is above $ 47 . 00 , barely $ 2 . 00 off its all time high .
don
- - - - - - - - - - - - - - - - - - - - - - forwarded by don miller / hou / ect on 04 / 10 / 2001 03 : 09 pm - - - - - - - - - - - - - - - - - - - - - - - - - - -
dmille 2 @ ect . enron . com on 04 / 10 / 2001 03 : 08 : 05 pm
to : don . miller @ enron . com
cc :
subject : yahoo - allegheny energy announces plans to issue 10 , 000 , 000 common shares
http : / / biz . yahoo . com / bw / 010409 / 2562 . html
aye 47 . 24 + 1 . 00 delayed 20 mins - disclaimer
monday april 9 , 12 : 48 pm eastern time
press release
allegheny energy announces plans to issue 10 , 000 , 000 common shares
hagerstown , md . - - ( business wire ) - - april 9 , 2001 - - allegheny energy , inc . ( nyse : aye - news ) today announced its intent to issue approximately 10 , 000 , 000 shares of common stock . the offering is expected to be concluded by early may 2001 .
all or a portion of the net proceeds of the transaction will be used to fund the acquisition of generating facilities . any proceeds not used in the acquisition of these generating facilities will be used for general corporate purposes .
the joint book - running managers are goldman , sachs & co . and merrill lynch & co . , with co - managers bank of america securities llc , jp morgan , salomon smith barney , and suntrust equitable securities .
the underwriters also will have a 30 - day option to purchase up to 1 , 500 , 000 additional shares to cover any over - allotments of shares .
this offering will be made by a prospectus only . a copy of the prospectus may be obtained from the underwriters .
this notice shall not constitute an offer to sell or the solicitation of an offer to buy nor shall there be any sale of these shares of common stock in any state in which such offer , solicitation , or sale would be unlawful prior to the registration or qualification under the securities laws of any such state .
an s allegheny energy supply company , llc , which owns , operates , and markets competitive retail and wholesale electric generation ; and allegheny ventures , which actively invests in and develops telecommunications and energy - related projects .
certain statements within constitute forward - looking statements with respect to allegheny energy , inc . ( ` ` aye ' ' or the ` ` company ' ' ) . such forward - looking statements involve known and unknown risks , uncertainties , and other factors that may cause the actual results , performance or achievements of aye to be materially different from any future results , performance , or achievements expressed or implied by such forward - looking statements . such factors may affect aye ' s operations , markets , products , services , and prices . such factors include , among others , the following : weather and natural phenomena ; general and economic and business conditions ; industry capacity ; changes in technology ; changes in political , social , and economic conditions ; changes in the price of electricity and gas ; changes in environmental and other laws ; regulatory matters ; litigation involving aye ; regulatory conditions applicable to aye ; the loss of any significant customers ; and changes in business strategy or development plans .
contact :
allegheny energy , inc .
debra beck
general manager , corporate communications
phone : 301 - 790 - 6177
media hotline : 1 - 888 - 233 - 3583
email this story - most - emailed articles - most - viewed articles
more quotes and news : allegheny energy inc ( nyse : aye - news )
related news categories : oil / energy , utilities
help
copyright ? 2001 yahoo ! inc . all rights reserved . privacy policy - terms of service
copyright ? 2001 business wire . all rights reserved . all the news releases provided by business wire are copyrighted . any forms of copying other than an individual user ' s personal reference without express written permission is prohibited . further distribution of these materials is strictly forbidden , including but not limited to , posting , emailing , faxing , archiving in a public database , redistributing via a computer network or in a printed form .
questions or comments ?",ham,2001-04-10
28326,enron in action 01 . 08 . 01,"please notice the updated format . simply click on the titles for detailed
information .
in anticipation of black history month and to celebrate mlk day , come enjoy
the alley theatre ' s exclusive presentation of "" barbara jordan : texas
treasure "" for enron employees ! this one woman , one - act performance
demonstrates the legacy of a great texas orator and public official and is
part of enron ' s extensive collaboration with the alley theatre on barbara
jordan ' s life . pack a lunch and come join us from 11 : 30 a . m . - 12 : 30 p . m . at
the 2 allen center forum on friday , january 12 th . space is limited , so rsvp
via e - mail to jessica nunez .
join the enron running club at the compaq houston marathon and houston
cellular 5 k benefiting over 40 charitable organizations scheduled for
sunday , january 14 th . if you are interested in running , please contact cindy
richardson at 713 - 853 - 4770 . for more information run to :
http : / / home . enron . com : 84 / erc / index . html .
join the enron running club at the american general fine arts 5 k benefiting
the museum of fine arts , houston scheduled for saturday , january 27 th . if
you are interested in running , please contact cindy richardson at
713 - 853 - 4770 . if you would like to volunteer , please contact kelly lombardi
at 713 - 345 - 8491 . for more information run to :
http : / / home . enron . com : 84 / erc / index . html .
enron is the title sponsor of the holocaust museum houston ' s human race , a 5 k
walk / run through downtown which brings together the city ' s ethnic and
cultural groups to learn more about each other and to celebrate houston ' s
rich cultural heritage . the linda and ken lay family is also a sponsor and
there are many volunteer needs to be filled ! ! !
volunteer opportunities include :
sign - up booths
enron building lobby
jan . 10 & jan . 17
11 am - lpm
packet stuffing
holocaust museum houston - 5401 caroline street
jan . 27
2 pm - 5 pm
pre - race registration
holocaust museum houston - - 5401 caroline street
feb . 1 - 3
9 am - lpm , 1 pm - 5 pm or 5 pm - 7 pm .
data entry
holocaust museum houston - 5401 caroline street
jan . 15 through feb . 6
9 am - lpm and lpm - 5 pm weekdays or noon - 5 pm weekends
race day registration & check in
park shops mall - 1200 mckinney
feb . 4
11 am - 5 pm
race course timers & water stops
park shops mall - 1200 mckinney
feb . 4
noon - 5 pm
finish line festival
park shops mall - 1200 mckinney
feb . 4 lpm - 5 pm
if you want to volunteer or need additional information please contact
jessica nunez asap via email with your selected duty and time . thank you for
supporting this event with your volunteer efforts !
the texas scholar program is in search of volunteers from the business
community to speak to 8 th grade students at edison middle school on january
30 th & 31 st . training will be available on january 17 th and 23 rd , at
9 : 30 am - 10 : 45 am in two allen center , ste . 700 boardroom . if this is something
you might be interested in , please contact jessica nunez via e - mail to sign
up for training and speaking times . take advantage of this opportunity to
help students be successful in the future workplace .
the volunteer income tax assistance program offers free tax help to the
community , particularly those with low and limited income , individuals with
disabilities , non - english speaking and elderly taxpayers . vita is seeking
volunteers to help out with the upcoming tax season . training starts in
january , and all students , professionals , or anyone seeking new skills are
invited to help out . for more information , call 800 - 829 - 1040 or write to
taxed . houston @ irs . gov .
the enron running club is looking for volunteers to assist at the compaq
houston marathon and houston cellular 5 k on sunday ,
january 14 th . please contact kelly lombardi at 713 - 345 - 8491 , to find out
more information .
have news to share ?
to post news or events in enron in action , please e - mail your information to
greg grissom ( ext . 58741 )
no later than 12 : 00 noon the thursday prior to the next monday  , s mailing .",ham,2001-01-05
17961,start date : 1 / 31 / 02 ; hourahead hour : 4 ;,"start date : 1 / 31 / 02 ; hourahead hour : 4 ; no ancillary schedules awarded . no variances detected .
log messages :
parsing file - - > > o : \ portland \ westdesk \ california scheduling \ iso final schedules \ 2002013104 . txt",ham,2002-01-31
31083,keep the profits,"tired of making a "" salary ""
do you see your income increase when you work hard ? no . . .
profit from the 10 billion dollar per year casìno industry from your own home
be your own boss and keep the profits to yourself
call 1 - 877 - 467 - 2636 ext : 213 for more information
thank you for your time
blackbird eng herewith scott breathtaking carolina aspersion elk taipei suffer circle fiddle implementation clod baccalaureate crucible drought fur seton newsreel vanguard voss conservatory illuminate gecko lottie driveway adenine catalysis alcoa commend carboxylic expenditure chivalrous inlaid lad caddis quart staunton coates embroider indirect protoplasm mend partridge abject feedback habitation iridium vacuole snivel episodic attrition ameslan shelley stairway broody collaborate grocery canis tail monocotyledon
stale regiment ayers plover gasify suny diem mardi orinoco hewlett twit tell potomac sanctimonious switchblade waterway aspirin allergic petrify scenario hydrophilic lux alumni keeshond commando protrusion facsimile pinion modular raffia accolade cocksure identify acumen clarify",spam,2005-01-03
17475,start date : 12 / 27 / 01 ; hourahead hour : 15 ;,"start date : 12 / 27 / 01 ; hourahead hour : 15 ; no ancillary schedules awarded . no variances detected .
log messages :
parsing file - - > > o : \ portland \ westdesk \ california scheduling \ iso final schedules \ 2001122715 . txt",ham,2001-12-27
18122,awesome product ! ! !,"awesome product ! ! !
did you know that the normal cost for vl @ gra
is $ 20 per dose ?
we are running a hot special !
today its only an amazing $ 1 . 66
visit here : http : / / www . securemedsite . com / index . php ? pid = evaph 7482
quy k fqn pwkwj
cyt coejbssprqd
i urhlriac
nhfweezsljuiqa
jtxrcbv
",spam,2004-01-03
16831,creating customer finals,"bill ,
with the new system , we need to rework the timelines of some jobs that pull data in . the creation of customer finals must take place prior to our pulling in the schedules to create our estimates . i am requesting that you implement a 3 : 00 am deadline for customer finals to be created . we will run our job at that time that pulls in schedules . if the customer finals are not created by 3 : 00 , then our job will be run again at 5 : 00 am . we understand that there are special circumstances that arise and we can deal with those on a case - by - case basis . this is vital for us to have the finals created in this timeline and makes our lives much easier !
if you do not have any problems with this , please pass on this request to the rest of the rt team and implement this timeline on tonight ' s shift . otherwise , please discuss with me and we can work w / pete to square this away .
thank you for your attention to this , i appreciate it !
kourtney",ham,2001-07-10
21037,woww . . 8 o - % off abazis,"offers of the month . . .
viaggra $ 139 . 95
ciallis $ 129 . 95
vallium $ 179 . 95
xanaax $ 160 . 95
ambient $ 114 . 95
visitt us today for irresistable offerss . .
http : / / expedited 2 u . biz / 2 / ? wid = 200007
this is 1 - time mailing . no - re moval are re ' qui - red
",spam,2005-01-21
27833,ios posting,please post .,ham,2000-07-20
18337,re : eincy wincy spider,"hey , come on - buy g . e . n . e . r . i . c v i a g r a - fast delivery !
costs over 50 % less than viagrar
we also have these medications in highly discounted generic form :
ambien , xanax , phentermine , lipitor , nexium , paxil , and vioxx .
physician consultation : $ 0 . 00
free discreet shipping
ez online form
i want to say adios
clergymen broccoli debase juggle magpie bellhop adhere custom fredericksburg hecate foley tough diehard criterion carne barbour bedford comprehension glacis cacm timberland kale gibraltar kernel hothead eagle adieu sourberry vis ambulate blubber sovereign exhort combinate chaos icebox dalton snap camelback flag monomial sweepstake billy excise shoreline trivia involution o childlike itinerary meaningful stenographer elsewhere observation dearth irony abysmal province strikebreak cyst compilation cochineal opal buckskin
proximal airfield omission quadriceps bin apathy bet gerontology claire doldrums discus turbofan hereinbelow anchorage chinese antarctica bay davis opiate watts sylow shrike perk mahayana cachalot arizona distribution hemosiderin laurie eyesore convect cesium achieve ectopic broadside liberal feel loathsome armload camp archdiocese mountainside alger mary burrow surjective blond coffer octal any littoral lacerta boatyard dupe anaplasmosis",spam,2004-02-11
2159,texas general land office it transport,"gerald / eric -
i have a couple of questions regarding tglo transport contract
012 - 88494 - 202 . we are currently delivering a volume of 28 . 000 mm into various
midcon interconnects on this contract that are designated to go to
reliant / entex for the purpose of heating hisd schools . the transport
contract stipulates different rates for this delivery depending on whether
the gas is intended for state facilities or not . my first question , then ,
is : are hisd schools considered state facilities ? and , if hisd schools are
considered state facilities , does the fact that this gas is being delivered
to them via reliant / entex utilizing midcon ' s pipe make any difference ?
i am asking these questions not only to assure that we are recouping the
correct transport rate , but also to determine what the consequences might be
if i interrupt this delivery . we are having difficulty getting enough gas
into midcon to cover our entex noms and i am just exploring my options . i
would also expect that this volume should decrease when hisd closes for the
christmas holidays - does the fact that this is an it agreement give me enough
leverage to cut this nom if tglo does not do so voluntarily ?
thanks for your help .",ham,2000-12-05
28654,fw : california capacity report for week of 6 / 11 - 6 / 15,"transwestern ' s average deliveries to california were 1032 mmbtu / d ( 95 % ) , with san juan lateral throughput at 873 mmbtu / d and rio puerco at 0 mmbtu / d .
total east deliveries averaged 430 mmbtu / d .
el paso ' s average deliveries to california were 2160 mmbtu / d ( 73 % ) :
- pg & etop , capacity of 1140 mmbtu / d , deliveries of 584 mmbtu / d ( 51 % )
- socalehr , capacity 1266 mmbtu / d , deliveries of 1040 mmbtu / d ( 82 % )
- socaltop , capacity 540 mmbtu / d , deliveries of 536 mmbtu / d ( 99 % )
friday ' s posted gas daily prices :
socal gas , large pkgs 6 . 90
pg & e , large pkgs 3 . 515
tw san juan 3 . 10
ep permian 3 . 77
monday ' s enron online bases :
jul jul - oct nov - mar
perm - ca 3 . 66 3 . 50 1 . 36
sj - ca 4 . 41 4 . 27 1 . 55
sj - waha . 75 . 61 . 21
perm - waha . 00 . 01 . 015",ham,2001-06-18
29240,"top 10 popular pharmacy drugs . . viagra , xanax , paracodin ( vicodin )","posterity lament vivacious waldomarsh wig vigil maori
yalta vitrify withstand labour postdoctoral ayerswraith vicar mastiff praseodymium
vought preeminentmedlar bale versatec without violent masonicwaller backfill without
mardi wildfire wondrous babysit massacre polka avowallaplace lancaster
volvo void band marcel
knee lace baseband matthews kiddie visionary
",spam,2004-08-03
5680,engineering meetings in broomfield co on march 9 and 10,"hi stinson , as per our discussion , which we will expand upon when we meet
later today , my currently role in hamachi is better characterize as
combination of deal support ( from the engineering perpsective ) , facilitating
my work with jean mrha ( via erik simpson ) on the initial load forecast and
general requirements document development . none of this is technical by any
means . if anything , it is more like engineering consulting ( from deal
perspective ) by ebs research to john ' s group . i will bring it up with john
tomorrow night about bringing our technical guys on such road trips so that
they can get involved with his group even though no optimization modeling
work may need to be done . for this i will use samer and / or chonawee but we
need to be certain that they are available on such on - call basis as stated
below . john is very clear and specific about who he ask to be at such
meeting and when , etc . normally he does not want any deviations . so if we
put someone on such jobs , they have to be able to travel on - call anywhere ,
any place . that is the time pressure he is working with .
he want me to be the primary contact for such deal support effort . but i will
ask to bring along our technical guys on such trips so that they are plugged
in etc . . .
i will recommend this to john for the next deal that he is planning .
ravi .
- - - - - forwarded by ravi thuraisingham / enron communications on 03 / 08 / 00 10 : 57
am - - - - -
jeanette busse
03 / 08 / 00 10 : 52 am
to : ravi thuraisingham / enron communications @ enron communications , jim
irvine / enron communications @ enron communications , dayne relihan / enron
communications @ enron communications , tom huntington / enron
communications @ enron communications
cc : john griebling / enron communications @ enron communications
subject : engineering meetings in broomfield co on march 9 and 10
hello all ,
john griebling has requested your attendance at engineering meetings at the
omni hotel in the colorado boardroom on thursday and friday , march 9 & 10 ,
8 am - 6 pm both days . the engineering work could possibly overflow into the
weekend . you will need to fly out the evening of wednesday march 8 th .
please let me know if you have any questions .
jeanette
jeanette a . busse
project manager , strategic alliances
enron broadband services , inc . ( formerly enron communications )
2100 sw river parkway , suite 600
portland , or 97201
office : 503 . 886 . 0214 fax : 503 . 886 . 0434
email : jeanette _ busse @ enron . net",ham,2000-03-08
30311,= ? utf - 8 ? q ? equal medicine - bit ? =,"= ? utf - 8 ? q ? ty monetary value ! ? =
solicit drugs straight from
food and drug administration accepted producer in bharat .
safe up to 70 % on indian narcotics .
our site
",spam,2004-11-07
9193,re : fw : mtg . scheduled,"frank ,
regarding simulating power prices in var we might discuss the following items
and show some results :
1 . clustering for power :
- clustering based on historical prices and correlations from them ;
- geographical clustering ;
- flexibility in choosing "" core curves "" ( based on position size ) ;
2 . jump - diffusion process for intramonth and prompt month :
- parameter estimation from historical data ( do we want to use it ? )
- working out parameters ( jumps frequency , jump size ) as stress scenarios ;
3 . correlations within a cluster and across clusters .
4 . changing correlations estimations ( using fixed contact ' time series ) .
5 . joint estimation of factors for selected regions .
let me know what you think should be in the agenda for this meeting .
regards ,
tanya
from : frank hayden / enron @ enronxgate on 04 / 18 / 2001 03 : 43 pm
to : tanya tamarchenko / hou / ect @ ect
cc :
subject : fw : mtg . scheduled
if you want , i welcome your help in putting together an agenda .
frank
- - - - - original message - - - - -
from : black , tamara jae
sent : wednesday , april 18 , 2001 3 : 32 pm
to : presto , kevin ; davis , mark dana ; sturm , fletcher ; herndon , rogers ;
gilbert - smith , doug ; white , stacey ; kaminski , vince ; andrews , naveen ; belden ,
tim ; gorny , vladimir ; davenport , lacrecia
cc : hayden , frank
subject : mtg . scheduled
please mark your calendar for a meeting with :
frank hayden
reg . value @ risk
april 26 th
3 - 4 pm
rm 3125 b
thanks
tjae black
x 35800",ham,2001-04-23
15428,we ' re giving away an sony dvd camcorder,"to unsubscribe from this mailing list : click here
or send a blank message to : r . gsml . 0 - 4541091 - 5 d 6 d . em . ca . - bait @ gs 22 . majorleagueoffers . com
bss
4012 south rainbow drive
las vegas , nv 89103
usa
",spam,2004-11-17
22342,ask dr . john - super valgra options,"vlagra store :
- http : / / dumfounds . com / genv / ? myrx
no : http : / / dumfounds . com / genv / ? myrx
",spam,2005-07-28
13292,re : fw : rahil jafry : usa : update 4 - dynegy hits upper end of q 3,"earnings targets .
working on 3 deals - a full services rfp with cvec , service offering for cogentrix ( would be more imp . now that we ' re not doing any asset deals with them ) , and a "" blend and extend "" for 600 - 800 mw of load . cogentrix and cvec are slated for this year , while the last one is for ' 02 . trying to give them a push for this year though .
r
rahil jafry
e - mail : rahil . jafry @ enron . com
work : 713 . 853 . 3206
cell : 281 . 704 . 1060
- - - - - original message - - - - -
from : kitchen , louise
to : jafry , rahil
sent : mon oct 15 15 : 22 : 30 2001
subject : re : fw : rahil jafry : usa : update 4 - dynegy hits upper end of q 3 earnings targets .
have you done any deals yet ?
- - - - - - - - - - - - - - - - - - - - - - - - - -
sent from my blackberry wireless handheld",ham,2001-10-15
19243,"at last , smart filtering technology that works","how ' s it going ?
better than all other spam filters -
only delivers the email you want !
this is the ultimate solution that is guaranteed to stop all spam
without
losing any of your important email ! this system protects you 100 % .
we didn ' t believe it either until we actually tried it . so you be the judge
and see for yourself .
you owe it to yourself to try this program , and forward this email
to all of your friends
who hate spam or as many people as possible .
get rid of unwanted emails now .
if you wish not to be contacted again
please
enter your email address here .
prev . ia marketing , inc .
848 n . rainbow blvd . # 316
las vegas , nv 89107
conforms to legal requirements of 2003 us can - spam act .
seminole compound winkle inhibitory betty dickey
",spam,2004-07-01
33485,web design & development,"hello ,
as a professional web solutions company , we would like to offer you a new website design we appreciate your business .
grace kedem
http : / / www . webdesignl 2345 . com
tel : 1 - 866 - 7283558
-
to unsubscribe from this list : send the line "" unsubscribe linux - kernel "" in
the body of a message to majordomo @ vger . kernel . org
more majordomo info at http : / / vger . kernel . org / majordomo - info . html
please read the faq at http : / / www . tux . org / lkml /",spam,2005-07-10
25983,invoices,"hello lisa ,
thank you for sending those invoices to me . i have not received them
previously . i have cut a check for $ 79 . 90 and put it in the mail
today . i am not certain why i didn ' t receive them before , but i will
try to keep a closer eye on this .
thank you for letting me know of our delinquency .
loretta sassmannshausen
three rivers dermatology",spam,2005-06-29
29907,= ? utf - 8 ? q ? permit banking compa ? =,"= ? utf - 8 ? q ? ny oppose for your ? =
= ? utf - 8 ? q ? mortgage ? =
programs for every credit situation
loaners answer within 13 hours
adopt more then 125 % of your abodes value
primary suggestions for self employed
no profit verification programs
procure more information
",spam,2004-10-06
1939,"enron / hpl actuals for october 27 - 29 , 2000","october 27 , 2000
teco tap 100 . 000 / hpl gas daily
october 28 , 2000
teco tap 104 . 133 / hpl gas daily
october 29 , 2000
teco tap 100 . 000 / hpl gas daily",ham,2000-10-30
22550,leadership development progress,"thank you again for participating in the leadership development vendor
selection process in december .
based on the decisions we made at the meeting , we are ready to conduct a
pilot february 8 - 10 of six modules from wilson learning corporation .
the purpose of the pilot is to evaluate wilson learning materials and
facilitators and present a portion of the leadership curriculum . we will
also pilot the communications module for non - supervisory employees .
we ask that you invite 1 - 2 managers from your group to participate and
evaluate the modules . participants should plan to complete a minimum of two
modules . in addition , you are invited to participate in as many as you
would like . we are also opening this pilot to managers throughout ena to
ensure
that the material adapts well we are currently completing the curriculum
design
and plan to have information available in february .
as you may remember these are the decisions we reached at the meeting in
december :
* use southwest performance group ( swp ) and wilson learning products as our
primary vendor and achieve global as a secondary .
* create an enron faculty of outside facilitators that meet our specified
requirements .
* ensure that the skills in our curriculum are matched to different levels
of manager .
* ensure that we incorporate data available from consultants currently
working with energy
operations
* incorporate current enron course offerings into ena curriculum
attached for your review are :
* facilitator profile
* curriculum table - mapping skills to courses
descriptions of each module are also attached for your review
the following are half - day sessions . supervisors may sign up for any or all
depending on their need . it would be helpful if supervisors attend a minimum
of two modules . we need to have a minimum of 9 participants for the course
to be effective . as an added bonus , i will cover the cost of attending the
pilot . ( as you may remember , cost for attending programs in 2000 will be
charged back to the business unit )
date module time target audience
feb . 8 meeting leadership challenges 8 - 12 am supervisors with less
than 6 months experience
working styles 1 - 5 pm any supervisor
feb . 9 coaching to performance 8 - 12 am any supervisor
motivating for results 1 - 5 pm any supervisor
feb . 10 communicating effectively 8 - 12 am any employee
delegating and directing 1 - 5 pm any supervisor
other details :
* sessions will be held in room 560 .
* participants should plan to attend a minimum of two sessions .
* please call gracie presas to register by february 1 .
* descriptions of each module are provided in the attachment .
if you have further questions concerning this pilot , please contact me at
3 - 7394 . again , thank you for all your work in this importanct effort !",ham,2000-01-18
13209,re : replacement cost values,"brian :
this insurance is purchased on a portfolio basis with payment to underwriters at inception of the coverage . values are adjusted annually at renewal . the premiums are allocated to the participating entities as part of the budget process and insignificant additions and deletions of assets do not normally result in premiums additions or refunds . in the event that we discontinue premiums to north america for hlp , we have no mechanism to allocate that premium to the other assets that continue to be insured . in the event of a significant divestiture , underwriters may consider a refund , however , the values discussed below would not likely be significant when compared to enron ' s values as a whole . additionally , enron ' s adverse loss experience affects the underwriters ability to return premium for small divestitures .
at renewal , 4 / 01 / 02 , north america ' s revised property values will be declared to underwriters as part of enron ' s overall values and your premium allocation will adjust depending upon your values and loss experience as compared to the rest of enron .
regards ,
paul
- - - - - original message - - - - -
from : redmond , brian
sent : monday , october 08 , 2001 5 : 31 pm
to : coffey jr . , jim ; clayton , paul ; azore , jacquelyn
cc : whiting , greg ; gruesen , karen ; helton , susan ; koehler , anne c . ; kitchen , louise
subject : re : replacement cost values
paul :
please confirm that ena will not bear any insurance costs for the hpl assets for the second half of 2001 and the balance of years going forward ? if this is not the case , then we need to meet and discuss why this is not the case .
thanks ,
brian
- - - - - original message - - - - -
from : coffey jr . , jim
sent : monday , october 08 , 2001 5 : 25 pm
to : clayton , paul ; azore , jacquelyn
cc : redmond , brian ; whiting , greg ; gruesen , karen ; helton , susan ; koehler , anne c .
subject : re : replacement cost values
paul
in additon to the 188 , 371 , 296 property value for bammel lease that you mentioned below there was also a value on your spreadsheet for bammel gas storage of 267 , 000 , 000 . requirements to insure both of these amounts should be with aep not enron and thus the 2002 plan premium allocations of $ 754 , 096 on the bammel gas storage 267 , 000 , 000 value and $ 924 , 433 on the bammel lease value of 188 , 371 , 296 should not be needed .
jackie
please remove these amounts from the ena - hpl 2002 plan .
- - - - - original message - - - - -
from : clayton , paul
sent : monday , october 08 , 2001 5 : 10 pm
to : coffey jr . , jim
subject : re : replacement cost values
jim :
as discussed for the purposes of the 2002 insurance budget , we will delete the bammel lease ( 1409 ) property values of $ 188 , 371 , 296 . we will advise the insurers effective this past june to delete these assets and will attempt to receive a refund . however , as respects asset divestitures , insurers have not been inclined in the past to refund premiums for comparatively small divestitures in view of our adverse loss experience . however , if we are successful in receiving a credit , we will refund the premium .
i will discuss with karen and brian the other remaining assets .
regards ,
- - - - - original message - - - - -
from : clayton , paul
sent : monday , october 08 , 2001 2 : 13 pm
to : coffey jr . , jim
subject : replacement cost values
jim :
please update accordingly .
thanks ,
>",ham,2001-10-09
2958,fixed price swap profile,"[ [ enron 42 . xls : 2599 in enron 42 . xls ] ]
darren , thanks for your patience . call me when you have the time to go over
this .
patricia anderson
512 - 370 - 8280
- enron 42 . xls",ham,2001-04-02
6377,re : enron site / mepr 2,"fyi ,
my message to risk .
vince
- - - - - - - - - - - - - - - - - - - - - - forwarded by vince j kaminski / hou / ect on 06 / 28 / 2000
05 : 44 pm - - - - - - - - - - - - - - - - - - - - - - - - - - -
vince j kaminski
06 / 05 / 2000 08 : 04 am
to : conrad gardner @ enron
cc : vince j kaminski / hou / ect @ ect , mike a roberts / hou / ect @ ect , daniel
diamond / hou / ect @ ect
subject : re : enron site / mepr 2
conrad ,
thanks for your message .
there are 3 papers enron contributed to the last mepr .
there is also another paper on electricity i contributed to the "" red book "" on
us
power markets , as well as a paper or credit risk management , and a paper
on weather derivatives . all these papers included in other risk books were
written by enron
employees .
we would like them included as well , if technically possible .
i think that offering other energy related books through our site , in
addition to mepr 2 ,
is fine , but i would leave the decision to dan diamond , who is responsible
for the project .
vince
conrad gardner on 06 / 05 / 2000 07 : 08 : 36 am
to : vince . j . kaminski @ enron . com
cc :
subject : enron site / mepr 2
> date : mon , 05 jun 2000 13 : 02 : 02
> to : vince kaminski
> from : conrad gardner
>
> dear vince
>
> thanks for the call and email on friday . i will contact masuyuki and follow
it from there .
>
> regarding the enron site , i think it is absolutely fine to put up the two
enron chapters ( i ' ll provide pdfs ) , and prevent any customer leakages from
your site by the use of "" submit "" buttons . as mentioned , i ' ll offer a 20 %
discount on mepr 2 to customers but would you be interested in some of other
energy titles ? - please let me know .
>
> many thanks
>
> conrad gardner
>
head of book publishing
risk books
haymarket house
28 - 29 haymarket
london
swly 4 rx
direct tel : + 44 ( 020 ) 7 484 9750
main tel : + 44 ( 020 ) 7 484 9700
fax : + 44 ( 020 ) 7 484 9758
e - mail : conrad @ risk . co . uk
www . riskpublications . com",ham,2000-06-28
5021,meet some lonely fun girls that want it,"the newest place to hook up is here
are you sick and tired of your wife or girlfriend ' s annoying habits
do you just want them to shut the % # ! up
then come on over to the best date site on the www
whether you are looking for a one nite party or a new wife
you will find your match here .
http : / / getafundate . com / aac / acf . html
nomore ofthis
http : / / getafundate . com / rr 2 . html
tell me together brink permutation athletic .
you cant always niggle epithelial assailimportune kerr . everthything
tell them mullen game celestebrindle .
you and me can baseman sylvania rob paliourg @ iit . demokritos . gr
things that alum indebted bentley .
",spam,2005-06-14
28303,transportation contract # 25374,"michelle ,
please ammend oneok buston processings transportation contract # 25374 to
include
the month of january , 2001 .
thank you ,
andrew pacheco",ham,2000-12-27
16817,epe reconciliation model : follow - up,"good afternoon -
i wanted to quickly follow - up to make sure everyone is aware of the new epe reconciliation model ' s location and status . i just skimmed through the first 8 days of this month , and we show no variances between the real time el paso model and our carp report .
the reconciliation model can be found at :
m : / electric / epe / epeol / julyol / july epe reconciliation
please let me know if you have any questions .
thanks ,
kate symes
real time trading support
503 - 464 - 3939",ham,2001-07-09
26191,greetings from u . a . e,"hello my dear ,
before i introduce myself , i wish to inform you that this letter is not a hoax mail and i urge you to treat it serious . i am director of procurement department at the ministry of petroleum and mineral resources , here in the united arab emirates . i obtained your email while searching for a reliable person , who could assist me in receiving transfer of a supposed contract awarded funds . this fund came as a result of over estimated contract awarded sums executed by foreign contractors in the petroleum ministry . this fund has been approved for payment to the contractor by the concerned ministry . the contracts had been executed and commissioned . what i am about to receive now , is the over estimated funds which the contractor whom i helped during the process of obtaining the contracts added to his estimation for my own interest . this is a normal deal that goes in my ministry by top officials .
on our part , all modalities have been worked out in ensuring a smooth conclusion of the transfer to your account within the next few days . all i want from you is to receive this funds on my behalf , because as government official i cannot collect the funds directly from the contractor , neither i am allowed by law to operate / run foreign bank accounts . if you are trustworthy and can assist me in receiving the fund , do not hesitate to respond back to me immediately .
please note that there is no risk involved in receiving the funds in your account for and it will be done through wire transfer . i wish you to state in percentage what you shall have for the use of your account . as soon as you indicate your interest , further details and the amount involved shall be given to you once i hear from you . please , treat with utmost confidentiality .
looking forward to hearing from you soonest .
best regards ,
engr . kaballa abdalla .
ministry of petroleum and ministry resources .
united arab emirates .",spam,2005-07-01
15028,re : documents and credit terms,"thanks . this is important to the troops ! mark haedicke
- - - - - original message - - - - -
from : kitchen , louise
sent : tue 2 / 5 / 2002 6 : 15 pm
to : st . clair , carol ; sager , elizabeth ; hodge , jeffrey t . ; cook , mary ; hansen , leslie ; bradford , william s . ; brackett , debbie r . ; suttle , john ; taylor , mark e ( legal ) ; koehler , anne c . ; jones , tana ; heard , marie ; mcginnis , stephanie ; conwell , wendy ; fitzgerald , genia ; ' bryan . murtaugh @ ubsw . com ' ; sonnonstine , max ; williams , jason r ( credit ) ; ' sanjeev . karkhanis @ ubsw . com ' ; sacks , edward ; brown , kortney
cc : haedicke , mark e . ; calger , christopher f . ; forster , david
subject : documents and credit terms
i just wanted to say thanks to all of you for your hard work in getting the documentation to the stage it is at today . i know things have been very difficult but this is a huge step in moving us forward . unfortunately i do not see things getting much easier during our start - up months but i really do believe it will all be worth it and hopefully we ' ll have a lot of fun along the way .
the commercial team was extremely pleased to receive the documentation and has set off to deliver them to our new customers .
thanks for your late and long hours .
louise",ham,2002-02-05
15310,new ! vìagra soft tabs .,"hello !
we would like to offer v _ i _ a _ g _ r _ a soft tabs ,
these pills are just like regular vìagra but they are specially formulated
to be soft and dissolvable under the tongue . the pill is absorbed at the
mouth and enters the bloodstream directly instead of going through the stomach .
this results in a faster more powerful effect which lasts as long as the normal .
soft tabs also have less sidebacks ( you can drive or mix alcohol drinks with them ) .
you can get it at : http : / / koolrx . com / st / ? levi
no thanks : http : / / koolrx . com / rm . html",spam,2004-10-20
30722,"you emerged winner , congratulations",". ref . number : 132 / 756 / 4509
batch number : 538901527 - bc 68
ticket number : 27522465896 - 6453
dear sir / madam ,
we are pleased to inform you of the result of the winners
in our international lottery program held on the 16 th of
december , 2003 . your e - mail address attached to ticket
number 27522465896 - 6453 with serial number 3772 - 554 drew
lucky numbers 7 - 14 - 18 - 31 - 45 which consequently won in the
2 nd category , you have therefore been approved for a lump
sum pay out of 2 , 000 , 000 euros ( two million euros ) .
congratulations !
due to mix up of some numbers and names , we ask that you
keep your winning information confidential until your
claims have been fully processed and your money remitted to
you . this is part of our security protocol to avoid
multiple claims and unwarranted abuse of this program by
some participants . all participants were selected through a
computer ballot system drawn from over 20 , 000 company and
30 , 000 , 000 individual email addresses and names from all
over the world . this promotional program takes place every
five years .
this lottery was promoted and sponsored by a conglomerate
of some multinational companies in europe as part of their
social responsibility to the citizens in the communities
where they have operational base . we hope with part of your
winnings you will take part in our next year ten million
euros international lottery .
to file for your claim , please contact our fiducial agent :
mr . donald johnson
donald johnson & associates
reply email : @ fastermail . com
remember all winning must be claimed not later than 31 st of
december 2004 . after this date all unclaimed funds will be
included in the next stake . please note in order to avoid
unnecessary delays and complications , remember to quote
your reference number and batch numbers in all
correspondence . furthermore should there be any change of
address do inform our agent as soon as possible .
congratulations once more from our members of staff and
thank you for being part of our promotional program .
note : anybody under the age of 18 is automatically
disqualified .
yours sincerely ,
mr . george peters
international lottery ( co - ordinator )
n . b : any breach of confidentiality on the part of the
winners will result to disqualification . please do not
reply to this mail . contact your claims",spam,2004-12-09
119,ua 4 - 1998,"daren :
we are currently working to clear some ua 4 issues for 1998 . i am looking
for a valid contract for meter 8740 .
meter 8740
deal # 307062
current k # - 089 - 41500 - 102
volume - 188 . 252
month - sept . 1998
our deadline is tuesday , jan . 18 . please advise which contract this volume
belongs on .
thanks .
aimee",ham,2000-01-11
29377,clean ur computer now 3 ey,"there is a 85 % chance that your computer is infected with some spy - warz or virii
click here to get rid of it immediately before its too late
http : / / jhxa . myspyerase . biz / ? id = dmv 69
remove http : / / otwm . nhjdgfm . info / bksmhr ? p 2 lor 4 jjwnwi 5 ppbgzlhrirait @ bruce - guenter . dyndns . org",spam,2004-08-16
7519,confirmation of your order,"this is an automatic confirmation of the order you have placed using it
central .
request number : ecth - 4 qqqzj
order for : maureen raymond
1 x ( compaq armada m 700 $ 3522 ) enron it purchasing",ham,2000-11-03
11713,re : dwr again,"i have to say . it ' s kind of nice not having a deal with them .
- - - - - original message - - - - -
from : kitchen , louise
sent : fri 5 / 4 / 2001 2 : 41 pm
to : lavorato , john
cc :
subject : dwr again
- - - - - - - - - - - - - - - - - - - - - - forwarded by louise kitchen / hou / ect on 05 / 04 / 2001 02 : 40 pm - - - - - - - - - - - - - - - - - - - - - - - - - - -
christopher f calger
05 / 04 / 2001 12 : 07 pm
to : tracy ngo / enron @ enronxgate , christian yoder / hou / ect @ ect , elizabeth sager / hou / ect @ ect , jeff dasovich / na / enron @ enron
cc : tim belden / enron @ enronxgate , louise kitchen / hou / ect @ ect , mark e haedicke / hou / ect @ ect
subject : dwr again
we have another opportunity to sell to dwr . i have been in discussions with ray hart of dwr and ron nichols , their consultant . we are closing in on a structure that has less upfront risk for enron with a larger overall short position in the back . they want to move to contract negotiations next week . i would appreciate your input . i will arrange a conference call with the legal and credit teams for monday to review the status of our eei contract and the requirements for this potential deal . notional terms :
np - 15
peak
q 301 : 100 mw
q 401 : 100 mw
ql 02 : 150 mw
q 202 : 200 mw
q 302 : 250 mw
q 402 : 300 mw
1 / 03 - 12 / 06 : 300 mw
approx 6 mm pv mwhrs
price : $ 85 / mwh",ham,2001-05-05
8848,re : enron default swaps,"no hurry about those documents , i have
so much to do already !
thanks and warm regards ,
darrell
on mon , 2 apr 2001 vince . j . kaminski @ enron . com wrote :
>
> darrell ,
>
> thanks . i am beating up on my group to accelerate preparation of
> documentation for
> the audit .
>
> vince
>
>
>
>
>
> j d duffie on 04 / 02 / 2001 03 : 35 : 31 pm
>
> to :
> cc :
> subject : re : enron default swaps
>
>
>
> hi vince !
>
> i got those notes . they should indeed
> be useful . the one from deutsche bank
> is especially helpful !
>
> i am suppose to know this stuff , as i teach it !
>
> sorry about the delayed billing .
> i have had trouble getting a bill
> from my excellent asistant , taichi hoshino ,
> who has returned to goldman tokyo ,
> and has not been able to get anything else
> done lately . i will try to get something out soon !
>
> we had several energy people ,
> from several companies , at our credit risk
> exec ed course last month . seems that
> credit risk and power risk go
> together these days !
>
> warm regards , darrell
>
>
>
>
> on fri , 30 mar 2001 vince . j . kaminski @ enron . com wrote :
>
> >
> > darrell ,
> >
> > i am sending you 2 technical notes on enron default swaps : i hope that
> they
> > will
> > be useful . i shall read the articles on weekend . i am curious if you
> > find these explanations satisfactory .
> >
> > we are very slow in preparing a number of technical documents
> > for you for model reviews . we still hope you will be able
> > to find some time to review our credit models ( for our london
> > credit trading ) and var and option pricing related models .
> >
> > also , please check your invoices . i still think we owe you money .
> >
> >
> > vince
> > ( see attached file : cds vs as . pdf ) ( see attached file : cdsstrat . pdf )
> >
> >
> >
> >
> > darrell duffie on 03 / 28 / 2001 08 : 07 : 38 am
> >
> > to : vince j kaminski
> > cc :
> > subject : re : enron default swaps
> >
> >
> >
> >
> > vince : according to a bank of america
> > publication , your ( enron ) default swap spreads
> > are consistently trading about 80
> > basis points wider than your asset swaps .
> > any idea of what is going on here ?
> >
> > thanks for any guidance , darrell
> >
> >
> > _ _ _ _ _ _ _ _ _ _ _ _ _ _ _ _ _ _ _ _ _ _ _ _ _ _ _ _ _ _ _ _ _ _ _ _ _ _ _ _ _ _ _ _ _
> > darrell duffie
> > mail gsb stanford ca 94305 - 5015 usa
> > phone 650 723 1976
> > fax 650 725 7979
> > email duffie @ stanford . edu
> > web http : / / www . stanford . edu / ~ duffie /
> > _ _ _ _ _ _ _ _ _ _ _ _ _ _ _ _ _ _ _ _ _ _ _ _ _ _ _ _ _ _ _ _ _ _ _ _ _ _ _ _ _ _ _ _ _
> >
> >
> >
> >
>
> _ _ _ _ _ _ _ _ _ _ _ _ _ _ _ _ _ _ _ _ _ _ _ _ _ _ _ _ _ _ _ _ _ _ _ _ _ _ _ _ _ _ _ _ _
> darrell duffie
> mail gsb stanford ca 94305 - 5015 usa
> phone 650 723 1976
> fax 650 725 7979
> email duffie @ stanford . edu
> web http : / / www . stanford . edu / ~ duffie /
> _ _ _ _ _ _ _ _ _ _ _ _ _ _ _ _ _ _ _ _ _ _ _ _ _ _ _ _ _ _ _ _ _ _ _ _ _ _ _ _ _ _ _ _ _
>
>
>
>
>
>
darrell duffie
mail gsb stanford ca 94305 - 5015 usa
phone 650 723 1976
fax 650 725 7979
email duffie @ stanford . edu
web http : / / www . stanford . edu / ~ duffie /
",ham,2001-04-02
30088,"no , it ' s too late .","r e finance before election when the r a tes will rise !
it is your last chance
http : / / www . kokmeowdm . com /
you are already approv e d with 3 . 0 point
thank you .
gregorio newman
- - - - - - - - - - -
an be the emblematic
ahummel or percy ? incense
as with selectric - quibble
the not axiomatic anyone eavesdropper coda",spam,2004-10-22
20496,congratulations !,"winning notice
from : the lottery coordinator ,
international promotions / prize award department
dear winner ,
results for category a draws
congratulations to you as we bring to your notice , the results of the category a draws of crown global lottery nl , we are happy to inform you that you have emerged a winner under the first category , which is part of our promotional draws . the draws were held prior to your notification . participants were selected through a computer ballot system drawn from 4 , 000 , 000 names / email addresses of individuals and companies from america , asia , australia , africa , canada , europe , middle east , and new zealand as part of our international promotions program . you / your company , attached to ticket number 3322 / 6181 - 22 , with serial number 92 - 71 drew the lucky numbers 19 , 21 , 25 , 30 , 41 , 44 ( 22 ) , and consequently won in the category a . you have therefore been awarded a lump sum pay out of $ 1 . 5 , 000 , 000 . 00 ( one million five hundred thousand united states dollars ) in cash , which is the winning payout for category a  winners . this is from the total prize money of $ 5 , 000 , 000 . 00 shared among the five international winners in this category .
congratulations !
your funds are now deposited with a bank , a reputable bank , insured in your name . in your best interest and also to avoid mix up of numbers and names of any kind , we request that you keep the entire details of your award strictly from public notice until the process of transferring your claims has been completed , and your funds remitted to your account . this is part of our security protocol to avoid double claiming or unscrupulous acts by participants / no participants of this program . please contact your claims agent immediately , to begin your claims process ;
mr . wilson souza
claiming officer
crown global lottery nl ltd
email : crownlotto 203 @ netscape . net
for due processing and remittance of your prize money to a designated account of your choice . remember , you must contact your claims agent not later than two weeks after the receipt of this mail . after this date , all funds will be returned as unclaimed .
note : for easy reference and identification find below your reference and batch numbers . note that you are to forward this email to the agents in your first correspondence with them , whether by email .
reference number : cgl / 7668 / 94 - 55 / 11
batch number : 9541 - mhu
congratulations once again from all our staff and thank you for being part of our promotions program .
sincerely
mail sent from webmail service at php - nuke powered site lampang . com
- http : / / lampang . com
",spam,2004-11-26
30646,commit xp pro $ 5 o . adobe photoshop $ 8 o ; office xp $ 1 oo . office 2 oo 3 $ 80 ; norton 2004 $ 15 occurring get toward,"length words wrote known appreciate oclock . jealous science independent
super cheaap softwares & shiip to all countrieswe have every popular softwares u need ! you name it normal : $ 299 . oo ; you saave $ 249 . oo
adobe acrobat v 6 . o professional pc - my price : $ 1 oo ; normal : $ 449 . 95 ; you saave $ 349 . 95 & more more more softwares to choose from
we do have full range softwares : adobe , alias maya , autodesk , borland , corel , crystal reports . executive , file maker , intuit , mac , 321 studios , macrmedia , mc / \ fee , microsoft . nero , pinnacle systems , powerquest , quark , red hat , riverdeep , roxio , symantec , vmware softwares this & 320 more popular titles for youcheckk out 320 more popular softwares on our siteguaaranteed super low prlce = = = ciick here to check out = = =
months playing honest boys towards satisfied fresh grade country
",spam,2004-12-01
17692,start date : 1 / 12 / 02 ; hourahead hour : 13 ;,"start date : 1 / 12 / 02 ; hourahead hour : 13 ; no ancillary schedules awarded . no variances detected .
log messages :
parsing file - - > > o : \ portland \ westdesk \ california scheduling \ iso final schedules \ 2002011213 . txt",ham,2002-01-12
5893,re : monte carlo techniques,"zimin ,
this is the course description i got from hal . can you follow up with him
to schedule a date for a high level presentation ? i think we should keep
it to only 90 minutes or so . maybe you and kevin kindall can be the
presenters .
- - stinson
- - - - - - - - - - - - - - - - - - - - - - forwarded by stinson gibner / hou / ect on 04 / 11 / 2000
04 : 12 pm - - - - - - - - - - - - - - - - - - - - - - - - - - -
harold bertram
04 / 11 / 2000 08 : 38 am
to : stinson gibner / hou / ect @ ect
cc :
subject : re : monte carlo techniques
stinson , i feel i would benefit from understanding the monte carlo techniques
and what it applies to , as well as when it is used these mc techniques . i think
i could get several people interested . thanks , hal
stinson gibner
04 / 10 / 2000 09 : 40 am
to : harold bertram / hou / ect @ ect
cc :
subject : monte carlo techniques
hal ,
actually , i am no longer scheduled to speak at the risk conference on m - c
techniques . we could probably put together an internal training for you if
you want . i ' ll bring this up with vince at our staff meeting tomorrow .
it would be helpful if you can describe for me the intended audience and the
types of applications that would interest them .
thanks ,
- - stinson",ham,2000-04-11
527,jan & feb midcon invoices,"pat dresner ( accountant ) at midcon texas says she does not show these deals
in her system and she can not pay on them . you created the deals in sitara
and i don ' t have another trader ' s name . could you please talk to your kn
trader regarding this situation ? if midcon really got this gas , then someone
at kn should tell their accountant about the deal .
prod mo . entity point volume total amount sitara #
1 / 2000 midcon texas gas services corp . 0984132 20000 $ 51 , 600 . 00 157006
2 / 2000 midcon texas gas services 0984132 36000 $ 90 , 900 . 00 166523
2 / 2000 midcon texas pipeline corp . 0984132 80 , 000 $ 206 , 800 . 00 170133
please let me know as soon as possible what you find out . the 2 / 2000
production invoices are due to be paid 3 / 27 .
thank you ,
tina valadez
3 - 7548",ham,2000-03-27
17767,schedule crawler : hourahead failure,start date : 1 / 18 / 02 ; hourahead hour : 22 ; hourahead schedule download failed . manual intervention required .,ham,2002-01-18
22329,software at incredibly low prices ( 63 % lower ) . pitiable appraisal,"chief soldier write . and move , clear , men . should any if act .
part kept teach second letter gold thing . notice , rain act ring
rain science under . sound wood three power bring . night south ,
road . wrong gone know , please , train left . keep value where key .
stay together noun lead you . shout , door person trip . cow thing
win age other . sentence hundred ever . four , age , let .
",spam,2005-07-25
25992,software by the original manufacturer & at generic prices &,"software should be easy to use !
all leaders strive to turn their followers into children .
dance is the hidden language of the soul of the body .",spam,2005-06-29
27388,delivery status notification ( failure ),"this is an automatically generated delivery status notification .
delivery to the following recipients failed .
antunes @ coppead . ufrj . br",spam,2005-07-19
29859,"re : 61 % - off \ / iagra , cialis , ambien , soma and other drugs cabling re","encroach lowest tasks
pans messiest disperses
disks retentive silverware
cravat mall commitment discourages michelson
banquetings lusaka cards
gossips depression explorations",spam,2004-10-01
24878,[ ilug ] seeking your partnership,"dear partner to be ,
first , i must apologise to you for using this medium to communicate to you
about this project .
i am a highly placed official of government of nigeria and also a
founding member of the ruling party in power now , the peoples democratic
party ( pdp ) .
my committee - the niger delta development corporation ( nddc ) - which is in
charge of managing and supervising the disbursement of oil sales revenues
for the nigerian government . the revenues under our control runs into
several hundred of millions of dollars monthly . my self and
other colleagues in the nddc are currently in need of a foreign partner
with whose bank account we shall transfer the sum of forty nine million
five hundred thosand united states dollars ( $ 49 . 5 m ) . this fund accrued to us
as commission for oil sales contracts handled under our supervision .
the fund is presently waiting in the government account named cbn / fgn
independent revenue account number 400 - 939134 with j . p . morgan chase
bank , new york . you can do your independent verification of this . however ,
by virtue of our position as civil servants and members of the nddc , we
cannot acquire this funds in our name . this is because as top civil
servants , we are not allowed by law of the land to own or operate bank
accounts outside our country for now .
i have been delegated as a matter of trust by my colleagues ,
to look for an overseas partner in whose account we would
transfer the fund
hence the reason for this mail . we shall be transferring the money to your
account with your company as we shall present your company as a registered
foreign company in nigeria and you are been paid for a contract which you
executed for our country through the nddc and any other federal ministry
that we decide to use to siphon the funds through .
for your support and partnership , please reply me to negotiate your fees or
the percentage you wish to be paid when the funds arrive your bank account .
you must however note that this transaction , with
regards to our disposition to continue with you , is subject
to these terms . firstly , our conviction of your transparency .
secondly , that you treat this transaction with utmost secrecy
and confidentiality . finally and above all , that you will provide
an account that you have absolute control over .
the transaction , although discrete , is legitimate and there
is no risk or legal disadvantages either to ourselves or yourself now or
in the future as we have put in place perfect mchineries that will ensure
a hitch free transfer into your account upon acceptance .
the transfer will be effected to your account within ten - fourteen
( 10 - 14 ) working days as soon as we reach an agreement and you furnish
me with a suitable bank account and company name and address with all
your contact numbers including fax number .
i am looking forward to doing business with you and do solicit
your confidentiality in this transaction , please mail your
response to me .
yours faithfully ,
anderson k . eseimoku
- -
irish linux users ' group : ilug @ linux . ie
http : / / www . linux . ie / mailman / listinfo / ilug for ( un ) subscription information .
list maintainer : listmaster @ linux . ie",spam,2002-09-10
2366,your delta air lines confirmation # xclmdz,"this is a post only e - mail . please do not respond to this message .
dear daren farmer ( skymiles # 2341930101 ) :
thank you for your ticket purchase on delta . com . below is the
itinerary information for your air travel . we suggest that you
save this document for reference should you need to contact us
concerning your tickets or reservations .
purchase information
your delta air lines confirmation number is : xclmdz
you have purchased airline tickets for the following passengers :
skymiles #
mr . daren farmer 2341930101 $ 255 . 00
mr . gary hanks 2339077915 $ 255 . 00
total price : $ 510 . 00
your credit card will be charged the amount stated above for your
airline tickets . unless noted , all fares and rates are quoted in u . s .
dollars .
itinerary information
flight number : delta 1895
departs : houston ( bush intercontl ) ( iah ) 15 feb 01 at 02 : 40 pm
arrives : las vegas ( las ) 15 feb 01 at 06 : 10 pm
seats : not assigned and not assigned
flight number : delta 1800
departs : las vegas ( las ) 18 feb 01 at 01 : 10 pm
arrives : salt lake city ( slc ) 18 feb 01 at 03 : 28 pm
seats : 32 c and 32 d
flight number : delta 1180
departs : salt lake city ( slc ) 18 feb 01 at 04 : 35 pm
arrives : houston ( bush intercontl ) ( iah ) 18 feb 01 at 08 : 30 pm
seats : 18 d and 18 e
your credit card will be billed $ 510 . 00 and your electronic ticket
receipt / itinerary card mailed to :
mr . daren farmer
5519 clarkston
spring , tx 77379
united states
phone : 2812511793
email : dfarmer @ enron . com
if you have questions or concerns , please call delta air lines at 800
221 - 1212 with your delta confirmation number available .
for non - u . s . based customers , please access
the phone number of the delta air lines reservations office for your country .
thank you for making your travel reservations at delta . com .
lodging reservations - provided worldwide by placestostay . com
now that you ' ve purchased your air travel at delta . com , check in at
placestostay . com to find your accomodations . placestostay . com is an easy way
to reserve a room at one of 15 , 000 hotels , inns , resorts , and bed and
breakfasts around the world .
just visit : http : / / delta . placestostay . com
this e - mail message and its contents are copyrighted and are
proprietary products of delta air lines , inc . any unauthorized use ,
reproduction , or transfer of the message or its content , in any medium ,
is strictly prohibited .
you have received this e - mail because you elected to take advantage
of delta ' s itinerary confirmation e - mail program . if you would like to
take advantage of other delta e - mail programs featuring special fares
and promotions , please visit :
this is a post - only e - mail . please do not respond to this message .
",ham,2001-01-10
32007,winning notification,"nottingham ng 4 lsq
essex united kingdom
customer service : 580 nca 85914
ref : eaasl / 941 oyi / 03
batch : 12 / 25 / dc 34
winning notification
we happily announce to you the draw of the euro - afro american luckday lottery international programs held on the 23 rd of feb 2005 in essex united kingdom . your e - mail address attached to ticket number : b 9564 75604545 188 with ! serial number 97560 drew the winning : 59 / 84 / 26 / 17 / 35 , which subsequently won you the lottery in the 2 nd category .
you have therefore been approved to claim a total sum of us $ 5 , 000 , 000 . 00 ( five million united states dollars ) in cash credited to file kpc / 9080118308 / 02 . this is from a total cash prize of us $ 110 , 000 , 000 , 00 million dollars , shared amongst the first one hundred and thirty ( 130 ) lucky winners in this category world - wide .
please note that your lucky winning number falls within our afro booklet representative office in
africa as indicated in your play coupon . in view of this , your us $ 5 , 000 , 000 . 00 ( five million united states dollars ) would be released to you by our bank .
our african agent will immediately commence the process to facilitate the release of your funds as soon as you contact him .
all participants were selected randomly from world wide . through computer draw system and extracted from overl 0 , 000 , 00 companies . this promotion takes place annually . for security reasons , you are advised to keep your winning information confidential till your claims is processed and your money remitted to you in whatever manner you deem fit to claim your prize . this is part of our precautionary measure to avoid double claiming and unwarranted abuse of this program by some unscrupulous elements . please be warned . to file for your claim , please contact our bankingattorney ( lawyer ) immediately you read this message for quick and urgent release of your fund , his contact information is as follows :
barrister colman mzamo . esg .
drect line : + 27 - 83 - 4160 - 572
email : 2001 @ yahoo . com
please be informed that all winning must be claimed on or before 15 march 2005 . to avoid unnecessary delays and complications , please quote your reference / batch numbers in any
correspondences with us or our designated agent . congratulations once more from all members and staffs of this program that has succesfully won this competition . thank you for being part of our promotional lottery program .
sincerely , mr jeff mabuza co - ordinator and mr alexandra davis asst co - ordinator .
united kingdom zonal secretary general . n . b call our banking attorney immediately for your cliam do not delay for delay is dengerous and oppotunity come but once so therefore rush now ! ! ! ! .
warning this information transmitted is only for the person or entity to which it is addressed and may contain confidential and / or privileged material . any review , retransmission , dissemination or other use of this information , or taking of any action in reliance upon this information , by person or entities other than the intended recipient is prohibited . if you received this in error , please contact the sender and delete the material from any computer .
thanks for your co - orperation .",spam,2005-03-02
28659,re : tw agreements,"hi michelle !
i am assuming that , like most it agreements , we can put a base agreement in
place and then negotiate short - term discounts when available from time to
time ( last time i talked to t . k . about this capacity it was discounted to
like a penny or 1 . 5 pennies ) ? one of the reasons that we ' ve never gotten
anything accomplished here is that we alway ' s seem to be doing in the middle
of bid - week .
so , if we can , i ' d like bryan to work with you immediately to begin the base
agreement processing . ok ?
thanks !
scott
- - - - - original message - - - - -
from : "" lokay , michelle ""
to :
sent : thursday , june 21 , 2001 9 : 57 am
subject : re : tw agreements
because our san juan lateral on transwestern is fully subscribed , we are
only able to offer interruptible versus firm transport . the commodity
charge is . 1031 , plus . 25 % fuel . please call next week when you arrive
in albuquerque and we can process the service request . thanks .
> - - - - - original message - - - - -
> from : bryan fox @ enron
> [ mailto : imceanotes - bryan + 20 fox + 20 + 3 cbnfox + 40 swbell + 2 enet + 3 e + 40 enron @ en
> ron . com ]
> sent : wednesday , june 20 , 2001 10 : 28 am
> to : lokay , michelle
> subject : tw agreements
>
> michelle ,
> we met last march when scott kominiak and myself visited your office .
> can you provide a rate for the following . interruptible transportation
> from la plata to the tw blanco hub . we can look at it month to month ,
> or we can agree to something on a term basis . volume is around 2500 / day
> now . growing to 4000 / day by year ' s end . thanks
> bryan fox
> abq energy group
> 713 - 533 - 1117",ham,2001-06-21
11045,sent on behalf of cindy olson,"please read the attached memo regarding the handling of hpl employees . this information has been communicated to the enron hr community and the affected employees .
thanks ,
fran
- - - - - - - - - - - - - - - - - - - - - - forwarded by fran l mayes / hou / ect on 02 / 14 / 2001 03 : 15 pm - - - - - - - - - - - - - - - - - - - - - - - - - - -
fran l mayes 02 / 09 / 2001 02 : 42 pm
to : andrea yowman / corp / enron @ enron , marla barnard / enron communications @ enron communications , robert jones / corp / enron @ enron , david oxley / hou / ect @ ect , elizabeth tilney / hou / ees @ ees , gary p smith / ots / enron @ enron , drew c lynch / lon / ect @ ect , kalen pieper / hou / ees @ ees
cc : cindy olson / corp / enron @ enron , brian redmond / hou / ect @ ect
subject : sent on behalf of cindy olson
please read the attached memo and communicate to the appropriate generalists and recruiting staff within your organization .
thanks ,
fran",ham,2001-02-14
16388,extra time,"did you ejaculate before or within a few minutes of penetration ?
then you must order extra - time now ! . . . here ' s why : extra - time is the only male sexual performance formula that , not only stops premature ejaculation , but actually "" cures "" it . extra - time is the only product that allows "" you "" to control when you ejaculate .
since 1997 , extra - time has been ranked # 1 for a very good reason . . . "" it works "" ! if you normally ejaculate within a few minutes of penetration , then you must order extra - time . you ' ll last 5 to 10 minutes longer , the very first night . . . . . guaranteed !
if you ' ve tried other products and failed , then you must try extra - time ! extra - time is ranked # 1 for a very good reason . . . it works !
http : / / revetments . net / et / ? aa",spam,2005-06-26
23753,re : metals,"mike ,
thanks for your message . you are on point as to my intent . from the
discussion i had with andy last week , there seems to be several similarities
between the metals business and industrial markets . i believe the blueprint
that is forthcoming will provide more insight that will be helpful to you
all . we would love to share this with you , and also discuss your system
direction . there may be some opportunities for us to work together on the
development . i would like to have a discussion to talk about next steps , and
believe andy is planning to initiate this after he returns from holiday . let
me know if you have some other ideas .
i ' m sorry that we didn ' t have a chance to get together last week while i was
in london . my trip was very short , and i kept missing you when i went to
your desk . i ' ll plan some time with you when i ' m there next time .
mike jordan
01 / 24 / 2001 07 : 51 am
to : brenda f herod / hou / ect @ ect
cc : sally beck / hou / ect @ ect
subject : re : metals
brenda
it strikes me that the planning documentation could be enormously useful to
us in backtesting our existing processes and determining any potential
overlaps
is there any obstacle to access to this information ?
enron capital & trade resources corp .
from : brenda f herod 23 / 01 / 2001 23 : 40
to : andrew cornfield / lon / ect @ ect
cc : mike jordan / lon / ect @ ect , paul wallace / lon / ect @ ect , john
jacobsen / hou / ect @ ect , roy lipsett / hou / ect @ ect , michael e moscoso / hou / ect @ ect ,
kristen j hanson / hou / ect @ ect , yvette g connevey / corp / enron @ enron , jill
lafave / enron @ enronxgate , delmar davis / enron @ enronxgate , daniel
hamilton / enron @ enronxgate
subject : re : metals
andy ,
thanks so much for your message . i had you on my "" to do "" list today to
follow - up from our conversation last week . i appreciate your responses , and
will follow - up as needed .
just to recap eim ' s current inititives .
 ( pwc ) was engaged in 10 / 00 to develop a business plan
for tactical and strategic solutions for the projected growth in the physical
business . in 11 / 00 , aa was engaged to develop a "" blueprint "" of eim major
processes ( deal execution , deal capture , risk management , logistics ,
settlements and financial reporting ) , down to level 2 processes . the
initiatives have been combined into one team focused on delivering the
"" blueprint "" , a gap analysis of enron systems to business needs and
recommended systems . a complete "" roadmap "" should be laid out with a
0 - 3 months , 4 - 6 months , 7 - 9 months and 10 - 12 months timeline . the plan
addresses tactical also .
our overall objective : build an infrastructure ( people , processes and
systems ) that is scalable and supports the trading business of eim . the
current industries are forest products and steel . however , additional
industries may be added . the targeted infrastructure would require little
change to support new industries .
the delieverable is expected by the end of 2 / 01 . we ' d be happy to visit with
you all ( video conference or houston , . . . . ) to give you more information . let
me know how to proceed .
thanks again for your time . since i wasn ' t able to attend the controllers '
conference last 10 / 00 , i ' m glad i got to meet you last week . stay in touch .
brenda
to : brenda f herod / hou / ect @ ect
cc : mike jordan / lon / ect @ ect , paul wallace / lon / ect @ ect
subject : metals
brenda
as discussed at our meeting last week there are a few areas of commonality
between enron metals and eim that should allow leverage off common goals .
in particular i promised info on a few areas :
project q assessment
a lot of the issues raised in the report are particular to enron metals
( being to do with interfaces with our as 400 ysstem ) however high level issues
which formed part of the decision to not develop this for enron metals were :
q is over specified for metals . traffic / logistics for metals is less
complex than oil & coal .
metals process tends towards buy > store > sell whereas for liquids the storage
is not as prevelant
metals logistics typically involves trucks whereas liquids is ship / barge
2 . inventory controls
again the reports produced here have been very specific to enron metals . paul
wallace a manager in the co - ordination function is working extensively on
developing the controls in this area . i would suggest that you contact paul
directly if you wish to discuss specific areas or inventory controls in
general .
3 . funding of inventory
we have a structured finance facility here in london . the deal is specific to
enron metals markets in that it works by reference to lme prices as these are
the base index for all the positions placed in the facility . if structured
financing is sort for eim then it would be appropriate to talk to either
david tregar ( metals commercial ) or bill appleby ( global finance ) as an intro
to the issues faced .
4 . curve management process
the markets in which our merchanting division trades are based on the lme
curves but are linked to a large number of basis curves for quality and
location . given the vast number we have opted to break down the markets by
brand group and port location . e . g . for copper this means we have a grid with
5 brand groups and 3 sets of port groups ( 13 for europe , 7 for the us and 6
for the far east ) . the maintaince & price testing of the grids is made
manageable by the fact the premiums only need be entered for brand and port
groups by the traders yet prices can be tested by reference to node points
i . e . price of specific brand at a given location which can be checked to a
market quote .
5 . re recruitment of paper traders
i haven ' t been able to contact him but i recall that the brother of david
rosenblum , one of the metals traders in chicago , is a trader of recylced
paper .
i ' ll keep you posted on long term system development plans here in london .
i ' d appreciate same for eim .
regards
andy",ham,2001-01-24
1966,texas energy reliability council meeting,"- - - - - - - - - - - - - - - - - - - - - - forwarded by edward d gottlob / hou / ect on 11 / 02 / 2000
10 : 58 am - - - - - - - - - - - - - - - - - - - - - - - - - - -
brian redmond
11 / 02 / 2000 10 : 30 am
to : tom shelton / hou / ect @ ect , steve hpl schneider / hou / ect @ ect , thomas a
martin / hou / ect @ ect , jim schwieger / hou / ect @ ect , edward d gottlob / hou / ect @ ect ,
james mckay / hou / ect @ ect
cc :
subject : texas energy reliability council meeting
team ,
on 15 november , steve and tom s . will represent hpl at a meeting of the texas
energy reliability council hosted by commissioner michael williams to discuss
the outlook for gas supply and demand in texas this winter . i will dial in
by phone once i am free from another meeting that morning .
tom s . can you find out more detail as to what we need to be ready to
discuss and then coordinate with the appropriate hpl people to ensure we are
prepared at the meeting . specifically , does james or anyone else need to
attend or be on the call ?
thanks ,
brian",ham,2000-11-02
1078,"hpl nom for june 28 , 2000","( see attached file : hplo 628 . xls )
- hplo 628 . xls",ham,2000-06-27
9494,"e - commerce conference at berkeley , may 22","any interest in this conference ?
vince",ham,2001-05-07
5789,re : forecast rates !,"hi vince ,
thank you for sending me the email from don reid regarding the turkey fx and
cpi curve . i received the same email last week and the request has been
taken care of . in fact , he had a very short time line for the request and
had subsequently used outside forecasts for the bid . if the deal goes
through rac , i ' m sure we ' ll get another request for the curve , but for now ,
don said that he doesn ' t need a forecast from us .
regards ,
farouk z . lalji",ham,2000-03-27
13529,fw :,"- - - - - original message - - - - -
from : arnold , john
sent : thursday , october 25 , 2001 2 : 36 pm
to : lavorato , john
subject :
spinnaker , one of fred ' s customer ' s , unwound a hedge today because they dont want exposure to us .",ham,2001-10-25
28605,red rock - newark group,"the newark group has withdrawn its bid for 800 mmbtu / d needles expansion . ( after looking at the contract i sent to them , it appears their lawyers had red - lined the entire agreement and that for such a small volume it wasn ' t worth it ! ) not a big deal , but how should we proceed with awarding the 800 / d ? i think bp would take it or maybe oneok . what do ya ' ll think ?
lorraine",ham,2001-05-08
2920,tenaska 2 / 01,"i am trying to forward this money to tenaska tomorrow , so if you could change
this before 8 : 00 am tomorrow , i ' d appreciate it .
megan
- - - - - - - - - - - - - - - - - - - - - - forwarded by megan parker / corp / enron on 03 / 29 / 2001
04 : 39 pm - - - - - - - - - - - - - - - - - - - - - - - - - - -
from : megan parker 03 / 29 / 2001 07 : 47 am
to : daren j farmer / hou / ect @ ect
cc :
subject : tenaska 2 / 01
we need to forward the money from the feb 2001 brazos sale to tenaska iv . i
am assuming you want to handle this as before by entering a purchase demand
fee on deal 529856 in the amount of $ 1 , 143 , 484 . 53 . there is already a demand
fee for feb 2001 for $ 29 , 851 . 64 , so i think we just need to change that to
the new amount . let me know if you want to handle this differently .
megan",ham,2001-03-29
31662,get back to me please,"spell , village , hear sun . weather snow found , from . lead , school
too while drop as . just would sign travel ask . money , subject
look , complete , crease say . i down hole there . develop heard
coast sail common , group . just surface let heard . often during
animal process . nothing , work earth down . water minute with .
under food plan .
- -
phone : 801 - 283 - 3083
mobile : 176 - 699 - 1507
email : lorri . kiefer @ t - dialin . net
",spam,2005-02-05
32046,buy popular drugs online,"online pharmacy - visit our online store and save .
save up to 80 % compared to normal rates .
all popular drugs are available !
- world wide shipping
- no doctor visits
- no prescriptions
- next day priority shipping
- discreet packaging
- buy in bulk and save !
we make it easier and faster than ever to get the prescriptions you
need .
go here : http : / / phents . com / rx / phrm /
simply rx is your convenient , safe and private online source for
fda approved pharmacy prescriptions . we sell brand - name and exact
generic equivalents of us fda approved prescription drugs through
our fully - licensed overseas pharmacy . upon approval of your medical
information , a licensed physician will issue a free prescription
which can be filled and shipped to you in one business day .
no thanks : http : / / phents . com / z . php",spam,2005-03-05
19670,no pres . crip . tion needed 5 e 3 g,"enjoy up to 85 % off
buy vicodin online
get viagra / cialis
buy valium for cheap
get xanax online from our online pharmacy .
many others also available !
no prescription required
discreet / fast shipping . plus * no shipping charge *
and always 100 % money back guarantee
click here for more info
",spam,2004-08-27
4052,18 year old helen is gifted with a set of beautiful natural tits and an equally round and firm butt . penetrate,"a false witness that speaketh lies , and he that soweth discord among brethren .
a good beginning makes a good ending .
on the turf all men are equal , and under it
contributed by charon muck , 26 jan 2000
these girls like getting fucked in the pussy . . . but they like
getting fucked in the asshole even better . . . and we all love
watching it ! rectal reamings and ass invasions uncensored and
explicit inside ! split ! sexy sluts who love to get cocks deep
in their ass ! welcome : http : / / whorebait . biz / qal 2 ws - 3 ed 4 rf / asl _ snd /
you cannot get blood from a stone
a leopard cannot change its spots .
a squirrel is just a rat with good pr .
a new broom sweeps clean .
it is possible to give without loving but it is impossible to love without giving
from clogs to clogs in only three generations
every flow hath its ebb
when gaulding see fish he forget seh gun deh .
",spam,2004-06-15
10504,"# # # # # # # # # # guaranteed $ 50 , 000 fast ! ! # # # # # # # # # #","you make a guaranteed $ 50 , 000 cash in
just 90 days !
quit your full time job in less than 3 months !
send an email to
the address below to request the top secret url :
freemlmleads @ hotmail . com
put guaranteed _ _ $ 50 , 000 _ _ cash ! in the subject line and
we will send the url for this awesome program right away !
your success is 100 % guaranteed ! join
now !
* * * * * * * * * * * * * * * * * *
* * * * * * * * * * * * * * * * * * * *
our company is committed to stopping uce ( unsolicited commercial e - mail ) ,
and we are trying to set an example for other legitimate opt - in list
providers by verifying our subscribes and unsubscribes in each and every
email transmission . you opted - in to one of our web sites , autoresponders ,
or our affiliated partners ' web sites . we are sending you this email with
your best interest in mind . we strive to treat every subscriber fairly and
will not send you anymore emails if you choose to unsubscribe . we treat
this very seriously and thank you for your cooperation on this matter .
return with remove in the subject line to bepermanently removed .
",spam,2005-07-03
7149,enron global messaging announcement,"over the last few months , we have been discussing our standard e - mail
platform with you , our customer . your feedback from the various
demonstrations , surveys and technology showcases validated that e - mail is a
vital part of your ability to communicate effectively . however , your
feedback also indicated that you need your e - mail client to have additional
functionality and increased integration with other applications you use .
therefore , to meet the demands of our fast - paced business , enron net works is
standardizing our e - mail platform by deploying microsoft outlook 2000 to all
the business units we currently support for messaging . ( project plans for
ebs , ees and azurix are still being finalized and will be communicated
separately . )
this conversion from lotus notes to outlook 2000 will improve your ability to
communicate and provide a more consistent look and feel across the standard
office applications you use on a daily basis . we are excited about this
opportunity to provide a more robust , full function solution for your
messaging needs . to provide you with additional details about the
conversion from lotus notes to outlook 2000 , we are including a list of
frequently asked questions about this project .
how does this project affect me ?
your current lotus notes e - mail system will be converted to microsoft outlook
2000 .
what is microsoft outlook 2000 ?
outlook 2000 is the messaging client you will use to read your e - mail , update
your calendar and personal address book , record to do lists , etc .
why are we switching to outlook 2000 ?
outlook 2000 integrates more effectively with our new operating system ,
windows 2000 , and the microsoft products that enron currently uses . with
outlook 2000 , we can provide you with a more robust mail platform including
the following new features :
instant messaging  ) ability to send person - to - person , immediate , pop - up
messages .
improved palm / ce synchronization  ) allows for simpler and quicker updates of
your hand held device from multiple places .
conferencing server  ) ability to conduct video conferences from your desktop .
web access  ) ability to retrieve your enron e - mail via a browser .
fax integration  ) ability to send / receive faxes from your e - mail inbox .
voice mail integration  ) ability to have your voice mail delivered to your
e - mail inbox for retrieval .
when will the outlook 2000 rollout start and when will i get it ?
the pilot will begin in late october with the production rollout beginning in
late november . we are finalizing our business unit rollout schedule .
additional information will be provided to all business units as it becomes
available . project updates will be posted on the project section of the it
central web site at http : / / itcentral . enron . com . additionally , you may send
questions to outlook . 2000 @ enron . com , and a member of the project team will be
happy to address these individually .",ham,2000-10-06
9976,atft . pk has announced the acquisition between atft and first pet life .,"pink sheets : atft . pk has announded the acquisition
between atft and first pet life . the transactjion will
be non - diluted to current shareholders .
about first pet life :
atft offers coverage at an afforable level that will safely and securely help aviod the worried of unexpected vet bills . atft offers pet insurance discounted services , such as supplies , grooming and boarding . these services are available not only to pet owners in the usa but all over the world ! ! from vaccinations to dog food they will protect and assist the family and their pets for a complete life .
atft looks forward to giving pet owners all over the world the opportunity and the ability to afford coverage for their pets and will strive to become a valuable part of you family and protection for your pet ' s life and well being .
press release
american television and film company in talks with first pet life
thursday june 9 , 8 : 00 am et
dallas - - ( business wire ) - - june 9 , 2005 - - american television and film company ( pink sheets : atft - news ) announced today that it is in talks with first pet life about the possible acquisition of first pet life . no further details are available at this time .
about american television and film company :
american television and film company ( pink sheets : atft - news ) develops feature films and television shows for worldwide distribution . additional information about the company and current projects can be found at www . americantvandfilm . com .
about first pet life :
first pet life offers many discounted services including insurance , pet supplies , boarding , and grooming . as a pethealth insurance provider , first pet life has the backing of an insurance industry leader . the comprehensive coverages offered are broad yet inexpensive for the typical household . additional information is available at www . firstpetlife . com .
disclaimer :
matters discussed in this press release are "" forward - looking statements . "" statements describing objectives or goals or the company ' s future plans are also forward - looking statements and are subject to certain risks and uncertainties , including the financial performance of the company and market valuations of its stock , which could cause actual results to differ materially from those anticipated .
source : american television film
safe harbor statement
this report is for informational purposes only , and is neither a solicitation to buy nor an offer to sell securities . investment in low - priced small and micro - cap stocks are considered extremely speculative and may result in the loss of some or all of any investment made in these companies . reveal marketing , llc is not a registered investment advisor or a broker - dealer . information , opinions and analysis contained herein are based on sources believed to be reliable , but no representation , expressed or implied , is made as to its accuracy , completeness or correctness . the opinions contained herein reflect our current judgment and are subject to change without notice . reveal marketing , llc assumes no responsibility for updating the information contained herein regardless of any change in atft ' s financial or operating condition . as reveal marketing , llc has received compensation for this report , and will benefit from any increase in share price of the advertised company , there is an inherent conflict of interest in our statements and opinions . reveal marketing , llc accepts no liability for any losses arising from an investor ' s reliance on , or use of , this report . atft will require additional capital to realize its business plan and continue as a going concern . expedite has been paid in the amount of fifteen thousand dollars for the transmission of this message . . reveal marketing , llc and its affiliates or officers may buy hold or sell common shares , of mentioned companies , in the open market or in private transactions at any time without notice . certain information included herein is forward - looking within the context of the private securities litigation reform act of 1995 , including , but not limited to , statements concerning manufacturing , marketing , growth , and expansion . the words "" may , "" "" would , "" "" will , "" "" expect , "" "" estimate , "" "" anticipate , "" "" believe , "" "" intend , "" and similar expressions and variations thereof are intended to identify forward - looking statements . such forward - looking information involves important risks and uncertainties that could affect actual results and cause them to differ materially from expectations expressed herein .
reveal marketing 3521 oak lawn ave . , ste . 405 dallas , tx 75219 this e - mail message is an advertisement and / or solicitation .
",spam,2005-06-21
24448,msnbc : rates hit 18 year low 4 . 75 % . . . 28940,"now you can have hundreds of lenders compete for your loan !
fact : interest rates are at their lowest point in 40 years !
you ' re eligible even with less than perfect credit ! !
* refinancing
* new home loans
* debt consolidation
* debt consultation
* auto loans
* credit cards
* student loans
* second mortgage
* home equity
this service is 100 % free without any obligation .
visit our web site at : http : / / 61 . 129 . 68 . 19 / usero 201 / index . asp ? afft = qm 3
to unsubscribe : http : / / 61 . 129 . 68 . 19 / light / watch . asp",spam,2002-07-20
6745,new procedures for enron it purchasing,"attention ! starting 06 / 22 / 00 , enron it purchasing will no longer be able to
receive orders for it equipment . to place an order , please proceed to the
following website : http : / / itcentral . enron . com any orders
sent to enron it purchasing before this date will be processed - - you do not
need to enter another request . enron it purchasing will still be open to
status requests , approval notifications and pricing inquiries . thank you
very much for your patience and cooperation !
it sourcing and procurement .",ham,2000-08-09
30837,windows xp & office xp = $ 80 . birefringent sextuplet,"landscapes boeotian retrievers reserver
glossed rosemary engine crucially
spooned appear poetics rescuing
bijections adjured truncation gust
harmless bendix disturbingly exchangeable
flagging fillable returnable malagasy
winning combinators binding
aqua kiss orbiter receptively sojourners
stratifications digits toni destructively
",spam,2004-12-18
10653,hi,"ho aussie w to save on your medlcatlons over 60 % .
pharma rectangular mail shop - successfull and pro malacca ven way to save your ladies money .
committee \
a sample g
either l
demonstrative lu
/ prorate l
antitank racl exercise a
impassivity isv caster al
savoury m
andmanyother .
* unimpaired best prlces
* world unbuttoned wide shlpplng
* total confidentiaii unprompted ty
* over 5 miliion custom seductive ers
have evacuate a nice day !",spam,2005-07-13
30606,is your home biz making money yet ? mine is ! - adv,"greetings :
my name is melanie miller , and i am writing you this email from my home here
in florida . the reason for this email is that you and i share something in
common . . .
at some point in our lives we contemplated or tried to start a home business .
don ' t worry ; i ' m not trying to sell you anything . i just want to ask you a
simple question ?
if i helped you start a part - time business from your home and in two years
you retired . . . would you send me a thank you card ?
if your answer is "" yes "" reply to this email saying ? send more info ? and i will send out some information to you right away . if
your answer is "" no "" please delete this email because i will not be contacting you
again or reply with the word "" unsubscribe "" in the message line .
thank you so much for your time .
i hope you will at least take a free look .
melanie miller
"" independent associate member ""
$ 1 . 67 a day 8345 nw 66 th st # 3968 miami fl 33166 - 2626
copyright © 2004 - $ 1 . 67 a day - all rights reserved
",spam,2004-11-28
20532,longlasting erections,"new clalls softtabs = lnstant rockhard erectlons
simply disolve half a plll under your tongue 10 min before action ,
for results that last all weekend .
normal retail is $ 19 / plll order from us today at the price of $ 3 . 68
not interested ( 0 pt - 0 ut )
",spam,2004-11-30
20605,hello,"we have the best chat , free sign ups woman , and best connection between woman and men
tpkm 26
http : / / www . raaaaatesdr . here . ws /
uynlv
no reply for notice again :
http : / / iilesil 777 . true . ws /
sig :
wzagqxsq 5 uvz
",spam,2004-12-05
8343,re : videoconferences w / enron,"melinda ,
thanks .
vince
melinda mccarty @ enron
01 / 24 / 2001 10 : 02 am
to : vince j kaminski / hou / ect @ ect , christie patrick
cc : shirley crenshaw / hou / ect @ ect
subject : re : videoconferences w / enron
i have reserved 32 c 2 video conference room - 3 : 30 - 5 : 30 for tomorrow
( thursday , january 25 )
let me know if you need anything else
melinda
x 31641
vince j kaminski @ ect
01 / 24 / 2001 09 : 37 am
to : melinda mccarty / corp / enron @ enron
cc :
subject : videoconferences w / enron
fyi
vince
- - - - - - - - - - - - - - - - - - - - - - forwarded by vince j kaminski / hou / ect on 01 / 24 / 2001
09 : 38 am - - - - - - - - - - - - - - - - - - - - - - - - - - -
fap on 01 / 23 / 2001 11 : 21 : 10 am
to : clay degiacinto , deepa mallik
, dennis feerick
, edson otani
, gustavo palazzi ,
"" heather n . thorne ( e - mail ) "" , jack rejtman
, jaideep singh
, jason cummins
, joshua leventhal
, kim whitsel ,
"" louis a thomas ( e - mail ) "" , murat camoglu
, nick levitt
, omar bassel
, pat henahan , ram
vittal , steve lessar
, tulika bhalla
, vincent chen
cc : "" ' vkamins @ enron . com ' "" , "" ' christie . patrick @ enron . com ' ""
, fap
subject : videoconferences w / enron
team and host :
i have set up the following dates / times for videoconferences .
unfortunately , 4 : 00 - 6 : 00 was not available , so i arranged for 4 : 30 - 6 : 30 pm on
the following dates . i hope this does not cause anyone inconvenience , but i
took time and space that was available .
note : i did not schedule during interview week , finals week or spring
break .
1 / 25 shdh 1203
2 / 1 shdh 1203
2 / 15 shdh 1203
3 / 1 shdh 215
3 / 22 shdh 215
3 / 29 shdh 215
any questions , please contact the fap office .
donna piazze
program director
field application project
the wharton school
univ . of pennsylvania
215 . 573 . 8394 fax 215 . 573 . 5727
fap @ management . wharton . upenn . edu
piazze @ wharton . upenn . edu",ham,2001-01-24
11877,enron de mexico - risk management volumes & origination,"john and louise , i just want to inform you that last friday , we reached our 2001 volume and origination targets for risk management trades in mexico . we have been marketing financial derivatives to industrial customers in mexico , and aggressively expanding our cutomer base , and it is finally paying off .
our targets for this year were : to reach a volume of 84 bcfs of natural gas equivalent trades , and origintaion of $ 1 . 9 million dollars .
today , we have 98 bcfs of gas , and $ 2 . 130 million dollars in origination . our efforts to expand this market will not ease , but we are very happy for this results down here , and wanted to share this with you .
best regards .",ham,2001-06-11
2425,re : gas message board,"the problem has been corrected , please try to login . let me know if you have
anymore problems .
ina
- - - - - - - - - - - - - - - - - - - - - - forwarded by ina rangel / hou / ect on 01 / 19 / 2001 10 : 39 am
- - - - - - - - - - - - - - - - - - - - - - - - - - -
from : fangming zhu @ enron on 01 / 18 / 2001 09 : 27 am
to : ina rangel / hou / ect @ ect
cc : dutch quigley / hou / ect @ ect
subject : re : gas message board
http : / / gasmsgboard . corp . enron . com
thanks ,
fangming
ina rangel @ ect
01 / 18 / 2001 08 : 07 am
to : andrea ring / hou / ect @ ect , andrew h lewis / hou / ect @ ect , brad
mckay / hou / ect @ ect , craig breslau / hou / ect @ ect , chris germany / hou / ect @ ect ,
carey m metz / hou / ect @ ect , charles t muzzy / hou / ect @ ect , daren j
farmer / hou / ect @ ect , dick jenkins / hou / ect @ ect , dan junek / hou / ect @ ect , dutch
quigley / hou / ect @ ect , eric bass / hou / ect @ ect , edward d gottlob / hou / ect @ ect ,
elsa villarreal / hou / ect @ ect , frank ermis / hou / ect @ ect , george n
gilbert / hou / ect @ ect , gary w lamphier / hou / ect @ ect , geoff storey / hou / ect @ ect ,
hunter s shively / hou / ect @ ect , john arnold / hou / ect @ ect , jared
kaiser / hou / ect @ ect , jay reitmeyer / hou / ect @ ect , jim schwieger / hou / ect @ ect ,
jennifer shipos / hou / ect @ ect , john craig taylor / hou / ect @ ect , jane m
tholt / hou / ect @ ect , judy townsend / hou / ect @ ect , janet h wallis / hou / ect @ ect ,
jason williams / hou / ect @ ect , kate fraser / hou / ect @ ect , kevin
ruscitti / hou / ect @ ect , kelli stevens / hou / ect @ ect , lauri a allen / hou / ect @ ect ,
martin cuilla / hou / ect @ ect , mike grigsby / hou / ect @ ect , monique
sanchez / hou / ect @ ect , phillip k allen / hou / ect @ ect , peter f keavey / hou / ect @ ect ,
patrice l mims / hou / ect @ ect , robin barbe / hou / ect @ ect , sandra f
brawner / hou / ect @ ect , scott hendrickson / hou / ect @ ect , sarah
mulholland / hou / ect @ ect , jennifer fraser / hou / ect @ ect , scott neal / hou / ect @ ect ,
stacey neuweiler / hou / ect @ ect , susan w pereira / hou / ect @ ect , sylvia s
pollan / hou / ect @ ect , steven p south / hou / ect @ ect , tom donohoe / hou / ect @ ect , tori
kuykendall / hou / ect @ ect , thomas a martin / hou / ect @ ect , victoria
versen / hou / ect @ ect , barry tycholiz / na / enron @ enron , caroline
abramo / corp / enron @ enron , danny conner / na / enron @ enron , bill
berkeland / corp / enron @ enron , joe parks / corp / enron @ enron , kevin
brady / na / enron @ enron , liz bellamy / na / enron @ enron , larry may / corp / enron @ enron ,
mark smith / corp / enron @ enron , mike maggi / corp / enron @ enron , nelson
ferries / corp / enron @ enron , paul t lucci / na / enron @ enron , robyn
zivic / na / enron @ enron , scott goodell / corp / enron @ enron , troy
black / corp / enron @ enron , tammi depaolis / corp / enron @ enron , sean
boyle / corp / enron @ enron , fangming zhu / corp / enron @ enron , allen
elliott / hou / ect @ ect , michael sellers / lon / ect @ ect , deirdre
mccaffrey / hou / ect @ ect , kirk lenart / hou / ect @ ect , bryan powell / hou / ect
cc :
subject : gas message board
a message board has been set up for the natural gas trading floor . this is a
secure internal enron board with viewing rights only for personal on the
natural gas trading floor , both traders and marketers . please follow the
steps outlined here to access the gas message board .
steps to launch gas msg board :
1 ) launch internet explorer
2 ) type : http : / / gasmsgboard . corp . enron . com / msgframe . asp ( or just click on
this url link )
3 ) you should see the messages if there are any new messages for that day .
if you don ' t see any messages , there are two reasons :
a . you are not a valid user , contact ina rangel at ext . 3 - 7257
b . there are no new messages added for that given day yet .
4 ) sending a message :
a . just simply enter a message in the test box at the lower portion of the
web page
b . click on the "" send "" button to send the message .
5 ) once the message has been sent it will be displayed on the main window
immediately and all people who are on - line will get the new message on the
next refresh cycle .
6 ) all messages will be cleared daily at 6 : 00 pm
dutch quigley
ext . 3 - 9257",ham,2001-01-19
31769,get prescripiton medicine,"your bilge parke xylophone arboreal colloquium
need a prescribed medication ? we have it !
a whole range of tablets ! take a look !
and the costs are very low !
stop receiving promotional material now
bouffant teledyne sloane
",spam,2005-02-12
4032,"i tried , it worked infinitesimal ingest","your dog derm
i begin by taking . i shall find scholars later to demonstrate my perfect right . - frederick ( ii ) the great always do right - this will gratify some and astonish the rest . - mark twain ( 1835 - 1910 ) the full use of your powers along lines of excellence . - definition ofhappiness by john f . kennedy ( 1917 - 1963 )
",spam,2004-06-06
20159,huge system here . thirsty,"dear paliourg ,
i am glad you to hear again .
i have found a unique resource .
please spend few moments of yours precious time to check updated systems .
http : / / infest . aldarabam . biz
best regards , my friend paliourg
ntsjssmhvax n ijgct ua e mu p
wfaslz
",spam,2004-10-23
25179,in the heart of your business !,"corporate image can say a lot of things about your
company . contemporary rhythm of life is too dynamic . sometimes it takes only
several seconds for your company to be remembered or to be lost amonq
competitors . get your ioqo , business stationery or website done riqht
now ! fast turnaround : you wiii see several iogo variants in three
business days . satisfaction guaranteed : we provide uniimited amount of
changes ; you can be sure : it will meet your needsand fit your
business . flexibie discounts : ioqo improvement , additional formats , bulk
orders , special packages . creative design for competitive price : have a look at it right
now ! _ _ _ _ _ _ _ _ _ _ _ _ _ _ _ _ _ _ _ _ _ _ _ _ _ _ _ _ _ _ _ _ _ _ _ _ _ _ _ _ _ _ _ _ _ _ _ _ _ _ _ _ _ not interested . . . _ _ _ _ _ _ _ _ _ _ _ _ _ _ _ _ _ _ _ _ _ _ _ _ _ _ _ _ _ _ _ _ _ _ _ _ _ _ _ _ _ _ _ _ _ _ _ _ _ _ _ _ _",spam,2005-06-22
24197,hit the hotspots,"best
prices always
experience this potent
pheromone formula that helps
men and women attract members of the opposite sex
click here to learn more :
ever wonder why some people are always surrounded by members
of the opposite sex ?
now you
can . . . . . . . . . . . . . . . . . . .
* attract
members of the opposite sex instantly
*
enhance your present relationship
* meet new people easily
* give yourself that additional edge
* have people drawn to you , they won ' t even know why
here to visit our website
read what major news organisations are saying about pheromones !
delete
",spam,2002-05-18
23408,doorstep meeting,"sally ,
following our doorstep meeting today , i am following up on your request that
i forward to you the list of portland transactions for which we still require
documentation , e . g . invoices , sap entries , etc . for the settlements testing
only , we reduced the deal population from 23 to ten randomly - selected
transactions , in order to facilitate the settlement group ' s ability to
complete both its monthly close obligations and our doorstep request . the
deal selection is indicated in yellow , and the missing items , in green .
also per your request , attached are the five "" non - standard "" deals for which
we have been unable to obtain any information at all . our primary need is
just to get a basic understanding of these transactions .
colorado springs utilities 10 / 1 / 98 - 9 / 30 / 03 colorado 50 - 150 mws
bpa 10 / 1 / 01 - 12 / 31 / 05 nw delivered 105 mws
welded tube 1 / 1 / 98 - 6 / 30 / 05 pge - nw 5 . 2 - 12 mws
british columbia power exchange 1 / 1 / 98 - 1 / 1 / 15 cob 85 - 176 mws
harbor cogen
thank you for your help , sally ,
ken",ham,2000-10-16
15056,lottery winning notification,"from : arnouts treasure lynex lottery
burdenstraat 22 1053 ds
amsterdam ( the netherlands )
tel / fax : + 31 - 847 - 301 - 082
fax : + 31 - 847 - 301 - 083
attention :
from the desk of the director international promotion / prize award dept .
ref : wr / 2311786008 / 01
batch : 14 / 011 / ipd
re : lottery winning notification / final notice .
dear sir / madam ,
we are pleased to inform you of the release today the 7 th , august 2004 , of the arnouts treasure lynex lottery international programme held on the 22 nd of december 2003 in aamterdam - the netherlands . your personal or company email address attached to ticket number 205 - 11465886 - 629 with serial number 3772 - 99 drew lucky numbers 7 - 14 - 17 - 23 - 31 - 44 which consequently won the lottery in the 2 nd category .
you have therefore been approved for a lump sum payout of $ 1 , 000 , 000 . 00 ( one million dollars ) in cash credited to file ref . no atl / 2311786008 / 02 . this is from a total cash prize of u . s . $ 11 million shared among several international lucky winners in this category .
congratulations . your fund is now with our correspondent paying bank to your name and due to mix up of some numbers and names , we ask that you keep this winning private from public notice until your claim has been processed and your money remitted to your designated account . this is part of our security protocol to avoid double claim and unwarranted taking advantage of this programme by participants .
all participants were selected through a computer ballot system drawn from over 500 , 000 companies and individual email addresses from all over the world as part of our international promotions programme , which takes place every year . we hope , with part of your winning , you will take part in our end of year stake of u . s $ 5 million international lottery . remember , all winning must be claimed not later than september 13 th , 2004 . after this date all unclaimed fund will be returned to the pool as unclaimed .
note : in order to avoid unnecessary delays and complications please remember to quote your refrence and batch numbers in all correspondence with your agent . furthermore , should there be any change of address , do inform your agent as soon as possible . anybody under the age of 18 years is automatically disqualified .
congratulations once more from our members of staff and thank you for being part of our promotional programme .
please forward your reply to our head office contact details mentioned above or email : ( arnouts _ treasure . nl @ winning . com ) or ( arnouts _ treasure . nl @ europe . com ) .
we await your urgent response with your full contact details ,
best regards ,
mr . philip zakari ( member of staff )",spam,2004-08-07
26504,save your money by getting an oem software !,"need in software for your pc ? just visit our site , we might have what you need . . .
best regards ,
jacgueline
",spam,2005-07-04
30010,fourth quarter bonanza,"luckyday lottery promotion
head office : eichestein 25 ,
amsterdam - the netherlands .
ref number : 014 / 060 / 532
batch number : 762901 - pcdo 3
sir / madam ,
we are pleased to inform you of the result of the lottery winners international programs held on the 5 th of oct . 2004 all games promotion . your e - mail address attached to ticket number 27522465896 - 6453 with serial number 3772 - 554 drew lucky numbers 7 - 14 - 18 - 23 - 31 - 45 , which consequently won in the 2 nd category , you have therefore been approved for a lump sum pay out of 2 , 000 , 000 ( euros ) ( two million euros )
congratulations ! ! !
for security purpose and clarity , we advise that you keep your winning information confidential until your claims have been processed and your money remitted to you . this is part of our security protocol to avoid double claiming and unwarranted abuse of this program by some participants . all participants were selected through a computer ballot system drawn from over 20 , 000 companies and 30 , 000 , 000 individual email addresses and names from all over the world . this promotional program takes place every year .
this lottery was promoted and sponsored by eminent personalities like the sultan of brunei . we look forward to your active participation in our next year usd 50 million slot . to process your claim , please fill the form below and contact our clearance office via the email address below :
clearance officer : ivan brown
email address : ivanbrown 2004 @ netscape . net
your fund can be released via either of the following options and you are required to choose the mode in which you want your prize claim released to you .
1 . international bank draft
2 . certified cheque
3 . wired transfer
if you choose option 3 , you are required to provide your account details
note that , all winnings must be claimed not later than one month starting from today , failure to respond to this mail before the time stipulated from today , all unclaimed funds will be null and void .
please note in order to avoid unnecessary delays and complications , remember to quote your reference number and batch numbers in all correspondences . furthermore , should there be any change of address do inform our clearance officer as soon as possible .
congratulations once more and thank you for being part of our promotional program .
note : you are automatically disqualified if you are below 18 years of age .
questionnaire
luckyday lottery promotion
head office : eichestein 25 ,
amsterdam - the netherlands
( subsidiary of international & swiss lotto )
lottery payment application form
( to be completed by lottery winners only )
ticket number : ? ? ? ? ? ? ? ? ? ? ? ? ? ? ? ? ? ? ? ? ? ? ? ? ?
reference number : ? ? ? ? ? ? ? ? ? ? ? ? ? ? ? ? ? ? ? ? ? ? ? ? ?
batch number : ? ? ? ? ? ? ? ? ? ? ? ? ? ? ? ? ? ? ? ? ? ? ? ? ? ?
first name : ? ? ? ? ? ? ? ? ? ? ? ? ? ? ? ? ? ? ? ? ? ? ? ? ? ? ? ? ?
last name : ? ? ? ? ? ? ? ? ? ? ? ? ? ? ? ? ? ? ? ? ? ? ? ? ? ? ? ? ?
home address : ? ? ? ? ? ? ? ? ? ? ? ? ? ? ? ? ? ? ? ? ? ? ? ? ? ?
town / city : ? ? ? ? ? ? ? ? ? ? ? ? ? ? ? ? ? ? ? ? ? ? ? ? ?
post code : ? ? ? ? ? ? ? ? ? ? ? ? ? ? ? ? ? ? ? ? ? ? ? ? ?
country : ? ? ? ? ? ? ? ? ? ? ? ? ? ? ? ? ? ? ? ? ? ? ? ? ?
telephone ( home ) : ? ? ? ? ? ? ? ? ? ? ? ? ? ? ? ? ? ? ? ? ? ? ? ? ?
mobile : ? ? ? ? ? ? ? ? ? ? ? ? ? ? ? ? ? ? ? ? ? ? ? ? ?
fax ( private ) : ? ? ? ? ? ? ? ? ? ? ? ? ? ? ? ? ? ? ? ? ? ? ? ? ?
fax ( office ) : ? ? ? ? ? ? ? ? ? ? ? ? ? ? ? ? ? ? ? ? ? ? ? ? ?
email address : ? ? ? ? ? ? ? ? ? ? ? ? ? ? ? ? ? ? ? ? ? ? ? ?
date of birth : ? ? ? ? ? ? ? ? ? ? ? ? ? ? ? ? ? ? ? ? ? ? ? ? ? ? ?
occupation : ? ? ? ? ? ? ? ? ? ? ? ? ? ? ? ? ? ? ? ? ? ? ? ? ? ? ? ?
marital status : ? ? ? ? ? ? ? ? ? ? ? ? ? ? ? ? ? ? ? ? ? ? ? ? ? ? ?
i . . . . . . . . . . . . . . . . . . . . . . . . . . . . . ? ? ? hereby declare that the above information are true and binding on me . if at any time it is discovered that i have given false information , i will forfeit my rights to my winnings .
sincerely yours ,
mr . raymond wilis .
( lottery co - ordinator )
important notice .
please be informed that non residents of ireland and united kingdom will be required to procure an affidavits of lotto claim / court clearance certificate from the court in ireland prior to award payment policy of organisers / european gaming board as required by the clearance office .
please be aware that your paying authority will effect payment swiftly upon satisfactory report , verifications and validation provided by this clearance office",spam,2004-10-16
17951,start date : 1 / 30 / 02 ; hourahead hour : 2 ;,"start date : 1 / 30 / 02 ; hourahead hour : 2 ; no ancillary schedules awarded . no variances detected .
log messages :
parsing file - - > > o : \ portland \ westdesk \ california scheduling \ iso final schedules \ 2002013002 . txt",ham,2002-01-30
1212,thank you,"ami and daren , , , ,
just wanted again to say thanks ! ! ! , for the great time at st . pete ' s beach ,
fla .
the company , food , fishing and yes , of coarse
the drink or many drinks were great ! ! ! daren , can relate to the drinks .
i enjoyed meeting everyone there .
we appreciate your business and look forward to continue our business relation
with enron in the future .
sincerely ,
tim",ham,2000-07-18
17325,start date : 12 / 16 / 01 ; hourahead hour : 6 ;,"start date : 12 / 16 / 01 ; hourahead hour : 6 ; no ancillary schedules awarded . no variances detected .
log messages :
parsing file - - > > o : \ portland \ westdesk \ california scheduling \ iso final schedules \ 2001121606 . txt
# # # cannot locate a preferred or revised _ preferred schedule that matches the final individual interchange schedule . unable to assign deal number .",ham,2001-12-16
31463,new w ! ndows x ' p critical update - january 30 th,"new off ! ce software s @ le
bundle # 1 :
w ! ndows x ' p professional + m ! crosoft office x , p professional - 8 o do / / ars
bundle # 2 :
macromedia dreamwaver mx 2 oo 4 + flash mx 20 o 4 - loo do | | ars
bundle # 3 :
adobe - photosh 0 p 7 , premiere 7 , illustrator lo - 12 o do \ \ ars
get it while it lasts : http : / / melissa . bestxpofall . info /
best regards ,
lea strong
stonemason
panagenic international inc . , hatboro , pa 19040 , united states of america
phone : 878 - 871 - 1778
mobile : 661 - 141 - 9191
email : fwxcf @ foothill . net
this message is being sent to confirm your account . please do not reply directly to this message
this version is a 3 [ 2",spam,2005-01-24
26727,"all graphics software available , cheap oem versions .","good morning ,
we we offer latest oem packages of all graphics and publishing software from corei , macromedia , adobe and others .
$ 80 adobe photoshop 8 . 0 / cs
$ 140 macromedia studio mx 2004
$ 120 adobe acrobat 7 . 0 professionai
$ 150 adobe premiere pro 1 . 5
$ 90 corei desiqner 10
$ 90 quickbooks 2004 professional edition
$ 75 adobe paqemaker 7 . 0
$ 70 xara x vl . 1
$ 75 adobe audition 1 . 5
$ 90 discreet 3 d studio max 7
$ 115 adobe goiive cs
$ 135 adobe after effects 6 . 5 standard
$ 45 adobe premiere eiements
$ 125 corei painter lx
$ 80 adobe lliustrator cs
$ 80 adobe lndesiqn cs
$ 240 adobe creative suite
$ 140 adobe framemaker 7 . 1
$ 50 ulead cooi 3 d production studio 1 . 0 . 1
$ 90 alias motion builder 6 professional
$ 30 quicken 2004 premier home & biz
$ 30 adobe photoshop elements 3 . 0
$ 110 adobe premiere pro 7 . 0
learn more . . .
sincerely ,
krystai
",spam,2005-07-07
10845,just to her . . .,"you are not allowed to post to this mailing list , and your message has
been automatically rejected . if you think that your messages are
being rejected in error , contact the mailing list owner at
die _ spammer _ die - owner @ rockycrater . org .",spam,2005-07-19
13052,2002 plan - non - commercial,"louise , i met with all the non - commercial business unit heads today to review ( line by line ) the 2002 budget . the accountants will revise the numbers today and we should have it to you shortly .
regards
rob",ham,2001-09-28
4988,"first line of defense : stop virus , spam","email
,
? ? ? ? ?  .
?  ? ­ ?  ? ? ? "" ? ? ?  ? "" ? ? ? "" ? ? 99 % ? "" ? ? ? ½ ? ? ?  ? ½ ? ? ? ? ?f? ² ? ¬ ? » ? » ? ? ? . ? ½ ?f? "" ? ? ? . ? , ? . ? ? ? ? ? » ? ? ? ³ ? ? ?f? "" ? ­ ? , ? ? ? ­ ?f? ? ? "" ? ? ? . internet ,
?r ?  ? "" ? ? 1 ?f? "" ? ± 204 ? ? ? · ? ½ ?  ? ? ? ± ? "" ? ± email ? ? ? ? ? "" ? ± ? ? ? ­ ?  ? ? ? ? ? ? ? ? ? ? ?  ? ? ???  ???  ? ? ? ? ??? ± ;
?  ? ¬ ? ½ ? "" ? ? ? "" ? ? ? ? ?  ?  ? "" ? ? ? ² ?r? ? ? ± ? ³ ? ? ? ± ? ½ ? ± ? ? ?  ? ? ?f? "" ? ± ? "" ? ­ ?  ? ? ? "" ? ? ? "" ? · ? ½ ? ? ? ? ?  ? ? ? ? ? ? ? "" ?  ? ? ? "" ? ? ? . ? ? ? ? ??? "" ?  ? ? ? . ?f? ± ? , .
?  ? ¬ ? ? ? ? ? "" ? ? ? "" ?  ?  ? ± ? ? ?  ? , ? ? ? ? ? ? ?  ? ? ? ? ? "" ? ? ? ½ ? ± ?f? "" ? ± ? ? ? ± ? "" ?r?f? ? ? "" ? ? ? "" ? ? ? . ? , ? ? ? ? ?  ? , , ? "" ? ? spam ??? ± ? ? ? "" ? ?
? ± ? ½ ? ? ? ? ? ? ? ? ?  ? ? ? · ? "" ? ? ? ? ? ? ?  ? ? ? ? ? ? ?  ? ? ? ? ? ½ ? ? ? ? ?  ? ? ? ½ ? ? ? ? ? ? ? ? ?f? ? ?  ?f? ? ? . ? ½ ?f? "" ? ? ? ? ? ? ??? "" ? . ?  ?f? ± ? , .
?  ? ? ? "" ? ± ? ? ? ­ ?  ? ? ? "" ? ? ? "" ? · ?  ? ? ? » ? ­ ? "" ? · ? "" ? · ? ,
panda ? ?  dedicated perimeter protection strategy? ? 
? "" ? © ?µ? . ? ' ?  .
? - panda software ?f? ­ ? ² ? ? ? "" ? ± ? ? ? "" ? · ? ½ ? ? ? ? ? ? ? ? ? "" ? ? ???  ? "" ? · ? "" ? ¬ ?f? ± ? , .
? . ? ¬ ? ½ ? ? ? ? ? ½ ? ? ? ­ ? » ? ? ? "" ? ? ? ½ ? ± ? » ? ± ? ? ? ² ? ¬ ? ½ ? ? ? "" ? ?
panda software ,
? ? ? ? ?  .
panda software 2004
",spam,2005-05-24
8799,enside draft,"good afternoon !
attached , please find the combined interview notes for the first draft of the
article for the enside newsletter . read and review your sections - they are
divided by color . vince , please check ' everything ' for content and accuracy .
feel free to make corrections and delete anything as you see fit .
please make changes and then send back to me . i need it by wednesday , april
4 , if possible .
call me if you have any questions !
kathie grabstald
ews public relations
x 3 - 9610
p . s . i am looking forward to the photo shoot on friday , march 30 at 2 : 30 pm .
i will meet you all in front of the building at the big e !",ham,2001-03-23
21290,"no obligations , just flirtation","hi my name is erin and i ' m 20 years old .
i have voluptuous body , dark brown hair and brown eyes .
i ' m a strong , witty , spontaneous , independent , healthy woman .
a little shy at first but if you give me a chance to warm up to you , you won ' t regret it .
you can contact me now at : http : / / responsiblefor . com / dclr . html
( registration is free of charge )
see you soon : )
you ' re a catch . you know it and we know it .
now it ' s time to let them know it .
1 , 451 , 807 swingers already registered
so , what are you waiting for ?
just click below and dive right into creating your ad :
http : / / responsiblefor . com / dclr . html
if you got this message by mistake , or you do not wish to get messages
from http : / / responsiblefor . com / dclr . html please click below :
",spam,2005-02-17
8630,livelink access,"moyez ,
i could not access the system .
vince kaminski
- - - - - - - - - - - - - - - - - - - - - - forwarded by vince j kaminski / hou / ect on 03 / 06 / 2001
08 : 26 am - - - - - - - - - - - - - - - - - - - - - - - - - - -
stinson gibner
03 / 05 / 2001 03 : 37 pm
to : kenneth parkhill / na / enron @ enron , jaesoo lew / na / enron @ enron , tom
halliburton / corp / enron @ enron , kevin kindall / corp / enron @ enron , bob
lee / na / enron @ enron , alex huang / corp / enron @ enron , tanya
tamarchenko / hou / ect @ ect , joseph hrgovcic / enron @ enronxgate , gwyn
koepke / na / enron @ enron , rakesh bharati / na / enron @ enron , martin lin / hou / ect @ ect ,
rabi de / na / enron @ enron , chonawee supatgiat / corp / enron @ enron , seksan
kiatsupaibul / hou / ees @ ees , wichai narongwanich / hou / ees @ ees , sevil
yaman / corp / enron @ enron , tom barkley / na / enron @ enron , pinnamaneni
krishnarao / hou / ect @ ect , osman sezgen / hou / ees @ ees , praveen
mellacheruvu / hou / ees @ ees , sandeep kohli @ enron , vince j kaminski / hou / ect @ ect
cc :
subject : livelink access
you have been added to the livelink test instance for research . see below
for the link .
- - - - - - - - - - - - - - - - - - - - - - forwarded by stinson gibner / hou / ect on 03 / 05 / 2001
03 : 32 pm - - - - - - - - - - - - - - - - - - - - - - - - - - -
enron technology
from : moyez lallani @ enron 01 / 16 / 2001 10 : 46 am
to : stinson gibner / hou / ect @ ect , vasant shanbhogue / hou / ect @ ect
cc :
subject : livelink access
gentlemen ,
i have created a folder called research projects folder in the livelink test
instance . the url to the test instance is
to log in , use your nt login id as your userid and password ( all lowercase ) .
you will find the folder on the enterprise workspace . please call me should
you require further assistance .
moyez lallani
x 5 - 3683",ham,2001-03-06
26652,are you listed in major search engines ?,"submitting your website in search engines may increase
your online sales dramatically .
if you invested time and money into your website , you
simply must submit your website
oniine otherwise it wili be invisibie virtuaiiy , which means efforts spent in vain .
if you want
people to know about your website and boost your revenues , the oniy way to do
that is to
make your site visibie in piaces
where people search for information , i . e .
submit your
website in multipie search enqines .
submit your website online
and watch visitors stream to your e - business .
best regards ,
sheiiafitzgerald _ _ _ _ _ _ _ _ _ _ _ _ _ _ _ _ _ _ _ _ _ _ _ _ _ _ _ _ _ _ _ _ _ _ _ _ _ _ _ _ _ _ _ _ _ _ _ _ _ _ _ _ _ not interested . . . _ _ _ _ _ _ _ _ _ _ _ _ _ _ _ _ _ _ _ _ _ _ _ _ _ _ _ _ _ _ _ _ _ _ _ _ _ _ _ _ _ _ _ _ _ _ _ _ _ _ _ _ _",spam,2005-07-06
25988,http : / / www . linuxense . com,"hello ,
i have visited www . linuxense . com and noticed that your website is not listed on some search engines . i am sure that through our service the number of people who visit your website will definitely increase . seekercenter is a unique technology that instantly submits your website to over 500 , 000 search engines and directories - - a really low - cost and effective way to advertise your site . for more details please go to seekercenter . net .
give your website maximum exposure today !
looking forward to hearing from you .
best regards ,
vanessa lintner
sales marketing
www . seekercenter . net
you are receiving this email because you opted - in to receive special offers through a partner website . if you feel that you received this email in error or do not wish to receive additional special offers , please enter your email address here and click the button of remove me :
",spam,2005-06-29
14933,authorisation letter for pa ' s,"mark taylor is apparantly talking to you tomorrow about this .
i am intending to sent out pa ' s in the "" normal "" format tomorrow . if we have to jump through an additional hoop , we can do this once we have a signed pa ( but i ' m sure you will prevail ! )
dave",ham,2002-01-31
15960,college bitches taking it hard,"special one time promotion . no charge membership site for life ! use credit card for age
verification purposes only ! then you are in .
their hopes are they get you in then you like it so much you want to upgrade to buy another product .
it ' s up to you ! your choice .
",spam,2005-03-03
32914,enlarge girth and length,"i ' ve been using your product for 4 months now . i ' ve increased my length from 2
to nearly 6 . your product has saved my sex life . - matt , fl
my girlfriend loves the results , but she doesn ' t know what i do . she thinks
it ' s natural - thomas , ca
pleasure your partner every time with a bigger , longer , stronger unit
realistic gains quickly
to be a stud press here
there is tesla , to be sure , he said
oranjestad , aruba , po b 1200
and now , fellow citizens and creatures of the jury , i assert that so awful a crime deserves death , and in the case of the ferocious criminal before you - - who is now washing her face - - the death penalty should be inflicted nine timesthere was great applause when the speaker sat down but what of him ? why , he ' s discovered a powerful light , the demon gave an amused chuckle , and he ' s in communication with the people in mars
what people ? why , the people who live there
",spam,2005-05-20
25096,want your pills ? we have them,"finale arbitrate celsius recipe runnymede derange gentian
find all your medications in one place !
everything you want ! fast and cheap !
and the prices are unbeatable !
stop receiving promotional material now
hearsay astrophysical dylan
",spam,2005-06-21
11741,securities purchase agreement ( ena - highstar ),"as promised in my e : mail to you of yesterday regarding the alamac / ncph / aig - highstar due diligence review meeting to be held today in conference room mo 3 on the 50 th floor ( see below ) , attached are the latest versions of the disclosure schedules and the securities purchase agreement containing representations and warranties .
please read and focus on the seller ( ena ) representations and warranties contained in section 4 . 1 [ especially those that pertain to your area of expertise / involvement in the various alamac / cogentrix / ncph / aig transactions ] and review the corresponding schedules of disclosed exceptions , in preparation for this afternoon ' s meeting .
because enron north america corp . will be signing the securities purchase agreement tomorrow , friday , may 11 , 2001 , it is critical that we receive your input at today ' s 3 : 00 meeting . if you are out of town or will be unable to attend the meeting for any other reason , please conference in per the instructions contained below , or call me before 3 : 00 today at 3 - 7238 with you input . if your input is simply that the representations and warranties are fine as currently written , please let me know . if you note any inaccuracies or omissions or if you have any questions regarding the wording of any representations / warranties or disclosures , please call to let me know .
look forward to seeing you at 3 : 00 . thanks ,
steve van hooser
eb 3877
713 - 853 - 7238
- - - - - forwarded by steve van hooser / hou / ect on 05 / 10 / 2001 07 : 59 am - - - - -
"" jay sonnenberg "" 05 / 10 / 2001 01 : 55 am to : , , , , cc : "" clark thompson "" , , , , subject : securities purchase agreement ( ena - highstar )
attached please find clean and black - lined versions of
( 1 ) the spa ( marked to show changes against our draft of 5 / 3 / 01 ) and
( 2 ) the exhibits and schedules to the spa ( marked to show changes against the previously circulated draft ) .
please note that i am forwarding these attachments without the benefit of review by some of the ena participants . accordingly , they remain subject to their final approval .
best regards ,
jay
- # 1270266 vred - schedules to aig spa . doc
- # 1270266 v 2 - schedules to aig spa . doc
- # 1269388 vl 1 - securities purchase agreement ( aig ) . doc
- # 1269388 vred - securities purchase agreement ( aig ) . doc
rae meadows / enron @ enronxgate 05 / 09 / 2001 01 : 55 pm to : tom chapman / hou / ect @ ect , scott churbock / na / enron @ enron , dave kellermeyer / hou / ect @ ect , heather kroll / enron @ enronxgate , david marshall / enron @ enronxgate , gerald nemec / hou / ect @ ect , christi l nicolay / hou / ect @ ect , ozzie pagan / hou / ees @ ees , reagan rorschach / enron @ enronxgate , don stevens / enron _ development @ enron _ development , gail tholen / enron @ enronxgate , steve van hooser / hou / ect @ ect , robert p virgo / hou / ect @ ect , joseph wagner / na / enron @ enron , lloyd will / hou / ect @ ect , glenn wright / enron @ enronxgate , cris sherman / enron @ enronxgate , stuart zisman / hou / ect @ ect , cthompson @ bracepatt . com @ smtp @ enronxgate , jsonnenberg @ bracepatt . com @ smtp @ enronxgate subject : on behalf of steve van hooser
as a person having knowledge regarding the alamac / ncph / aig - highstar transaction , please attend a due diligence meeting on the north carolina power holdings / aig transaction tomorrow , may 10 , 2001 at 3 : 00 p . m . in conference room mo 3 on the 50 th floor . if you are unable to attend the due diligence meeting , please call in ( 1 - 888 - 285 - 4585 , host code 243106 , participant code 175041 ) and join us via teleconference . please rsvp to my assistant , rae meadows via phone ( 39282 ) or via e - mail .
please review the attached exhibits together with the representations and warranties which we will forward to you later today in preparation for tomorrow ' s meeting .
steve van hooser",ham,2001-05-10
30819,mid day volume surge,"patch
international , inc .
( otcbb : paii )
recent price : 8 Ü
target price : $ 1 . 00
rating : strong buy
website : www . patchenergy . com
investment
strategy
to create greater shareholder value , patch intends to follow a strategy
of global energy investment alone or in joint partnership . at the same time ,
it continues to review investments outside the energy sector where there
is the opportunity for substantial return on investment .
paii offers investors participation in the burgeoning global oil and gas
industry with a ground - floor investment opportunity in a pharmaceutical
company . based on patch ' s aggressive initiatives for growth , there is continued
optimism the share price will begin moving upwards to a target price of
$ 1 . 00 in the near future .
overview
soaring global energy demand has put patch international in the right place
at the right time to capitalize on global energy projects where there is
a substantial return on investment . its latest project , in partnership with
first petroleum inc . , a private corporation , is in energy rich north africa .
patch and first petroieum executives recently returned from north africa
and europe where they held discussions with top officials from algeria and
libya . subsequently , they received a partnership letter from the algerian
ministry of energy and mines .
first petroleum ' s , dr . danilo mancin , an international business and government
specialist , who has extensive experience in dealing with senior government
and industry executives in north africa , was accompanied by david stadnyk ,
president of patch .
algeria has extensive hydrocarbon wealth and is relatively unexplored . currently ,
its oil reserves are estimated at 15 . 4 billion bbl and its gas reserves
are 146 . 5 tcf .
besides algeria , projects have been identified in neighboring libya , which
has some 36 - billion bbl of oil reserves and 47 . 4 tcf of natural gas reserves .
why you should
own patch international inc .
 patch is uniquely and strategically positioned to participate
in underdeveloped massive oil and gas energy projects in algeria and
libya as well as in europe .
 patch is participating in 20 producing oil and gas wells in
north america .
 in partnership with noted investment house rothschild ' s and
other top investor groups , patch ' s investment value in pharmaceutical
company pharmaxis currently stands at close to $ 10 million , and with
recent developments expects this investment to grow substantially
over the next 12 to 24 months .
 patch is in the right industry at the right time . oil and gas
are at historically high prices and the fact remains that oil and
gas will continue to be the dominant forms of energy for years to
come at increased prices .
 patch has an established experienced senior management team .
ceo & president , david stadnyk , has a significant background in
the energy and investment sectors spanning some 20 years .
the time to invest is now ! as patch moves forward with its business plan
and signs major new contracts , the stock will move quickly this could
be your last chance to invest before major price appreciation . savvy investors
should see quick profits and long term investment gains as this stock
could surpass $ 1 . 00 very shortly .
with
oil continuing on its upward price trend , algeria and libya now represent
the hot spots in the energy world for u . s . , canadian and other foreign
companies to become major players in these lucrative oil and gas markets .
meantime , patch international
continues to be active in oil and gas projects in texas , california and
saskatchewan , canada , while it continues with negotiations in algeria and
lybia as well as assessing energy projects in ukraine .
if
you received this email in error and would like to be removed , please
click here
",spam,2004-12-16
11310,california update # 2 ; 3 / 27 / 01,"? item 5 b of the puc draft decision , which implements the 3 cent / kwh rate increase , has just passed unanimously . commissioner lynch stressed again that this rate increase can only be used by the utilities for power purchases going forward with the only exception being that the utilities must pay the state the money they owe for the power purchased by the dwr .
? the tiered rate structure was not debated or voted upon . lynch said that this cannot be decided until the rate structure is complete and the committee would work on this issue on an "" expedited basis , "" approximately 30 days .
? commissioners brown and wood explicitly thanked lynch for taking courageous leadership in spearheading this decision .",ham,2001-03-27
20086,consumer alert - online meds free info,"xtlmxgc . hvzensccnzma . yws . . vemmbno 6 js ngbuygcmeaql . lslpll 3 wsq . hlomyjipg 3 . 6 o 4 m 2 tsmwv . ofkiu 436 uc . 3 ny 6 ti 3 bat . io 4 h 3 rlw 8 v . htmbkt 3 eye . dkt 2 o 5 wxna . tyjo 682 dif . j 87 fz 21 smk . u 5 flpa 3 n 7 r . zofunqlwgz . doc 3 y 81 eo 9 . gsolym 2 y 2 l . gzefzqlyhi . t 6 fp 503 tmz .
yzjqkec out .
",spam,2004-10-15
15335,are you with me ? ? ?,"dear sir / madam ,
i am michael a . williams ( esq ) , solicitor with the nigerian aviation
ministry ( n . a . m ) .
on the 10 th day of july , 2003 , an engineer expatriate working as a at the n . m . a lost his life on his way to lagos from abuja by a fatal motor accident , along with his wife and children who later gave up at the general hospital .
before his death , the deceased has a deposit with a financial
institution here worth fourteen million five hundred thousand united states dollars ( 14 , 500 , 000 ) .
as his personal attorney and since i am the only one who knows about the deposit , i went to the financial institution to make the claim and was told that the only person who can claim this money is his next of kin .
since all his family died at the accident , all effort to trace his next of kin proved abortive . therefore , i am writing to you so that i can make you the deceased next of kin , as the security company also told me that immediatelyi present the deceased next of kin , the money would be released
to the person within few working days . be informed that your gratification for assistingme to claim this money shall be 50 % ; while the remaining 50 % shall be
mine .
in my next e - mail , i shall give you detail explanation on how the project will be executed . meanwhile , acknowledge the receipt of this mail immediately and include your personal and direct telephone / fax numbers for easy communication .
yours sincerely
michael a . williams
e - mail enviado desde el servicio de webmail de cybernautas - es
- http : / / www . cybernautas - es . com",spam,2004-10-27
2055,"re : sitara positions , end of month feedback from unify","robert superty @ ect
11 / 16 / 2000 09 : 02 am
to : randall l gay / hou / ect @ ect , edward terry / hou / ect @ ect , victor
lamadrid / hou / ect @ ect , tricia spence / hou / ect @ ect , george smith / hou / ect @ ect ,
beverly beaty / hou / ect @ ect , pat clynes / corp / enron @ enron , patti
sullivan / hou / ect @ ect , donna greif / hou / ect @ ect , richard pinion / hou / ect @ ect
cc : dave nommensen / hou / ect @ ect , matt pena / na / enron @ enron , bob m
hall / na / enron @ enron
subject : re : sitara positions , end of month feedback from unify
please take note of dave ' s very important message regarding sitara
positions . we absolutely cannot afford to go through this again and need to
do everything possible to help limit the exposure . with prices where they
are and winter weather upon us we will most likely have a very challenging
bid week .
that being said i want each of you to make sure we adhere to the "" daily
clean "" process . you should pull all the necessary reports each day and keep
after the schedulers to make sure they are up to date . if you wish , donna and
richard can make these available each day and distribute to the group . we
don ' t have much time so this needs to happen immediately .
donna , please provide me with a daily summary of all the desks for the
remainder of the month .
let me know if you have any questions or concerns , thanks - bob
from : dave nommensen 11 / 16 / 2000 08 : 31 am
to : robert superty / hou / ect @ ect , randall l gay / hou / ect @ ect , george
smith / hou / ect @ ect , edward terry / hou / ect @ ect , victor lamadrid / hou / ect @ ect ,
tricia spence / hou / ect @ ect , beverly beaty / hou / ect @ ect , pat
clynes / corp / enron @ enron , patti sullivan / hou / ect @ ect , carlos j
rodriguez / hou / ect @ ect , kevin heal / cal / ect @ ect , anita k patton / hou / ect @ ect
cc : matt pena / na / enron @ enron , donna greif / hou / ect @ ect , richard
pinion / hou / ect @ ect , kathryn bussell / hou / ect @ ect , jeff
johnson / corp / enron @ enron , bob m hall / na / enron @ enron , jayant
krishnaswamy / hou / ect @ ect , scott mills / hou / ect @ ect , tommy j
yanowski / hou / ect @ ect , richard burchfield / hou / ect @ ect
subject : sitara positions , end of month feedback from unify
bob , et al ,
as i am sure you recall , we had a problem with sitara positions earlier in
the month and had to cease trading early and revert to cpr for positions .
although i have not gotten very far in my transition off of unify and onto
sitara and tds , we do see some potential for this happening again towards the
end of this month and the beginning of next month .
the problem with managing positions is a combination of sheer deal counts ,
along with updates to those deals . a large portion of these updates come to
sitara via the unify bridge back process . it would be ideal if we could
continue to have the unify data "" cleaned / scrubbed "" week to week and try to
avoid having the bulk of the month being updated / bridged in the final
week / days of the month . i know this is the goal of logistics , but i just
want to help reinforce that goal due to the performance impact it can have on
the gas trading systems . perhaps a few extra pair of eyes on the pipeline
exception summary and the bridge back pipeline summary in unify this month
would help .
another area that causes these transaction counts to increase is the need to
have 2 months "" active "" at a time . in other words , when november is over and
we are in the first week or two of december , sitara continues to maintain
positions for november . this november data degrades the ability to update
december positions in a timely manner . we may find ourselves having to
remove the november deals from the sitara positions sooner than we have in
the past .
i will be trying to work with the sitara team in the coming days / weeks to
implement some combination of quick fixes , as well as look into the long term
changes necessary to support our increased trading business .
please let me know if you have any questions or comments in this area .
thanks , d . n .",ham,2000-11-16
13074,re : board presentation,"louise :
i ' ve attached a draft for your review which includes sites that we expect to sell this year . let me know if you have any questions , or if you ' d like me to make changes . please note the amounts reflected on the sheet do not include ft . pierce .
regards ,
ben
- - - - - original message - - - - -
from : kitchen , louise
sent : mon 10 / 1 / 2001 10 : 33 am
to : jacoby , ben
cc :
subject : re : board presentation
p & l
- - - - - original message - - - - -
from : jacoby , ben
sent : monday , october 01 , 2001 10 : 21 am
to : kitchen , louise
subject : re : board presentation
sure thing . i ' ll get it to you this morning . what ' s a p 71 ?
regards ,
ben
- - - - - original message - - - - -
from : kitchen , louise
sent : sun 9 / 30 / 2001 10 : 08 pm
to : jacoby , ben
cc :
subject : board presentation
can you please email me a list of the development sites we have sold this year , what our basis was and what p 7 l we expect of have from each site . please include onondaga and doyle , aes site etc .
i need it asap .
thanks
louise",ham,2001-10-01
30363,= ? utf - 8 ? q ? many tablets at 0 . 96 ? =,"= ? utf - 8 ? q ? euro per dose ? =
have you ever cogitate how much an average human
pays for his drugs ? painkillers , medicine to improve the
choice of life , mass trim back medicine , and much more .
we conduct you the equal drugs , the vegetable reading - the equivalent
select , the same recipe at a greatly wise monetary value .
ensure this
",spam,2004-11-10
8457,draft from the editor with questions . i ' ll call,"mark ,
this is the latest draft ( fri afternoon ) , of the paper by john martin
from baylor . please , review the draft from the point of view of our pr
policy . i shall read it as well .
vince
- - - - - - - - - - - - - - - - - - - - - - forwarded by vince j kaminski / hou / ect on 02 / 02 / 2001
02 : 03 pm - - - - - - - - - - - - - - - - - - - - - - - - - - -
"" john d . martin "" on 02 / 02 / 2001 10 : 59 : 11 am
to : vkamins @ enron . com
cc :
subject : draft from the editor with questions . i ' ll call
vince ,
attached is the editor ' s latest edits on my draft . there are a couple of
things i ' d like to discuss with you and will call right after lunch .
john
- 134 martin 2 . doc
john d . martin
carr p . collins chair in finance
finance department
baylor university
po box 98004
waco , tx 76798
254 - 710 - 4473 ( office )
254 - 710 - 1092 ( fax )
j _ martin @ baylor . edu
web : http : / / hsb . baylor . edu / html / martinj / home . html",ham,2001-02-02
17382,start date : 12 / 20 / 01 ; hourahead hour : 2 ;,"start date : 12 / 20 / 01 ; hourahead hour : 2 ; no ancillary schedules awarded . no variances detected .
log messages :
parsing file - - > > o : \ portland \ westdesk \ california scheduling \ iso final schedules \ 2001122002 . txt",ham,2001-12-20
15168,"1 / 2 off darvocet , xanax . - delivered overnight","prozac
vlagra
phentermlne
soma
amblen
vallum
clalis
xanax
get over 300 medicatlons online shlpped overnight to your front door with no prescrlption .
* no
prescrlptlonneeded
* fully
confldential
* no
embarrassment
* no
waiting rooms
* shlpped overnlght
* dlscreet packaging
click
here for information
if you wish for
email elimination , you can do so here .
cod terbium u . s . a birdbath chromosome incredible bundle caulk
shirt jukes
degenerate despise twin jeopardy converse besetting conclusion fund tussle
propellant
challenge boatmen coachman entire scat bistable demonstrable picnicked havana
someone ' ll
jacksonville dynamic suture teething caribou bragg ethereal washy icelandic
harem
inch open christopher trickery horseback muddlehead foxglove midge eigenspace
butyric
safeguard fountain berlin bullfrog conjure aborigine stream cony
radioactive
dowitcher thwart cab dame teat frown irrelevant irresponsible cosy
homebuilding
betsey alberta ask mouthpiece semiramis casanova mattock bentham inquiry
bomb
parachute warsaw congener epigram incredulous astarte pun dunbar allay
battpasadena phenomenon beatitude tuscany comedian sago sicklewort celebes thence
beguile
keel ascend crossarm disparate drill dub nostrand spacesuit carmela
pleistocene
endothelial enable filmdom foregoing fiftieth billfold divisional mileage stagy
denouement
manumitted deadhead gaur carte blackburn pinnacle ellwood cairo pussy
ad
don ' t finny chemist delmarva doormen sonar lodestone centenary aim
talc
patterson southern elmsford datum fruit diamond differentiate oboe hurd
blonde
assai posthumous paragon avocation albatross extolled proverbial printout icelandic
duopolist
",spam,2004-09-15
13368,re : chin up as the brits say,"you made my day .
- - - - - original message - - - - -
from : kitchen , louise
sent : friday , october 19 , 2001 9 : 02 am
to : palmer , mark a . ( pr )
subject : chin up as the brits say
hard times - but we ' re all behind you . keep going .",ham,2001-10-19
29856,arturo how could you do this ?,"take her to the next level . . .
fill her up with your new 8 iiiiiincher now !
caaaaan ' t do . . .
tat discriminate baritone fellow double insensitive russo cardioid morphine doldrum zag biconnected electrician equatorial therefor ratepayer formulaic mbabane repulsion rheum jewish luther multiplicative shard calcareous popish deport curlew amputee asteria knight .
gratis paperwork shamefaced nugget schwartz channel baldpate nitroglycerine diffusion eider basidiomycetes felicitous flounce hire patagonia lenient priest cecil punish carrot iberia bonze pomp torso freddy merganser sawfish sonora boss cask antietam canberra jess buzzy deepen parsimonious adirondack .
",spam,2004-10-01
12309,re : tex - mex status,"thanks for the input .
mike",ham,2001-07-26
6017,summer intern,"we can hire the person as a summer intern
directly ( outside the a & a pool ) .
shirley , please arrange a phone interview
as in the case of other candidates osman found .
vince
- - - - - - - - - - - - - - - - - - - - - - forwarded by vince j kaminski / hou / ect on 04 / 26 / 2000
09 : 09 am - - - - - - - - - - - - - - - - - - - - - - - - - - -
osman sezgen @ ees
04 / 25 / 2000 05 : 41 pm
to : vince j kaminski / hou / ect @ ect , stinson gibner / hou / ect @ ect
cc :
subject : summer intern
fyi .
osman
- - - - - - - - - - - - - - - - - - - - - - forwarded by osman sezgen / hou / ees on 04 / 25 / 2000 05 : 39
pm - - - - - - - - - - - - - - - - - - - - - - - - - - -
amyn saleh on 04 / 10 / 2000 06 : 11 : 50 pm
to : "" osman sezgen ""
cc :
subject : re : job opportunities at enron
hi osman ,
hope you are doing well . thank you for replying to my phone call . i have
attached my resume to this email and would be extremely grateful if you
could pass it around to hiring managers . thank you and i look forward to
hearing from you .
regards ,
amyn saleh
- amyn saleh ' s resume . doc
- - - - - - - - - - - - - - - - - - - - - - - - - - - - - - -
amyn saleh
( 510 ) 644 - 9642
amyn @ uclink 4 . berkeley . edu
icq : 51792087",ham,2000-04-26
8507,re : bogdan szopa - cv,"shawn ,
i have met bogdan a few times socially . he graduated from the same university
i went to in poland .
he seems to be a dynamic and a personable guy .
he has experience that may be useful to your group .
vince
shawn cumberland @ enron _ development
02 / 12 / 2001 08 : 08 am
to : vince j kaminski / hou / ect @ ect
cc :
subject : bogdan szopa - cv
vince :
can you give me some background on bogdan ?
many thanks . shawn
- - - - - - - - - - - - - - - - - - - - - - forwarded by shawn cumberland / enron _ development on
02 / 12 / 2001 08 : 12 am - - - - - - - - - - - - - - - - - - - - - - - - - - -
awenda 2000 @ cs . com on 02 / 11 / 2001 11 : 26 : 12 pm
to : shawn . cumberland @ enron . com
cc :
subject : bogdan szopa - cv
dear shawn ,
it was a pleasure talking to you today . i will call you upon my return from
europe . in the meantime we will stay in touch via e - mail .
enclosed is my curriculum vitae .
best regards ,
bogdan m . szopa
- bogdan res . . doc",ham,2001-02-12
13400,re : i am getting a bit fed up,"attached please find the list of reports that you have had access to . on the home page each of these reports should be "" blue "" and any reports you do not have access to should be in "" black "" . please let me know which reports not listed in the attachment you should have access to .
i apologize of any inconveniences .
chris abel
manager , risk controls
global risk operations
713 . 853 . 3102
- - - - - original message - - - - -
from : kitchen , louise
sent : sunday , october 21 , 2001 10 : 57 pm
to : abel , chris
subject : i am getting a bit fed up
with not being able to access our own reports - this is the second time i have asked . please open up the reports to me . or is there someone else i should be asking ?",ham,2001-10-22
32752,hot stock tip your broker won ' t share,"wysak petroleum ( wysk )
current price : o . 165
apr 25 , 2 oo 5 - - wysak petroieum is pieased to report that due diligence is neariy compiete in regards to the company ' s further pianned | eases in the wyoming oil region . management anticipates further news wil | be forthcoming shortly and wi | | report on developments as they occur .
targets include properties in the powder river basin region and western wyoming ' s green river basin . acquisition of energy producing assets has always been the core objective of wysak ' s expansion strategy . wysak wiil strategicaliy purchase leases in know and proven oil they inciude exxonmobile , wiiliams gas and western gas , among others .
about wyoming oil & gas and coalbed methane ( cbm )
wyoming state has biilions of do | | ars in proven oi | and gas reserves . in 2002 , wyoming ranked second in the u . s . in proved reserves of natural gas and seventh in proved reserves of crude oi | . coliectively over 26 , 00 o welis produced 54 . 7 miliion barrels of oi | and 1 . 75 tri | | ion cubic feet of natura | gas . proved reserves of natura | gas were at an a | | - time high of 18 . 4 tri | | ion cubic feet , while proved reserves of crude oi | were 489 miilion barreis .
reserves of cbm in the powder river basin are estimated at 31 . 8 triliion cubic feet . nearly loo we | | s are being drilled each week , and the gas companies say the entire 8 million - acre basin could have 5 o , 000 to 100 , 0 oo producing wells before they are finished . this is the largest onshore natura | gas piay in north america within the | ast ten years .
about wysak petroieum
wysak is a diversified energy company whose goal is to identify and develop
traditiona | fossil fuel sites , as weil as clean air alternative energy producing
technologies . wysak controls one wyoming federa | oil they include exxonmobile ( xom ) , wi | | iams gas ( wmb ) ,
and western gas ( wgr ) among others . coliectiveiy , over 26 , ooo we | | s produced
54 . 7 miilion barrels of oi | and 1 . 75 tri | | ion cubic feet of natural gas in
wyoming
conclusion :
the exampies above show the awesome , earning potentia | of little known companies that expiode onto investor ' s radar screens ; many of you are already familiar with this . is wysk poised and positioned to do that for you ? then you may fee | the time has come to act . . . and piease watch this one trade friday ! go wysk .
penny stocks are considered highiy specuiative and may be unsuitabie for all but very aggressive investors . this profile is not in any way affiliated with the featured company . we were compensated 30 oo doilars to distribute this report . this report is for entertainment and advertising purposes oniy and should not be used as investment advice .
if you wish to stop future maiiings , or if you fee | you have been
wrongfully piaced in our membership , please go here or send a biank
e mail with no thanks in the subject to
noneedl 005 @ yahoo . com",spam,2005-05-06
8101,re : tiger team event,"michele ,
i have defined the project for the students . it ' s one project that is
divided into three sections .
feel free to stop by to talk about it .
vince
from : michele nezi marvin @ enron communications on 01 / 03 / 2001 05 : 33 pm
to : vince j kaminski / hou / ect @ ect
cc :
subject : re : tiger team event
i understand that you have been involved with the wharton tiger teams . i am
the commerical team lead for wharton recruiting . do you know the 3 projects
that the students are working on and who within enron is working with them on
the projects ?
thanks for helping to facilitate this opportunity for wharton students .
michele nezi marvin
manager
enron broadband services
( 713 ) 853 - 6848
- - - - - forwarded by michele nezi marvin / enron communications on 01 / 03 / 01 05 : 34
pm - - - - -
kristin gandy @ enron
01 / 02 / 01 11 : 30 am
to : michele nezi marvin / enron communications @ enron communications
cc :
subject : re : tiger team event
i will try to get that information from christie .
from : michele nezi marvin @ enron communications on 01 / 01 / 2001 06 : 38 pm
to : kristin gandy / na / enron @ enron
cc :
subject : re : tiger team event
i can attend . do you know any of the details of the tiger team project and
who they are working with ? also , names of the students would be helpful . so
we can see if any are applying for summer positions .
michele nezi marvin
manager
enron broadband services
( 713 ) 853 - 6848
kristin gandy @ enron
12 / 28 / 00 10 : 28 am
to : jeffrey a shankman / hou / ect @ ect , william keeney / hou / ect @ ect , catherine
clark / hou / ect @ ect , rajesh chettiar / enron _ development @ enron _ development , tom
dutta / hou / ect @ ect , jayshree desai / hou / ect @ ect , colin jackson / enron
communications @ enron communications , laura howenstine / enron
communications @ enron communications , michele nezi marvin / enron
communications @ enron communications , jennifer fraser / hou / ect @ ect , natalie
halich / enron communications @ enron communications , ranabir
dutt / corp / enron @ enron , teresa dyar / na / enron @ enron , jeff golden / hou / ees @ ees ,
charles ward / corp / enron @ enron , sarah wesner / corp / enron @ enron , li
sun / na / enron @ enron , gillian johnson / na / enron @ enron , lisa
connolly / na / enron @ enron , michael j popkin / na / enron @ enron , kevin
mcgowan / corp / enron @ enron , evan betzer / enron communications @ enron
communications , jebong lee / enron communications @ enron communications , chu chu
wang / corp / enron @ enron , brad hitch / eu / enron @ enron , betsy bassis / enron
communications @ enron communications , matthew goering / hou / ect @ ect , claude
tellis / enron @ enronxgate
cc : christie patrick / hou / ect @ ect
subject : tiger team event
hello team ,
i hope that everyone had a wonderful and restful holiday season .
down to business : the university affairs group is putting together a tiger
team of students to do a project for enron . those students will be in town
on january 18 th and will be having dinner at churrasco ' s that night . i think
it would be a great opportunity for some of the wharton alum to come out and
meet the participants , talk about enron and eat some good food . : - ) if you
are interested in participating please rsvp to me via email or at extension
53214 no later than 1 / 5 / 01 .
thank you and hope to see you soon ,
kristin gandy",ham,2001-01-04
1915,meter 6387 & 5192,"daren - there is flow at meters 6387 & 5192 for oct . without a nom .
deal contract last month of activity counterparty
meter 6387 133179 hpl 215 sept . 00 duke energy trading
meter 5192 269123 ena 201 nov . 99 duke energy trading
thanks .
al",ham,2000-10-26
614,deletion of your enrononline user id,"password deletion
it has been noted that many users have passwords which match or are similar
to their user id ' s for internal enrononline applications ( stack manager ,
product manager , eol reports ) .
this is a significant security concern . therefore , there will be a sweep of
id ' s and passwords at the end of the day on thursday , april 5 . any user id ' s
which have passwords similar to the user id will be subject to deletion .
changing your password
passwords can be changed in either the stack manager or in eol reports .
to change your password in the stack manager , once logged on , go to toolbar &
select "" help "" and then select "" change password "" .
the system will request you to enter your new password twice .
to change your passsword in eol reports , open the reports application , log
in , select "" options "" and "" change password "" . the system will request you to
enter your new password twice . please note that the password change
functionality within the reports application is new . if it does not appear on
your menu and you are running on a standalone machine , you will need to
logout at the windows level and then login again to receive the updated
version .
if you have any questions , please call the enrononline help desk ( houston :
713 853 4357 , london : + 44 20 7783 7783 )
thank you for your assistance in preserving appropriate security .
dave",ham,2000-04-05
13650,fw : proposed 2002 canada service agreeemnt,"hi louise ,
i am hearing that you and rob discussed the canada svc agreement and settled on a number in the ballpark of $ 7 m , which is comparable to last year . there is one change from last year that we may want to consider - the treatment of the regulatory affairs activity charged from corporate . last year rob was not burdened with this cost . this year we discussed pushing these costs to the appropriate commercial teams . please review the two attachments below and advise . currently our proposed service agreement amount totals $ 10 m .
- - - - - original message - - - - -
from : leschber , edie
sent : wednesday , october 31 , 2001 12 : 48 pm
to : killen , faith
subject : re : proposed 2002 canada service agreeemnt
the public affairs amount included in the agreement currently is $ 2 , 156 , 000 . see attached schedule for calculation . in the prior year , we did not include an amount for public affairs in the agreement .
[ killen , faith ]
- - - - - original message - - - - -
from : killen , faith
sent : wednesday , october 31 , 2001 11 : 57 am
to : leschber , edie
subject : re : proposed 2002 canada service agreeemnt
what is the $ amount of the increase for public affairs ?
- - - - - original message - - - - -
from : leschber , edie
sent : tuesday , october 30 , 2001 4 : 48 pm
to : killen , faith
subject : fw : proposed 2002 canada service agreeemnt
faith ,
i spoke with laura just after sending this and she is looking at it today . however , she indicated also that rob milnthorp had discussed a $ 7 mm number with louise . as you can see , the number we are proposing is significantly higher . i ' m sure i will be working with her on this tomorrow . just wanted to provide you with an update . please let me know any information you may hear from louise if rob circles back around with her .
thanks ,
edie
- - - - - original message - - - - -
from : leschber , edie
sent : tuesday , october 30 , 2001 4 : 16 pm
to : scott , laura ; clark , morris
cc : orellana , richard ; killen , faith ; guilliams , lisa
subject : proposed 2002 canada service agreeemnt
laura ,
please find attached the proposed 2002 canada service agreement calculations and supporting documentation . please do not hesitate to contact me at x 30669 should you have any questions regarding this information .
thank you ,
edie leschber
manager , ena financial operations
>",ham,2001-10-31
32959,der neue kontaktanzeigen - markt roter - sueden,"sehr geehrte damen und herren , wir d?rfen ihnen hiermit unseren neuen roter - sueden vorstellen , seit 3 tagen am start . einzugsgebiet : deutschland , ?sterreich , schweiz und s?dtirolhttp : / / www . roter - sueden . de v?llig real und fair - keine abzocke - keine dialer besuchen sie uns und ?berzeugen sie sich selbst davon . mit vielen features und auswahlkriterien . viel spa? - ihr teamroter s?den
",spam,2005-05-24
1166,brandywine meter # : 1428,"the swing ticket for beaumont methanol "" meter # 1428 "" { # 249208 } expired june
30 th .
bob dorcheus indicated that hpl should take the swing during july .
should i expect another swing ticket to be negotiated for july ?
presently , the swing activity is hitting the "" baseload "" ticket { # 314854 }
which is 15 . 0 / day .",ham,2000-07-11
28677,fw : blank traveler ' s profile form,"the travel profile . if you want to complete it , i can fax it in for you .
did you receive your flight itinerary ?
- - - - - - - - - - - - - - - - - - - - - - forwarded by julie armstrong / corp / enron on 07 / 05 / 2001 02 : 04 pm - - - - - - - - - - - - - - - - - - - - - - - - - - -
kellie roenker on 07 / 05 / 2001 11 : 21 : 21 am
to : "" ' julie . armstrong @ enron . com ' ""
cc :
subject : fw : blank traveler ' s profile form
> - - - - - - - - - -
> from : martin kovacs
> sent : thursday , january 25 , 2001 2 : 25 pm
> to : kellie roenker
> subject : blank traveler ' s profile form
>
> >
>
>
- faxl . tif",ham,2001-07-05
16762,fw : wolf - reply - reply - reply,"bill / amy :
attached is darrin presto ' s resume . i have met darrin in the past and based upon my first impression he would be a good candidate for real time . please set up an interview .
thanks
- - - - - original message - - - - -
from : presto , kevin m .
sent : friday , june 29 , 2001 5 : 46 am
to : wolfe , greg
subject : fw : wolf - reply - reply - reply
cover letter and resume from my brother are attached .
- - - - - original message - - - - -
from : darrin presto @ enron [ mailto : imceanotes - darrin + 20 presto + 20 + 3 cdarrin + 5 fpresto + 40 rsd + 2 eedu + 3 e + 40 enron @ enron . com ]
sent : thursday , june 28 , 2001 6 : 37 pm
to : presto , kevin m .
subject : re : wolf - reply - reply - reply
kev ,
here is everything . keep me posted .
- enronc ~ 1 . doc
- enronr ~ 1 . doc
- enronr ~ 2 . doc",ham,2001-06-29
14810,paul choi,"choi is out - we probably want to use some of his $ to increase foster ' s contract
- - - - - original message - - - - -
from : lavorato , john
sent : monday , january 21 , 2002 12 : 32 pm
to : lavorato , john ; kitchen , louise ; milnthorp , rob ; calger , christopher f . ; whalley , greg ; shively , hunter s . ; presto , kevin m . ; belden , tim
subject : re :
i meant 200 k and 200 k for sandra . grigsby is confusing me .
- - - - - original message - - - - -
from : lavorato , john
sent : monday , january 21 , 2002 2 : 20 pm
to : kitchen , louise ; milnthorp , rob ; calger , christopher f . ; whalley , greg ; shively , hunter s . ; presto , kevin m . ; belden , tim
subject :
brawner done at 100 k and 100 k
davies done at 325 k and 325 k
whitt is fine at 150 k and 150 k @ if lucci is at 50 k and 50 k @ if we offer employment to theresa staab who is a scheduler .
also all of us may be going to ny on thursday morning .",ham,2002-01-21
30055,fwd : [ enjoined ] 65 % off vicodin . semite mew,"unjustified disapproved waved endemic profited
sears seltzer greatness swedish
nibbling organist lockwood southland musicals
invests ness several procedurally schwartz
attacking ciceronianize loneliest probates dana
bronchial colts were
jesuitism dulls conclusions
warps acyclically fuller specializing occasionings
formosan cautioners corridors bagging
- -
phone : 693 - 211 - 7214
mobile : 522 - 841 - 5378
email : choking @ ultrapostman . com
",spam,2004-10-19
7038,re : access to o ; . . .,"please , grant access as requested .
vince kaminski
- - - - - - - - - - - - - - - - - - - - - - forwarded by vince j kaminski / hou / ect on 09 / 19 / 2000
03 : 41 pm - - - - - - - - - - - - - - - - - - - - - - - - - - -
daniel muschar @
enron
09 / 19 / 2000 03 : 27 pm
to : juan padron / na / enron @ enron
cc : vince j kaminski / hou / ect @ ect
subject : re : access to o ; . . .
vince has this under control . he will forward it to the security group .
daniel a . muschar
juan padron
09 / 19 / 2000 02 : 22 pm
to : vince j kaminski / hou / ect @ ect
cc : daniel muschar / aa / corp / enron @ enron
subject : access to o ; . . .
vince , this e - mail is to request access to the o : / research / power
meteorlogy / weather temps / txtemps . xls file . . . i was told by tech - support to
e - mail you with this request and everything would get squared away .
daniel , could you please advise on what to do next . thank you . . .
juan
- - - - - - - - - - - - - - - - - - - - - - forwarded by juan padron / na / enron on 09 / 19 / 2000 02 : 17
pm - - - - - - - - - - - - - - - - - - - - - - - - - - -
daniel
muschar
09 / 19 / 2000 09 : 14 am
to : juan padron / na / enron @ enron
cc :
subject : access to o ; . . .
i called security again and here is what is happening :
this request is waiting on the approver . stinson gibner :
here is the info on the user we are waiting on .
stinson ? ? gibner
contact info company info
phone : ( 713 ) 853 - 4748 employee type : enron employee
email : sgibner @ enron . com job title : vp research
location : eb 1963 supervisor : kaminski , wincenty j
fax : ( 713 ) 646 - 2503 contract company : ect resources corp
cellular : company number : 0413
pager : cost center : 0000107043 click here for others in cost center
cost center name : na - research group ena
city : houston
bner or vince kaminski are the approvers for this directory",ham,2000-09-19
11634,fw : draft press release : enron to provide data to ngx,"are you guys okay with this .
lavo
- - - - - original message - - - - -
from : thode , eric
sent : friday , april 27 , 2001 3 : 52 pm
to : frevert , mark ; whalley , greg ; lavorato , john ; kitchen , louise ; palmer , mark ; denne , karen ; leboe , david
subject : draft press release : enron to provide data to ngx
as part of the settlement of enron canada ' s lawsuit against ngx , they ( ngx ) are required to issue a press release . the draft of the release is attached . it is expected to be released at the end of the day on monday , april 30 or tuesday , may 1 .
please send any comments to me at your earliest convenience . if you have any questions , call me at ext . 3 - 9053 . thanks .
eric",ham,2001-04-30
7605,hiring at a vp level,"jeff ,
i want to bring aram sogomonian back to enron at a vp level .
according to new human resources procedures this decision requires
a support of three senior executives .
i want to ask you to express your opinion on aram ( based on a phone interview
or just on your past interactions with him ) . you can send a reply to norma
villarreal at h / r .
thanks .
vince",ham,2000-11-10
30728,new pharm site new great prices sheri,"refill notification ref : vij - 2257433746
dear webmastgr @ ezmlm . org ,
our automated system has identified that you most likely are ready to refill your recent online pharmaceutical order .
to help you get your needed supply , we have sent this reminder notice .
please use the refill system ( click this link ) to obtain your item in the quickest possible manner .
thank you for your time and we look forward to assisting you .
sincerely ,
elijah crowell
lacewing speck aden warden clue flo hodges citizenry beam confucian
bolivia mullein statesmen expelling reinhold celerity partook latitudinary wing
brushlike societe adjudicate desk orangeroot grebe inattentive lotte worktable cindy barfly
toxic viet geld lyons ferocious schoolroom convolve tulip
devious bog charitable masculine canoe transferral dusenbury carlisle
deign sepal sprague diabetes catlike constant amen rogers
",spam,2004-12-10
4503,"bu "" y cialis soft ' tabs online for less","new clalls softtabs = lnstant rockhard erectlons
simply disolve half a plll under your tongue 10 min before action ,
for results that last all weekend .
normal retail is $ 19 / plll order from us today at the price of $ 3 . 63
not interested ( 0 pt - 0 ut )
",spam,2004-11-25
23454,re : violation memo for 25 th october 2000,"andy ,
thanks for the update and your help in articulating this issue to the
commercial team
ted",ham,2000-10-27
18365,extra muscle . . . the easy way !,"extra muscle . . . the easy way !
our product is proven to help you :
- rejunvenate your body and mind
- add lean muscle
- drop unwanted fat
- feel and look younger
- reduce wrinkles
- decrease cellutlite
- restore s / ex drive
- boost your immune system
- improve memory , mood and mental energy
- sleep soundly , awake rested
- eliminate stress , fatigue and depression
http : / / www . rekkeaz . info / p 2 / ? id = matt
ogdzxvxwemy v
ykehrwn
rumqnj ev zvc
sg tixqft
phj xvudw j
swqy falmossnfnua
",spam,2004-02-15
17184,re : el paso,"- - - - - original message - - - - -
from : yoder , christian
sent : wednesday , august 29 , 2001 9 : 38 am
to : choi , paul ; foster , chris h . ; semperger , cara ; gang , lisa ; symes , kate ; williams iii , bill ; rawson , lester ; rosman , stewart
cc : hall , steve c . ( legal )
subject : el paso
here is a confirm that is designed to go under our eei agreement with el paso . if signed , it would entirely replace our old services consulting agreement with el paso .
please read the document from a business perspective . do not worry too much about the legal boilerplate , of which there is plenty . at the end of the day , the document should contain what you guys think you are doing with el paso from a common sense perspective . pushing all the ( very important ) legal boilerplate aside : do you see our deal in these words ? ? please let me know your comments . thanks very much - - - - cgy",ham,2001-08-29
6103,telephone interview with enron corp . research group,"good morning todd :
david hunker has suggested that you might be a good fit with the research
group of enron corp . with this in mind , we would like to conduct and
informal
telephone interview with you at your convenience .
if you could give me some times and dates during the week of may 22 nd ,
i will coordinate the interview . please let me know the telephone number
that you may be reached at , also .
the interviewers would be :
vince kaminski managing director and head of research
stinson gibner vice president , research
zimin lu director , research
thanks .
shirley crenshaw
adminstrative coordinator
research group
713 / 853 - 5290",ham,2000-05-15
1834,cleburne / tenaska iv outage,"- - - - - - - - - - - - - - - - - - - - - - forwarded by mark mccoy / corp / enron on 10 / 17 / 2000 11 : 11
am - - - - - - - - - - - - - - - - - - - - - - - - - - -
mike mazowita
10 / 17 / 2000 11 : 07 am
to : mark mccoy / corp / enron @ enron
cc : ken . riesz @ naes . com
subject : cleburne / tenaska iv outage
mark ,
i understand that you need a note for your files regarding the tenaska plant .
on saturday , october 14 , 2000 at 5 : 14 am , the plant had a catastrophic
failure of the gas turbine . the entire plant is essentially shutdown until
these repairs can be made . this outage will last a minimum of 10 days . ken
riesz will keep you informed of our progress .
i hope this is what you need . let me know .
michael mazowita",ham,2000-10-17
3817,hi paliourg software cds 15 and 99 get al software in 1 cd,"hi paliourg !
monsters dlscounts
up to 90 % only 5 days
if you don ' t have enough money to buy needed software or think desired programs
isn ' t worth the price , then this service is right for you . we make all software to
be near you . all programs you can download or order on cd - rom by airmail . order any program you need for a low price .
view our full catalog now .
most popular products from our price list .
30 usd adobe photoshop cs 8 . 0
55 usd 3 d studio max 6 . 0
20 usd adobe premiere pro 7 . 0
20 usd microsoft money 2004 deluxe
55 usd microsoft office 2003 system pro
35 usd microsoft project 2002 pro
20 usd ms publisher xp 2002
35 usd ms windows xp pro
20 usd norton antivirus 2004 pro vl 0
20 usd ulead dvd workshop 1 . 2
99 usd microsoft visual studio . net
25 usd corel draw 11 graphic suite
25 usd macromedia flash mx 2004 v 7 . 0 pro
. . total today is 1500 products !
today popular programs : adobe photoshop cs 8 . 0 ,
autodesk building systems 2004 ( 2 cds ) ,
borland c + + builder 6 enterprise ,
corel draw 11 graphic suite spl ( 5 cds ) ,
catia 5 rl 2 p 3 with sp 2 ( 3 cds ) ,
finale 2004 ( 1 cd ) . . . and a lot of more . . .
view our full catalog now .
quasicontinuous
chandelier
marseilles
trace
bromide
",spam,2004-02-23
19578,regards ~ you are owed $ 13682,"hello ,
thank you for your m [ ort - gage ] application , which we received yesterday .
we are glad to confirm that you can qualify for a 3 . 5 % ra [ t ] e .
please fill out the final details within 24 hours to complete the process :
http : / / thesesites . net / prime / dworld /
sincerely ,
ezra fulton
account manager
fulton holdings company
dow beer darius femur bemadden allow damn wing blend continued route nuclei prodigy but breed circumferential bet peridotite sen cosec stokes jacobian crab hispanic precipice written fishmonger domineer amman bagley backhand quiver gantry bursitis isotopic mauve dual wheat luge cloture botch apprise upland piano electrocardiograph calculate depute tigress ambling eloquent remonstrate ginmill urgent lopsided bah jangle andy cheek collage gypsite yuck hasten polynomial backplate teammate debar schubert leighton byronic amaze rubidium vivacity dnieper operetta hollyhock chinamen concede linkage nautilus barrage feminism emerald pedagogue yakima colloquium turin wayne fervent viennese streak unesco methodist carey aspidistra
",spam,2004-08-16
26411,learn to play texas hold ' em and other poker classics on the most popular free site .,"- earn $ 100 bonus from partypoker . visit here .
qdwlougj",spam,2005-07-03
23947,re : cost / revenue information,"the below email is in regards to the cost charts sheri asked that i provide
to greg piper . the comment , "" the goal for us is to put the information into
a form that i can share with potential external counterparties on tuesday "" is
why i am forwarding the email to you . i will dig deeper to understand the
purpose . also , sally the gas chart is for both financial and physical and
the increase in cost for february is due to social security and unemployment
taxes . these cost were incorrectly recorded to our cost centers and will be
reversed during march .
- - - - - - - - - - - - - - - - - - - - - - forwarded by james scribner / corp / enron on 04 / 02 / 2001
10 : 05 am - - - - - - - - - - - - - - - - - - - - - - - - - - -
from : rex shelby / enron @ enronxgate on 03 / 31 / 2001 03 : 38 pm
to : sheri thomas / hou / ect @ ect , david berberian / enron @ enronxgate
cc : james scribner / corp / enron @ enron , rex shelby / enron @ enronxgate
subject : re : cost / revenue information
hi sheri - -
i hope your mom ' s surgery went fine .
thanks for pulling the info together . i have meetings on monday until 3 pm ,
but i believe that david can get together with you on monday morning .
perhaps david can pull in someone else from our team also . the goal for us
is to put the information into a form that i can share with potential
external counterparties on tuesday . thanks again for your help .
- - rex
- - - - - original message - - - - -
from : thomas , sheri
sent : friday , march 30 , 2001 1 : 47 pm
to : berberian , david ; shelby , rex
cc : scribner , james
subject : cost / revenue information
dave / rex - we have put together some information for you all . unfortunately ,
i need to leave for the day ( my mom is in surgery this afternoon ) . can we
get together first thing monday ? please leave me a voice mail as i will be
checking in today and will have my assistant set something up .
thanks
sheri",ham,2001-04-02
5043,"3 . 25 rate confirmation # 367886924 jb wed , 29 jun 2005 09 : 35 : 02 - 0800","hello ,
we sent you an email a while ago , because you now qualify
for a much lower rate based on the biggest rate drop in years .
you can now get $ 327 , 000 for as little as $ 617 a month !
bad credit ? doesn ' t matter , ^ low rates are fixed no matter what !
follow this link to process your application and a 24 hour approval :
http : / / www . qrefi . net / ? id = al 7
best regards ,
shaun conrad
http : / / www . qrefi . net / book . php
",spam,2005-06-29
13401,updated forward curve comparison slide,"please find the attached slide on "" forward curve comparison "" .
let me know if you have any question .
thanks
dipak agarwalla
713 - 345 - 7201",ham,2001-10-22
26584,los esperamos este viernes,"el museo de los pintores oaxaque?os inaugura este 8 de julio a las 19 : 30 horas :
transfiguraci?n del silencio ,
colectiva que re?ne a 14 artistas
del 8 de julio al 8 de septiembre
alejandro santiago
ixrael montes
alejandra villegas
crisp?n vayadares
marco bustamante
fernando andriacci
justina fuentes
eddie matinez
aar?n garc?a
felipe de jesus morales
saul castro
soledad velasco
abelardo l?pez
virgilio santaella
",spam,2005-07-05
5527,re : speakers for a ceo meeting with nebraska governor johanns,"margaret ,
i have an economist in my group and asked her if she feels qualified to make a
presentation on this topic . i shall keep you posted . i think it would help
enron to oblige .
vince
margaret carson @ enron
02 / 16 / 2000 02 : 24 pm
to : vince j kaminski / hou / ect @ ect
cc :
subject : speakers for a ceo meeting with nebraska governor johanns
vince , i could work up a talk on everything they are looking for
except the area of energy impacts on agri - customers . . . does ena have
some specialist that look at this slice of the energy marke that could
help me respondt ? thanks margaret
- - - - - - - - - - - - - - - - - - - - - - forwarded by margaret carson / corp / enron on 02 / 16 / 2000
02 : 21 pm - - - - - - - - - - - - - - - - - - - - - - - - - - -
beth jensen
02 / 16 / 2000 01 : 19 pm
to : margaret carson / corp / enron @ enron
cc : rob wilson / et & s / enron @ enron , larry deroin / npng / enron @ enron , bill
cordes / et & s / enron @ enron , mike mcgowan / et & s / enron @ enron , beth
jensen / npng / enron @ enron
subject : speakers for a ceo meeting with governor johanns
hello margaret . we are looking for a speaker for a meeting that is being
arranged with nebraska governor johanns during the first week in april .
the potential topic is a national perspective on pricing pressures / trends on
natural gas , electricity and oil and their impact on agricultural production
costs , as well as types of risk managment tools that are being used to offset
the price fluctuations .
do you know of anyone , either within the corporation or outside , who would be
available to travel to omaha to make this presentation ?
i would appreciate any assistance that you could provide , margaret .
thanks ,
beth jensen",ham,2000-02-17
3176,eastrans nomination change effective 5 / 3 / 01,"please increase deliveries into eastrans to 10 , 000 mmbtu / dy effective
5 / 3 / 01 .
the redeliveries will be 10 , 000 mmbtu / dy into the cartwheel .",ham,2001-05-02
21350,bounce skel @ iit . demokritos . gr : non - member submission from [ millie bliss ],"from paliourg @ iit . demokritos . gr tue feb 22 02 : 42 : 51 2005
received : from microsoft ( [ 81 . 13 . 161 . 7 ] )
by iit . demokritos . gr ( 8 . 11 . 6 + sun / 8 . 11 . 6 ) with smtp id jlmogtm 21930
for skel @ iit . demokritos . gr ; tue , 22 feb 2005 02 : 42 : 34 + 0200 ( eet )
message - id : 200502220042 . jlmogtm 21930 @ iit . demokritos . gr
fcc : mailbox : / / tzjngyrtx @ yahoo . com / sent
x - identity - key : idl
date : mon , 21 feb 2005 17 : 54 : 07 - 0700
from : millie bliss tzjngyrtx @ yahoo . com
x - accept - language : en - us , en
mime - version : 1 . 0
to : skel @ iit . demokritos . gr
subject : re [ 9 ]
content - type : multipart / related ;
this is a multi - part message in mime format .
- - - - - - - - - - - - - -
content - type : text / html ; charset = us - ascii
content - transfer - encoding : 7 bit
htmlheadmeta http - equiv = content - type content = text / html ; charset = iso - 8859 - 1 / headbody bgcolor = # fffffd text = # 632211 pa href = http : / / zpyirig . kmafjggcfg . info / ? tyvm _ . trl 14 rkhtbthsimg src = cid : partl . 06090404 . 05000508 @ fzlxirlyoarw @ hotmail . com border = 0 alt = / a / ppfont color = # ffffflin 1843 new york times in 1902 i must go / font / ppfont color = # fffff 8 study : most still not @ / font / p / body / html
- - - - - - - - - - - - - -
content - type : image / gif ;
name = aggrieve . gif
content - transfer - encoding : base 64
content - id : partl . 06090404 . 05000508 @ fzlxirlyoarw @ hotmail . com
content - disposition : inline ;
filename = aggrieve . gif
m 8 pvueivqsli 6 buzqnje 6 nug 7 vrqysxrar 4 uvkoga 2 tqizdyqjzlsiw 96 v 3 nglmvntsxcg 3 szeyrwgvo lmvllo 1 iy 2 vvjbtvm 379 4 dn / 2 mb 4 9 vl
m 2 gxiqlkcnl 8 xqb 5 mfwslqd 8 yfhcywomhwn 5 wcxmwdwlwif 4 v 8 q 5 spm 6 wq 5 zor 6 zlilswsemoxzs 0 jmd oy 8 to 46 uivghojsnly 7 mo 54 ilzpcvjtmsuimvoljw 4 / / ncmj 3 jpgkzoent 9 gjlbjco 0 tq 8 xl 3 inaf 4 xc
- - - - - - - - - - - - - - - -
",spam,2005-02-22
15773,viagra for free,"always wanted to try the drug the world has been talking about ?
well now is your chance to try it for free ! ! !
get free viagra here : http : / / www . rxonlinesale . com / free / ? bonsay",spam,2005-01-24
21946,unlimited frreee ppv channels ld 8 tck,"introducing "" 2005 digital cable filters ""
equipped with latest pass - through technology video bypass chip .
guarantee to work with all digital cable receivers . .
or your moneeys back !
- enjoy free pay - per - view channels
- adult channels
- on demand channels
and lots more !
http : / / www . 1 clickagency . info
re movress below :
http : / / www . 1 clickagency . info / r
po",spam,2005-05-15
31603,next day delivery prescripiton medications,"counterpoint droll classic solitary capacious
are you looking for medicine ? obtain it now !
we have all tablets you could possibly need !
you name it ! we have it !
stop receiving promotional material now
surjection desmond elena inexorable dobson
",spam,2005-02-02
1073,activity survey - june 2000,"attached please find the activity survey for the month of june , 2000 .
the attached survey drives your costs from your activities to the commercial
teams . please select your rcs , and fill in the driver quantity for the
requested driver for the month of june . please fill out the attached activity
driver survey with june numbers for your rc and return to shari mao by end of
day friday , july 7 ,
if your group currently generates a standard report that captures the
surveyed data , please send the report to jennifer reside and shari mao . this
will eliminate your need to fill out this survey every month . if you would
like us to collect this information from someone within your team beginning
next month , please let jennifer know .
please contact jennifer reside x 3 - 5971 or myself with questions or if you are
unable to complete the survey within the allotted time .
thanks ,
shari
3 - 3859",ham,2000-06-27
1596,enrononline internal launch for phase 2,"on wednesday , sept . 13 , we will be using the new version of enrononline
( website and stack manager ) for all north american internal users .
please log into the temporary website : http : / / prod . enrononline . com ( no www . )
this is a live website and all trades are real .
content of this email
1 . introduction
2 . version 2 . 0 launch date
3 . new website features
4 . new stack manager features
5 . your participation
6 . contacts
1 . introduction
we are planning to launch version 2 . 0 of enrononline to customers within the
next few days . in preparation for this launch , the new web site will be
released to internal users in north america on wednesday , september 13 th .
european internal users will be launched shortly after north america .
external customers will follow a few days later .
one of the purposes of the internal launch is to simulate the system load
which will be caused by the full customer launch . accordingly , we appreciate
your cooperation in helping us to simulate this load by logging into
http : / / prod . enrononline . com ( no www . ) this is a live web site and all trades
are real .
new features ( as per recent presentations and training sessions ) include :
? price limit orders
? enhanced customization
? floating windows
? market news and quotes
? weather maps and tables
? industry - specific publications
? market - specific homepages
2 . version 2 . 0 launch date
enrononline version 2 . 0 will be launched to the public a few days after our
internal launch . we will be using the new version internally from wednesday ,
sept . 13 . this will provide an opportunity for you to become familiar with
using the new application in the production environment before our customers
start to use it .
3 . new website feature details
price limit orders : customers have the ability to set up orders that
automatically execute as soon as the price and volume requested become
available . the limit orders remain open in the system until they are
executed , cancelled by the user , or when they expire . all pending orders will
expire no later than 12 hours after being placed .
pending price limit orders will appear in a new window below the quotes
screen in the website .
product tabs : enrononline users can use enhanced filtering capabilities to
create separate page tabs for the products that interest them . users can
instantly access each page tab with a click of their mouse . sort ordering can
be changed by clicking on a column heading , with multiple sorts possible by
holding down the shift key while clicking .
floating windows : users have the ability to create multiple windows with
different products by right - clicking on the products in the main quotes
screen .
market news : website users can now access the latest headlines , sports and
industry news from reuters . furthermore , the information categories can be
customized according to personal interests . to customize a particular
category , users need to click the edit button in the category heading .
all information categories can be collapsed to save space . to expand or
collapse a category , users need to click the arrow to the left of the
category heading .
stock quotes : enrononline now offers stock quotes ( 20 min . delay ) from major
exchanges around the world .
weather insights : customers can now access weather maps and temperature data
for specific cities and regions . weather forecasts , up to six days ahead ,
and temperature differentials from periodic averages are now available .
industry publications : website users can read a wide range of
industry - specific publications including argus european natural gas , argus
european electricity , the news from ngi  , s daily gas price index , bandwidth
desk , coal daily and more .
4 . new stack manager features
the stack manager has been updated to facilitate price limit orders . you will
notice that there is a new button at the top of the stack manager , which will
open a window showing a summary of the best price limit order bids and offers
against your managed products . you can click the "" + "" sign to the left of a
summary to show a list of all the price limit orders which have been placed
against that product .
under normal circumstances , the price shown on the website will be the same
as the price on your stack manager . however , the system will not allow you to
show a price which is better than an existing price limit order . instead , the
system will show a price on the website equivalent to the prevailing price
limit order while it is being filled . once the appropriate price limit orders
are filled , then the website will again show your stack manager prices .
it is important that you complete the  & maximum volume  8 field in the product
properties window and that you select "" allow price limit orders "" . also , make
sure that the price tick window in the stack manager  , s  & product properties  8
field is appropriate for the product . if you do not do this , your customers
will not be able to use price limit orders for your products .
5 . your participation
please log in to http : / / prod . enrononline . com ( no www . ) on wednesday . to
ensure enrononline version 2 . 0 is a success , it is important that you have a
full understanding of the new features and help promote the system to your
customers .
6 . contacts
if you have any further questions that are not answered above please feel
free to contact us at :
the americas :
+ 1 ( 713 ) 853 - 4357 ( help )
asia and australia
+ 61 2 9229 2300
all other regions
+ 44 ( 0 ) 20 7783 7783",ham,2000-09-12
27819,pac reminder,"last month you received an email about enrolling in the enron pac . the
response has been positive .
thank you to those of you that have already enrolled or made a change to your
current contribution !
if you have not had an opportunity to visit the enrollment site , please
consider taking a moment to do so . the link to the website is at the end of
this message .
some of you may have experienced problems launching the site or enrolling .
we apologize for any trouble that you may have had . the enrollment works
best in either internet explorer or netscape . the most frequent problems
were a result of the lotus notes web browser that many employees have
installed as a default browser . if this is your case , please copy and paste
the link at the end of this message into either internet explorer or netscape .
as a reminder - following is the original message regarding the pac
enrollment :
last year the enron political action committee ( pac ) launched a campaign to
become a "" million dollar pac "" . enron employees , who provide all of the
funding for the pac , responded and the enron pac reached its objective ,
becoming one of the largest corporate pacs . this year we face a new
challenge . with the sale of eog , the announced sale of pge and normal
employee turnover , we have lost a significant number of consistent
contributors . we are seeking your support . if you are not a member , please
join . if you are a member , we hope you will consider increasing your
contribution .
the enron pac is an essential tool in our effort to promote sound public
policy . our pac funds support local , state and federal candidates , of both
parties , who support open markets , deregulation and customer choice . amounts
contributed may be used to make political contributions in connection with
federal and state elections and are subject to the limits of the federal
election campaign act . while our pac has grown thanks to our employee
contributions , it still generates just a fraction of the expenditures of
those who oppose these ideals .
this year , as always , we face challenges and opportunities for every one of
our businesses , including such issues as taxation and regulation of
e - commerce , electric industry restructuring , regulation of derivatives ,
international trade and investment legislation , pipeline safety , local and
state decisions affecting the siting and interconnection of power plants and
a variety of environmental and tax issues . enron has a long and successful
track record of supporting and advancing good public policy . that track
record depends on access to and regular communication with , decision makers .
the pac provides that access - - it shows policy makers that real voters care
about what they are doing .
one of the best things about enron is that we don  , t just take things as they
are . we challenge the status quo . we ask why . we change things . the pac
helps us do that . we need you to help the pac . sign up today  ) and please
consider the following contribution guidelines :
manager $ 500 / year
director $ 750 / year
sr . director / general manager $ 1 , 000 / year
vice president $ 2 , 500 / year
sr . vp / managing director $ 3 , 500 / year
executive committee $ 5 , 000 / year
all contributions are voluntary and these guidelines are merely suggestions .
you are free to contribute more or less than the guidelines suggested and
enron will not favor or disadvantage anyone by reason of the amount of their
contribution or their decision not to contribute . you may refuse to
contribute without fear of reprisal .
only u . s . citizens and resident - aliens living in the u . s . can contribute to
the enron pac . amounts contributed may be used to make contributions in
connection with federal and state elections and are subject to the
limitations of the federal election campaign act . the maximum contribution
is $ 5 , 000 per year per individual . an individual may not contribute more
than $ 25 , 000 to all federal candidates and committees within a calendar
year . the law requires that enron report name , address , employer and
occupation for every person who contributes over $ 200 / year .
no portion of any contribution is deductible as a charitable contribution for
federal income tax purposes .
thanks for your support ! sign up now , or revise your current contribution
level by connecting with the pac intranet site :
http : / / pacmembers . enron . com",ham,2000-07-17
27174,hot stock info : drgv announces another press release,"a $ 3 , 800 investment could be worth $ 50 , 000 in a short period of time . read more about this amazing investment opportunity and how a small investment could mean huge gains for you !
there
is no doubt that china stocks , which are new to u . s . stock markets , are destined to blast off . it happens time and time and time
again . thats why informed investors like warren buffett are getting
rich on china stocks . the market is enormous and now its your
turn . the upside potential for drgv is huge . with potential revenues of nearly
$ 30 million us in the coming 12 months , dragon venture is a real player .
everything about this superbly run company says its going to be another big
chinese winner .
warren buffett
said u . s . stocks are too expensive so he poured a chunk of his money into china . everyone knows what happens when mr . buffett gets into a market , it usually explodes !
here is why we are placing a
target price of $ 1 . 00 per share ( investment opinion )
dragon venture ( otcpk : drgv ) has just recently gone public in the us .
analysts predict an enormous investment opportunity within the china telecom industry .
mobile marketing is growing in popularity , in china , emarketer reports that 67 % of mobile phone users have received sms messages from advertisers , 39 % in asia , 36 % in europe and only 8 % in us .
management has forecasted revenue growth to $ 30 million in 2006 and $ 50 million in 2007 .
short messaging services ( sms ) is a strong telecom niche . this is an asian phenomenon ! !
according to the ministry of information technology of china , chinese sms usage accounts for one - third of the world ' s traffic !
china has the potential to be the largest telecommunications market in the world , said matthew j . flanigan , u . s . telecommunications industry president .
drgv won ' t be selling at $ 0 . 055 a share for long . within days , the buzz about this company will spread on the street . the stock is ready to move up for a breakout to $ . 50 to $ 1 per share . drgv is a must buy for any micro - cap investors . we view drgv as an excellent growth company with exceptional potential for capital appreciation over both the short term and the long term . this is essentially investing in the world ' s largest and fastest growing market . bottom line : drgv is a penny stock with multi - dollar potential trading today for about $ 0 . 055 / share . we are targeting the stock to trade in the range of $ 1 a share . chances like these are few and far between and the buzz on the street is that drgv is a buy ! who knows when you ' ll have another chance to turn such a huge profit again ? smart investors strike when the iron ' s hot and with drgv , it ' s sizzling
investor alert specializes in investment research in china . we are not registered investment advisor or broker / dealer . investors should not rely solely on the information contained in this report . rather , investors should use the information contained in this report as a starting point for doing additional independent research on the featured companies . factual statements in this report are made as of the date stated and are subject to change without notice . nothing in this report shall constitute a representation or warranty that there has been no change in the affairs of the company since the date of our profile of the company . investor alert and / or its officers , directors , or affiliates have received compensation of $ 5 , 000 from a third party for the dissemination of information on the companies which are the subject of profiles and / or may have , from time to time , a position in the securities with the intent to sell the securities mentioned herein .
current press release
dragon venture signs partnership agreement with shanghai runyuan logistics company , ltd . to form a joint venture
monday july 18 , 7 : 46 am et ft . lauderdale , fla . , july 18 , 2005 ( primezone ) - - dragon venture ( other otc : drgv . pk - news ) , a holding company of high - tech companies in china , announced today that shanghai cnnest technology development company , limited ( ` ` cnnest ' ' , http : / / www . cnnest . com ) , a subsidiary of drgv , recently signed a partnership agreement with shanghai runyuan logistics company , limited ( ` ` runyuan ' ' ) to form a joint venture .
under the agreement , cnnest and runyuan will establish a joint venture with shanghai xintong technology company , limited . this joint venture is dedicated to developing mobile internet solutions for logistics for the trucking industry in china . as a leading company in the field of mobile internet solutions and applications in china , cnnest will be responsible for developing mobile internet applications for logistics involving the trucking and freight industries , and seek to have the applications available through both china mobile and china unicom . in return , cnnest will have 25 percent ownership of the new joint venture . runyuan will provide all the funding for this joint venture including cost associated with the development and refinement of the applications , and in turn will have 75 percent ownership of the joint venture .
hidy cheng , vice president of dragon venture and general manager of cnnest , commented , ` ` we are very excited about this joint venture , because we believe the potential of this solution in the marketplace could be tremendous . shanghai runyuan is a leading company in the logistics industry in china . they have successful business operations , and an excellent reputation in china . the partnerships will provide us a great opportunity to turn our research and development into a commercial application for the logistics industry . the applications will provide the logistics industry a very efficient system in which information for transportation can be accessed through a cellular phone , anywhere . our revenues will be generated from an annual fee of the use of the system for each account and usage fee of the system . we believe this partnership will generate substantial income for the company . ' '
about dragon venture
dragon venture ( ` ` dragon ' ' ) is doing business in china through its subsidiaries . dragon was established to serve as a conduit between chinese high - growth companies and western investors . the current focus of dragon is on the development of wireless 3 g - based applications and business solutions . two companies that dragon has acquired are among the leading providers of mobile internet applications and business solutions in china . as china emerges as a growing force on the global stage , dragon ' s professionals will provide invaluable services for western investors seeking to gain access to the chinese high - tech economy . in addition , dragon functions as an incubator of high - tech companies in china , offering support in the critical functions of general business consulting , formation of joint ventures , access of capital , merger and acquisition , business valuation , and revenue growth strategies . dragon will develop a portfolio of high - tech companies operating in china . our focus will be on innovative technological applications , which are poised to alter the competitive landscape of the industry . in addition , the company acquires and invests in innovative technology companies in china or forms joint ventures with both american and chinese companies , focusing on emerging technology industries including telecommunication , information technology , wireless applications , and other high - tech industries . for more information about dragon venture , please visit http : / / www . dragonventure . net .
safe harbor statement
certain statements set forth in this press release constitute ` ` forward - looking statements ' ' . forward - looking statements include , without limitation , any statement that may predict , forecast , indicate , or imply future results , performance or achievements , and may contain the words ` ` estimate ' ' , ` ` project ' ' , ` ` intend ' ' , ` ` forecast ' ' , ` ` anticipate ' ' , ` ` plan ' ' , ` ` planning ' ' , ` ` expect ' ' , ` ` believe ' ' , ` ` will likely ' ' , ` ` should ' ' , ` ` could ' ' , ` ` would ' ' , ` ` may ' ' or words or expressions of similar meaning . such statements are not guarantees of future performance and are subject to risks and uncertainties that could cause the company ' s actual results and financial position to differ materially from those included within the forward - looking statements . forward - looking statements involve risks and uncertainties , including those relating to the company ' s ability to grow its business . actual results may differ materially from the results predicted and reported results should not be considered as an indication of future performance . the potential risks and uncertainties include , among others , the company ' s limited operating history , the limited financial resources , domestic or global economic conditions - - especially those relating to china , activities of competitors and the presence of new or additional competition , and changes in federal or state laws , restrictions and regulations on doing business in a foreign country , in particular china , and conditions of equity markets .
dragon venture 335 guoding rd . building 2 , ste . 2009 shanghai , china 200081 this e - mail message is an advertisement and / or solicitation .
",spam,2005-07-18
12438,confidentiality agreement,"paul ,
thank you for taking the time to meet with louise and myself this past wednesday . i felt that the meeting was very informative and that discussions between enron and marathon have progressed in a constructive manner to broach a potential asset management outsourcing arrangement .
as promised during the meeting , i have attached enron ' s confidentiality / non - disclosure agreement . enron ' s appropriate legal contact for further questions or comments regarding this document would be mr . gerald nemec . he can be reached at ( 713 ) 853 - 3512 .
after the confidentiality agreement is signed , i look forward to delivering a proposal for the above mentioned commercial arrangement .
if i can be of further assistance , please do not hesitate to call . i can be reached at ( 713 ) 853 - 1931 .
regards ,
jean",ham,2001-08-09
28067,tw ft assignments,"as per our conversation , please assign tw contracts 24926 . 27201 and 27017
to bp energy effective november 1 , 2000 . you may contact ms . penny barry
( 281 - 366 - 4913 ) at bp energy for confirmation . if you have any additional
questions regarding this assignment , please call me at 678 - 579 - 3463 .
thanks for your help
rick wadle
sr . gas control coordinator
southern company energy marketing",ham,2000-10-11
21830,su - per hu ^ ge offers hko,"look at this of - fers :
v - codin - 179 . 00
valliuum - 169 . 00
vi graa - 199 . 00
cai llis - 249 . 00
codeinne - 189 . 00
sooma - 179 . 00
all orderrs are delivered by fedex with full tracking 24 / 7 .
satisfactiionnss guaaranteeed . . .
to get rid of maiiling list :
witness crest blandish bench cilia
",spam,2005-04-28
21798,reminder,"sent strange fine less . sure it ran close art against all . soft
among problem before is , work time . visit laugh inch large ship
under bone . paint , gold sit him work with reach . by but start
live . body body , through . don ' t , vowel , year bring , window
learn . three get pull space him room how .
- -
phone : 112 - 862 - 6563
mobile : 188 - 177 - 4426
email : florentina . burton @ proxad . net
",spam,2005-04-25
7175,subscription renewals,"vince :
do you want to renew the below listed subscriptions ?
please let me know .
thanks
shirley
shirley ,
i hope you had a good weekend . the following subscriptions for vince are up
for renewal . please let me know which vince would like to renew :
derivatives : tax regulation & finance
derivatives quarterly
derivatives strategy
energy economist
financial markets institutions & instruments for us canada & mexico
journal of derivatives
journal of fixed income
mathematical finance
regulation / the cato review of business & government
review of financial studies
swaps monitor
new york times
some we may have renewed already . call me with any questions .
thank you
susan",ham,2000-10-09
30318,cheap online medication here,"great boltzmann chronic motorcycle seething archipelago boyhood embeddable pike
need pres cription medication without a prior prescri ption ?
absolutely no doctor ' s appointments needed !
lowest prices on brand name and generic drvgs !
stop getting promotional material here
equatorial cowmen latitudinal doubleheader combustion wavefront harpoon
",spam,2004-11-07
405,3 / 4 / 2000 and following noms,"this is to nominate 75 , 000 mmbtu / d into eastrans for 3 / 4 / 2000 and following .
we will deliver 50 , 000 into pg & e , 7 , 000 from fuel cotton valley ( continue
750
mmbtu / d sale ) ,
and 18 , 000 mmbtu / d into your cartwheel agreement at carthage .",ham,2000-03-03
17297,schedule crawler : hourahead failure,start date : 12 / 14 / 01 ; hourahead hour : 17 ; hourahead schedule download failed . manual intervention required .,ham,2001-12-14
30352,med alert,"link to complete
pdf report click
here
to
remove "" reply here ""
and type remove in subject line .
",spam,2004-11-09
13403,fw : rto week - - state commissioners,"fyi .
tj and claudette - - please send to your groups .
thanks
- - - - - original message - - - - -
from : landwehr , susan m .
sent : thursday , october 18 , 2001 6 : 19 pm
thursday morning session - - - - meeting with state commissioners
this session was generally known to be the occasion for state commissioners to vent their frustrations at ferc taking action without including them in the decision making process . although the panel notice showed that 5 state commissioners would attend , upon arriving in the hearing room we found that 27 state commissioners were there and ready to claim their 15 minutes of fame . it was a long morning ! i will include comments or highlights from some of the commissioners below as well as some general thoughts .
approximately 35 to 40 % of the commenters were supportive of ferc and urged them to keep moving forward with their efforts . most of these comments came from the midwest and were somewhat muted or rational in their support . everyone else was fairly verbal against ferc , primarily citing that fact that they had been left out of the process , that ferc was moving too quickly , and there was no evidence that there was a benefit to their citizens . in particular , the commissioners from maryland and north carolina delivered highly charged rhetoric . while many would think that the session was extremely negative ( our friend sarah novosel thought it was disgusting ! ) in my mind it was similiar to a legislative hearing - - allowing alot of whining and then addressing the main themes of discontent such as performing a cost benefit analysis .
here ' s some individual comments :
catherine riley / maryland - - - she started out talking about the fact that she had taken a solemn oath to uphold the constitution when she joined the maryland commission and immediately implied that ferc was not as diligent or honest as she was in upholding the values of protecting citizens ( she was way overboard in the dramatics department ) . she then stated that she was not at the meeting to "" help you ( ferc ) backfill your woefully inadequate evidentiary record "" . it went on like this for about 15 minutes . the good part is that she was so personally negative , that her comments will not only be discounted but may be used against her .
sam ervin / north carolina - - - he was also very negative and he does not believe that there are any benefits to his citizens , that customer choice is never coming to his state , so he will never benefit from an rto , that his current statutes do not allow any transfer of transmission to an rto ( and i bet if they do , he ' ll work to change the statutes ! ) and that the bulk of state commissions are not supportive of ferc . his comments were also pretty brutal , but sugar coated just a bit with southern humor .
arnetta mcrae / delware - - - she kept on saying "" show me "" where the benefits for consumers are . she also repeatedly talked about how short of a time frame they had to respond to the order .
rory mcminn / new mexico - - - repeatedly talked about how the west was different , how he is not convinced that there is a benefit to his consumers , how the ferc commissioners needed to come out west to see how different they were .
carl wood / california - - tried to portray himself and california as representing the west as a whole , and even brought along a statement from the washington commission echoeing his comments . he delivered the same messages that we ' ve been hearing forever - - - ferc should have acted sooner on price caps , etc etc .
glen thomas / pennsylvania - - - he was the first positive commenter and talked about how his state has taken great strides to bring it ' s energy system into the new century . . . that by opening it ' s markets they have had an explosion in green power , they have reduced costs all across the state , etc . he was very supportive of pjm ( makes sense because it ' s in his back yard ) and stated that for any rto to be effective it must have independent governance .
judy jones / ohio - - - was very parochial in her discussion , but echoed don svanda ' s comments from earlier in the week that one rto for the midwest was necessary and encouraged the ferc to make a decision and get on with it so that regulatory uncertainty would be removed .
ed garvey / minnesota - - - he got the gold star for the day . after very very lengthly comments from about 15 commissioners , he took about 1 minute and said "" ferc - - just get it done "" . . . . in essence telling them to go ahead with what they are doing and move forward .
other commissioners who talked were : arthur / connecticut , hadley / indiana , huelsman / kentucky , nugent / maine all on the positive side . other negative commentors were two guys from dc and jim irvin from arizona who had a rambling conversation that never really pinpointed what he wanted to do .
from the ferc commissioner standpoint , the gold star went to massey . after hearing over and over again about how the commisioners didn ' t feel that they had been included and that ferc had not consulted them enough , he stated that he was going to express his frustration right back , saying the "" there has been 7 years of process , and he wants a process that comes to an end . . . . you ' ve been talking for 7 years and never could agree . . . ""
call me if i can provide any further insights into the individual comments or the tenor of the meeting . sue . # 612 - 339 - 4599",ham,2001-10-22
6982,re : confidential,"sophie ,
thanks . i shall discuss this with steve as soon as we have the nomination
form signed .
i can do it while he is stioll here at houston .
vince
sophie kingsley 09 / 05 / 2000 10 : 37 am
to : dale surbey / lon / ect @ ect
cc : vince j kaminski / hou / ect @ ect , michele small / lon / ect @ ect
subject : re : confidential
we need to get a nomination form signed by you & vince . once we have this
you guys can discuss the figures with steve and once everything is agreed we
will get the nomination form signed by sherriff and the agreement drawn up .
i will get one up to you today / tomorrow .
dale surbey
05 / 09 / 2000 15 : 33
to : vince j kaminski / hou / ect @ ect
cc : sophie kingsley / lon / ect @ ect , michele small / lon / ect @ ect
subject : re : confidential
sophie - what do we need to do to implement this ?
vince - do you want to go through this with steve while he ' s in houston ?
- dale
vince j kaminski
30 / 08 / 2000 23 : 43
to : sophie kingsley / lon / ect @ ect
cc : dale surbey / lon / ect @ ect , vince j kaminski / hou / ect @ ect , michele
small / lon / ect @ ect
subject : re : confidential
sophie ,
i think it ' s a fair deal .
vince
sophie kingsley 08 / 30 / 2000 11 : 49 am
to : dale surbey / lon / ect @ ect
cc : vince j kaminski / hou / ect @ ect , michele small / lon / ect @ ect
subject : re : confidential
both ,
thanks for your comments and comparisons , it is good to get context .
based on your comments here would be my proposal
o 63 , 500 basic salary -
ol 5 k kickers for each of the 2 years - these are paid as a lump sum on each
anniversary guaranteed . therefore guaranteed salary is effectively o 78 , 500 -
this is completely separate and in addition to any performance bonus
increase the value of options to o 60 k to vest 1 / 3 as before - which leaves a
1 / 3 ( $ 20 , 000 ) hanging out there at the end of the contract .
just fyi - anjam is currently on o 68 , 000 but does not have an agreement , so
this would effectively put a 10 . 5 k gap between the two .
let me know your thoughts .
dale surbey
30 / 08 / 2000 16 : 09
to : sophie kingsley / lon / ect @ ect
cc :
subject : re : confidential
sophie ,
here ' s vince ' s comments on your proposal for steve . also , what ' s a 2 - yr
exec ? how do the kickers work - are they basically a guaranteed minimum
bonus or incremental bonus ?
- dale
- - - - - - - - - - - - - - - - - - - - - - forwarded by dale surbey / lon / ect on 30 / 08 / 2000 16 : 10
- - - - - - - - - - - - - - - - - - - - - - - - - - -
vince j kaminski
30 / 08 / 2000 14 : 21
to : dale surbey / lon / ect @ ect
cc : vince j kaminski / hou / ect @ ect
subject : re : confidential
dale ,
thanks for your message .
i don ' t know the labor market in london that well but here the market
for quants is very hot . steve is in my view an exceptionally talented person
and i would go an extra mile to retain him long - term for the company .
i would adjust the base salary or the kicker upward a bit .
o 62 , 000 basic is what anjam is receiving currently ( if i remember
correctly ) . steve has a much higher value
to enron than anjam .
vince
dale surbey
08 / 30 / 2000 07 : 49 am
to : vince j kaminski / hou / ect @ ect
cc :
subject : confidential
vince ,
this is the package hr is proposing for steven . what do you think ?
- dale
- - - - - - - - - - - - - - - - - - - - - - forwarded by dale surbey / lon / ect on 30 / 08 / 2000 13 : 50
- - - - - - - - - - - - - - - - - - - - - - - - - - -
sophie kingsley 29 / 08 / 2000 20 : 32
to : dale surbey / lon / ect @ ect
cc :
subject : confidential
sorry dale , long day , here are the proposed numbers
2 year exec
o 62 , 000 basic ( currently o 55 k )
ol 0 k each year kickers
$ 50 , 000 worth of options to vest 1 / 3 1 / 3 1 / 3
let me know what you think .
regards
sophie",ham,2000-09-06
24922,english well for you ?,"hallo ,
i found yours email id in directoric .
i have been from russian and for a man like you have i been lookink .
. if you no want to hear from me again just reply and i no bother you again
* *",spam,2002-09-18
27101,"we provide the very best from cart . iers , bvlgaris and chronoswiss .","our ss and gold range represents real glamour and true beauty .
s . ave on these marvelous watches from rolexes , cartiers , bvlgaries ,
frankmullers , harry winstons , breguets , jaeger - lecoultre , brietilings ,
tagheuers and tudors .
a smart sho , pper ' s top pick , our gold range with diamonds .
but it was only a change of place and not of circumstances .
for three , i assure you . if we were all like you , i believe we might
"" granting your assertion that the world does all this so soon for men
1941 hi tech pkwy , berkeley , pennsylvania , 18951 707 - 665 - 8818
rocky @ jah . com",spam,2005-07-17
11806,california update 5 / 23 / 01,there will be a press conference by the assembly republicans at 10 : 30 a . m . pdt to announce their counter - proposal to the mou . this should give further insight and generate market reaction as to whether socal can be saved . the republicans are almost certain to offer something less generous that the original davis transmission line offer .,ham,2001-05-23
33587,"a symbol for your style and taste , elegant rolexes .","you can ' t resist the temptation of our glamorous gold watches .
gain our items at fantastic lowprices .
our cyber watchgalore has the best collection with the same logo type and
serial number .
http : / / fg . mn . greatspringvalue . com / 5 l 8 /
( perhaps those very cases which strike us the most ) may be precisely such
and anne , being engaged to join her as soon as she was resettled ,
the children danced round the grave , and the eldest of the boys among them ,
a practical youngster of seven years , made the proposition that there should
be an exhibition of puggie ' s burial - place for all who lived in the lane ; the
price of admission was to be a trouser button , for every boy would be sure
to have one , and each might also give one for a little girl . this proposal
was adopted by acclamation . 5143 w 108 th street - apartment 11 f , peoria ,
illinois 61614 309 - 774 - 6204",spam,2005-07-18
4190,your pre order,"can ' t see the image below ? click here !
indelible backscatter fascinate bedside thallium allegoric freeze probabilist
bangor reprise coventry coercible confident emotional davit counterargument
vital winnipesaukee colossi abscissae bouffant prolusion electret countenance
2",spam,2004-08-14
32815,application approval # 0739,"hello ,
we sent you an email a while ago , because you now qualify
for a much lower rate based on the biggest rate drop in years .
you can now get $ 325 , 000 for as little as $ 615 a month !
bad credit ? doesn ' t matter , low rates are fixed no matter what !
follow this link to process your application and a 24 hour approval :
best regards ,
young nixon
http : / / www . lowrateznow . com / x / st . html",spam,2005-05-12
26508,greatly improve your stamina,"the longz system , both the capsules and the free instructional manual , give
you the most effective ways to reach immediate size gains and improve the
strength and power of your erections .
90 % of males were interested in improving their sexual stamina ,
performance , and the size of their manhood . are you one of the 90 % ?
i want to let u guys know that i have seen over 1 inch in length increase
since i started taking ur system . the exercises are easy too . i use them
both and this is awesome . clancy , spokane
check out the only male enhancement formula with a free dvd
http : / / 7 o . wc . hugevirtuousitems . com / k /
not for you , then use link above
then he examined his map of europe . i believe i ' ll take a run over to
paris , he thought
i must be home again by saturday , to meet the demon , so i ' ll have to make
every day count",spam,2005-07-04
603,issues with measurement ( gary anderson ' s group ),"it seems to me that there have been several issues recently involving data
feeds from measurement . regardless of the issue , you all seem to express the
same concern : a lack of accountability , no sense of urgency . . . . .
i brought this up in brian ' s staff meeting yesterday , in hopes to get some
ideas on where to go to get some results . rita , i understaood from you that
gary has returned your call and you are setting a meeting for later this
week . please include me in the meeting . if we don ' t get what we need , it
was recommended that i talk with ellis sturn . if that doesn ' t work , brian
will talk with rod hayslett . rita : prior to the meeting , would you please
coordinate the meeting and agenda , consolidating all issues / concerns ? yvette
can set the meeting .",ham,2000-04-04
13006,fw : latest ees ancillary service thoughts,"- - - - - original message - - - - -
from : "" sue fletcher "" @ enron [ mailto : imceanotes - + 22 sue + 20 fletcher + 22 + 20 + 3 csfletch + 40 nwlink + 2 ecom + 3 e + 40 enron @ enron . com ]
sent : tuesday , september 25 , 2001 12 : 36 am
to : lavorato @ enron . com
subject : latest ees ancillary service thoughts
see attached .
- asdoc . doc",ham,2001-09-25
4072,oem software at cheap prices - fortnight,"looking for not expensive high - quality software ?
we might have just what you need .
windows xp professional 2002 . . . . . . . . . . . . $ 50
adobe photoshop 7 . 0 . . . . . . . . . . . . . . . . . . . . . $ 60
microsoft office xp professional 2002 . . . . $ 60
corel draw graphics suite 11 . . . . . . . . . . . . . $ 60
and lots more . . .
remove me
",spam,2004-06-26
16181,investsource research aierts for maximum capita | gains,"secured data inc . ( scre )
emerging leader in chinese export of pharmaceuticals !
tota | shares issued many of you are
already famiiiar with this . is scre poised and positioned to do that for
you ? then you may feel the time has come to act . . . and please watch
this one trade thursday ! go scre .
penny stocks are considered highiy specuiative and may be unsuitabie
for all but very aggressive investors . this profile is not in any way
affiiiated with the featured company . we were compensated 3 ooo dollars
to distribute this report . this report is for entertainment and
advertising purposes only and shouid not be used as investment advice .
if you wish to stop future mailings , or if you fee | you have been
wrongfu | | y piaced in our membership , please go here or send a blank
e mai | with no thanks in the subject to stockl 004 @ yahoo . com",spam,2005-04-28
28125,kern river maintenance,"note : i am not sure this will have a downstream impact . . . thought i ' d pass
it on anyhow . lorna
kern river has scheduled semi - annual inspections for the solar turbine
compressors at muddy creek ( wy ) station for nov . 7 - 10 . no interruptible
service will be available during this period except at the pg & e daggett and
oxy 17 z receipt points . primary capacity behind muddy creek will be
restricted to about 310 mmcf / d and allocated .",ham,2000-10-30
12967,"fw : dealbench , tobias munk","don - -
since tobias munk is no longer an employee of enron as of last week , please direct all correspondance concerning dealbench to either me or ross mesquita . we will then contact potential purchasers or investors at the appropriate time . as you know , we are currently formulating our plans for the platform and we would appreciate any input you have to that end . if you have any questions , please feel free to give me a call . thanks in advance for your help on this .
brad richter
vice president , enrononline
- - - - - original message - - - - -
from : piper , greg
sent : fri 9 / 21 / 2001 1 : 35 pm
to : richter , brad
cc :
subject : fw : dealbench , tobias munk
fyi . your thoughts on this ? let ' s discuss monday . gp
greg piper
- - - - - original message - - - - -
from : kitchen , louise
to : piper , greg
sent : fri sep 21 12 : 03 : 30 2001
subject : fw : dealbench , tobias munk
- - - - - original message - - - - -
from : munk , tobias
sent : friday , september 21 , 2001 11 : 12 am
to : miller , don ( asset mktg )
cc : kitchen , louise
subject : dealbench , tobias munk
hi don ,
the investment climate out there is very harsh , as you probably know . for me to raise vc money i need to show client business .
if you could confirm to me on a non - binding basis that enron americas is looking to continue to use dealbench datarooms and that a platform lease of a substantial value could be reached , that would help me a great deal in the process . please feel free to amend in any way you feel fit and be as specific or unspecific as you see appropriate .
please reply to my enron e - mail as well as my private e - mail
tobiasmunk @ yahoo . com
thanks very much and i will be in touch ( after the quarter and your successful divestitures : - )
tobias munk",ham,2001-09-22
19727,guys this is what u need to please every woman,"parvhf . kmxiwzduir . jvz . jcdtazcgof . i 79 i 593 olr . y 85 bwxlnaj . wbltu 62 c 24 . qctmq 42 lah . 2 if 72 imxww . zqh 7 w 718 nh . 1 w 4 uz 8 boa 5 . fmglia 3 ste . 464 nttbrs 8 . a 9 m 4 kollsp . tkytfh 34 a 8 . t 2 unfklcs 2 . ov 8 bqx 2 bud . dhpoi 328 zy . mvfl 6 udolh . toxv 8 u 3 ga 8 .
ftqgo out .
",spam,2004-09-03
32379,great value with onlinne rx refill recappable,"comprehensive service with high level m ` eds
make meds available - - on paain relief , sexual health , hypertension , an @ xiety
relief , heart disease , depresion relief , men ' s and women ' s health .
meds : review loow price http : / / ppeql . com . hjcapacitypower . com
get on the road towards internet pharamcy
how many times do we have to talk it over
demurr farenebt eneeds fzo 2 fbstart dbahc
repeat to fade title : oh mr postman verse 1
angel i wish it were not trueand as i walk to the beat of my heart inside",spam,2005-04-02
24603,", find out the truth about anyone !","find out the truth about anyone .
now you can do background investigations of your
neighbors , employees , friends and neighbors , using your computer at home
or work ! to find out more click here now !
it ' s fast , its easy and its fun .
net
detective 7 . 0 is an amazing new tool that allows you to dig up facts
about anyone . it is all completely legal , and you can use it in the
privacy of your own home without anyone ever knowing . it ' s cheaper and
faster than hiring a private investigator . to
find out more click here
net detective 7 . 0 is endorsed by the national
association of independentprivate investigators ( naipi )
you have
signed up with one of our network partners to receive email providing you
with special offers that may appeal to you . if you do not wish to receive
these offers in the future , reply to this email with "" unsubscribe "" in the
subject or simply click on the following link : unsubscribe
",spam,2002-07-25
23889,re : deal models,"thanks for the note - - that helps to put it into perspective .
unfortunately , since sally is out this week , i had not seen this note .
james has all of the marginal cost information , which can be used to work
from - i still believe that the approach we discussed in our meeting before
lunch today is the right one . we need to create some customer profiles which
include the number of transactions at each level and for each of the
potential services to calculate some potential cost base scenarios - - - from
which we can gross up to a potential revenue number .
rahil - - i would like to discuss the next steps , and who we put on point
( specifically ) for each task .
beth
- - - - - original message - - - - -
from : eichmann , marc
sent : friday , march 16 , 2001 12 : 19 pm
to : apollo , beth
cc : jafry , rahil ; scribner , james
subject : fw : deal models
here is the message i received from greg , which i just told you and rahil
about today .
i would really like to use rahil ' s expertise at eol to try to size the
potential market going forward . on the other side , i would appreciate getting
feedback about the marginal per transaction cost at different volume levels
as presented in the document we discussed this morning . i will be available
to help in any way needed .
thanks in advance for your help
marc
- - - - - original message - - - - -
from : piper , greg
sent : thursday , march 15 , 2001 2 : 59 pm
to : eichmann , marc
cc : zipper , andy ; gros , thomas d . ; beck , sally ; raghavan , suresh ; bartlett ,
jeff ; shelby , rex
subject : deal models
we need to finalize the 4 models that have a high , low and expected case for
our businesses . they are commoditylogic , dealbench , transactionhub and
mid / back office . dealbench should be built as an asp as discussed ,
commoditylogic as an asp , transactionhub as we have discussed and back office
as you are working with sally .
we first need to agree on all the assumptions for revenue that lead to each
case suggested above for each business . we then need to agree on 5 to 10
years of expenses so we can reach an operating margin we agree upon . we then
finally need to look at them and see what capital investment might be needed
to go in to each one and then finally build a pretax income statement and
pretax cash flow statement for each business .
the goal is to determine , within a range , the present value of each business ,
based on certain assumptions , and then to determine what they are worth as a
company .
i know we are part way there on all of these initiatives , but i want this all
finished as follows :
transactionhub - friday afternoon the 16 th .
commoditylogic - tuesday afternoon the 19 th
dealbench - wednesday afternoon the 17 th
mid / back office - friday the 23 rd
remember , we are trying to get a range that is approximately right that we
can all believe .
your thoughts ?
gp",ham,2001-03-16
12096,canada - vp pre - prc,"you received an email from patricia henry that has the rankings for the commercial vp ' s in canada . she did not include the non - commercial vp ' s . do you need this information for your meeting today at 10 : 00 a . m . ?
tammie",ham,2001-07-05
9242,re : corn subsidy govt program analysis,"vasant ,
thanks . let ' s contact wharton next week .
vince
from : vasant shanbhogue / enron @ enronxgate on 04 / 25 / 2001 10 : 15 am
to : vince j kaminski / hou / ect @ ect
cc : nelson neale / na / enron @ enron
subject : corn subsidy govt program analysis
hi vince ,
nelson and i had a meeting yesterday with the ag desk folks on how to go
forward on the analysis and presentation for this program . the consensus
from the ag side was that the choice of university will be highly politically
driven , ie preferably the university should be from a state that has close
ties to sympathetic senators or other political figures . also it is
preferable if the university faculty have worked on ag issues before , lending
more credibility in the ag community . the names that came up were
mississippi state and texas a & m . nelson knows of a person at mississippi
state who worked with the usda on risk management issues .
the needed analysis itself is not necessarily very deep , and the focus is
primarily to get a non - quantitative presentation out that outlines how enron
can take on the downside risk of local crop prices ( enron probably needs to
cover actual local prices and not simply an index because i do not think the
govt will want to worry about basis risk ) .
the pilot program itself will be very small , and lends itself to continuing
down the path of short term trading rather than long term origination .
another thought on hedging our potential short positon ( on the origination
side ) is that the govt program can only provide a partial hedge to the extent
of the premium received - - we still have unlimited downside from the short .
vasant
p . s . i am writing up jim bouillion ' s project suggestion as a potential
project for wharton . of course , we may still ask wharton for their insights
on the corn price protection approach .",ham,2001-04-25
12944,fw : im 1 & 2 dash,"- - - - - original message - - - - -
from : mitchell , david
sent : wednesday , september 19 , 2001 5 : 57 pm
to : deffner , joseph
subject : fw : im 1 & 2 dash
joe ,
the following is the language from the dash which ben signed . . . "" acceptable to rac ""
? a $ 100 million guaranty by enron corporate of epmi ' s obligations under the ppa has been put in place . as a condition to closing the financing for the project , the lender ( clarica life ) has required a mac provision stating that in the event that enron ' s credit rating falls below investment grade , enron is required to provide alternative means , acceptable to rac , to cover its guaranty obligation .
- - - - - original message - - - - -
from : pollock , adam
sent : wednesday , september 19 , 2001 5 : 51 pm
to : mitchell , david
subject : im 1 & 2 dash
here ' s the dash . . let me know if you need anything else .
ap
- - - - - - - - - - - - - - - - - - - - - - - - - - - - - - -
adam pollock
rac - underwriting
ecn 2858 f
713 . 345 - 8763
adam . pollock @ enron . com",ham,2001-09-20
30583,penls enlarg 3 ment pllls,"cllck h 3 re for best penls enlarg 3 ment pllls
un - su bscrlb 3",spam,2004-11-26
170,re : gmt . inc .,"oooops ! how about 100 % if / hsc less $ 0 . 10
vlt
vance l taylor
01 / 21 / 2000 01 : 56 pm
to : tom acton / corp / enron @ enron , carlos j rodriguez / hou / ect @ ect , daren j
farmer / hou / ect @ ect
cc : susan smith / hou / ect @ ect , donald p reinhardt / hou / ect @ ect , melissa
graves / hou / ect @ ect , brian m riley / hou / ect @ ect
subject : gmt . inc .
tom ,
please create a spot ticket for gas that commence flowing on 1 / 14 / 00 at 8 : 30
am . the pertinent information is as follows :
counterparty mtr . volume price
gmt , inc . 9814 500 mmbtu / d 100 % if / hsc
should you have any questions , please give me a call .
thanks ,
vlt
x 3 - 6353",ham,2000-01-21
28557,wild goose storage inc . expansion open season,"please watch for an important e - mail in the next few days regarding plans to
hold an open season for expansion capacity at wild goose . for more
information , contact one of the following individuals . thank you .
* ben ledene in calgary at 403 - 266 - 8192
* chris price or mark baldwin in california at 925 - 243 - 0350",ham,2001-04-09
8171,re : request submitted : access request for,"jennifer . n . stewart @ enron . com
i don ' t know her or anything about it . i sent her an email asking what she
needs .
- - stinson
vince j kaminski
01 / 11 / 2001 08 : 22 am
to : stinson gibner / hou / ect @ ect
cc :
subject : request submitted : access request for jennifer . n . stewart @ enron . com
stinson ,
do you know anything about it ?
vince
- - - - - - - - - - - - - - - - - - - - - - forwarded by vince j kaminski / hou / ect on 01 / 11 / 2001
08 : 24 am - - - - - - - - - - - - - - - - - - - - - - - - - - -
arsystem on 01 / 10 / 2001 08 : 59 : 24 am
to : "" vince . j . kaminski @ enron . com ""
cc :
subject : request submitted : access request for jennifer . n . stewart @ enron . com
you have received this email because you are listed as an alternate data
approver . please click
approval to review and act upon this request .
request id : 000000000013085
approver : stinson . gibner @ enron . com
request create date : 1 / 10 / 01 8 : 59 : 14 am
requested for : jennifer . n . stewart @ enron . com
resource name : \ \ enehou \ houston \ common \ research - [ read ]
resource type : directory",ham,2001-01-11
23451,sec var,"the good news is that september vars are little changed from the june numbers .
the bad news is that the new power company went public in october . the stock
is very volatile ( about 180 % per year ) . the warrants we inserted into the
hawaii 125 - 0 mcgarret swaps are hugely in the money and will therefore have
substantial var . var for the total return swaps will probably be over $ 30
million in october .
additionally , you will notice a huge trading commodities var for august ( $ 79
million ) . this will require some explanation when we report high monthly var
at year - end .
regards ,
eugenio",ham,2000-10-27
31433,attention smailcap stox piayers .,"investor alert - l r c j - brand new stock for your attention
lauraan corporation - stock symbol : l r c j
breaking news released by the company on friday after the close - watch
out the stock go crazy on monday morning 24 th of january .
current price : $ 0 . 12
current price : $ 0 . 12
projected specuiative price in next 5 days : $ 0 . 42
projected speculative price in next 15 days : $ 0 . 6 o
lauraan corporation ( lauraan ) is a premier provider of home
entertainment and home automation products and services to the new home market .
the company sells primarily through homebuiiders to homebuyers who are
buiiding homes in the $ 300 k , and up range .
lauraan is an early stage company in the process of developing its
business , nationwide , through acquisitions of existing home technoiogy
companies in select markets throughout the country . the company has an
experienced management team that has years of experience in the home
technology industry .
current price : $ o . 12
current status
lauraan has compieted its first acquisition , syslync of georgia
( georgia ) . the company pians to acquire 3 more | ocations in the next 4 months
( lois are negotiated and ready to be announced . ) georgia currentiy has
annuaiized revenues of $ 5 ook and is expected to doubie its monthiy
revenue in the next 6 months . the three next acquisitions wi | | add an
additional $ 2 . 5 million in revenue .
long - term strategy
the company plans to raise funds to make acquisitions throughout
strategic new home markets and create a national brand with revenues of
$ 5 o - 75 miilion by 2007 . lauraan wiil be recognized for its quality of
service , vaiue provided , and the simplicity of its soiutions .
breaking news : lauraan corporation announces new servicing and builder
agreements
grapevine , texas , jan 14 , 20 o 5 / prnewswire - firstcail via comtex / - -
lauraan corporation ( l r c j ) ( "" lauraan "" ) , a provider of home
entertainment and automation products for the new home market , announced today that
their wholly - owned subsidiary , sysiync of georgia , ( sysiync ) has
compieted an exclusive agreement with certicom , inc . a national provider of
home and commercia | security systems , to service their residential
accounts in the atianta area . in addition , syslync has been named the sole
insta | | er for new insta | | ations of residentia | alarms for certicom and
wi | | be their provider of other home technoiogy products too .
sysiync aiso announced today that they were selected as the preferred
provider of home technoiogy products and services for atlanta - based lou
freeman properties , inc . , a developer and buiider of custom homes in
the $ 2 oo , ooo to $ 1 , ooo , ooo plus , range .
"" these two agreements wi | | more than double the homes we touch
throughout the atianta area , "" stated david watson , general manager of syslync ,
"" and the agreements wiil provide sysiync with steady , recurring revenue
streams important to our profitability . ""
lauraan is a home entertainment and technology soiutions provider that
offers builders and home 0 wners a singie source for their audio / video ,
home theater , security , computer and home automation needs . through its
company - owned stores , lauraan subsidiaries work directly with builders
and homeowners , to design and insta | | home technology soiutions that f
i t the homeowner ' s lifestyie and budget .
safe harbor act discl @ imer : this press reiease contains forward - | 0 oking
statements within the meaning of section 27 a of the securities act of
1933 , as amended , and section 21 e of the securities exchange act of
1934 , as amended ( the "" exchange act "" ) , and as such , may involve risks and
uncertainties . forward - | ooking statements , which are based on certain
assumptions and describe future plans , strategies , and expectations , are
genera | | y identifiabie by the use of words such as "" believe , "" "" expect , ""
"" intend "" "" anticipate , "" "" estimate , "" "" project , "" or simiiar expressions .
these forward - | ooking statements reiate to , among other things ,
expectations of the business environment in which the company operates ,
projections of future performance , potentia | future performance , perceived
opportunities in the market , and statements regarding the company ' s
mission and vision . the company ' s actua | results , performance , and
achievements may differ materialiy from the resuits , performance , and
achievements expressed or impiied in such forward - looking statements due to a
wide range of factors which are set forth in our annual report on form
10 - ksb on fiie with the sec .
read this | ega | notes before you do anything eise :
information within this email contains "" forward looking statements ""
within the meaning of section 27 a of the securities act of 1933 and
section 21 b of the securities exchange act of 1934 . any statements that
express or involve discussions with respect to predictions , goals ,
expectations , beiiefs , pians , projections , objectives , assumptions or future
events or performance are not statements of historica | fact and may be
"" forward | ooking statements . "" forward | ooking statements are based on
expectations , estimates and projections at the time the statements are made
that involve a number of risks and uncertainties which couid cause
actua | results or events to differ materia | | y from those presentiy
anticipated . forward looking statements in this action may be identified
through the use of words such as : "" projects "" , "" foresee "" , "" expects "" ,
"" estimates , "" "" believes , "" "" understands "" "" wil | , "" "" part of : "" anticipates , "" or that
by statements indicating certain actions "" may , "" "" could , "" or "" might ""
occur . a | | information provided within this email pertaining to investing ,
stocks , securities must be understood as information provided and not
investment advice . emerging equity alert advises a | | readers and
subscribers to seek advice from a registered professional securities
representative before deciding to trade in stocks featured within this email .
none of the material within this report shail be construed as any kind of
investment advice . please have in mind that the interpretation of the
witer of this newsletter about the news pubiished by the company does
not represent the company officia | statement and in fact may differ from
the rea | meaning of what the news reiease meant to say . look the news
reiease by yourseif and judge by yourseif about the details in it .
in compliance with section 17 ( b ) , we disciose the holding of l r c j
shares prior to the pubiication of this report . be aware of an inherent
conflict of interest resulting from such holdings due to our intent to
profit from the | iquidation of these shares . shares may be soid at any
time , even after positive statements have been made regarding the above
company . since we own shares , there is an inherent conflict of interest
in our statements and opinions . readers of this publication are
cautioned not to piace undue reiiance on forward - | ooking statements , which are
based on certain assumptions and expectations invoiving various risks
and uncertainties , that couid cause resuits to differ materially from
those set forth in the forward - looking statements .
piease be advised that nothing within this email shal | constitute a
solicitation or an invitation to get position in or se | | any security
mentioned herein . this newsletter is neither a registered investment
advisor nor affiliated with any broker or deaier . this newsietter was paid
$ 1956 o from third party to send this report . a | | statements made are our
express opinion only and should be treated as such . we may own , take
position and se | | any securities mentioned at any time . this report
includes forward - looking statements within the meaning of the private
securities litigation reform act of 1995 . these statements may inciude terms
as "" expect "" , "" beiieve "" , "" may "" , "" wiil "" , "" move "" , "" undervaiued "" and
"" intend "" or similar terms .
if you wish to stop future maiiings , or if you fee | you have been
wrongfuliy piaced in our | i s t , please gohere
( - stocksender @ yahoo . com - )",spam,2005-01-23
20346,"an under the radar equity for you , vaougx","etta cornell ,
techlite , inc ( otcbb - thlt )
shares outstanding : 10 , 994 , 910 ( source : 10 q 8 / 19 / 04 )
current price : . 76
acquisitions expected to add approximately 5 million in sales over the
next 12 to 18 months . ( source : news friday 11 / 5 / 04 )
thlt has been moving higher the last few weeks . is this the beginning
of a major move ? because what matters once you acquire a stock is that
it moves . and all that will matter is that the stock is on the move .
and that mo ney is constantly moving into the stock . in that environment ,
nothing makes more sense in the marketplace than following the
material , measurable we alth that pulses through its very veins . go check it
out yourself . ( remember , past performance is not indicative of future
results ) .
a massive pr campaign is underway on this stock . face it : there is
nothing like the awesome , potential growth power of little known companies
that explode onto investors radar screens .
about techlite , inc .
techlite , inc . is a national energy service company in its twelfth year
in the energy services business . the company provides custom - designed ,
energy - efficient and environmental protection agency ( epa ) - compliant
lighting upgrades and retrofits for commercial , education , health care ,
retail and government facilities . techlite ' s proprietary energy - audit
software program facilitates upgrades in compliance with the eps ' s green
lights emission reduction program and the new federal energy law
requiring elimination of inefficient lighting products . industry sources
estimate this market at approximately 3 billion existing light fixtures and
a potential 100 billion national lighting retrofit industry . the
magazine electrical contractor has described this business as the "" market of
the decade . "" ( source : press release : 11 / 5 / 04 )
recent press releases : go read the stories on line .
* techlite awarded city lighting upgrade contract for city of tulsa -
potential value of 1 . 5 million .
* techlite to acquire assets of two texas energy - based businesses :
keystone and omni science .
* techlite completes lighting retrofit for tulsa technology
center - improvements expected to sa ve 6 , 000 per month in energy sa vings .
* techlite ' s proprietary energy - audit software program takes a bite out
of commercial lighting bills .
certain statements in this news release may contain future looking
information within the meaning of rule 175 under the securities act of 1933
and rule 3 b - 6 under the securities exchange act of 1934 , and are
subject to the safe harbor created by those rules . all statements , other than
statements of fact , included in this release , including , without
limitation , statements regarding potential future plans and objectives of the
companies , are future looking statements that involve risks and
uncertainties . there can be no assurance that such statements will prove to be
accurate and actual results and future events could differ materially
from those anticipated in such statements . as with many microcap stocks ,
todays company has additional risk factors worth noting . the company
has a going concern opinion from its auditor , a large accumulated
deficit , a large negative net worth , reliance on loans from officers to pay
expenses , nominal revenue in its most recent quarter , officers have
personally assured company debt , tax liens for unpaid federal and state taxes ,
is a defendant in two lawsuits , a nominal cash position and the need to
raise capital . a failure to raise capital could cause the company to go
out of business . these risks and others are more fully detailed in the
companys sec filings . we strongly urge you to review them before you
invest . the publisher of this newsletter does not represent that the
information contained in this message states all material facts or does not
omit a material fact necessary to make the statements therein not
misleading . read the compay ' s sec filings before you invest . all information
provided within this publication pertaining to investing , stocks ,
securities must be understood as information provided and not investment
advice . the publisher of this newsletter advises all readers to seek
advice from a registered professional securities representative before
deciding to trade in stocks featured within this publication . none of the
material within this report shall be construed as any kind of investment
advice or solicitation . many of these companies are on the verge of
bankruptcy . you can lose all your money by investing in this stock . the
publisher of this newsletter is not a registered investment expert .
subscribers should not view information herein as legal , tax , accounting or
investment advice . any reference to past performances of companies are
specially selected to be referenced based on the favorable performance
of these companies . you would need perfect timing to acheive the
results in the examples given . there can be no assurance of that happening .
remember , as always , past performance is not indicative of future
results and a thorough due diligence effort , including a review of a companys
filings , should be completed prior to investing . in compliance with the
securities act of 1933 , sectionl 7 b , the publisher of this newsletter
discloses the receipt of ten thousand dollars from a third party , not an
officer , director or affiliate shareholder of the company for the
circulation of this report . the party that paid us has a position in the
stock they will sell at anytime without notice . be aware of an inherent
conflict of interest resulting from such compensation due to the fact
that this is a paid publication and is not without bias . all factual
information in this report was gathered from public sources , including but
not limited to company websites , sec filings and company press releases .
the publisher of this newsletter believes this information to be
reliable but can make no assurance as to its accuracy or completeness . use of
the material within this publication constitutes your acceptance of
these terms .
succession myofibril armpit canyon zeta differential lifespan bricklayer gaston combine chauffeur clockwise catherine contemporary pluggable nebulous aphid illustrate fingernail credulous acclaim proficient trance uterine legend cheery expansible ephesian conformal saratoga ask aphid conserve formic bass .",spam,2004-11-11
16535,reduzca sus gastos telefonicos,"empresa lider mundial le permite utilizar su nueva tecnologia y
llamar a todo el mundo
gratis ! !
para mas
informacion pinche aqui",spam,2005-07-29
483,mips,"cheryl jones has just left me a message letting me know that their
programmers are working on a fix to the problem as we speak . cheryl is
postponing our meeting for tomorrow till she has more information from the
programmers . mike , cheryl said her boss ( gary anderson ) has sent you a
response to your concerns about this same problem could you let us all know
what his response is . in the mean time , george could you give us a list of
the known meters that were having this problem with so i can give it to
cheryl , and i ' ll try to get some kind of time frame from cheryl as to when
we can expect to hear something back from them . thanks to all .",ham,2000-03-21
18663,fix your thing,"e . r . x . s
stay longer ! go harder !
be bigger !
on sale for a short time only !
enjoy the most intense orgasms of your
life ! become immensely confident .
increased circulation and
enlarge your girth and
size up to 3 inches or even
larger
increased semen and sperm production up to 600
percent
increased testosterone up to
500 percent
obtain giant
rock - solid more
powerful erections
have longer lasting erections
increased libido and vitality have more
energy for vigorous activity
best of all , recommended by
real doctors
erxs is not doctor prescribed and
its for men and women !
go here for more
details .
no thanks ,
opt me out
w lxe",spam,2004-04-11
33226,goood work,"hello , welcome to piil inconsiderable soniine store
we are pleased to introduce ourselves as one of the leading online pharmaceutic spitzdog ai shops .
dissyllable vl
foreshow ra
parrotry la
unmusical ll
a foxhole g
c
stomachic lisva
u introspect m
andmanyother .
- indoctrinated save over 70 %
- totai confidentiai marketable ity
- worldwide globosity shlpplng
- over 5 millio somersault n customers in 150 countries
we do all we can kindred to keep our customers fully satisfied with our services !",spam,2005-06-19
13094,fw : real picture or not,"- - - - - original message - - - - -
from : james _ mcdonnell @ ca . campbellsoup . com @ enron [ mailto : imceanotes - james + 5 fmcdonnell + 40 ca + 2 ecampbellsoup + 2 ecom + 40 enron @ enron . com ]
sent : thursday , september 27 , 2001 2 : 26 pm
to : james . galea @ sympatico . ca
cc : mvanrassel @ rpmtec . com ; mitchmilestone @ home . com ; cjones @ mackenziefinancial . com ; jonch @ magic . pmh . on . ca ; lavorato @ enron . com ; richard . c . glover @ fritolay . com
subject : re : real picture or not
scary yes , but how can you even consider it ' s reality ? how the hell do you
think they developed the film ? it ' s not likely , given their proximity to
the approaching plane , that they would have had a rat ' s ass chance in hell
of escape . use your noodle you mba pencil neck !
mmmpppacker
james . galea @ sympatico . ca on 09 / 27 / 2001 02 : 02 : 14 pm
please respond to james . galea @ sympatico . ca
to : mvanrassel @ rpmtec . com
cc : mitchmilestone @ home . com , james
mcdonnell / ca / campsoup / csc @ csc ,
cjones @ mackenziefinancial . com ,
jonch @ magic . pmh . on . ca , lavorato @ enron . com ,
richard . c . glover @ fritolay . com
subject : real picture or not
guys :
i ' m not sure this picture is for real , but it ' s scary enough anyway .
james
( see attached file : missing . jpg )
this e - mail and any files transmitted with it may contain
confidential information and is intended solely for use by
the individual to whom it is addressed . if you received
this e - mail in error , please notify the sender , do not
disclose its contents to others and delete it from your
system .
- missing . jpg",ham,2001-10-01
87,re : industrials,"i leave this with you . my take is that the situation is as i suspected and
pat wants me to pretty much leave them be . i will do that unless i hear a
different plan from you .
- - - - - - - - - - - - - - - - - - - - - - forwarded by kenneth seaman / hou / ect on 01 / 05 / 2000
08 : 13 am - - - - - - - - - - - - - - - - - - - - - - - - - - -
pat clynes @ enron
01 / 05 / 2000 08 : 08 am
to : kenneth seaman / hou / ect @ ect
cc : robert e lloyd / hou / ect @ ect
subject : re : industrials
ken ,
i think robert has a good handle on things and can function on his own . with
that said , we always want different
checks and balances in place in order to capture the most accurate
information , so if you see something that is
a problem please bring it to our attention . thanks , pat
kenneth seaman @ ect 01 / 05 / 2000 07 : 23 am
to : pat clynes / corp / enron @ enron
cc :
subject : re : industrials
i believe the transition to be complete as we have , at least , been over the
ground on all the subjects . would you like me to continue offering advise
and assistance or let robert function entirely on his own ?",ham,2000-01-05
12156,re :,"thanks . i ' ll pass this on .
i take it that this isn ' t sarcasm .
david
- - - - - original message - - - - -
from : lavorato , john
sent : thursday , july 12 , 2001 3 : 11 pm
to : oxley , david
cc : kitchen , louise
subject :
dave
we would like to thank you and your team for great preparation and execution of our prc .
john and louise",ham,2001-07-12
2148,re : swing and buybacks,"the buyback for marthon - ashland will be put in today .
julie
aimee lannou 12 / 01 / 2000 08 : 16 am
to : julie meyers / hou / ect @ ect
cc :
subject : swing and buybacks
julie - do you have the current swing ad buybacks list for december ? please
let me know when you have it all together .
thanks .
aimee",ham,2000-12-01
3505,enrononline - stack manager changes,"we have made the following modifications to the enrononline applications .
stack manager changes
fill order enhancements - ( effective tuesday september 25 )
? to fill a top of stack order in stack manager , right click on the pink shaded order in the depth window of stack manager and select fill .
? the trader now has the ability to fill limit orders that appear at the top of the trader ' s stack on both sides .
? the order will now be filled at the full order volume regardless of the trader ' s stack volume .
? filling an order will not move the trader ' s price or cause a hedge to occur .
resize floated stack windows - ( effective tuesday september 25 )
you will now have the ability to resize the stack window to the desired extent .
website changes ( effective monday september 24 )
limit order restrictions on physical transactions -
? customers will not be allowed to transact with themselves on physical transactions . if a top of stack limit order has been placed on a physical product the counterparty or desk that placed the order will not be allowed to transact on it .
? if a customer or desk has top of stack limit orders at different prices on both the bid and offer and subsequently moves the price of one so that they are at the same price , both orders will be cancelled . the customer would have effectively transacted with himself .
please call me if you have any questions . thanks .
savita ( x 31787 )",ham,2001-09-24
3609,epgt,"mike :
i am down to the last few error messages on the epgt quick response and also looking into the external pool for who 34 in unify . about 70 % of the line items have been cleaned up .
i need the following information from you as soon as possible .
1 . the downstream contract number for aquila marketing and a "" scheduled quantity report "" for the pooling contract who 34 , this is the report you would obtain from the pipeline at the end of each cycle to determine cuts etc . or you can give me the user id and password
and i can go pull it myself .
the epgt ' s it group is trying to research the correct duns # for aquila dallas marketing . if this issue is not resolved , i am planning on setting up a meeting with el paso on november 26 th at 1 : 30 at their offices and i would like for you to go with me . we will meet with their it and business group for about an hour or so .
your prompt attention to this will be greatly appreciated .
thank you .
shane lakho",ham,2001-11-20
28459,february 2 nd update,"jeff / michelle / ken ,
here ' s the daily update for the 2 nd . . . enjoy your weekend !
suzanne
- igsupdate . xls",ham,2001-02-02
24652,15 ways to collect on a life policy,"100 % of the face amount
heart attack
stroke
invasive cancer
hiv ( for medical personnel )
paralysis
organ transplant
severe burns
loss of independent living
terminal illness
kidney failure
blindness
death by any cause
25 % of the face amount
coronary artery bypass
non - invasive cancer
10 % of the face amount
coronary angioplasty
worksite marketing
individual sales
guaranteed issue for groups of 25 +
up to $ 1 , 000 , 000 maximum
electronic enrollment
simplified issue up to $ 100 , 000
unlimited billing options
commission advance available
to learn more , please call us today !
or
please fill out the form below for more information
name :
address :
city :
state :
zip :
e - mail :
phone :
area of interest :
worksite
individual sales
both
personal producer
manager
number of agents
we don ' t want anyone
to receive our mailings who does not wish to . this is professional communication
sent to insurance professionals . to be removed from this mailing list ,
do not reply to this message . instead , go here :
http : / / www . insurancemail . net
legal notice
",spam,2002-07-30
23437,risk management policy,"per ted ' s request , i am forwarding you a copy of the most recent board
approved risk management policy .
thanks ,
veronica",ham,2000-10-24
2765,deal tickets,"daren i have three meters that have flow in feb but no deal .
1 . meter 0416 flowed the whole month 1 - 28 . this our ols friends at pawnee
gas plant fuel . last deal used was 289396 could you extend it .
2 . meter 1601 had flow on the 15 & 18 . this is southern union lockhart . last
deal used with them was 285350 hpl or 259208 ena .
3 . meter 1598 had flow the whole month 1 - 28 . this is mt enterprise c / g -
panther . the last deal used is 284 620
i ' ll get accounting arrangements for these when you let me know the deal
status and get them cleared up . thanks .",ham,2001-03-20
8174,re : progress,"steve ,
thanks a lot . i think that having the pseudo code will go a long way towards
understanding how the system works and making sure that there are no
bugs in translation of a business problem ( for example , complicated
credit insurance deals with multiple triggers and conditionality ) into the
code .
regarding tanya ' s attitude . just a few points .
1 . i don ' t think she has the skills to do the system administrator ' s work
and she does not have the
necessary privileges . this explains why she keeps asking winston for help .
it ' s
not that the work is beneath her .
2 . some members of tanya ' s team came to me complaining about winston .
he effectively told them to go away and work on the "" research projects ""
and that he would take care of the it issues . i don ' t think that it ' s just
tanya ' s issue ,
though i agree that a more outgoing personality would be helpful .
3 . the reality of this situation is that the internal customers beat on
tanya and
me whenever there is any performance problems and / or they intuitively
disagree with the results of a run . they could not care less about the
demarcation line between it and research . they also want tanya
to sign off on the model and she cannot do it without full access to the code .
the bottom line is that we are in full agreement : tanya and
winston have to work as a team and i shall work on my end to make sure that
it happens .
credit is emerging as a critical issue for enron for the next few weeks and
the system cannot fail .
vince
from : stephen stock / enron @ enronxgate on 01 / 11 / 2001 08 : 23 am
to : vince j kaminski / hou / ect @ ect
cc :
subject : progress
vince ,
i got feedback from the lunchtime research meeting that you were talking
about some specific solutions to performance of it systems . . . in particular
distributed processing . also i heard that you had concerns about the use of
multiple languages etc . . . .
both of these sound like what i was discussing with you on previous
occasions . . . do you feel the need to discuss these further ?
the multi - language issue isn ' t really that much of an issue , as the current
system is 98 % java right now . although i am a big fan of c / c + + ( it is my main
development skill ) , i am also very aware that java is a much more evolved
and robust language . i had serious doubts about the performance , but i ' ve had
a review conducted , and the results are showing the sun unix implementation
to be nearly as fast and in some cases faster than c / c + + because of something
they call hot - spot technology . ( its an instruction caching technique , i
believe ) . the concerns i expressed to you , were really about how technical
people justify the use of a language on the strength of a relatively
meaningless metric like portability .
on the issue of distributed processing . . . the original review i had conducted
by our architecture group pointed to that as a solution , and as zhiyong wei
is already working on global valuation project , winston is actively working
with zhiyong to see if he can model the var architecture on that , and also to
find a common valuation piece between the systems .
i ' d like the opportunity to talk to you about these issues if you have some
time over the next few days ?
also , i sat in on the tanya / winston meeting yesterday and as per our
discussion at the elevator , i attempted to help her argument by suggesting to
all present that she was trying to perform triage on the code . . . i . e .
seperating research domain problems from it problems .
she said that stepping through code was the only real way in which she could
get a feel for where performance bottlenecks were . i asked her how she would
measure that , and she said she would instrument the code manually by
inserting timing elements at strategic points . i mentioned that a profiling
tool could probably do this job for her . tanya again said that stepping
through code is the only way she can get an idea of the code , and that
studying documentation wasn ' t enough .
about 6 weeks ago , i commissioned a team to document the system down to
psuedo - code level and will be able to provide this to you and your team soon .
( in fact i ' ve asked for a draft copy to be given to tanya right now ) , and
winston is also working on a draft research / it "" working together "" document ,
which will identify how the exchange of information takes place .
tanya also gave the impression that she wants a dedicated it developer to do
all the environment setup for her , because she doesn ' t really want to have to
do that . i think that this is probably the root cause of the issue . the it
guys are working very hard and her handling of the situation is not good , as
it gives the impression that this kind of work is beneath her . she is
claiming that they are un - cooperative . . . . they are claiming that she
continually asks the same questions about set - up over and over again , and
doesn ' t seem to want to learn how to do it . winston on the other hand , could
be more proactive in determining what is a business related model issue and
an it issue and ask for help from research .
i think you debbie and i need to work quite hard to get them to play nicely .
i have asked tanya and winston to go ahead and work very closely together
over the next few days . . . . and debbie brackett and i will review their
progress on friday .
in the meantime l ' ll be looking at setting up a working test environment that
doesn ' t involve my main quant guys in day to to day setup issues as a longer
term solution .
regards
steve",ham,2001-01-11
33383,extra time,"did you ejaculate before or within a few minutes of penetration ?
then you must order extra - time now ! . . . here ' s why : extra - time is the only male sexual performance formula that , not only stops premature ejaculation , but actually "" cures "" it . extra - time is the only product that allows "" you "" to control when you ejaculate .
since 1997 , extra - time has been ranked # 1 for a very good reason . . . "" it works "" ! if you normally ejaculate within a few minutes of penetration , then you must order extra - time . you ' ll last 5 to 10 minutes longer , the very first night . . . . . guaranteed !
if you ' ve tried other products and failed , then you must try extra - time ! extra - time is ranked # 1 for a very good reason . . . it works !
http : / / partied . net / et / ? aa",spam,2005-07-04
5376,re : eci id for stinson,"steve -
could you please escalate per our conversation
thank you
paula
- - - - - - - - - - - - - - - - - - - - - - forwarded by paula corey / enron communications on
01 / 21 / 2000 08 : 35 am - - - - - - - - - - - - - - - - - - - - - - - - - - -
stinson gibner @ ect
01 / 21 / 2000 08 : 09 am
to : timothy morita - mcvey / enron communications @ enron communications @ enron
cc : paula corey / enron communications @ enron communications , jean mrha / enron
communications @ enron communications
subject : re : eci id for stinson
timothy :
i still have a problem . when i am on the eci network i cannot receive
email , and , even worse , i cannot even send email . this is not an
acceptable situation . i need to have a fully functional email account on
the eci side as well as the ena side . don ' t tell me that its against
policy because i know that ravi thuraisingham has already be set up this way
for months . i don ' t care if mail from one network is forwarded to the
other as i will have access in houston to both , but i can already see that i
need to have functional accounts on both sides , or it will be a continual
thorn in my side when travelling to portland , etc . . .
again thanks for your help on getting this set up correctly ,
- - stinson gibner
x 34748
from : timothy morita - mcvey @ enron communications on 01 / 19 / 2000 10 : 20 am pst
to : stinson gibner / hou / ect @ ect @ enron
cc :
subject : re : eci id
thanks stinson ,
that should give me what i need .
i understand that you will have two notes id ' s with the eci mail forwarded to
your "" stinson gibner / hou / ect @ ect @ enron "" address .
i should be able to complete this today ( later today )
thanks ,
timothy morita - mcvey
lotus notes administrator
enron communications , inc .
503 . 886 . 0390
timothy _ morita - mcvey @ enron . net
stinson gibner @ ect
01 / 19 / 00 09 : 07 am
to : timothy morita - mcvey / enron communications @ enron communications
cc :
subject : eci id
i must have written down your phone number incorrectly , it did not work .
regarding my user id on the eci network , i would be set up in the same way
as ravi thuraisingham with an id on both the ena and the eci networks . i am
in the corp . research group but am spending about 80 % of my time in support
of eci in the trading and origination areas .
feel free to contact me if you need any further info .
- - stinson
houston x 34748",ham,2000-01-21
1372,"revision # 1 - enron / hpl actuals for july 23 , 2000 10 . 000 / enron","ls hpl lsk ic 30 . 000 / enron
corrected numbers :
teco tap 45 . 000 / hpl iferc ; 10 . 000 / enron
ls hpl lsk ic 30 . 000 / enron
july 28 , 2000
previous numbers :
teco tap 10 . 000 / enron ; 61 . 250 / hpl iferc ; 8 . 750 / hpl gas
daily
ls hpl lsk ic 30 . 000 / enron
corrected numbers :
teco tap 10 . 000 / enron ; 66 . 250 / hpl iferc ; 3 . 750 / hpl gas
daily
ls hpl lsk ic 30 . 000 / enron",ham,2000-08-10
19365,computerized notice,"computerized notice : on - line
+ + + + + + + + + + + +
brooks has sent you an invitation for a friendly chat , to accept . . .
+ + + + + + + + + + + +
not interested ? ( ctrl + alt + f 4 ) to decline
",spam,2004-07-15
20991,our doctor will write you a no f e e prescription .,"we have quite a few medications in stock .
all brand name and generic ones are provided at low prices . our customers
can choose from over 600 meds in categories for anti - aging , asthma , pain
relief , cancer , seizure , skin care , sexual health , sleeping disorder ,
depression relief , men ' s or women ' s health .
do you want low price prescriptions with next day delivery service ? we
provide no f e e prescreiption as well .
now we have affordable prices on quality medications .
always shop around and want some real specials . now i don ' t need to shop
around anymore just log on to the internet and get everything done online .
- - no more shop around
peacefully for centuries . let the dead be buried together . they died
together in the sea . q : are more arrests expected ? thedistrict attorney said
that there are no other arrests coming in connection with this case .
priests lawyer questions abuse memoryattorneyfor shanley wants to grill
accuser before trialthe associated press
dakoits 1 cookgeneral 9 cleaning hinge graytwigged disinvite
",spam,2005-01-16
7417,message from anjam s ahmad,"dear all ,
on 25 th october i announced my resignation from enron europe to pursue other
opportunities . i just wanted to say that the past 3 1 / 2 years has been a
very interesting and positive experience for me , having been a key part of
such a dynamic and fast - moving organisation . enron is by far the best
organisation i have ever worked for , and i am proud to have had the
opportunity to work here and become a shareholder . i have found it a real
pleasure to have worked with such talented and interesting individuals as
exist within enron europe and enron corp in houston & portland and i
genuinely wish you the best of success going forward . i would also like to
take this opportunity to thank vince kaminski , john sherriff and richard
lewis for hiring me in april 97 and thereafter offering such interesting and
challenging projects to work on .
i have made some excellent friends at enron and hope to keep them - i have a
base in london and will probably be visiting houston soon , so please feel
free to stay in touch !
contact :
e - mail : citywhizkid @ hotmail . com ( easy to remember ! )
mobile : 0961 111 192
home : 020 8877 9741
address : apt 213 , compass house , riverside west , smugglers way , wandsworth ,
london swl 8
i will be at the talbot pub tomorrow friday 27 th october from 6 pm where i
hope to catch up with you as a final farewell !
best wishes for the future !
anjam
x 35383",ham,2000-10-26
30609,the father - daughter talk that every daughter should receive,"home
book
topics
readexcerpt # 1
readexcerpt # 2
intent of this book
order book
need advice ?
about author
",spam,2004-11-29
22484,massive savings with no doctors visits,"discount drugs . . . save 80 % every order !
we are the number one online retailler for dozens of medications . our customers save 80
cents out of every dollar , every time , compared to the industry price . yes , that is less than
quarter - price
we have all the products that our customers have asked for , including new superviagra
soft - tabs that work in just 15 minutes ! this is the next - generation of sexual improvement
wonder - drugs , far more effective than viagra - half a pill will last for 36 hours !
get all the information on superviagra here : http : / / bucketed . net / cs / ? aa
our key to keeping customers satisfied is :
easy ordering online
save 80 % on regular price
we have massive stocks of drugs for same day dispatch
fast delivery straight to your door with discrete packaging
we are the biggest internet retailler with thousands of regular customers
no consultation fee
no intimate questions or examinations
no appointment
no prior prescription needed
private and confidential service
please come by our shop , see for yourself the massive range of products that we have
available . we do have the lowest price and huge stocks ready for same - day dispatch .
two million customers can ' t be wrong !
see our full range at http : / / bucketed . net / ? aa
",spam,2005-08-28
23879,fw : mgt . summary & hot list - 03 / 02 / 01,"find attached the egm management summary and hot list as of march 2 . please
contact me if you have any questions / comments .
thanks ,
jeff
- - - - - original message - - - - -
from : khoja , sayed
sent : monday , march 05 , 2001 8 : 05 am
to : smith , jeff e .
subject : mgt . summary & hot list - 03 / 02 / 01",ham,2001-03-05
16842,"si server will be unavailable , today , wednesday , july 11 , 2001","* * urgent notification : si server will be
unavailable , today , wednesday , july 11 , 2001 ( 14 : 18 to 14 : 55 pdt ) to perform
a fallback to our backup si server in alhambra .
please submit all hour ahead schedules for
july 11 th he , 1800 and 1900 and supplemental energy schedules for , 1700
and 1800 prior to 1400 !
once the fallback is complete and the si
system is available , please clear your memory and disk caches ( edit ,
preferences , advanced , cache ) & close all netscape windows ( including
messages ) . restart netscape and point your browsers to our backup server by
utilizing the following url : https : / / alhibklb / iso .
this fallback will allow us to minimize
potential interruption due to electrical work being performed at the folsom
facility . we expect to utilize the server in alhambra until monday , 7 / 16 / 01
through the publishing of the da final schedules ( 14 : 18 pst ) , after which we
plan to fall - forward back to folsom . we will provide additional
notification to you on monday .
please contact ginger seitles ( 916 ) 351 - 4420
or benik dergevorgian ( 916 ) 351 - 2277 if you have any questions or concerns .
thank you ,
iso market operations",ham,2001-07-11
26357,are you ready to get it ?,"hello !
viagra is the # 1 med to struggle with mens ' erectile dysfunction .
like one jokes sais , it is strong enouqh for a man , but made for a woman ; - )
ordering viagra oniine is a very convinient , fast and secure way !
millions of people do it daiiy to save their privacy and money
order here . . .
",spam,2005-07-03
25204,"all graphics software available , cheap oem versions .","good morning ,
we we offer latest oem packages of all graphics and publishinq software from corei , macromedia , adobe and others .
$ 80 adobe photoshop 8 . 0 / cs
$ 140 macromedia studio mx 2004
$ 120 adobe acrobat 7 . 0 professional
$ 150 adobe premiere pro 1 . 5
$ 90 corei desiqner 10
$ 90 quickbooks 2004 professional edition
$ 75 adobe paqemaker 7 . 0
$ 70 xara x vl . 1
$ 75 adobe audition 1 . 5
$ 90 discreet 3 d studio max 7
$ 115 adobe golive cs
$ 135 adobe after effects 6 . 5 standard
$ 45 adobe premiere eiements
$ 125 corel painter lx
$ 80 adobe lllustrator cs
$ 80 adobe lndesiqn cs
$ 240 adobe creative suite
$ 140 adobe framemaker 7 . 1
$ 50 uiead cool 3 d production studio 1 . 0 . 1
$ 90 alias motion builder 6 professional
$ 30 quicken 2004 premier home & biz
$ 30 adobe photoshop eiements 3 . 0
$ 110 adobe premiere pro 7 . 0
learn more . . .
sincerely ,
classie
",spam,2005-06-22
10275,00971 50 2443308 kevin contact me,"hello ,
how are you doing with the entire member of your family ?
i believed that you will be in better position to corporate with me hence you have vast knowledge in the field of international transaction and investment . i have been seeking a trust worthy person who understand investment ethics to enter into joint venture partnership on a lucrative sectors in your country .
my name is mr . luma though not my full name , son of one of the well known rebel leaders in sierra lone ; i will give you my full name later . i am in a hide out now in a country in u . a . e dubai due to recent dead of my father in prison . i have huge sum of money for investment secretly deposited by my late father , the government of sierra lone is searching to recover some of this money which my father made when his rebel troops captured the diamonds mining ? s field in sierra lone .
the money is in millions of u . s . dollars ( us 25 . 5 million ) and i cannot move about freely now for reasons i will explain to you later , i need your help urgently for both safe keeping and investing this money in your country . i got your contact through internet when i was searching for a foreign contact .
and also help me to invest this money in good and profitable sectors in your country because i do not know anybody there and i am young man i do not have experience of investment .
i will be very grateful for your urgent response while hoping to do good investments with you on life time ventures .
my best regards .
mr . kevin .",spam,2005-06-28
14998,fw : fw : i know its annoying but,"did you do all this over weekend ?
- - - - - original message - - - - -
from : mark . leroux @ ubsw . com [ mailto : mark . leroux @ ubsw . com ]
sent : monday , february 04 , 2002 8 : 47 am
to : oxley , david
cc : fitzpatrick , amy ; audrey . martin @ ubsw . com
subject : re : fw : i know its annoying but
david ,
we have : application , signed contract and drug test results .
we do not have : csg data form , confidentiality agreement , ethics ,
handbook , w - 4 , benefit elections
and beneficiaries . it appears she did not attend orientation .
hope this helps .
mark
- - - - - original message - - - - -
from : david . oxley
sent : sunday , february 03 , 2002 9 : 01 pm
to : leroux , mark
cc : david . oxley ; martin , audrey ; amy . fitzpatrick
subject : fw : i know its annoying but
mark , could you check all is well with louise ' s info . thanks .
- - - - - - - - - - - - - - - - - - - - - - - - - -
sent from my blackberry wireless handheld ( www . blackberry . net )
- - - - - original message - - - - -
from : kitchen , louise
to : oxley , david
sent : sun feb 03 19 : 54 : 58 2002
subject : i know its annoying but
my contract is in kitchen and i have done the drugs test , benefits etc
in nettelton . can you sort - thanks .
louise kitchen
chief operating officer
enron americas
tel : 713 853 3488
fax : 713 646 2308
this e - mail is the property of enron corp . and / or its relevant
affiliate and may contain confidential and privileged material for the
sole use of the intended recipient ( s ) . any review , use , distribution
or disclosure by others is strictly prohibited . if you are not the
intended recipient ( or authorized to receive for the recipient ) , please
contact the sender or reply to enron corp . at
enron . messaging . administration @ enron . com and delete all copies of the
message . this e - mail ( and any attachments hereto ) are not intended to
be an offer ( or an acceptance ) and do not create or evidence a binding
and enforceable contract between enron corp . ( or any of its affiliates )
and the intended recipient or any other party , and may not be relied on
by anyone as the basis of a contract by estoppel or otherwise . thank
you .
visit our website at http : / / www . ubswarburg . com
this message contains confidential information and is intended only
for the individual named . if you are not the named addressee you
should not disseminate , distribute or copy this e - mail . please
notify the sender immediately by e - mail if you have received this
e - mail by mistake and delete this e - mail from your system .
e - mail transmission cannot be guaranteed to be secure or error - free
as information could be intercepted , corrupted , lost , destroyed ,
arrive late or incomplete , or contain viruses . the sender therefore
does not accept liability for any errors or omissions in the contents
of this message which arise as a result of e - mail transmission . if
verification is required please request a hard - copy version . this
message is provided for informational purposes and should not be
construed as a solicitation or offer to buy or sell any securities or
related financial instruments .",ham,2002-02-04
12269,culture committee meeting - july 25,"just a reminder of the culture committee meeting on wednesday , july 25 , 11 : 00 - 1 : 00 in ebl 6 cl . one of the key topics of discussion will be the prc metrics . once we have provided our feedback on these metrics dave delainey will present them to the policy committee . please take the time to review the prc information before our meeting .
thank you ,
beth",ham,2001-07-23
29818,message,"from mrs victoria igor
emails : victorigor @ catholicexchange . com
victorigor @ walla . com
dear
re : your assistance is highly needed
i am very sure that this mail will bring lots of surprises and curiosity to you since there was no previous correspondence before now between us .
i am a widow of one of the top rulers in chechnya , my husband died along side with the chenchan president who was killed in a bomb attack early this year in a parade ground .
my husband told me before his death that he has a deposit of $ 23 m which he deposited overseas and handed to me all the documents which my lawyer has confirmed with the bank .
right now i am looking for an investor who will help me to invest the total sum in the west and after which i will relocate to your country .
the security situation in chechnya does not warrant me to do much from here ; therefore i have designated my family lawyers who will co ordinate every aspect of the fund transfer and the investment with your assistance .
i am ready to concede up to 25 % of the funds to you as your share if you will help me to pull the funds and invest it in your country which has a stable economy .
upon receipt of your acceptance letter to my private mail box quoted above , i will introduce you to my family lawyer for details on how the transfer can be done in the shortest possible time .
awaiting your urgent response via any of the email addresses stated above .
regards
mrs . victoria igor
´ ?çÞìâëå ´ sanook qq àçíãì?ñèÞãëáèêÞø ¡ æ ä ´ éáåéç · õèÞõè http : / / qq . sanook . com / download /
this mail sent through ' sanook ' : http : / / mail . sanook . com /",spam,2004-09-28
32878,ponga su anuncio de forma gratuita,"tuanunciogratis
",spam,2005-05-18
27924,alliance pipeline construction is complete,"note : this text was released today by natural gas intelligence after an
interview with alliance personnel
construction completed on alliance pipeline
the c $ 4 . 6 billion alliance natural gas and liquids pipeline , designed to
transport 1 . 325 bcf / d from northeast
british columbia to chicago , has completed its construction phase and now is
commissioning the main line ,
laterals , compressors and supervisory equipment .
the final weld was completed last week near regina , sk , and alliance now is
injecting linepack . the 1 , 857
mile mainline is stretched to the chicago area from northeastern bc . october
is still the target month to begin
service of the pipeline , which will carry both natural gas and liquids .
the pipeline system will transport natural gas through a 36 - inch diameter
high - pressure line . there will be 14
mainline compressor stations : seven in canada and seven in the u . s . when it
began construction in 1999 ,
alliance already had commitments from 37 shippers for 15 - year contracts worth
a total of $ 8 . 2 billion .
the large volumes of gas alliance will haul from western canada into the u . s .
midwest is expected to have
a major impact on existing pipelines , markets and prices . transcanada
pipelines already has filed for new
tolls to compensate for customers which have failed to renew firm contracts
on its line and instead are routing
their gas through alliance . new gas that makes its way into the chicago area
could be sent on to southern
ontario through the chicago - to - dawn vector pipeline , scheduled to open in
late october with intial capacity
of 720 bcf / d . the foothills / northern border route from western canada into
the midwest also is expected to
see some slack .
alliance spokesman jay godfrey said last month that "" when october comes we
won ' t be in the position that
we ' ll have to start filling the pipe . it essentially already is going to be
full . "" connections to 37 gas plants are
already complete .
investors in alliance pipeline limited partnerships include affiliates of
coastal ( 14 . 4 % ) , enbridge ( 21 . 4 % ) ,
fort chicago energy partners lp ( 26 % ) , williams ( 14 . 6 % ) and westcoast energy
( 23 . 6 % ) .",ham,2000-08-22
23684,promotion,"sally : just a short note to congratulate you on your well - deserved promotion .
i always thought you had the toughest job in the company ; i guess everybody
else finally caught on !
jordan",ham,2001-01-15
21281,business partnership,"from mr . richard mbali
telephone + 27 - 73 - 588 - 3309
e - mail ricmbali @ netscape . net
request for business partnership
in my quest for a reliable and trusted partner for a highly important and lucrative venture cum investment , i came across your contact as a reliable partner for this venture .
i am sir . richard mbali , one of the senior accountants of amalgamated bank of south africa ( absa ) . to highlight you on this proposal , there is an account opened in this bank since 1980 . after going through it , i discovered that if i do not remit this money out urgently it would be forfeited for nothing . the owner of this account is mr . ben andreas , a foreigner from sumatra , indonesia and a miner at kruger gold co . , a geologist by profession . mr . ben andreas was with his family on holiday in his country . they died in one of the coastal areas across asia that was hit by massive tsunamis triggered by the worst earthquake in 40 years . the number of people killed throughout asia has now reached over 226 , 000 with tens of thousands still missing .
it is a confirmed fact that mr . ben andreas and his family lost their lives on december 26 , 2004 during the earthquake that occurred off the west coast of sumatra in indonesia . this was further proved to be a reality by dr . doti indrasantra , a director in the ministry of health affairs department in sumatra . dr . indrasantra visited south africa last year on a hiv / aids health programme ( 2004 international health team conference held in sandton , johannesburg ) . i was introduced to him by the late mr . ben andreas who i am his banker . i confirmed from dr . indransatra that mr . ben andreas and his family died shortly after visiting him in his house in sumatra
no other person knows about this and my investigation further proved to me that his company does not know anything about this account and the amount involved as he made it his personal account . the money outstanding before his death was ( usd 26 million ) twenty six million united states dollars .
i am now contacting you as a foreigner because this money cannot be approved to a national with a local bank account here . but can only be approved to any foreign account because the money is in us dollars and the former owner , a foreigner . i implore you to act as foreigner and beneficiary to the fund as i will then intimate you on the processes abound as well as procure all the necessary documents required to lay claim to the money .
if you are capable and willing to handle such amount in strict confidence and trust according to my instructions and advice for our mutual benefit i shall highly appreciate . i need trusted person in this business because i do not want to make mistakes ; i need your strong
assurance and trust . with my position now in the office i can effect transfer of this money to any foreigner ' s reliable account , which you can provide with assurance that this money will be intact pending my arrival in your country for disbursement . on the alternative , you can come
down here to south africa for us to meet one to one .
send me your private telephone and fax numbers upon receipt of this proposal , if you genuinely want to assist and be a co - partner . i will also wants us to meet face to face , to enable us sign a binding agreement . as soon as you receive this money into a foreign account or any account of your choice where the fund will be safe . i will proceed to your country for onward percentage distributions and investment . i need your full co - operation to make this work because the management is ready to approve this payment to any foreigner , who has correct information of this account , which i will give to you later immediately . i will use my
position and influence to effect legal approvals and onward transfer of this money to your account with appropriate clearance forms of the ministries and foreign exchange departments .
at the conclusion of this business , for your assistance , 25 % of the total amount will be accrue for you , 70 % for me , while 5 % will be for expenses both parties might have incurred during the process of the transfer .
i implore you to maintain the absolute confidentiality of this transaction .
your earliest response is urgently awaited .
truely yours ,
richard mbali
",spam,2005-02-16
1188,methanol plant status,it now appears the methanol plant will be up making product about july 28 .,ham,2000-07-13
16382,confidence is back,"hello ,
my boyfriend began having problems with erections ( he ' s older )
and i suggested he look into vlagrra softtabs .
boy , am i glad he did !
the first time he tried it , one 50 mg piil did nothing so he took another and that was a mistake . three hours later he was still rock hard and had come multiple times ( so had i ) ! ! since then a single 50 mg dose does ithe first of these was that he should have been brought to trial att very well - - he ' s now good for almost 2 hours of good hard sex that leaves both of us worn out .
- bobbie , 21 female usa
try it with pharmacybymail shop .
http : / / friggings . net / cs / ? aa
rockky",spam,2005-06-24
3361,re : txu fuel deals imbalances,"i ' m not sure , this request is coming from settlements . . . o
- - - - - original message - - - - -
from : farmer , daren j .
sent : thursday , june 28 , 2001 10 : 28 am
to : winfree , o ' neal d .
subject : re : txu fuel deals imbalances
ow ,
was this passed through janet wallis ?
d
- - - - - original message - - - - -
from : winfree , o ' neal d .
sent : thursday , june 28 , 2001 10 : 18 am
to : farmer , daren j .
subject : fw : txu fuel deals imbalances
daren ,
the deals listed below are related to tufco imbalances . . . let me know if you have any objections to me entering the deals . . . o ' neal 3 - 9686
- - - - - original message - - - - -
from : griffin , rebecca
sent : thursday , june 28 , 2001 9 : 58 am
to : winfree , o ' neal d .
subject : txu fuel deals
as my voice mail said , could you add deals for the following :
date : 1 / 31 - 1 / 31
location : pgev / for tufco / 4300101
volume : 1 , 357 mmbtu
price : $ 3 . 94
this should be entered as a purchase with enron as buyer
date : 4 / 30 - 4 / 30
location : pgev / for tufco / 4300101
volume : 8 , 726 mmbtu
price : $ 3 . 94
this should be entered as a sale with enron as seller
date : 5 / 31 - 5 / 31
location : pgev / for tufco / 4300101
volume : 9 , 912 mmbtu
price : $ 3 . 94
this should be entered as a purchase with enron as buyer
this is related to the txu fuel wagner brown contract . please let me know if you have any questions .
thanks ,
rebecca
713 - 571 - 3189",ham,2001-06-28
28566,floor meeting with steve kean,"please join me for a floor meeting on april 18 , at 3 : 00 pm for an open discussion with steve kean , enron ' s executive vice president and chief of staff .
the meeting will take place on the 41 st floor by the fax center .
i look forward to seeing you on april 18 .
danny",ham,2001-04-16
15719,are you a microcap piayer ?,"thornton ,
vcsc - brand new stock for your attention
vocaiscape inc - the stock symbo | is : vcsc
breaking news reieased by the company on friday after the close - watch out the stock go crazy next week .
current price : $ 0 . 175
projected speculative price in next 5 days : $ 0 . 42
projected speculative price in next 15 days : $ 0 . 55
vocalscape networks inc . is buiiding a company that ' s revolutionizing the teiecommunications industry with the most affordable phone systems , hardware , online software , and rates in canada and the us . vocaiscape , a company with global reach , is receiving international attention for the deveiopment of voice over ip ( voip ) appiication solutions , including the award - w i n ning eyefontm , a softphone for real - time pc - to - phone . we are an advanced implementer of pbx systems for companies , cal | centers , itsps and service providers .
vocaiscape has created software and interactive solutions revolving around gioba | communications and data voice convergence . companies use vocaiscape for voice over internet protoco | appiications | ike ip pbxs , softswitches , pc 2 phone and web 2 phone , providing rea | - time human interaction and information delivery over the internet . through vocaiscape ' s solutions , businesses can offer a quality voice service to anywhere in the world at rates that are significantiy lower than current | ong distance charges . we develop software to run voip networks , and sel | , instail and service our own branded voip gateways and gatekeeper control software . we aiso | icense our software to customers who want to brand their own voip soiutions .
vocalscape is committed to making great technology ; challenging the status quo , and building a 21 st century company that changes the way businesses communicate and interact through the internet .
current price : $ o . 175
projected speculative price in next 5 days : $ 0 . 42
projected specuiative price in next 15 days : $ o . 55
check out the breaking news for vcsc at finance . yahoo . com
read the | ega | notes before you do anything eise :
information within this email contains "" forward | ooking statements "" within the meaning of section 27 a of the securities act of 1933 and section 21 b of the securities exchange act of 1934 . any statements that express or invoive discussions with respect to predictions , goais , expectations , beliefs , plans , projections , objectives , assumptions or future events or performance are not statements of historical fact and may be "" forward | ooking statements . "" forward looking statements are based on expectations , estimates and projections at the time the statements are made that involve a number of risks and uncertainties which could cause actua | results or events to differ materia | | y from those presently anticipated . forward | ooking statements in this action may be identified through the use of words such as : "" projects "" , "" foresee "" , "" expects "" , "" estimates , "" "" beiieves , "" "" understands "" "" wil | , "" "" part of : "" anticipates , "" or that by statements indicating certain actions "" may , "" "" couid , "" or "" might "" occur . all information provided within this emai | pertaining to investing , stocks , securities must be understood as information provided and not investment advice . emerging equity alert advises all readers and subscribers to seek advice from a registered professional securities representative before deciding to trade in stocks featured within this emai | . none of the materia | within this report shal | be construed as any kind of investment advice . please have in mind that the interpretation of the witer of this newsletter about the news published by the company does not represent the company official statement and in fact may differ from the real meaning of what the news release meant to say . look the news reiease by yourself and judge by yourself about the detaiis in it .
in compliance with section 17 ( b ) , we disclose the hoiding of vcsc shares prior to the publication of this report . be aware of an inherent conflict of interest resulting from such holdings due to our intent to profit from the liquidation of these shares . shares may be sold at any time , even after positive statements have been made regarding the above company . since we own shares , there is an inherent conflict of interest in our statements and opinions . readers of this publication are cautioned not to place undue reiiance on forward - looking statements , which are based on certain assumptions and expectations invoiving various risks and uncertainties , that could cause results to differ materialiy from those set forth in the forward - | ooking statements .
piease be advised that nothing within this emai | shail constitute a soiicitation or an invitation to get position in or sel | any security mentioned herein . this newsietter is neither a registered investment advisor nor affiliated with any broker or deaier . this newsletter was paid $ 49000 from third party to send this report . al | statements made are our express opinion oniy and shouid be treated as such . we may own , take position and se | | any securities mentioned at any time . this report includes forward - looking statements within the meaning of the private securities litigation reform act of 1995 . these statements may inciude terms as "" expect "" , "" believe "" , "" may "" , "" wi | | "" , "" move "" , "" undervaiued "" and "" intend "" or simiiar terms .
if you wish to stop future mailings , or if you feel you have been wrongfuily placed in our l i s t , piease go here ( - aol 978987 sdfuoisduf . com / optl / rm . html - )",spam,2005-01-17
14328,fw :,very symbolic of our current struggle,ham,2001-12-10
32594,re [ 4 ] : even you can afford a rolex now . come on in ! ! hotrodcream,"thank you for expressing interest in replicas watches bazaar .
we would like to take this opportunity to offer you our fine
selection of italian crafted rolex timepieces .
you can view our large
selection of rolexes ( including breitling , tag heuer , cartier etc ) at :
grand replcas watches market
as we are the direct manufacturers , you are guaranteed of
lowest prices and highest quality each and every time you purchase from us .
you may also be interested to know
that we have the following brands available in our wide selection as well :
breguet
carrier
van der bauwede
van der bauwede
franck muller
a . lange sohne
roger dubuis
a . lange sohne
roger dubuis
etc . . .
if you see anything that might interest you , or if you have
any questions , please don ' t hesitate to visit our website at :
grand replcas watches market
founded in 1985 . in an iowa farmhouse , gateway
has grown into one of america ' s best known brands with millions of
satisfied customers . deterioratelockup starting with a 10 , 000
guaranteed by his grandmother , a rented computer and a three - page
business plan , ted waitt turned gateway into a revolutionary company
whose tell innovations helped shape the technology industry .
the company - dolly previously called gateway 2000 - received
national acclaim in 1991 when it introduced its distinctive gyrotatwomb
cow - spotted boxes , a tribute to its farm heritage . in 1993 , show
it cracked the fortune 500 and went public , trading on the nasdaq before
moving to the new york tenterhooks stock exchange in 1997 . the following
year , gateway shifted its headquarters from north sioux city , south dakota
to poliobegetting the san diego area . founded in 1985 ccny . in an
iowa farmhouse , gateway has grown into one of america ' s best known brands
with the company - nozzlewavelet previously called .
",spam,2005-04-22
8331,re :,"darrell ,
thanks a lot .
a quick question : we haven ' t
received your invoice for the last few model / paper reviews .
please , make sure that we are billed .
clewlow / strickland book is out . i shall send you a copy today .
vince
darrell duffie on 01 / 24 / 2001 03 : 17 : 01 pm
please respond to darrell duffie
to : vince . j . kaminski @ enron . com
cc : hoshino @ stanford . edu
subject : re :
vince / taiichi
in case you are interested , i attach
this paper on gas storage value modeling .
best , darrell
darrell duffie
mail gsb stanford ca 94305 - 5015 usa
phone 650 723 1976
fax 650 725 7979
email duffie @ stanford . edu
web http : / / www . stanford . edu / ~ duffie /
- paper 4 . pdf",ham,2001-01-24
32430,get all software instantly,"are you tired 30 days shipping delays ?
no more waiting , now instantly download software
within 5 minutes
all polular software available
need to remove your contact ?
",spam,2005-04-07
24262,can men live like kings in their own home ?,"explode your sex life
all natural alternative !
men of iron has been featured
on over 100 tv news and top radio stations across america , and we know
why . . .
it really works !
buy two bottles and
get one free
formulated for men
no doctor visit required !
no prescription needed !
not a drug !
click
here to visit our web site
iron man benefits :
· number 1 formula for men
· dramatically enhances organism
· no negative side effects ( all
natural ingredients ) .
· boosts multiple orgasms !
· does not increase blood pressure !
· increases circulation in men
so erections become firmer .
· helps men with a sexual response
dysfunction , or lack of
interest in sex .
· clears impotency problems .
· boosts multiple climaxes .
· relieves emotional ups downs ,
and headaches !
· helps relieve prostate problems .
· lowers cholesterol .
· very affordable price
visit
our web site click here : learn about our special offer !
",spam,2002-05-27
538,april lst noms . . .,"- - - - - - - - - - - - - - - - - - - - - - forwarded by ami chokshi / corp / enron on 03 / 27 / 2000
03 : 13 pm - - - - - - - - - - - - - - - - - - - - - - - - - - -
royal _ b _ edmondson @ reliantenergy . com on 03 / 27 / 2000 02 : 48 : 50 pm
to : ami _ chokshi @ enron . com
cc :
subject : april lst noms . . .
( see attached file : hpl - apr . xls )
- hpl - apr . xls",ham,2000-03-27
33208,astounding home loans made easy,"dear sir or madam ,
would you refinance if you knew you ' d save thousands ?
we ' ll get you lnterest as low as 1 . 92 % .
don ' t believe me ? fill out our small online questionaire and we ' ll show you how .
get the house / home and / or car you always wanted , it only takes 10 seconds of your time :
http : / / tastyllemo . com / special /
best regards ,
andrew banks",spam,2005-06-17
18877,ofek new generic viarga . absulutely new ! mildozs,"formulated to : features :
increase sex driveimproved sildenafil citrate formula
boost sexual performance works in less than 15 minutes
fuller & harder erectionsbest price on the internet
increase stamina & endurance
quicker recharges
read more !
",spam,2004-05-07
22041,real estate website with pda,"first of all ,
this is not just a website . this site is a database driven web application
which includes a searchable database where you or your customers can post
new listings and photos instantly to your site without any knowledge of
web design needed . your website will automatically send email notices on
properties that match the criteria registered by visitors to the site .
stay connected with your leads clients at all
times . we do all the initial design and programming for
you . everything is included , from flash headers and admin functions to mls
integration * . we have taken the features from the top real estate web
products and combined them into a one easy to administer web site that you
will own the copyright too . you will own it
forever ! your site will completely approved by
you , we waive all design and set - up fees and your site will be published
on the internet in just a few days ! * idx link
must be provided by your local mls .
this
is offered on a first come - first serve basis and exclusive to just one
real estate professional doing business in your city . to be eligible for this
offer : 1 . you must be a licensed real estate professional .
2 . your permission to show your site in a portfolio for employment
searches for the interns . 3 . your site will be required to be
hosted on our servers for the first 180 days .
if you
prefer not to receive future promotional e - mails and would like to opt out
of this listplease email us at realtorwebinfo @ bellsouth . net
with remove on the subject line or send us a notice by mail at the address
below . please allow up to 15 days for removal . thank you . web
tools 5310 nw
33 rd ave suite 118
ft .
lauderdale , fl 33309",spam,2005-06-02
31912,brooks,"regurgitate efficient open turtleback bologna
are you looking for medicine ? obtain it now !
we have all pills you may well require !
you name it ! we have it !
tea url fungus nvo denial ai purgative oa plato df bodybuilder kod disquisition nz manville pro
polymorphic dd bathtub wn harpoon dgj abrasive qt acquisition ygo teddy awx
",spam,2005-02-21
258,energy operations promotions,"i am pleased to announce the following promotions effective february 1 within
ena energy operations . these individuals have been promoted in recognition
of their outstanding performance and their contributions to the continuing
success of enron north america . please join me in congratulating these
employees on their promotions .
promotions to senior director
kristin albrecht serves as business controller for ena  , s power business .
along with leslie reeves , kristin ensures that power transactions are handled
accurately and smoothly from beginning to end . kristin  , s primary focus is on
risk controls and daily reporting of positions and p & l for east power
trading , west power trading and genco operations .
brenda herod serves as business controller for ena  , s assets business , working
with the gas assets group and the texas trading desk . her responsibilities
include global contracts and facilities , risk management , confirmations , gas
scheduling , volume management , settlements and regulatory compliance for
houston pipeline , lrc and enron midstream services .
leslie reeves is a business controller for ena  , s power business , working
closely with kristin albrecht in managing mid and back office support for the
east , west and genco power trading groups . her primary responsibilities are
documentation and settlements , with a focus on contract administration , cash
forecasting and cash management .
mary solmonson leads ena  , s global database management group , collecting and
validating information on our customers , contracts , pipelines and facilities ,
as well as published prices . these activities support overall energy
operations responsibilities from risk to logistics to settlement . in
addition , mary has been instrumental in the promotion and implementation of
the global systems across enron to provide control , consistency , and common
data throughout the organization .
promotions to director
scott pleus serves as business controller for enron  , s emerging products .
these businesses include bandwidth , pulp and paper , and weather . his primary
responsibilities include day - to - day functions of risk management ,
confirmations , pulp and paper scheduling , and settlements as well as long
term system development .
sheri thomas led ena  , s natural gas off - system settlements function throughout
1999 . her responsibilities included cash forecasting , collections , and
accountability for receivables and payables for ena  , s gas business in the
east , west and central regions of the us . sheri accepted a new assignment in
january 2000 and is now managing the enron online operations .
promotions to manager
bennett kaufman manages the risk management administration function for the
equity trading and debt trading groups . he has also had experience in
supporting the options book for natural gas derivatives trading . prior to
joining enron in early 1998 , bennett worked in trading operations for
investment banking firms in new york .
richard mckeel is the systems integration analyst within global database
management , overseeing the change management process and new software
development needed to interface the global applications with strategic
systems  ) sitara , unify , enpower , solarc , sap , and enrononline .
other promotions
specialist to senior specialist : analyst to specialist :
sylvia campos  ) deal compliance contract records tara eslick  ) financial
trading risk management
kam keiser  ) gas risk management - central desk victoria versen  ) gas
logistics - east desk
phillip love  ) risk controls operational analysis
jeff coats  ) gas risk management - central desk
monica lande  ) west power risk management ( portland ) senior clerk to staff :
trang le  ) strategic operations  ) project unify
john postlewaite  ) east power risk management anthony campos  ) deal
compliance contract records
diane seib  ) documentation ( calgary ) kori loibl  ) gas risk management -
financial books
donnie vinson  ) west power risk management ( portland )
imelda frayre  ) strategic operations - project sitara
clerk to senior clerk :
staff to specialist :
leslie smith  ) information & records management
amy degeyter  ) power documentation melinda whalen  ) documentation ( calgary )
michael nguyen  ) emerging products risk management
sherlyn schumack  ) logistics volume management
karie hastings  ) strategic operations - project sitara
in addition , peggy hedstrom and brent price were promoted to vice president ,
as announced in the memo issued by enron corp . office of the chairman . peggy
leads energy operations for enron canada , with responsibility for risk
management , documentation and gas logistics . peggy also serves as a key
interface with canadian pipelines as a member of several industry
committees . brent is the senior business controller for gas trading
operations in the u . s . his responsibilities include risk management ,
confirmations , volume management and settlements for the east , west and
central regions . he also provides operational expertise in the due diligence
phase of the evaluations of joint ventures and acquisitions .",ham,2000-02-06
25646,achieve more with this pennysto - ck,"pop 3 media corp ( popt )
a company which has positioned itseif in the gap between the major
media congiomerates and the universe of independent music , fiim , publishing
and technoiogy companies .
current price : 0 . o 25
wiil it continue higher ? watch this one monday as we know many of you
like momentum .
breaking news ! !
pop 3 media corp . ( popt ) and roxxy corporation announced that the
companies have entered into a letter of intent whereby roxxy corporation wil |
acquire a 66 % interest in pop 3 ' s who | | y owned subsidiary , viastar
distribution group , inc . "" vdg , "" forming a revolutionary new music company ,
controversial entertainment corporation . the transaction , consisting of
stock and cash , when compieted , will provide pop 3 ' s shareholders with a
33 % stake in the new company .
roxxy ' s management wi | | operate the company from headquarters in los
angeles and wil | change its corporate name to controversia | entertainment
corporation in the coming weeks . the companies intend to complete and
execute the definitive agreement by juiy 8 th , 2 oo 5 , and seek sharehoider
approval immediately thereafter .
pop 3 ' s ceo , john d . aquilino , stated , "" this a | | iance wil | aliow pop 3 to
achieve its strategic vision of creating a new paradigm in the music
industry . one that is focused on supporting the artist and the music they
create while embracing emerging technoiogies and giving consumers
access to a variety of artists through a variety of media . ""
roxxy ' s management team combines highly experienced industry executives
drawn from the major | abels and aiso includes a staff of in - house
producers who are among the most influential talents in the music industry
today .
"" it is roxxy ' s vision to seize the opportunities afforded by the major
| abeis ' lack of commitment to their artists and customers ; | abels that
cast aside established artists who can no | onger generate muiti - mi | | ion
selling recordings , but who consistently release albums which sell
hundreds of thousands of records to a large and loya | fan base ; artists
that can easiiy generate revenues between $ 1 and $ 5 mi | | ion per titie , ""
stated john shebanow , roxxy ' s ceo .
"" additionaliy , the acquisition of vdg wi | | provide us with the abiiity
to distribute our own product directiy to retai | to over 22 , 0 oo retail
location in north america , effectiveiy doubiing the company ' s net
profit margins and ailowing the increased revenue to pass on to our
artists . ""
mr . shebanow concluded , "" while there are smailer labels that do provide
a home for these acts , they lack either the wiil or financial resources
to commit to the kind of budgets which producers of the caiiber we have
on staff require . and no company has the unique combination of great
producers , in - house distribution and dedication to the artist and the
customer that controversia | entertainment wil | possess . ""
about pop 3 media corp :
pop 3 media corp . is engaged in development , production and distribution
of entertainment - reiated media for film , teievision , music and
pubiishing interests . the company ' s portfoiio currently inciudes ownership of
viastar distribution group , a . v . o . studios , moving pictures
international , viastar records , quadra records , light of the spirit records , and
viastar classical , viastar artist management group and masterdisk
corporation .
conclusion :
the exampies above show the awesome , earning potentia | of littie known
companies that explode onto investor ' s radar screens ; many of you are
aiready familiar with this . is popt poised and positioned to do that for
you ? then you may feel the time has come to act . . . and please watch
this one trade monday ! go popt .
penny stocks are considered highly speculative and may be unsuitabie
for al | but very aggressive investors . this profiie is not in any way
affiliated with the featured company . we were compensated 3 oo 0 do | | ars
to distribute this report . this report is for entertainment and
advertising purposes oniy and should not be used as investment advice .
if you wish to stop future mai | - ings , or if you fee | you have been
wrongfuliy placed in our membership , send a biank e mail with no thanks in
the sub ject to daily _ 10 tip @ yahoo . com",spam,2005-06-26
29835,happy days are here again,"from :
new hope lottery international
nieuwe zijds voorburgwal , nl - 1009 ceh
amsterdam netherlands
email : nhlint @ swissemail . com
ref number : nhl / 653 / 029 / 03 / sa
batch number : at - 040 - sbo 6 - 03
dear sir / madam ,
we are pleased to inform you , that as a result of our
recent lottery draws held on the 12 th of july 2004 .
your e - mail address attached to ticket
number : 27511465896 - 6410 with serial number 4204 - 777
drew lucky numbers 5 - 21 - 23 - 34 - 61 - 72 - 1 which consequently
won in the ist category . you have therefore been
approved for a lump sum pay out of 2 , 500 , 000 ( euros )
( two million , five hundred thousand euros )
note that all participants in this lottery program
have been selected randomly through a computer ballot
system drawn from over 200 , 000 companies and
30 , 000 , 000 individual email addresses from all search
engines and web sites . this promotional program takes
place every year , and is promoted and sponsored by
eminent personalities like the sultan of brunei , bill
gates of microsoft inc and other corporate
organisations . this is to encourage the use of the
internet and computers worldwide .
for security purposes and clarity , we advise that you
keep your winning information confidential until your
claims have been processed and your money remitted to
you . this is part of our security protocol to avoid
double claims and unwarranted abuse of this program by
some participants . we look forward to your active
participation in our next year usd 50 million slot .
you are requested to contact your claims clearance
officer as named below , to assist you with the
processing of your winnings and subsequent payments .
all winnings must be claimed not later than one month
after the date of this notice .
please note , in order to avoid unnecessary delays and
complications , remember to quote your reference number
and batch number in all correspondence . furthermore ,
should there be any change of address do inform our
agent as soon as possible .
congratulations once more and thank you for being part
of our promotional program .
note : you are automatically disqualified if you are
below 18 years of age .
sincerely yours ,
mrs . janet freiburg ,
nhlint @ swissemail . com
( lottery coordinator )
claims agent :
mr . robert duncan
karinter securities
tel : + 447005805645
fax : + 447005805640
email : karintersecurities @ theukzone . com
get free email at :
http : / / catholicexchange . com
your faith . your life . your world .
-
to unsubscribe from this list : send the line "" unsubscribe linux - kernel "" in
the body of a message to majordomo @ vger . kernel . org
more majordomo info at http : / / vger . kernel . org / majordomo - info . html
please read the faq at http : / / www . tux . org / lkml /",spam,2004-09-29
18087,"fwd : french riviera , show off your body","volcanic crux capetown
h g h 1000 is unbelievable !
look younger + more energy + lose weight
in three weeks .
as seen on nbc , cbs , cnn , and
oprah . the health discovery
that actually reverses aging while burning fat
without dieting or exercise
free month ' s supply
of h g h 1000
this proven discovery has been reported
on by the new england journal of medicine . forget aging and dieting forever .
and it ' s guaranteed .
would you like to lose weight while you sleep ?
no dieting .
no hunger pains .
no cravings .
no strenuous exercise .
change your life forever .
click
here to learn how you can receive a full month ' s supply of h g h 1000 absolutely
free
1 . body fat loss . . . . . . . . . . . . . . . . . . . . 82 % improvement .
2 . wrinkle reduction . . . . . . . . . . . . . 61 % improvement .
3 . energy level . . . . . . . . . . . . . . . . . . . . . . 84 % improvement .
4 . muscle strength . . . . . . . . . . . . . . . . . 88 % improvement .
5 . sexual potency . . . . . . . . . . . . . . . . . . . 75 % improvement .
6 . emotional stability . . . . . . . . . . . . . 67 % improvement .
7 . memory . . . . . . . . . . . . . . . . . . . . . . . . . . . . . . 62 % improvement .
get your free 1 month
supply of h g h 1000 today -
you are receiving this message as a member of the opt - in
america list . to be taken out of the data base please
go
here . we honor all remove requests . amply monocotyledon hydra
ppg
cc
xdllae
u a sr
fomkuar yzczyr mzmiscwa
xa ss a",spam,2003-12-26
12056,fw : ohio conference call with cinergy,"fyi .
- - - - - original message - - - - -
from : herndon , rogers
sent : sunday , july 01 , 2001 9 : 39 pm
to : presto , kevin m .
subject : fw : ohio conference call with cinergy
kevin -
we need to have some serious converstaions re : this situation . i am not pleased and will begin to seriously consider other opportunities in enron if i have to deal with these individuals in the future .
rogers
- - - - - original message - - - - -
from : bernstein , mark
sent : fri 6 / 29 / 2001 6 : 37 pm
to : sharfman , guy
cc : snyder , brad ; merola , jeff ; whalan , jubran ; burrows , john ; carlsen , colin ; herndon , rogers ; aucoin , berney c . ; ader , jeff
subject : re : ohio conference call with cinergy
guy ,
your intent for the conference calls was right . we need to have a dialog with these parties like we do with the rest of our structured suppliers . but it must be a coordinated effort . there was no need to cancel the calls . please coordinate to reestablish the conference calls with these contacts and for any others you may have , please contact the following people as they are directly responsible for customer coverage and structured supply in their respective regions . we appreciate your efforts and like comed and aep , i am sure we will continue to work closely .
east - michael brown x 3 - 1930
central - brad snyder x 5 - 8802
west - pearce hammond x 3 - 1438
thanks ,
mark
3 - 7516
guy sharfman
06 / 29 / 2001 04 : 20 pm
to : brad j snyder / hou / ees @ ees
cc : jeff merola / hou / ees @ ees , jubran whalan / hou / ees @ ees , john d burrows / hou / ees @ ees , colin carlsen / hou / ees @ ees , rogers herndon / enron @ enronxgate , berney c aucoin / enron @ enronxgate , mark bernstein / hou / ees @ ees , jeff ader / hou / ees @ ees
subject : re : ohio conference call with cinergy untitled attachment
the michigan and cinergy conference calls have both been canceled . i appreciate all of you that have responded .
guy",ham,2001-07-02
26088,joining,"want to be successful and financially _ secure ?
join us and become part of a family - like team
that uniquely helps each other to succeed .
this is an already proven _ business with
countless testimonials and success stories to
back it up as one of the best . people like you
are making 10 ' s of thousands .
this business offers you a powerful and totally
automated weal . th building system that is
foolproof and will make you auto - succeed
providing you work just a few hours a week .
the business has a lengthy proven track record
and it ' s founders are well known marketers who
have made this a virtual turnkey selling
machine .
they give tutoring which will help teach you
to reach a market of over 700 million internet
users and fast .
no experience required , cold calling , selling
or rec . ruiting .
comm . issions are paid out immediately .
to get more information email me at :
patsmith @ isp - q . com please put "" send "" in the
subject line .
if you would like to be deleted from this
lis . ting please send an email to :
patsmith @ isp - q . com with "" dl "" in the subject .
accept my sincere apologies for any
inconvenience i have caused you .
email written by and copyrighted with tcm media
- teemcurtistcm @ isp - q . com",spam,2005-06-30
28338,wininstall will run on friday,"wininstall will run on friday
a wininstall screen will appear during your login on friday , january 12 ,
2001 .
wininstall will then make updates to your computer including :
mcafee anti - virus software update
the wininstall process will take approximately 1 minute to complete . a bar
showing percentage of completion is displayed during the process . please
note that during the update , you should not disturb the machine . doing so
will only slow the update .
if you have any questions , please call the gpg solution center
et & s help desk - 713 - 345 - gpg 5",ham,2001-01-11
2991,re : noms / actual flow for 4 / 01 / 01,"we agree with 35 . 000 for april 1 , 2001
"" eileen ponton "" on 04 / 04 / 2001 09 : 37 : 36 am
to : david avila / lsp / enserch / us @ tu , charlie stone / texas utilities @ tu , melissa
jones / texas utilities @ tu , hpl . scheduling @ enron . com , liz . bellamy @ enron . com
cc :
subject : noms / actual flow for 4 / 01 / 01
i will agree with the nom of 35 , 000 for the lst . we are experiencing
difficulties in downloading actual flow volumes from el paso thus my gas
control has advised to use a flow rate of 35 , 000 for the lst at this point
in time . when we receive a more accurate measurement volume i will forward
to you . . . . . . .",ham,2001-04-04
12230,fw : marketing 1000 mw / apel,"send this to someone .
- - - - - original message - - - - -
from : "" donreidl "" @ enron
sent : tue 7 / 17 / 2001 10 : 12 am
to : lavorato @ enron . com
cc :
subject : marketing 1000 mw / apel
dear john ,
my colleagues and i are working with australian power and energy limited ( apel ) that is developing a $ 3 billion synfuel and power plant project in the latrobe valley of australia in victoria using brown coal .
the power plant project will be 1 , 000 mw . part of the synfuel production will be clean - burning diesel fuel of about 35 , 000 barrels a day ( worth about $ 400 , 000 , 000 a year at today ' s prices ) .
apel was wondering whether enron could have an interest in marketing the power and / or the diesel fuel . apel also would be open to suggestions should enron wish to be involved in other ways .
the principals apel are in houston this week and could meet with enron this thursday afternoon , 19 july .
john , would or your colleagues like to meet with apel this thursday , and if so , what time and where would be convenient ?
thanks and best regards ,
don reid
managing director
global finance corporation
tel 847 - 835 - 9000
cell 713 - 705 - 4459
donreidl @ msn . com",ham,2001-07-19
29724,"004227 , don ' t click here","o 6 yntu
slice chaos council jurisprudential adulate aau jocund current insightful belt kill consolidate gerhardt promiscuous nursery automotive contestant baylor hot mcnally mississippi cockroach abscess bestirring suffrage jeffersonian conscience savannah stereography packard reverent philistine clamber sarah dane teach companion crime waldron doctrine lawgiving mystic adriatic blink breed arbutus flake diaphragm woodcut friable skin analogy bituminous loess pyrite asynchrony exhibit bowie retail egret pinto therewith cruz andre hocus rope sail sandia admiralty blinn neodymium volcanism sauerkraut captivate barth breton brevet dixieland damn vehicular inherit barbados urn schism jennifer cosmetic communicate sullen sheer teethed caret cocoon chopin ribonucleic nadia trailhead bullwhack predatory restive anxious smith peony lola beggar blur loquacious orthography ruthenium abscess disputant flipflop hermite armistice
no more",spam,2004-09-19
18653,erfk absolutely new levitra . order today ! kesl,"levitra helps increase blood flow to the penis and
may help men with ed get and keep an erection satisfactory
for sexual activity .
read more . . .
",spam,2004-04-10
21554,"featured profile - no spin or agenda , just the facts","breaking news at the ciose friday
itec environmenta | group , inc . ( otcbb : i - t - e - c )
current price : $ . 24
voiume friday : 698 , 474 shares
how will the stock react to the following news monday ?
if you thiink it wi | | jump , you may not want to wait
until it ' s too | ate .
press reiease : source : itec environmenta | group , inc .
itec environmenta | group , inc . projects continued
growth and increased revenue in connection with h .
muehlstein agreement and commitments from piastic
recyciing corp . of california
oakdale , caiif . - - ( business wire )  march 18 , 2 oo 5 , itec
environmenta | group , inc . ( itec . ob ) today announced it
secured a supply of raw material from the major
co | | ector of the post consumer used beverage
containers in california as weil as from severa |
independent sources . the piastic recycling corp . of
caiifornia ( prcc ) has committed to make availabie to
itec up to 100 mi | | ion pounds of materia | per year .
itec is currently in negotiations for a $ 12 miilion
financing to build two pet and hdpe flake
manufacturing facilities . as part of the negotiations
the company was required to restructure a major
portion of its debt , which was compieted in early
january 2005 . itec  s first plant wiil be capable of
producing up to 44 million pounds per year .
construction , installation and start - up for the first
piant are anticipated to take approximateiy four
months . the piant is expected to be fully operational
and generating revenues within 17 weeks from the
ciosing of the $ 12 miliion financing .
once itec obtains the working capita | necessary to
buiid its first plant , it will be we | | positioned to
produce and seil a large quantity of its pet and hdpe
fiake . itec recently entered into a three - year agency
agreement with h . muehlstein co . , inc . , pursuant to
which h . muehlstein wiil act as itec  s exciusive agent
for the purchase and sale annually of up to 60 miilion
pounds of itec  s pet fiake and post - consumer hdpe
natural fiake and peilets in the united states and
canada .
upon the successful completion of the first plant , the
company believes it wi | | sell approximately 12 miliion
pounds of pet and hdpe flake , generating approximately
$ 8 , 00 o , 0 oo in revenues during its first year of
operation , ebitda of approximately $ 1 , ooo , ooo and a
gross profit margin of 12 % . in accordance with itec  s
business strategy , itec  s second plant will become
operational in the second year post - financing . during
the second year , itec expects both plants to produce
approximateiy 47 mi | | ion pounds of fiake , generating
approximateiy $ 28 , 0 oo , ooo in revenues , ebitda of
approximately $ 6 , ooo , 000 and a gross profit margin of
21 % .
customers that purchase itec  s pet and hdpe flake
inciude but are not | imited to companies such as
owens - iilinois , which is the | argest manufacturer of
beverage containers in the usa , leading
industries / duris industries , pactive packaging ,
reynolds packaging division , karma industries and
berkeiey industries , ail of which are located in
california . in california and arizona there are
approximately 3 o manufactures of packaging products
that may be able to use itec  s products in their
production .
about itec environmenta | group
itec environmental group offers soiutions to pressing
environmenta | problems faced by pubiic agencies and
private entities invoived in the recyciing of
piastics . in a research partnership with honeywell
fmt , itec has developed and successfu | | y
commercialized a revoiutionary new system for the
recyciing of piastic containers . its proprietary
eco 2 tm system costs 30 % | ess to operate , uses no
water , removes ail contaminates and odors from the
finished flake , is closed - | oop and thus non - poliuting ,
and produces no toxic by - products .
_ _ _ _ _ _ _ _ _ _ _ _ _ _ _ _ _ _ _ _ _ _ _ _
please watch this one trade . good luck and succesfu |
trading . . .
information within this emai | contains forward
looking statements within the meaning of section 27 a
of the securities act of 1933 and section 21 b of the
securities exchange act of 1934 . any statements that
express or involve discussions with respect to
predictions , expectations , beliefs , pians ,
projections , objectives , goais , assumptions or future
events or performance are not statements of historica |
fact and may be forward | ooking statements . forward
looking statements are based on expectations ,
estimates and projections at the time the statements
are made that invoive a number of risks and
uncertainties which could cause actua | resuits or
events to differ materiaily from those presentiy
anticipated . forward | ooking statements in this action
may be identified through the use of words such as
projects , foresee , expects , wiil ,
anticipates , estimates , believes , understands
or that by statements indicating certain actions
may , could , or might occur . as with many
microcap stocks , today ' s company has additiona | risk
factors worth noting . these factors include : a | arge
accumuiated deficit , a large negative net worth , a
going concern opinion from its auditor , a nomina | cash
position , a note receivabie from an officer , advances
from officers to pay expenses , no revenue in its most
recent quarter and a limited operating history . the
company is going to need financing . if that financing
does not occur , the company may not be able to
continue as a going concern in which case you could
lose your entire investment . other factors include
genera | economic and business conditions , the ability
to acquire and deveiop specific projects , the abiiity
to fund operations and changes in consumer and
business consumption habits and other factors over
which the company has little or no contro | . the
pubiisher of this newsietter does not represent that
the information contained in this message states al |
materia | facts or does not omit a material fact
necessary to make the statements therein not
misleading . all information provided within this emai |
pertaining to investing , stocks , securities must be
understood as information provided and not investment
advice . the pubiisher of this newsietter advises all
readers and subscribers to seek advice from a
registered professiona | securities representative
before deciding to trade in stocks featured within
this emai | . none of the material within this report
sha | | be construed as any kind of investment advice or
soiicitation . many of these companies are on the verge
of bankruptcy . you can | ose all your money by
investing in this stock . we urge you to read the
company ' s sec fiiings now , before you invest . the
pubiisher of this newsietter is not a registered
in - vestment advisor . subscribers shouid not view
information herein as | ega | , tax , accounting or
investment advice . in compliance with the securities
act of 1933 , section 17 ( b ) , the publisher of this
newsletter is contracted to receive one hundred
thousand dollars from a third party , not an officer ,
director or affiliate sharehoider for the circuiation
of this report . be aware of an inherent confiict of
interest resulting from such compensation due to the
fact that this is a paid advertisement and is not
without bias . the party that paid us has a position in
the stock they wiil seil at anytime without notice .
this couid have a negative impact on the price of the
stock , causing you to | ose money . a | | factual
information in this report was gathered from pubiic
sources , including but not | imited to sec fiiings ,
company websites and company press reieases . the
publisher of this newsletter believes this information
to be reliable but can make no guarantee as to its
accuracy or compieteness . use of the materia | within
this email constitutes your acceptance of these terms .
if you wish to stop future maiiings , or if you feel you have been
wrongfuliy placed in our membership , please go here or send a blank
e mail with no thanks in the subject to
( - stock 37 @ yahoo . com - )
",spam,2005-03-19
2117,implementation of the gas message board application,"please see the following instructions for the new messenging board . if you
have any trouble entering into this site , please let me know . everyone
should now be setup and ready to go . you will have to add this site to one of
your favorites .
the gas message board application can run on both ie 5 . 0 and ie 5 . 5 now .
attached is the url for user to run the application .
http : / / gasmsgboard . dev . corp . enron . com
please feel free to forward above url to people who like to test the
application .
here is the steps they should do :
1 ) launch internet explorer
2 ) type : http : / / gasmsgboard . dev . corp . enron . com ( or just open this email and
click on above url )
3 ) users should see the messages if there is any new messages for today . if
they don ' t see any messages , there are two reasons :
( 1 ) they are not valid users . their names have not been added into the nt
web _ gastraders group yet . please contact chrysti hardy to add their names
into the group .
( 2 ) there is no new messages added yet .
4 ) click on "" comments "" button to add messages : there will be a popup window
when user clicks on "" comments "" button . there are two ways to send the
messages after typing the
messages into the text box :
( 1 ) just simply press enter to send the message . or
( 2 ) click on "" send "" button to send the message .
5 ) after the message has been sent , the message will be displayed on the main
window immediately , the rest people who are online will get the new message
in less than 30 seconds . this time can be reduced to as less as 1 second .
however , i would not recommend to reduce the time interval less than 10
second . because each time the browser refreshes the screen , the screen will
be blink . users don ' t want the screen blink every second while they read the
messages .
6 ) all messages will be cleaned up daily at 6 : 00 pm . if they like to clean
them up later than 6 : 00 pm , please let me know . i can reset the time .
note : right now the application is under test environment . if they like it , i
will move it into production environment soon .
let me know any feedbacks .
thanks ,
fangming",ham,2000-11-27
27798,re : half day strategy meeting,"please note , steve ' s half day strategy meeting has been scheduled :
thursday , july 20 th , 1 : 00 p - 4 : 30 p
eb - 49 c 4 has been reserved .
thanks in advance for marking your calendars .
adr",ham,2000-07-12
28002,happy birthday ! ! !,"we would like to take time out on friday afternoon to wish "" happy birthday ""
to all of our team members whose birthdays were in august and september :
christine stokes august 3 rd
vernon mercaldo august 18 th
jeff fawcett september 4 th
kevin hyatt september 9 th
mickelle lokay september 17 th
pilar ramierez september 20 th
martha janousek september 21 st
we will celebrate with cake and punch on friday , september 24 th , 1 : 30 - 2 : 30 p
in eb - 4102 .
adr",ham,2000-09-20
30288,= ? utf - 8 ? q ? equivalent medicine ? =,"= ? utf - 8 ? q ? - - - little price ! ? =
order remedy flat from
food and drug administration approved producer in india .
conserve up to 90 % on your narcotics .
our web - site
",spam,2004-11-06
15051,generic vi @ gra,"special offer ! you don ' t need to make large orders to get the product at this price per dose . all the prices mentioned are retail prices !
one time discount order for clal 1 s !
today its only $ 3 . 20 per dose .
pack 1 :
generic clal 1 s , 10 x 20 mg
only $ 68 . 00
tadalafil
pack 2 :
generic clal 1 s , 20 x 20 mg
tadalafil
only $ 129 . 00
special offer ! these prices are valid until 10 th of december !
cialls discount order
one time discount order for vlagr @ !
today its only $ 0 . 95 per dose .
generic vi @ gra , 24 x 100 mg :
regular tabs ( 48 dozes ) only $ 46 . 00
soft tabs ( 48 dozes ) only $ 60 . 00
regular + soft tabs ( 48 dozes ) only $ 54 . 00
vl @ gra discount order
",spam,2004-08-06
17250,path 30 mitigation,"system notification : at 0115 pst , wacm terminated request for coordinated
operation controllable devices for path 30 usf mitigation .",ham,2001-10-31
7131,reporting lines,"vince
i ' ve just had a chat with richard , who feels strongly that the natural
synergies between , and independence of , research and structuring will be best
served if i report to tani .
i expressed my concerns that i want to keep a strong link with :
1 . accountability to the trader sense of urgency , and
2 . traders ' willingness to spend money where necessary .
richard suggested that we have a strong "" dotted line "" of reporting in to him ,
and that he will be available to support these areas . we ' ll meet regularly
to keep richard in the loop .
i filled richard in on the fact that i wish to change the nature , not just
the size , of the research group , which will involve significant changes in
headcount and investment in hardware / software .
i ' ve no doubt that my main concerns of accountability and budget support will
be met whether i report to richard formally or informally .
tani has indicated that she ' d be prepared to have research report to her if
required .
all the best ,
steve",ham,2000-10-03
13165,enron ' s secrets revealed !,"this is kind of weird and flattering , but it makes me wonder how they got this info and if we care .
chris calger
503 - 464 - 3735
- - - - - original message - - - - -
from : clark , ed
sent : wednesday , october 03 , 2001 3 : 20 pm
to : calger , christopher f .
subject : fw : enron ' s secrets revealed !
for your info . , in the slight chance you are not already aware of this .
- - - - - original message - - - - -
from : the power marketing association [ mailto : pma - marketplace @ mgfairfax . rr . com ]
sent : tuesday , october 02 , 2001 1 : 09 pm
subject : enron ' s secrets revealed !
how has enron managed to achieve such success while other energy firms have struggled to deal with the changing market landscape ?
global change associates is pleased to announce the publication of a new corporate profile entitled , "" enron 2001 : an inside view "" . this objective study takes an insider ? s look at enron , specifically , how the firm operates and the keys to its success . much of the information provided comes from first hand accounts and covers areas such as :
. . . the firm ? s structure and operations
. . . the recruitment and training of new employees
. . . how enron empowers and compensates its employees
. . . the keys to structuring enron type "" risk free "" transactions
. . . how to negotiate with enron
. . . why enron occasionally forgives counterparty obligations
. . . is the enron model right for your organization ?
enron 2001 : an inside view is a unique publication . it provides valuable insight into the firm ? s operations and analyzes its successes and failures . for those firms dealing directly with enron , or thinking about adopting some of enron ? s business practices , it is an invaluable , must have tool .
this innovative study is available for purchase at $ 995 . 00 .
for a detailed table of contents and executive summary please download :
to be removed from this distribution list , please reply with the word remove in the subject line .",ham,2001-10-04
16283,"do not walk behind me , for i may not lead . do not walk ahead of me , for i may not follow . do not walk beside me , either . just leave me alone .","you have 2 options here ,
option 1 - you can put any text you want in here .
option 2 - we will fill it in with the text only portion of the
html message if you put the macro
get your favorites below .
learn how by pressing =
here
forget world peace . visualize using your turn signal .
eagles may soar , but weasels don ' t get sucked into jet engines .
friends may come and go , but enemies tend to accumulate .
i get enough exercise just pushing my luck .
corduroy pillows : they ' re making headlines !
friends may come and go , but enemies tend to accumulate .
montana : at least our cows are sane !
anything worth taking seriously is worth making fun of .
if at first you don ' t succeed , destroy all evidence that you tried .
pentiums melt in your pc , not in your hand .
pride is what we have . vanity is what others have .
timing has an awful lot to do with the outcome of a rain dance .
quantum mechanics : the dreams stuff is made of .
duct tape is like the force , it has a light side and a dark side and it =
holds the universe together .
join the army , meet interesting people , and kill them .
in here .
note : some email clients don ' t disply html data . in that case what you
put here will be seen by the recipient . if the email client does
display html data then this will not be seen by the recipient .
based on this you may wish to put a text version of your add here ;
however , you can also put some macros here to make the message
more random .",spam,2005-05-27
20593,message subject,"vi @ gra
erectile dysfunction ( ed ) is a condition that affects some men . it is
the inability to get or
maintain an erectlon for satisfactory s 3 x . commonly known as impotence
treat this for $ 1 . 74 a dose ! !
you and your wife both deserve it .
cialis
cialis is regarded as a super - viagr @ or weekend - vi @ gra because its
effects start
sooner and last much longer . men that do not have impotence problems report
that regalls increases sexual pleasure and staying power , as well as
increasing
the size and hardness of erections
get cialis now at low prlces
$ 1 . 90 per dose . unbeleivable
x @ nax , 150 x lmg
tablets what is xan @ x ?
calm your anxiety now . get x @ n @ x
now ! !
$ 1 . 30 per dose . incredible deal
same day shipping to your door . valiumstop cholesterolpain relief dietbulk deals
go here to stop this .
",spam,2004-12-04
5513,re : enron opportunities,"thanks vince . we will follow up with this lsu graduate .
hope you are doing well .
regards ,
lynn dunphy
vince j kaminski
02 / 15 / 2000 08 : 53 am
to : lynn dunphy / hou / ect @ ect
cc : vince j kaminski / hou / ect @ ect
subject : enron opportunities
lynn ,
i am forwarding you the resume of a very bright and motivated young man
who attended a lecture i gave recently at lsu .
i think we should consider him for an analyst position .
vince
- - - - - - - - - - - - - - - - - - - - - - forwarded by vince j kaminski / hou / ect on 02 / 15 / 2000
08 : 52 am - - - - - - - - - - - - - - - - - - - - - - - - - - -
"" richard c . iles "" on 09 / 14 / 2000 11 : 14 : 56 am
please respond to "" richard c . iles ""
to :
cc :
subject : enron opportunities
dr . kaminski :
?
here is my resume and cover letter .
?
thanks ,
?
richard iles
- enron cover and resume . doc",ham,2000-02-15
30569,work problem,"helping our courts .
process from your house from anywhere in the world .
finally your business .
flexibility in the work days and hours .
lots of our associates profit 5 , 000 us to 12 , 000 us per mo .
professional customer support and assistance .
http : / / awt . 1 . morevaluableitems . com / 3 /
here for more information or to un - subscribe or to see our address .
but now he regretted having interfered for a moment with the action of the
machine , for his progress , instead of being swift as a bird ' s flight , became
slow and jerky , nor was he sure that the damaged machine might not break
down altogether at any moment . yet so far his progress was in the right
direction , and he resolved to experiment no further with the instrument , but
to let it go as it would , so long as it supported him above the water
however irregular the motion might be , it was sure , if continued , to bring
him to land in time , and that was all he cared about just then",spam,2004-11-25
26825,save your money by getting an oem software !,"need in software for your pc ? just visit our site , we might have what you need . . .
best regards ,
kenia
",spam,2005-07-14
13985,organization,"per my lengthy e - mail yesterday , i am requesting the ability to hire deirdre mccaffrey from the freight group to my new group . deirdre is top 5 on any list i would compile on employees i want in any group . jeanie slone is preparing deirdre ' s bio for your review . earlier in the year she worked for hunter and i and wanted an opportunity outside of ena to understand new product development . she is currently in egm and was the trader who developed and marketed their diesel product .
so , i need to ensure you are still green lighting the strategic asset group . i am requesting the ability to bring over deirdre . i would like to bring her over as a director ( ask anyone - she ' s there ) and place her under a two year contract with ena . she is the caliber of mike curry and is amazingly rounded for origination - structuring , trading and customer . delainey and janet have attempted to get her in ees consistently and ed has already approached her about a move back to structuring . hunter and i have spoke with deirdre and we are both strong on the bid .
give me your thoughts . i want to talk to dan ( her current supervisor ) quickly . she and i have been discussing this move for the last month and for the opportunity she is ready to make this move .
laura",ham,2001-11-16
32510,this wi | | run higher with trade voiume way up,""" stock watch alert "" this morning are wysak petroleum ( wysk ) , key
energy services , inc . ( pink sheets : kegs ) , medify solutions ( mfys ) ,
sequoia interests corporation ( sqnc ) .
wysak petroleum ( wysk )
current price : . 225
wysak petroieum announces the signing of a letter of intent with the european
commission baltic renewable energy centre ( ec brec ) to assist wysak petroleum in
the development of the wysak wind power project .
ec brec and wysak have signed a loi in respect to the deveiopment of a
fu | | - sized commercial wind power project in europe . this letter states that ec
brec can support wysak in matters such as financia | structuring and investment ,
reguiatory issues , government poiicies , negotiations , wind technoiogies , and
other aspects relating to wind power .
about the wysak wind project
this development wi | | be up to a maximum 90 mw in size and cost upwards of $ 120
million in deveiopment expenditures . once compieted , this wind park wi | | supply
upwards of 170 , 000 mw of electricity annuaily for poland and the european
community . this is enough green energy to supply upwards of 25 , 000 homes with
electricity and offset nearly 170 , 000 tonnes of greenhouse gases . tota | gross
eiectric saies over a 20 - year period are estimated at over $ 450 mi | | ion for a
project this size .
about the ec baitic renewable energy centre
the mission of european commission - founded ec brec is to stimuiate the
development of renewabie energy sources ( res ) in poiand through the construction
of res projects , the development of innovative technoiogies , and the creation of
relevant poiicies , strategies and plans . to fuifil | the mission , ec brec uses
its own research capabiiities and cooperates with partner institutions from the
eu , other countries , and internationa | organizations .
about wysak petroieum
wysak is a diversified energy company whose goal is to identify and deveiop
traditiona | fossi | fue | sites , as well as ciean air alternative energy producing
technologies . wysak controls one wyoming federa | oi | they include exxonmobiie ( xom ) , williams gas ( wmb ) ,
and western gas ( wgr ) among others . co | | ectively , over 26 , 000 we | | s produced
54 . 7 miliion barrels of oi | and 1 . 75 tri | | ion cubic feet of natural gas in
wyoming
conciusion :
the examples above show the awesome , earning potentia | of littie known companies
that explode onto investor ' s radar screens ; many of you are already familiar with this .
is wysk poised and positioned to do that for you ?
then you may fee | the time has come to act . . . and piease watch this one trade wednesday !
go wysk .
penny stocks are considered highly specuiative and may be unsuitabie for ail but
very aggressive investors . this profile is not in any way affiiiated with the
featured company . we were compensated 3000 dollars to distribute this report .
this report is for entertainment and advertising purposes only and shouid not be
used as investment advice .
if you wish to stop future maiiings , or if you feel you have been
wrongfully piaced in our membership , please go here or send a biank
e mai | with no thanks in the subject to stock 72 @ yahoo . com",spam,2005-04-13
29154,re : amendment to tw # 27608,"dennis : here are the new numbers for the admin contract , basically subtract 4118 from poi 78093 frazier , perry ; buehler , craig
subject : amendment to tw # 27608
approved . please generate amendment for western ' s redrock expansion contract # 27608 , effective 06 / 01 / 2002 . this amendment will now change their 10 , 000 mmbtu / day contract to have all receipts in the west texas pool # 58646 . effective ending date will be the term of the contract , through 05 / 31 / 2017 . thanks .
- - - - - original message - - - - -
from : terri dickerson [ mailto : tdickers @ westerngas . com ]
sent : friday , march 01 , 2002 10 : 21 am
to : lokay , michelle
subject : redrock
michelle : this e - mail is to inform you that i would like to adjust my redrock receipt point for the total volume of 10 , 000 mmbtu / d to the permian west texas pooling point consistent with our oral discussion .
thank you . terri dickerson",ham,2002-03-01
22693,killed trades,"just so you are in the loop on this correspondence . . .
sheri
- - - - - - - - - - - - - - - - - - - - - - forwarded by sheri thomas / hou / ect on 03 / 14 / 2000 05 : 28
pm - - - - - - - - - - - - - - - - - - - - - - - - - - -
david forster
03 / 14 / 2000 05 : 16 pm
to : geoff storey / hou / ect @ ect , keith holst / hou / ect @ ect , kyle
schultz / hou / ect @ ect , susan w pereira / hou / ect @ ect , tom donohoe / hou / ect @ ect ,
hunter s shively / hou / ect @ ect , sarah mulholland / hou / ect @ ect , jared
kaiser / hou / ect @ ect , martin cuilla / hou / ect @ ect , john berger / hou / ect @ ect , greg
mcclendon / hou / ect @ ect , carey m metz / hou / ect @ ect
cc : louise kitchen / hou / ect @ ect , product control - london , product control -
houston , daniel diamond / hou / ect @ ect , kenneth shulklapper / hou / ect @ ect , mark
taylor / hou / ect @ ect , carol st clair / hou / ect @ ect , greg whalley / hou / ect @ ect , jay
webb / hou / ect @ ect
subject : killed trades
it has come to light that there have been a number of enrononline
transactions which have been "" undone "" after the fact .
these are situations in which an enrononline trade has been completed , but we
have agreed verbally with the other party that the trade will be deemed not
have happened and we may have suppressed generation of a faxed confirmation .
it is of great importance that we do not do anything which makes an
enrononline trade appear as though it is not firm , or not reliable , or which
affects the audit process .
therefore , enrononline transactions must not be killed .
individual traders might elect to conduct an otc transaction which has the
effect of reversing the impact of an enrononline transaction - this activity
is outside the scope of enrononline .
please note that there has never been an instance in which there has been a
system error on enrononline which caused a trade to take place which was not
initiated by the customer . all instances to date have involved some kind of
operator error , or failure to use the results of a transaction search to
verify completed deals .
dave",ham,2000-03-14
2302,re : richardson volumes nov 99 and dec 99 meter 0987283,"nick ,
i am not sure what happened to this volume . i cannot tell by the audit
trail , but there is a connection between meter hpl meter 987283 , and midt
989807 . the volume you are referring to is on mid - tex pipeline under meter
989807 . it it pathed as a point to point nom with no deal reference . i do
not think this is correct because the deal you reference show hplc as
purchaser . the volume is in mips under meter 989807 , but the supply deal
is set up on hpl meter 987283 , and the audit trail in sitara shows the deal
was moved from midt to hpl . get with thu when she returns to see if she
knows anything about this .
nick moshou @ enron
12 / 20 / 2000 09 : 07 am
to : sherlyn schumack / hou / ect @ ect
cc :
subject : richardson volumes nov 99 and dec 99 meter 0987283
hi sherlyn ,
could you check to see why the volumes at this meter were zeroed out for the
above months . we paid richardson back then and yesterday i noticed that we
have a recoverable amount for the entire amounts paid for each month . the
sitara deal # s are 127856 for nov and 131729 for dec . let me know if you
additionall info from me .
thanks ,
nick",ham,2000-12-28
6856,tff 2001 meeting date question,"hello from texas ,
we are trying to set up our meeting date for the 2001 conference and have run
into a snag . we cannot get our san antonio hotel on the first weekend in
april ( as last year ) . however , we can get the hotel and make all our "" fun ""
arrangements for the second weekend in april . however , this is easter
weekend . the good news is that the room rates are substantially lower
because it ' s a holiday . however , we are concerned that holding the meeting
on this particular friday - saturday will interfere with family plans such that
some or many of you may not be able to attend .
my related question to you is this :
does holding the meeting on the second weekend in april ( easter weekend ) pose
a problem for you ? please give us your thoughts asap even if you think you
may not be able to attend this year ' s conference . we need your opinion to
guide our decision .
thanks and i hope to see you all again next april ( sometime ) !
john
p . s . we are very fortunate to have enron return as our corporate sponsor
again this year .
john d . martin
carr p . collins chair in finance
finance department
baylor university
po box 98004
waco , tx 76798
254 - 710 - 4473 ( office )
254 - 710 - 1092 ( fax )
j _ martin @ baylor . edu
web : http : / / hsb . baylor . edu / html / martinj / home . html",ham,2000-08-21
26506,new breed of equity trader,"$ $ $ $ $ $ $ world stock report for tuesday july 05 , 2005 $ $ $ $ $ $ $ $
good day to all broker ' s , day trader ' s and investor ' s world stock report
has become famous with some great stock picks in the otc , small cap
market ' s ! ! ! ! ! ! ! ! ! ! here at world stock report we work on what we here
from the street . rumor ' s circulating and keeping the focus on the company ' s
news . we pick our companies based on there growth potential . we focus on
stocks that have great potential to move up in price ! ! ! while giving
you liquitity .
our latest pick is cdgt .
symbol : cdgt
current price : $ 3 . 90
short term 7 day projection : $ 8 - 9
we give it to you again as a gift . this company is doing incredible things .
thay have cash and have made great strategic aquisitions .
current price $ 3 . 85 to $ 4 . 00 . word on the sreet is strong buy .
this company has dropped big new ' s in the past .
who ' s to say they don ' t have another big one .
* * * * * * * * * * * * * press release * * * * * * * * * * * * * * * * press release * * * * * * * * * * * * * * * * * *
press release source : china digital media corporation
china digital media corporation announces an investment in second television
drama - ' xiguan affairs ' hong kong , june 29 / xinhua - prnewswire / - -
china digital media corporation ( ' ' digimedia ' ' ) ( otc : cdgt - news ;
otc bulletin board : cdgt - news ) with its subsidiaries ( together the ' ' group ' ' )
announced today the group is committed to invest rmb 4 , 680 , 000 for a minority
interests in a television drama , ' ' xiguan affairs ' ' , in the peoples republic of
china with guangdong runshi movie & music production co . , ltd . ( ' ' runshi ' ' )
through the group ' s affiliated partner - - guangdong huaguang digimedia culture
development limited ( ' ' huaguang ' ' ) .
advertisement
xiguan affairs is a 36 - episode classic television drama and which is
filmed in guangdong province . the drama is in its post - production stage and
scheduled for a television debut in the second half of 2005 . the company has
reached sales agreements with more than half of provincial television
stations which cover at least half of the 1 . 14 billion tv viewers in china .
the company expects the drama will generate profits in 2005 .
this is the second project to partner with huaguang and runshi and it has
already produced an encouraging result that the response from the market is
exciting .
remember the gains from our recent strong buy recommendations . . .
disclaimer :
information within this email contains "" forwardlooking statements "" within
the meaning of section 27 aof the securities act of 1933 and section 21 b of
thesecurities exchange act of 1934 . any statements that express or involve
discussions with respect to predictions , expectations , beliefs ,
plans , projections , objectives , goals , assumptions or future events or
performance are not statements of historical fact and may be "" forward
looking statements . "" forwardlooking statements are based on
expectations , estimates and projections at the time the statements are made
that involve a number of risks and uncertainties which could cause actual
results or events to differ materially from those presently anticipated .
forward looking statements in this action may be identified through the use
of words such as "" projects "" , "" foresee "" , "" expects "" , "" will , "" "" anticipates , ""
"" estimates , "" "" believes , "" understands "" or that by statements indicating
certain actions "" may , "" "" could , "" or "" might "" occur . risk factors include
general economic and business conditions , the ability to acquire and develop
specific projects , the ability to fund operations and changes in consumer
and business consumption habits and other factors overwhich the company has
little or no control . the publisher of this newsletter does not represent
that the information contained in this message states all material facts or
does not omit a material fact necessary to make the statements therein not
misleading . all information provided within this email pertaining to
investing , stocks , securities must be understood as information provided and
not investment advice . the publisher of this newsletter advises all readers
and subscribers to seek advice from a registered professional securities
representative before deciding to trade in stocks featured within this
email . none of the material within this report shall be construed as any
kind of investment advice or solicitation . many of these companies are on
the verge of bankruptcy . you can lose all your money by investing in this
stock . we urge you to read the company ' s sec filings now , before you invest .
the publisher of this newsletter is not a registered invstment advisor .
subscribers should not view information herein as legal , tax , accounting or
investment advice . in compliance with the securitiesact of 1933 , section
17 ( b ) , the publisher of this newsletter is contracted to receive six hundred
thousand free trading shares from a third party , not an officer , director or
affiliate shareholder for the circulation of this report . be aware of an
inherent conflict of interest resulting from such compensation due to the
fact that this is a paid advertisement and is not without bias . the party
that paid us has a position in the stock they will sell at anytime without
notice . this could have a negative impact on the price of the stock , causing
you to lose money . all factual information in this report was gathered from
public sources , including but not limited to sec filings , company websites
and company press releases . the publisher of this newsletter believes this
informationto be eliable but can make no guarantee as to its accuracy or
completeness . use of the material within this email constitutes your
acceptance of these terms .",spam,2005-07-04
21888,schedualed meeting starts on april 30 th,"israel approved plans this week for a major offensive in gaza if the palestinian authority fails to stop the attacks , but israeli officials met wednesday night with palestinian security officials to go over the palestinian redeployment plan
melissa relinquish inflammatory detente auspices anabel maternal autocratic brutal impassive bern pervert etc whore do excitatory topeka horsehair bolton fling laconic cufflink fill basilar hightail elysian bourn chide rigging glum web dysprosium conception grosbeak cb anonymity
tailor desecrater punic notice confessor opt amort gap lusaka comedy broody coppery relic disyllable impermeable baby hardtack arteriolosclerosis elute gimmickry weighty jupiter irregular
ash cordite incurred digitate ha coercible conductance pastor adaptation daugherty cushman abed collage % rnd amtrak
georgia barkeep irma sandal divisional coax cosy amplitude soccer trafficking consequential maryland alba iraq knox agate wells bough wheezy strung
q commend betsy scanty cavemen bohr hinduism device impudent merit nineveh discernible magic fascist bouquet bloomington baleful road augustine gutenberg chris aphelion annals novelty flyer reagan chugging informal marvelous vague regal prizewinning thuban bavaria catchup
calhoun global shrinkage pa episcopate franchise ashy maintenance crouch imbrue ingestible gabriel laurie suffragette clotho fiery ardency ardent champaign epigrammatic systematic steven teletypewrite angiosperm brushfire bungle anachronism distillery
fingerprint arty onrushing thyme artemis blush telemeter handout steel pyrex tell sherlock rev thesis fibrous io licentious susceptible wolfish bethel incapacitate constructor seventeenth hartford gavotte
belittle haugen prefer astor curfew burundi thomson condominium guinea corinth antarctica ribose australia aquarium eta donner bloomington deserve zanzibar certified abe addenda nostrand cybernetic hadley inhuman inapproachable skittle me misanthrope slide seam
decolonize life segovia scout disneyland accommodate dampen aqueduct quonset solar belying tacoma premeditate american talky survivor bambi sawtooth gentile amort companion
inhalation close dreadnought dingy contiguity masonic clip macassar swordplay savagery agglomerate inflexible albanian arena endoderm specific curve pizza phrase hike vintage notocord grandeur dudley nightgown predatory bob avid inconsolable thrust loath
berea wheezy bertha thunderbird actuate check sample adamson acquiescent aspirant allure rehabilitate differential annuli resiny dorothy evzone vacuolate gretchen preach gunflint deliverance assignee cocaine orgasm tool billfold integer schweitzer tar
pep christoffel chairmen superficial whose frederick bottommost winslow haiti abate airfoil dysprosium detroit alleviate aquinas formula winsome brushfire procrustean java steamboat sheik bottleneck orifice tantamount vacuo theist
annuli edify shrewd axon ceremonial repentant comrade auto ceramium grassland codfish crabmeat hetty octoroon carboy demagogue averring eluate nan junctor clerk airpark contrary showdown threaten norris paradigmatic wherefore betatron helmsman sanction
waterway aryl marrietta anyplace spastic salvo drought regression grapevine dirac poultry maladapt entity carob waco cherub jose morgan crumb
delivery earthworm creed lemuel coproduct woodwind agnostic cheeky they ' ve reactionary delicacy demean bailiff forbidden element hash anger false gloomy salamander genuine purslane ceil applause crackle puddle angola nebulae ache dockyard cynic sunshine wetland
unruly livery affair database feed manipulable disquietude hornmouth dec dexterity advent cession aborigine airflow tonal enforceable harlan bradshaw puberty bois detent fredericksburg rebecca cantaloupe eldon darwinian bock boswell grin bowmen bujumbura animosity winter reredos buggy affair deadlock debbie
curate frustrater alphabet groat beat aisle bacterial messenger flabby morrill impolite hydrosphere gnome gender summarily entranceway authoritarian incurrer property watanabe delusive gritty auk eightfold accusation alone house imprecate coolidge molar bluet shoemake lutetium fountainhead hell opera grilled sorption heck candide
angeles dooley magma hera auxiliary parish coordinate postprocessor osseous tau had bayonet weld sanhedrin anachronism cliff edge respecter haddad jab contraption solvate cashew implement subtracter varian compendium contrite tenable porterhouse epitaxial lois drop phillips command antiquarian indemnify stayed apache billow calamitous frey especial derisive
heal bacchus transmittal proprioception flemish sumeria diffuse berate egress catenate lunar moonlight downstate australite prick dockside glycogen scarlatti fifteenth licensable buckboard pledge confront acclamation wingtip fiberboard armchair aaron firmware amity gog echinoderm demur debugger asher chute bulky frostbite arisen daytime citrate cant tomlinson birthright bien bayberry coeditor mane avenue autocrat formica classification counterpart incredible solipsism driven
",spam,2005-05-08
29277,carries all major meds .,"coliform stereo foolhardy corruptible gogh muriatic bryce prokofieff moiety arrival citizenry dynasty acorn getaway cpa snafu cognizant betatron algorithm deflater jon spend abyssinia debrief brice bobcat drub farm betrayal arbitrage analogy implacable
imbrue ratepayer aberdeen mutual whippany amputate amen began catholic chickadee chivalrous desire reel verbena notre totem guitar avocate circuitry descriptor blunt berserk elmhurst cowpunch nape prothonotary boutique amaze congest artemis starkey tarzan
rem here .
",spam,2004-08-06
9400,a friend of mine,"shirley ,
please , arrange a phone interview with richard .
stinson , myself , vasant .
vince
- - - - - - - - - - - - - - - - - - - - - - forwarded by vince j kaminski / hou / ect on 05 / 02 / 2001
08 : 15 am - - - - - - - - - - - - - - - - - - - - - - - - - - -
from : kristin gandy / enron @ enronxgate on 05 / 01 / 2001 05 : 14 pm
to : vince j kaminski / hou / ect @ ect
cc :
subject : a friend of mine
vince ,
last week i was contacted by one of my friends who is very interested in
becoming an enron employee . he has a phd and several years research and lab
experience .
richard is afraid that being a phd is a dying breed and may need to go back
to school to obtain an mba . i was wondering if you would mind looking at the
attached resume to assess if you have any interest in richard , or if you feel
i should encourage him to go back to school . i am unclear as to the
qualifications for your group so i apologize if this request is way off base .
thank you for your help ,
kristin gandy
associate recruiter
enron corporation
1400 smith street eb 1163
houston , texas 77002
713 - 345 - 3214
kristin . gandy @ enron . com",ham,2001-05-02
2799,april wellhead production estimate,"daren ,
this didn ' t help as i am unable to access any information on the file .
bob
- - - - - - - - - - - - - - - - - - - - - - forwarded by robert cotten / hou / ect on 03 / 21 / 2001 04 : 36 pm - - - - - - - - - - - - - - - - - - - - - - - - - - -
from : vance l taylor / enron @ enronxgate on 03 / 21 / 2001 02 : 42 pm
to : robert cotten / hou / ect @ ect
cc : melissa graves / enron @ enronxgate
subject : april wellhead production estimate
bob ,
please see the attached file calculating an estimate of wellhead production for the month of april , 2001 . please be advised that this is a preliminary estimate as i have yet to meet with the gas buyers and i have not received any customer nominations . our pre - nom meeting is on tomorrow at 3 : 00 p . m .
thanks ,
vlt
x 3 - 6353",ham,2001-03-21
9582,http : / / www . efi . ie,"hi
i visited http : / / www . efi . ie , and
noticed that you ' re not listed on some search engines ! i think we can offer
you a service which can help you increase traffic and the number of visitors
to your website .
i would like to introduce you to trafficmagnet . net . we offer a unique technology
that will submit your website to over 300 , 000 search engines and directories
every month .
you ' ll be surprised by the low cost , and by how effective this website promotion
method can be .
to find out more about trafficmagnet and the cost for submitting your website
to over 300 , 000 search engines and directories , visit www . trafficmagnet . net .
i would love to hear from you .
best regards ,
christine hall
sales and marketing
e - mail : christine @ trafficmagnet . net
http : / / www . trafficmagnet . net
",spam,2002-05-15
6443,re : telephone interview with enron corp . research dept .,"dear shirley :
confirming that i will be waiting for the telephone interview at 1 pm
tomorrow . ? i would like to give you my cell phone number , 713 / 907 - 6717 , as a
back - up measure . ? please note that my first preference is to receive the call
at my home number , 713 / 669 - 0923 .
sincerely ,
rabi de
?
? shirley . crenshaw @ enron . com wrote :
dear rabi :
i have scheduled the telephone interview for 1 : 00 pm on friday , july 7 th .
we will call you at 713 / 669 - 0923 . if there are any changes , please let
me know .
sincerely ,
shirley crenshaw
713 - 853 - 5290
rabi deon 06 / 26 / 2000 10 : 37 : 24 pm
to : shirley crenshaw
cc :
subject : re : telephone interview with enron corp . research dept .
dear ms . crenshaw :
thanks for your prompt response . ? july 6 or 7 th will work best for me . . ? i
would prefer to be called at my home number . ? please let me know the
schedule and other details , if any .
sincerely ,
rabi de
? shirley crenshawwrote :
good afternoon mr . de :
your resume has been forwarded to the enron corp . re ! search dept . and
they would like to conduct a telephone interview with you at your
convenience .
the interviewers would be :
vince kaminski managing director
stinson gibner vice president
grant masson vice president
p . v . krishnarao director
paulo issler manager
please give me some dates and times this week or july 5 , 6 , and 7 th when
you might be available and i will coordinate with the other calendars .
i look forward to hearing from you .
sincerely ,
shirley crenshaw
administrative coordinator
enron corp . research
713 / 853 - 5290
email : shirley . crenshaw @ enron . com
do you yahoo ! ?
get yahoo ! mail - free email you can access from anywhere !
do you yahoo ! ?
send instant messages & get email alerts with yahoo ! messenger .",ham,2000-07-06
26220,take control of your difficulties,"mortgage consumer information newsletter
our new mortgage structure makes your dreams come true .
- get the best mortgage rates
- choose the right loan program
- understand second mortgages
please visit our site for more information : http : / / catcall . lending - bloxs . com / index . php ? refid = fngl 2
several factors affect your mortgage rate :
the amount of your loan can increase your interest rate if the amount financed exceeds the conforming loan
limits established . the conforming loan limit changes at the beginning of each year .
shorter loans , such as 20 year or 15 year note , can save you thousand of dollars in interest payments over
the life of the loan , but your monthly payments will be higher . an adjustable rate mortgage may get you started
with a lower interest rate than a fixed rate mortgage , but your payments could get higher when the interest rate changes .
a larger down payment  greater than 20 % - will give you the best possible rate . down payments of 5 % or less should expect to pay a higher rate as you are starting with less equity as collateral . if you ' ve got the cash now and want to lower your payments , you can pay on your loan to lower your mortgage rate . it ' s a simple concept , really : in exchange for more money upfront , lenders are willing to lower the interest rate they charge , cutting the borrower ' s payments . closing costs are fees paid by the lender , if you don  t want to pay all of the closing costs , expect a higher rate which will pay the lender additional interest over the life of the loan .
credit quality and debt - to - income - ratio affect the terms of your loan through fico score . if you have good credit and your monthly income far surpasses your monthly debt obligations , you will get approved at a lower interest rate . however , if your monthly income barely covers your minimum debt obligations , even if you have a credit report , you will not receive the lowest available interest rate .
our site has more info : http : / / brigantine . lending - bloxs . com / index . php ? refid = fngl 2
get your hands on some cash :
another way to make a refinance work for you is to refinance for more than the balance remaining on your old mortgage - - in effect , tapping your home equity , or "" cashing out , "" in mortgage speak . thanks to favorable rates , you may be able to do so without boosting your monthly outlay . for example , at 8 . 5 % , the payment on a $ 200 , 000 , 30 - year fixed rate mortgage is $ 1 , 538 . but at 7 . 5 % , that same payment lets you borrow nearly $ 20 , 000 more .
the best use for the extra cash is to pay off any higher rate loans you may have . let ' s say that you are carrying a $ 15 , 000 car loan at 10 % and making minimum payments on a $ 10 , 000 credit card balance at 17 % . your monthly payments on those debts would total $ 680 . then assume you refinanced your mortgage , taking out an additional $ 25 , 000 to pay off your car and credit card loans . result : at 7 . 5 % , your additional monthly mortgage payment would total only $ 175 , so you would come out $ 505 ahead ( $ 680 - $ 175 = $ 505 ) .
of course , all the extra cash needn ' t go for paying off debts . when the menards swapped their arm for a fixed rate last december , they also increased their mortgage load by $ 34 , 000 , from $ 106 , 000 to $ 140 , 000 . they used $ 3 , 000 of the proceeds to pay their refinancing costs and another $ 17 , 000 to pay off a 10 % home equity loan , which had been costing them $ 250 a month . then they spent the remaining $ 14 , 000 to build a garage for roger ' s antique car collection - - and they did all this for just another $ 19 a month
if you wish to stop future mailings , please mail to http : / / sperry . lending - bloxs . com / r . php
thank you",spam,2005-07-01
14001,"enrononline executive summary for november 15 , 2001","following please find the daily enrononline executive summary .
note : the executive summary transaction counts have been reduced to reflect the
removal of sleeve trade activity .
",ham,2001-11-16
17899,schedule crawler : hourahead failure,start date : 1 / 25 / 02 ; hourahead hour : 23 ; hourahead schedule download failed . manual intervention required .,ham,2002-01-26
3813,re : order confirmation - # yd - 5886,"look
younger and lose weight in 3 weeks ! !
with
h _ u _ m _ a _ n g _ r _ o _ w _ t _ h h _ o _ r _ m _ o _ n _ e
dietary therapy ! ! !
as shown
on cbs , cnn , oprah , nightline , dateline nbc , mtv and more
it has been
labeled the health discovery of the decade by the new england journal of medicine .
forget aging and dieting forever ! - and it ' s guaranteed
internet special -
buy 2 , get 1 free - buy 4 , get 2 free
http : / / www . 5 fg . qq 22 ws . com / at /
build muscle tone
increase energy
improve memory
build healthier bones
improve skin
do this all with :
no dieting
no hunger pains
no cravings
no strenuous
exercise
http : / / www . unoitrfd . com / at /
studies
have shown you can achieve :
energy
level
-
84 % increase
muscle
strength
-
88 % improvement
sexual
potency
-
75 % improvement
emotional
stability
-
67 % improvement
memory
-
62 % improvement
http : / / www . be 2 . unoitrfd . com / at /
i want to say adios
aspheric hypocritical fairway hyades raft aubrey estuarine brakeman gage ak contest jibe croquet ballast paean teaspoon psychometry anterior deign judicable sequoia necrosis frightful ft drove hun inhuman shelton d ' etat donnybrook cony spumoni saxony ablaze tough elder bake bermuda stampede eastland quiet refutation accomplish kim limp hiatt montana rapier albeit five infantry keynesian parallel dillon cramp cardamom doomsday compensate canterelle vicious windbreak was coliseum delouse nelsen shareholder love bestir breeches delimitation cbs enthalpy block diversion rudolf branch agnomen custodian alphameric millipede den alpha expel gibbon macroscopic mansion muncie bambi an bilge syringa gateway emerald cheshire derogate astringent daytime floppy khrushchev colossus embryonic debunk compliment armature astarte telegraphy",spam,2004-02-22
1167,"re : plant outage affecting "" meter # 8291 "" enron methanol","i think the methanol plant is still down ?
the buyback should apply for any volumes in july below their monthly nom of
36 , 000 / d until the plant comes back up .
from : robert e lloyd 07 / 11 / 2000 11 : 41 am
to : lee l papayoti / hou / ect @ ect
cc : pat clynes / corp / enron @ enron , daren j farmer / hou / ect @ ect , robert
cotten / hou / ect @ ect , stacey neuweiler / hou / ect @ ect
subject : plant outage affecting "" meter # 8291 "" enron methanol
please advise me if you want the 36 . 0 / day term deal bought back for days ;
july 4 th & july 5 th .
presently , the buyback deal { # 139058 } is being allocated 35 , 261 mm for day
7 / 4 th & 35 , 903 for day 7 / 5 th .
daily flow for 7 / 4 th = 739 mm - & - 7 / 5 th = 97 mm .
the term deal of 36 . 0 mm has been bought back for july 6 th thru july 16 th .",ham,2000-07-11
30154,need software ? click herdj,"looking for not expensive high - quality software ?
we might have just what you need .
windows xp professional 2002 . . . . . . . . . . . . . r 50
adobe photoshop 7 . 0 . . . . . . . . . . . . . . . . . . . . . . f 60
microsoft office xp professional 2002 . . . . r 60
corel draw graphics suite 11 . . . . . . . . . . . . . o 60
and lots more . . .
bngjky",spam,2004-10-27
18816,citibank email update verification !,"dear citibank member ,
this email was sent by the citibank server to verify your e - mailaddress . you must complete this process by clicking on the linkbelow and entering in the small window your citibank atm / debitcard number and pin that you use on atm .
this is done for your protection - because some of our membersno longer have access to their email addresses and we mustverify it .
to verify your e - mail address and access your bank account , click on the link below : https : / / web . da - us . citibank . com / signin / citifi / scripts / email _ verify . jsp
- - - - - - - - - - - - - - - - - - - - - - - - - - - - - - - - - - - - - - -
thank you for using citibank
- - - - - - - - - - - - - - - - - - - - - - - - - - - - - - - - - - - - - - -",spam,2004-05-01
21880,"busty black babe get muffdived charset = windows - 1251 "" >","brunette slut spreads and shows her lovely gash .
piecred puerto rican nymhpo bouncing on cock
what a nice tits ! ! i ' m going crazy - so fresh , so beautiful . . i can ' t express ! and her sweet little body ? - her small hole , her wet lips ! what a good girls , i ' m going crazy with her !
http : / / appease . gitim . com / film / ? farub 311
exclusive _ shocking scandal _ vid . eos
no m o r e : : canoga
http : / / appease . gitim . com / no / ? evp 5 ijp 64
",spam,2005-05-06
25460,sexually explicit : go out with a new babe or guy tonight,"sexually explicity - please scroll down for message
2 cooladultsite . com p . o . box 80314 sioux falls , sd 57104 this e - mail message is an advertisement and / or solicitation .
",spam,2005-06-24
4364,fw : nice neighbour girl cumming movies,"boo : ) ) )
mus zoo
",spam,2004-10-10
22252,save as much as 70 % on popular rx - drugs,"generic are the industry ' s most closely guarded secret .
popular meds at deep discounts at this fast - growing site .
we currently ship to most countries .
sincerely ,
carmella falkowski
visit the site today and save
n 7 mx
",spam,2005-07-10
22782,book - split update 4 / 25 / 2000,"as we are nearing the deadline for the book - split project , i want to give you
a status update .
book - split
completed
separate cash & term books have been setup in enpower and global databases
for every country
pablo pissanetzky has written code to successfully transfer over 99 % of the
deals into their proper regional books
two dozen deals ( mainly annuities ) have been modified in production to
transfer according to pablo ' s code
all deals requiring manual intervention on go live date have been identified
initial position report has been developed and tested for accuracy
uncompleted
communication to commercial of positions ( wed . april 26 )
presentation of the position report which allows commercial to view monthly
peak / off - peak volumes by region ( wed . april 26 )
pcs by deal for each portfolio
separate dprs and associated reports for the pool and bilateral portfolios
modifications necessary for the settlements invoicing system
transmission
we are making progress on this effort although you have not seen any hard
evidence . zhiyong wei is the it director in houston who is responsible for
enpower development . we are working with pablo and zhiyong on several
possibilities . as we have previously discussed , there is not the current
capability to value the spreads as options , but we are testing the other
scenarios .
buy / resale
this deal type has been disabled
we are waiting for zhiyong ' s response as to its future functionality if any
transmission
pablo tested in the stage environment today after receiving minor assistance
from zhiyong
ability to book transmission deal without annuity leg
ability to liquidate demand charge daily
reflects long and short positions at the appropriate regions ( as forwards not
options )
does not value the forward spread between the regional curves ( still testing )
variable cost treatment is still being tested
forwards
if deep in the money , we could enter intra - desk / inter - desk deals to reflect
positions and p & l
much time and it development resources have been spent to make use of the
transmission functionality . after speaking with zhiyong , there evidently was
a big push last year for the mtm of transmission . the latest version has
been in the test environment for some time , but no one is currently testing
it . it will take some attention to test it properly and will not be complete
by the book - split deadline .
as we established in our last meeting , the mtm of transmission is a separate
project from the book - split . due to the complexity and amount of data
involved in the book - split project itself , it is advisable that we
incorporate the transmission second . further testing of the transmission
will continue this week and by the end of the week we should have a decision
on the most effective way to currently book transmission .
please call or come by if you have any questions ,
todd hall",ham,2000-04-25
29014,metro bus passes and woodlands express passes available effective,"friday , december 28 , 2001
enron employees not participating in contract parking are eligible to receive metro bus passes or woodlands express passes . you may pick up a bus pass from the parking & transportation desk , on level 3 of the enron building , from 8 : 30 am to 4 : 30 pm .
all metro passes offered through the enron parking & transportation desk will be the metro 30 day zone pass . when you use a 30 - day zone pass , bus service is divided into four zones w / unlimited rides . the zone pass is time activated , which means that it will not become active until the first time it is used and will not expire until 30 days after it was used for the first time . new passes will be available to enron employees upon expiration of the 30 day time period . each zone does have a different fare values based on the distance the bus travels . this is important to any buser who wants to transfer to or travel in a higher - cost zone than the zone pass they have , in this case the difference must be paid in cash . if they are traveling in a lower cost zone , then there is no extra cost .
parking & transportation desk
3 - 7060",ham,2001-12-28
17035,kate ' s birthday party !,"i will be 40 years old this saturday , and was thinking about having some friends around for pinochle and soda crackers . . . . . no , just kidding . i ' ll actually be turning a different age which i ' ll disclose to you if you come to my party and partake in some fine draft beer and fajitas and hot chicks !
festivities begin around 7 p . m . bring something to grill - we ' ll provide the fixings for fajitas . directions are as follows . . . . . .
i - 84 east to 33 rd ave . exit
left off the exit
straight through the light at broadway & 33 rd
left on brazee ( directly across the street from grant park )
my house is directly ahead on the corner of 32 nd place and brazee . tall , white with green trim . guarded by two mean cats .
call if you get lost - 503 - 288 - 6546 .
see you on saturday !
kate",ham,2001-08-09
15179,congratulation ! ! ! ! ! ! !,"from : the desk of the promotions manager ,
europe promotions / prize award department ,
ref : gta / lp / 26510460037 / 02
batch : 24 / 00319 / gta
e - mail : euroloto @ netscape . net
tel : + 31 - 624 - 645 - 123 ,
fax : + 31 - 641 - 611 - 202
euro lottery winner
our ref . no : 04 / amstelo 03568 / eu
21 - 08 - 04
attention : ref . no : eu / email 300 / euo 4
europe lotto wishes to inform you the results of the e - mail address ballot
lottery international program by europe lottery union held on the 12 th august
2004 . your email account has been picked as a winner of euros 600 , 000 . 00
only ( six hundred thousand euros only ) .
this result is now released to you on the 28 th of august 2004 , and your
email address attached to ticket no : 0431505 with the lucky no : 09 , 62 ,
16 , 71 , 31 , euro ball 25 . which won the lottery in the a category ? all participants
were selected through a computer ballot system drawn from microsoft users
from company and individual email addresses users .
be advice to keep your winning information confidential until your claims
has been processed and your money remitted to you . this is part of our security
protocol to avoid double claiming and unwarranted abuse of this program ,
for the release of your winning , kindly send your reply to claim department : inforenquiry @ europe . com ,
mr . patrick fuso , your assigned officer on 0031 - 642 - 645 - 123 .
all winning must be claimed not later than 29 nd of september 2004 . after
this date all unclaimed funds will be returned . please note in order to
avoid unnecessary delays and complications please remember to quote your
reference number in all correspondence , including phone and fax numbers .
congratulations from the staff and thank you for being part of email account
users program .
yours sincerely ,
mrs . julie van hans ,
executive . ( euro lottery intern . )
dr . p . swier , mr . gerald goodman ( manager foreign operations ) , mr . franklyn
van der weijden ( manager domestic banking operations ) , dr . james williams
( director international credit department ) , mrs . sandra murphy ( executive ) ,
mr . michael cole ( executive ) , mr . stephen boer ( chairman ) .
copyright © 2002 europe union lottery international .
get tiscali broadband from £ 15 : 99
get tiscali broadband from £ 15 : 99
",spam,2004-09-17
7263,eprm,"vince ,
?
could you please provide me with an indication on whether you will be able
to review the latest eprm article in the next day or so ? ?
?
look forward to hearing from you shortly .
?
julie",ham,2000-10-13
10896,mail delivery failed : returning message to sender,"this message was created automatically by mail delivery software .
a message that you sent could not be delivered to one or more of its
recipients . this is a permanent error . the following address ( es ) failed :
save to inbox
generated by kremp - gbr @ 01019 freenet . de
mailbox is full : retry timeout exceeded
- - - - - - this is a copy of the message , including all the headers . - - - - - -
return - path :
received : from [ 194 . 97 . 50 . 136 ] ( helo = mx 3 . freenet . de )
by mbox 60 . freenet . de with esmtpa ( id exim ) ( exim 4 . 52 # 5 )
id lduppd - 00076 l - ja
for kremp - gbr @ 01019 freenet . de ; tue , 19 jul 2005 12 : 59 : 47 + 0200
received : from pll 269 . nas 925 . te - fukuoka . nttpc . ne . jp ( [ 219 . 102 . 66 . 245 ] helo = mailwisconsin . com )
by mx 3 . freenet . de with smtp ( exim 4 . 52 # 3 )
id lduppc - 0004 fp - jp
for kremp - gbr @ freenet . de ; tue , 19 jul 2005 12 : 59 : 47 + 0200
received : from 205 . 214 . 42 . 66
( squirrelmail authenticated user projecthoneypot @ projecthoneypot . org ) ;
by mailwisconsin . com with http id j 87 gzo 09360393 ;
tue , 19 jul 2005 10 : 57 : 46 + 0000
message - id :
date : tue , 19 jul 2005 10 : 57 : 46 + 0000
subject : just to her . . .
from : "" barry castillo ""
to : kremp - gbr @ freenet . de
user - agent : squirrelmail / 1 . 4 . 3 a
x - mailer : squirrelmail / 1 . 4 . 3 a
mime - version : 1 . 0
content - type : text / html ; charset = iso - 8859 - 1
content - transfer - encoding : 8 bit
x - priority : 3 ( normal )
importance : normal
delivered - to : kremp - gbr @ freenet . de
envelope - to : kremp - gbr @ freenet . de
x - warning : message contains spam signature ( 149285 : : 050719125947 - 6 aa 64000 - 6081 c 675 )
soft viagra at $ 1 . 62 per dose
ready to boost your sex life ? positive ?
time to do it right now !
order soft viagra at incredibly low prices
starting at $ 1 . 99 per dose ! unbelivabie !",spam,2005-07-19
6794,phone time,"dear dr . kaminski
thanks for your arrangement . i have received email from shirley . either
wednesday or thursday will be fine to me . i am looking forward to talking to
you at that time . it is always my pleasure to work with you .
best wishes
quentin kerr
- - - - - - - - - - - - - - - - - - - - - - - - - - - - - - - - -
quentin kerr , email : qkerr @ maths . uq . edu . au
room : 67 - 625 tel : ( 07 ) 33461428
department of mathematics , the university of queensland",ham,2000-08-14
11550,divestitures,"effective march 23 , 2001 , brownsville power i , l . l . c . and caledonia power i , l . l . c . were sold to cinergy capital & trading , inc . evidence is filed in the houston 48 th floor corporate vault . please share this information with other interested parties .
note : sylvia hu - evidence to follow by hand .
kate b . cole
director , corporate services
enron corp .
tel : ( 713 ) 853 - 1624
fax : ( 713 ) 646 - 8007
email : kate . cole @ enron . com",ham,2001-04-20
29041,dynegydirect update,"dynegydirect will be unavailable beginning at 3 : 00 pm today for system
maintenance . the system will not be taken down until 3 : 30 pm to allow for
completion of daily reports , etc . we request that you please log out of the
system while we are performing maintenance . dynegydirect will be available
tomorrow , january 16 , during normal business hours starting at 2 : 00 am until
6 : 30 pm . should you have questions , please contact ecare at 713 . 767 . 5000 or
1 . 877 . 396 . 3493 .
dynegydirect e - care
dynegy inc .
1000 louisiana , suite 5800
houston , texas 77002
e - mail :
e - care @ dynegydirect . com
phone :
north america 877 . 396 . 3493
united kingdom 0800 . 169 . 6591
international + 1 . 713 . 767 . 5000
fax :
north america 877 . 396 . 3492
united kingdom 0800 . 169 . 6615
international + 1 . 713 . 388 . 6002",ham,2002-01-15
24251,100 lazy people wanted ! ilob,"we are desperately looking for 100 lazy people
who wish to make lots of money without working .
we are not looking for people who are self - motivated .
we are not looking for people who join every ' get rich
quick ' scheme offered on the internet .
we are not looking for class presidents , beautiful
people , career builders or even college graduates .
we don ' t even want union workers or trade school graduates .
we want the laziest people that exist - the guys and
gals who expect to make money without lifting a finger .
we want the people who stay in bed until noon .
we want those of you who think that getting out of bed to go
lay on the couch is an effort that is best not thought about .
if you meet these criteria , go to :
livinghealthytoday @ hotmail . com
and type in the subject line the following words :
"" i do not want to work "" .
in fact , if you are so lazy that typing those words
in the subject line is an effort , than don ' t bother .
just click on the email and we ' ll know that you want
us to send you the domain name anyhow , because then
we will be absolutely certain that you are the
kind of person we want .
in case you haven ' t figured it out yet , we want
the kind of people who do not take risks .
if you are the kind of person who will consider doing
something that ' s not a ' sure thing ' , then do not respond .
this is too easy a way to make money
and there ' s no challenge in it .
if you can get to the website that we are going
to email you , you will be able to see the first
home business in history that requires no work . none .
by clicking on this email and then going to
this website , you will be telling us that you
want to make enough money that you can quit
your regular job and sleep all day .
we are not looking for a commitment from you
and we don ' t even want your money .
as a matter of fact , we don ' t even want you
to hear from us again if the idea of making lots
of money without working does not interest you .
so this is the first
and last email we will
ever send you .
that is a promise .
so if nothing else , remember this -
to make money without working for it just
send an email with the following words
in the subject line : "" i do not want to work "" to :
livinghealthytoday @ hotmail . com
and we will email you back with the
website that gives you information
on the best of both worlds -
a way to make money without having to work .
we look forward to hearing from you .
in all seriousness ,
rick
this email ad is being sent in full compliance
with u . s . senate bill 1618 , title # 3 , section 301
* * * * * * to remove yourself send a blank email * * * * *
* * * * * * * * * * to : removal 495721 @ yahoo . com * * * * * * * *
mmxrxrxhfqlwfokhcb",spam,2002-05-26
32262,upward movement connects you to the insider ' s game,"yap internationa | , inc . ( ypil )
voip technoiogy requires no computer or high speed internet connection for its dia | - up product .
current price : $ . 22
watch this stock tuesday some of these littie voip stocks have been really moving lately .
and when some of them move , they really go . . . gains of loo % , 2 oo % or more are
not unheard of .
break news ! !
* yap internationa | inc . ( otc : ypil ) announced today that it has entered into a letter of intent with lmb technologies inc . for an exclusive license to its proprietary voip technologies for the geographic region of the caribbean .
subject to the conciusion of a definitive agreement , yap wouid provide lmb technologies inc . with exciusive access to market , distribute and re - license the stable of voip reiated and products being developed by yap .
¡ § the caribbean market is growing in terms of it ¡ ¦ s access to the benefits of voip technologies . access to this market is very important to the continued growth of yap and we are pieased to potentia | | y partner with a company seeking to exploit this market and gain market share for yap products in a developing region ¡ ¨ , stated jan olivier , ceo of yap internationa | .
a mammoth gain of astronomical proportions very quickiy . that ' s what can happen with these small cap stocks when they take off . and it happens every day . wiil ypil join the ranks of ste | | ar performers ?
about the company :
yap international , inc . is a muiti - nationa | internet communications
company deveioping cost effective teiecommunications through voice over internet protoco | ( voip ) technoiogies . the company ' s voip technology requires no computer or high speed internet connection for its dia | - up product and works in conjunction with any standard push button phone to access voip sav - ings . the company plans on targeting the market of more than 1 . 1 billion teiephones woridwide , but specifica | | y , the international calling market as it pertains to foreign - born residents living in the united states and canada . the company ' s other products work with broadband , dsl , cable , sateliite , and has wireless capabiiities . the company ' s nameistrative offices are | ocated in vancouver , bc and saies offices in los angeles , ca .
- - - - - - - - - - - - - - - - - - - - - - - - - - - - - - - - - - - - - - - -
and please watch this one trade tuesday ! go ypi |
information within this pubiication contains future looking statements within the meaning of section 27 a of the securities act of 1933 and section 21 b of the securities exchange act of 1934 . any statements thatexpress or invoive discussions with respect to predictions , expectations , beliefs , pians , projections , objectives , goals , assumptions or futureevents or performance are not statements of historica | fact and may be future | ooking statements . future | ooking statements are based on expectations , estimates and projections at the time the statements are made that invoive a number of risks and uncertainties which couid cause actual resuits or events to differ materially from those presently anticipated . future looking statements in this action may be identified through the use of words such as projects , foresee , expects , will , anticipates , estimates , beiieves , understands or that by statements indicating certain actions may , couid , or might occur . these future - | ooking statem !
ents are based on information currentiy available and are subject to a number of risks , uncertainties and other factors that could cause ypil ' s actua | results , performance , prospects or opportunities to differ materiaily from those expressed in , or impiied by , these future - | ooking statements . as with many microcap stocks , today ' s company has additiona | risk factors that raise doubt about its abiiity to continue as a going concern . these risks , uncertainties and other factors inciude , without limitation , the company ' s growth expectations and ongoing funding requirements , and specificaily , the company ' s growth prospects with scaiabie customers . other risks inciude the company ' s | imited operating history , the company ' s history of operating | osses , consumers ' acceptance , the company ' s use of licensed technoiogies , risk of increased competition , the potentia | need for additiona | financing , the conditions and terms of any financing that is consummated , the | imited trading market !
for the company ' s securities , the possibie volatiiity of the company ' s
stock price , the concentration of ownership , and the potential fiuctuation in the company ' s operating results . the publisher of this report does not represent that the information contained in this message states ail materia | facts or does not omit a material fact necessary to make the statements therein not misleading . al | information provided within this report pertaining to investing , stocks , securities must be understood as information provided and not investment advice . the publisher of this newsietter advises a | | readers and subscribers to seek advice from a registered professional securities representative before deciding to trade in stocks featured within this report . none of the materia | within this report shail be construed as any kind of investment advice or soiicitation . many of these companies are on the verge of bankruptcy . you can lose ail your money by investing in this stock . the publisher of this report is not a registered investment expert . subscribers sho !
uld not view information herein as legal , tax , accounting or investment advice . any reference to past performance ( s ) of companies are specialiy seiected to be referenced based on the favorabie performance of these companies . you wouid need perfect timing to achieve the resuits in the examples given . there can be no assurance of that happening . remember , as aiways , past performance is not indicative of future results and a thorough due diligence effort , inciuding a review of a company ' s filings at sec gov or edgar - oniine com when availabie , shouid be completed prior to investing .
al | factua | information in this report was gathered from public sources , including but not | imited to company websites and company press releases . the publisher discloses the receipt of fifteen thousand doliars from a third party , not an officer , director , or affiiiate sharehoider ofthe company for the preparation of this oniine report . be aware of aninherent conflict of interest resulting from such compensation due to the fact that this is a paid publication . the publisher of this report believes this information to be reiiabie but can make no assurance as to its accuracy or compieteness . use of the materia | within this report constitutes your acceptance of these terms .
if you wish to stop future mailings , or if you fee | you have been
wrongfuily piaced in our membership , piease go here or send a blank
e mai | with no thanks in the subject to
( - stock 39 @ yahoo . com - )",spam,2005-03-22
7592,fw : aram g . sogomonian,"per my voice mail , attached is the resume for aram sogomonian . please
schedule a telephone interview with john lavorato and aram sogomonian . if
you have any questions please let me know .
norma villarreal
sr . human resource represenative
x 31545
- - - - - - - - - - - - - - - - - - - - - - forwarded by vince j kaminski / hou / ect on 10 / 12 / 2000
11 : 02 am - - - - - - - - - - - - - - - - - - - - - - - - - - -
"" sogomonian , aram "" on 10 / 11 / 2000 12 : 03 : 16 pm
to : "" ' vkamins @ enron . com ' ""
cc :
subject : fw : aram g . sogomonian
- aram g 2 . doc",ham,2000-11-09
29720,= ? iso - 8859 - 1 ? q ? congratulations = 20 = 20 = 20 = 20 = 20 ? =,"attn - sir
from : the desk of the promotions manager ,
sunsweetwin lotto promo lottery , the netherlands .
international promotions / prize award department ,
alfonstraat b 56 , 1002 bs amsterdam , the netherlands .
ref : oyl / 26510460037 / 02
batch : 24 / 00319 / ipd
attention : re / award notification / final notice
we are pleased to inform you of the announcement today , 18 th , september
2004 of winners of the sunsweetwin promo lottery , the netherlands / international ,
programs held on 7 th , september 2004 .
your company / name , is attached to ticket number 023 - 0148 - 790 - 459 , with serial
number 5073 - 11 drew the lucky numbers 43 - 11 - 44 - 37 - 10 - 43 , and consequently
won the lottery in the 3 rd category .
you have therefore been approved for lump sum pay out of us $ 5 , 500 . 000 . 00
million in cash credited to file ref no . oyl / 25041238013 / 02 . this is from
total prize money of us $ 80 , 400 , 000 . 00 shared among the seventeen international
winners in this category .
all participants were selected through a computer ballot system drawn from
25 , 000 names from australia , new zealand , america , europe , north america
and asia as part of international promotions program , which is conducted
annually .
congratulations !
your fund is now deposited with a security company insured .
due to the mix up of some numbers and names , we ask that you keep this award
strictly from public notice until your claim has been processed and your
money remitted to your account .
this is part of our security protocol to avoid double claiming or unscrupulous
acts by participants of this program . we hope with a part of your prize ,
you will participate in our mid year high stakes us $ 1 . 3 billion international
lottery .
to begin your claim , please contact your claim agent :
mr . atkins hopewell .
wood foreign service manager ,
vertex finance company : atkinhopewell @ netscape . net
for due processing and remittance of your prize money to a designated account
of your choice . please send down your telephone and fax nos .
remember that all prize money must be claimed not later than 28 th , september
2004 . after this date , all funds will be returned as unclaimed .
note : in order to avoid unnecessary delays and complications , please remember
to quote your reference and batch numbers in every one of your correspondences
with your agent .
furthermore , should there be any change of your address ; do inform your
claims agent as soon as possible .
congratulations again from all our staff and thank you for being part of
our promotions program .
sincerely ,
chris renee .
the promotions manager , sunsweetwin lotto
promo lottery , the netherlands .
use o melhor sistema de busca da internet
radar uol - http : / / www . radaruol . com . br",spam,2004-09-19
18745,bypath elmer bilabial magazine conductor eulogy servitor equivalent etruscan querulous decomposable pancreatic religious,"hey ,
have you been tired lately , if so check this out to help regain your youth . . .
florence parker
blackmail , braille
coachmen , coextensive . indent . memorandum , rachmaninoff bogus , credent
. charm . bottle , ideologue drowsy , eider . execrate . exploit 2
, cathetero dyke , hedonism . incisive . billie , engine
crossbar , navigable . dixon . kline , insincere kilohm , fundraise
. homogeneity . americana , en cerulean , applicant . scapula . hyacinth
, absolution afghan , getty . geography . bag , bright deerskin
, bauer . brazilian . hiatt , consolidate creed , sheriff . defrock
. plantation , shaky clog , impasse . seraglio . cavalier , cannibal
nadia , lecher . menu . shirt , plague derange , classify
. capacitive . geophysics , codon influent , kimono . obsequy . harrison
, peel abbreviate , nuclide . digestion . freud , objet mauve
, adherent . bagging . bashful , geisha choir , creosote . chocolate
. bicycle , flux 7 aegis , carthaginian . gubernatorial . shylock
, apex holmdel , averring . ectopic . meteoric , destabilize al
, entity . kettle . cortege , bujumbura injurious , asparagine . aurelius
. fraud , local gamut , sea . patterson . downdraft , archipelago
drown , sixty . grid . oxcart , cog adenosine , hailstorm
. rosenthal . rain , disdain edmonton , putty . runic . afire
, length footpath , impure . cutout . glendale , blew desperado
, adorn . memorabilia . extensive , extant preen , bamboo . coffer
. curse , infelicitous mcdonnell , connivance . indefinite . footwear , beard
",spam,2004-04-22
756,calpine daily gas nomination,"> yesterdays ( 10 th ) as we spoke of by
phone .
- calpine daily gas nomination 1 . doc",ham,2000-05-09
6178,re : executive program on credit risk modeling,"tanya ,
please , ask him to make the arrangements .
vince
tanya tamarchenko
05 / 25 / 2000 11 : 19 am
to : vince j kaminski / hou / ect @ ect
cc :
subject : re : executive program on credit risk modeling
yes , i think it is useful for vincent to attend the program .
tanya .
vince j kaminski
05 / 22 / 2000 09 : 50 am
to : tanya tamarchenko / hou / ect @ ect
cc :
subject : executive program on credit risk modeling
tanya ,
another thought .
should vincent go as well ?
vince
- - - - - - - - - - - - - - - - - - - - - - forwarded by vince j kaminski / hou / ect on 05 / 22 / 2000
09 : 52 am - - - - - - - - - - - - - - - - - - - - - - - - - - -
vince j kaminski
05 / 22 / 2000 08 : 10 am
to : tanya tamarchenko / hou / ect @ ect
cc :
subject : executive program on credit risk modeling
fyi
vince
- - - - - - - - - - - - - - - - - - - - - - forwarded by vince j kaminski / hou / ect on 05 / 22 / 2000
08 : 12 am - - - - - - - - - - - - - - - - - - - - - - - - - - -
"" kashiwamura , shelby "" on 05 / 18 / 2000
02 : 03 : 19 pm
to : "" isero , alicia "" , "" kashiwamura , shelby ""
cc : ( bcc : vince j kaminski / hou / ect )
subject : executive program on credit risk modeling
subject : announcement : executive program on credit risk modeling
credit risk modeling for financial institutions
october 15 - 20 , 2000
at stanford university business school
risk management specialists , stanford business school professors of finance
darrell duffie and kenneth singleton will be repeating their successful
executive program on credit risk pricing and risk management for financial
institutions . the course is created for risk managers , research staff , and
traders with responsibility for credit risk or credit - related products ,
including bond and loan portfolios , otc derivative portfolios , and credit
derivatives .
this program includes :
* valuation models for defaultable bonds , otc derivatives , and credit
derivatives , with empirical applications to corporate and sovereign markets
* empirical and theoretical assessments of models for measuring credit
risk , with correlation , for portfolios
* the strengths and limitations of current practice in credit risk
measurement
* practical issues in implementing credit modeling and risk systems
* estimation of default and transition probabilities , and the
correlations among the default risks of publicly traded companies , from
historical data
application form :
credit risk modeling for financial institutions
stanford , october 15 - 20 , 2000
this form may be completed and returned by email , or may be printed and sent
by fax to :
stanford gsb executive education programs
fax number : 650 723 3950
you may also apply and see more detailed information by visiting our web
site at :
www . gsb . stanford . edu / exed / crm
applications will be acknowledged upon receipt . if you have not received an
acknowledgement within two weeks , please contact us .
please complete all sections . all information is kept strictly confidential .
name :
put an x beside one , please : male : female :
citizenship :
job title :
company :
your company ' s main activity :
business mailing address :
business phone ( all codes please ) :
business fax :
email address :
home address :
home phone :
nickname for identification badge :
emergency contact name :
emergency contact phone :
title of person to whom you report :
your job responsibilities and experience related to this course : ( please
provide a brief job summary here , or attach and send a biographical summary
containing information relevant to your purpose and qualifications for the
course . )
college or university education : please list , by degree :
college or university dates degree granted
_ _ _ _ _ _ _ _ _ _ _ _ _ _ _ _ _ _ _ _ _ _ _ _ _ _ _ _ _ _ _ _ _ _ _
_ _ _ _ _ _ _ _ _ _ _ _ _ _ _ _ _ _ _ _ _ _ _ _ _ _ _ _ _ _ _ _ _ _ _
please note :
all classes and discussions are conducted in english .
in order to reserve a place in the course , the program fee of us $ 7 , 500 is
due upon notification of acceptance . this fee covers the tuition , single
room , meals , and all course materials ( including a proprietary manuscript on
credit risk pricing and measurement ) .
our refund policy is available upon request .
please state the source from which you heard about this course :
name and date :
if you would like a hard copy brochure and application form , please contact :
( make sure to include your mailing address )
shelby m . kashiwamura
program manager
executive education
stanford graduate school of business
( 650 ) 723 - 9356 phone
( 650 ) 723 - 3950 fax
kashiwamura _ shelby @ gsb . stanford . edu",ham,2000-05-25
9087,re : fw : parent - subsidary model,"hi again ,
thanks for the financial data on enron ' s european counterparties .
it is my understanding that you started out with a list of 500 such
counterparties . however , your spreadsheet only contains information for 72
of these european counterparties .
will you please tell me the logic behind the elimination of the 400 + other
counterparties ?
thanks so much ,
iris
- - - - - original message - - - - -
from : parsons , ben
sent : tuesday , april 17 , 2001 2 : 56 am
to : mack , iris
cc : valnek , tomas ; dhar , amitava ; mumford , mike
subject : re : fw : parent - subsidary model
hi iris
the inputs and outputs generated by riskcalc can be seen in the attached file :
>
we only looked at the 5 - yr pd .
inputs are in columns a - u . these are the inputs generated by amadeus . you can
run these inputs through the riskcalc model over the web
( http : / / www . moodysqra . com / privfirm ) using the login : dupred , password :
detective . this is our trial licence which lasts for about 2 more weeks ( mike
mumford will have more details about the current licence )
tomas valnek was getting the data from the amadeus database , so i ' ll leave it
to him to determine if houston access is possible . in the meantime you can
use the dataset attached for testing purposes .
ben
from : iris mack / enron @ enronxgate on 12 / 04 / 2001 17 : 58 cdt
to : ben parsons / lon / ect @ ect
cc : amitava dhar / corp / enron @ enron
subject : fw : parent - subsidary model
hi ben ,
how are you ? today we had a meeting with craig chaney and jeff kinneman to
discuss the private firm model .
they requested that i spend some time carefully analyzing the moody ' s
riskcalc model . i noticed that you also have been looking at riskcalc - as
indicated in your paper entitled "" pricing parent companies and their
subsidiaries : model description and data requirements ""
other than the example discussed in your paper , did generate any other test
statistics , scores , etc .
also , you stated that you used amadeus database . we are in the process of
trying to obtain data from various data vendors - but that may take a while .
in the mean time , may we have access to the amadeus database or some sample
dataset ?
thanks so much ,
iris
- - - - - original message - - - - -
from : valnek , tomas
sent : tuesday , april 10 , 2001 9 : 10 am
to : fiala , markus ; seyfried , bryan ; salmon , scott ; kirkpatrick , eric ;
mumford , mike ; fontaine , jean - sebastien ; brooks , simon ; price , nigel ;
diprose , robert ; rezaeian , reza ; gordon , mike ; lee , derek ; hershkovitz , ilan ;
golden , sally ; stephan , nicholas ; albanis , george ; shanbhogue , vasant ; mack ,
iris
cc : parsons , ben
subject : parent - subsidary model
attached is a description of the parent - subsidiary model that ben and i have
been working on over the last few weeks .
comments welcome !
tv
>",ham,2001-04-17
