review,sentiment
"<br /><br />Giorgino is a strange, dark, obsessive object; the casting is impressive, the plot is powerful, reminded me of Edgar Poe's tales. Probably not a masterpiece, but it does leave us with the remembrance of strong images, fine music, fear, sadness, confusion, and a sentence that says it all : the wolves are coming. GIORGINO is quite forgotten now, and when it was released nobody seemed to appreciate it. That's a shame. If you ever have a chance to see this, well... give it a try.",positive
"The German regional-broadcast-station WDR has shown both ""The General"" and ODC. On Saturday I've seen ""The General"" and I thought, it wasn't very bad, but not very good too. But yesterday I've seen ODC and I switched it off after about an hour. Although Kevin Spacey was the main actor the movie was totally confusing and seems restless. ""The General"" told the story straight and ordered, but ODC just wanted to be cool. There is a reference on the Guy Ritchie Movies ""Lock, Stock and Two Smoking Barrels"" and ""Snatch"", but doesn't have the Coolness of these movies.<br /><br />So, in the end I would rate it 3 of 10!",negative
"Way back in 1996, One of the airliner pilots where I used to work gave me a copy of this film. He told me that It'll make me cry. I never believed him and we even made bets. After seeing the film....I cried a bucket! Even after the seeing the film, I found myself in the bathroom crying. It was actually the most touching film I have ever seen. I like the part where Dexter's mom confronted Eric's mother the line went something like... ""your sons' best friend just died today..and it's not gonna be easy...if you ever lay your hands on him again...I will kill you!"" The last part where Dexter took Eric's shoe was a scene that never left my mind until today. Honestly, just thinking about it makes my eyes teary. A story of what true friendship is all about. My girlfriend loved it too... She hated me for letting her see the film. I cried a bucket, she cried a river.",positive
"Produced at a point in his career, where he had the juice to do whatever he wanted, Eddie Murphy took on the task of producing, directing, co-writing and starring in HARLEM NIGHTS, an expensive-looking but ultimately empty gangster saga about a group of black nightclub owners/gangsters running a ritzy club during the 1930's, headed by a wisecracking hot shot (Eddie Murphy)and his adopted father (Richard Pryor) and their attempts to avoid being overrun by white gangsters who think they are taking over turf that, it seems, they think is rightfully theirs, simply by virtue of their color. This was an idea that probably looked great on paper but it definitely lost something in the translation. This was a vanity piece for Eddie and I think he spreads himself a little too thin here trying to be the whole show here. Admittedly, it was a pleasure seeing Murphy and Pryor together on screen, but the rest of the large supporting cast, including Arsenio Hall, Redd Foxx, Della Reese, Michael Lerner, Danny Aiello, Jasmine Guy, Thomas Mikal Ford, Stan Shaw, and Eddie's brother, are really given precious little to do (though I will admit Murphy's fight scene with Della Reese is hysterically funny and probably, the movie's best scene). Murphy clearly poured a lot of money into this film and a good deal of it shows on screen. The art and set direction are impressive and the breathtaking costumes should have won an Oscar, but this one was a big miss for Eddie as he definitely tried to wear too many hats.",negative
"this particular title is very interesting. the whole movie was like watching a ninja RPG, which is really cool. three magical swords, three clans, a horrible demon, a political power, yotoden has it all. the animation is decent, but a little grainy, the story is top notch, and the fight scenes are real cool. one thing that really looks good in this movie are the monsters. they are pretty freaky. if you liked blood reign and ninja scroll, yotoden is the one to see.",positive
"Kevin Kline and Meg Ryan are among that class of actors which I am always interested in seeing, despite reviews. I have always found Ms. Ryan to be a charming and winsome actress in nearly all her roles, and Kevin Kline is almost always worth watching.<br /><br />I say ""nearly"" and ""almost"" in large part because of this movie.<br /><br />First off, Meg Ryan does not play a likeable character, she plays a weak-willed whiner who begins grating on your nerves shortly after the opening credits and doesn't give up until several days later. That said, Kevin Kline's character is even more annoying and less likeable. So, even if you normally like these two actors, I recommend your give this movie a pass.",negative
"Sometime in 1998, Saban had acquired the rights to produce a brand-new Ninja Turtles live-action series. Naturally, being a fan of the TMNT back in the day, this obviously peaked my interest. So when I started watching the show... to say I was disappointed by the end result is an understatement. Some time later (more like recently), I got a chance to revisit the series.<br /><br />First off, let's talk about some of the positives. They managed to re-create the Turtles' lair as it was last seen in the movies fairly well given the limited budget they threw in with this. There tends to be this darker atmosphere overall in terms of the sets and whatnot. And the Turtle suits, while not the greatest piece of puppetry and whatnot, were functional and seemed pretty sturdy for most of the action stuff that would follow in the series.<br /><br />People tend to complain about getting rid of Shredder quickly and replacing him with these original villains who could have easily been used in a Power Rangers show. But you can only have Shredder get beat so many times before it gets boring and undermines his worth as a villain... and besides, most fans don't realize or don't remember or just plain ignore the fact that in the original comic, the Shredder was offed in the very first issue! Never mind the countless resurrections that would follow. So on a personal standpoint, I was sort of glad they got rid of Shredder because then the anticipation would build to the point where they would eventually bring him back in a later episode. I find that Shredder in small quantities work best because then his encounters with the Turtles are all the more memorable.<br /><br />Unfortunately, they end up replacing him with these original villains who, as stated, seemed more fit for a Power Rangers show than a Ninja Turtles show. And with these new magic-wielding generics comes a new female magic-wielding turtle, the infamous Venus De Milo. I'll be honest; I never got comfortable with her. I'm not against the idea of a female turtle; I'm just against the idea of one who uses magic and thus sticks out like a sore sight among a clan of ninja turtles who seem somewhat out of their domain. I almost get the impression that this could have easily been the Venus De Milo show dealing with her make-believe enemies and the TMNT are just there to provide the star power (or whatever was left considering the timeframe this was released). Fortunately, they all share the spotlight together.<br /><br />Next Mutation was canned after a season on the air and the creators were more than happy to ignore it. Given time and maybe another season, I really believe this live iteration of the TMNT could have been something and might have gotten a chance at greatness. But while the idea was sound, the execution was flawed (although there are a couple good episodes in this series). As it stands, Next Mutation is one of those oddities in Turtledom that is best left buried and forgotten.",negative
"Anyone who has read my review for Uwe Boll's ""Alone In The Dark"" will remember that I compared the unenviable task of sitting through that piece of human waste to having each and every hair on your arm pulled out. Well, take that analogy a step further with this irredeemable gutter trash and try to imagine the pain of getting your teeth extracted without novacaine. Do that, and you'll have a general idea of what Eli Roth's ""Cabin Fever"" is all about.<br /><br />I never believed any one film was capable of topping the sheer agonizing dreck that Uwe Boll cranks out as the ""worst film ever made."" But, in all honesty, I have to say ""Cabin Fever"" comes very close. This is yet another sad excuse for a motion picture that had absolutely no valid reason to meet with any form of theatrical release. For somebody who claims to love the horror genre as much as Eli Roth does, he has created the single most annoying and convoluted patchwork of a movie I think I have ever seen in my entire life. How do you screw up a story like this? Think of the potential this plot would have had without the poorly written characters, without the bad writing, and without all that unnecessary and unfunny comedy. A movie dealing with a grotesque flesh-eating virus could and should have been so much better than what Roth dished out for us here. This script failed on so many levels with me. And, while I do not doubt the evident talent this director possesses, I do know that he fumbled the ball big time on an idea that could very well have redefined the horror genre.<br /><br />To say this was a production of missed opportunities would indeed be a gross play on words. A generous amount of blood and unsettling special effects can't even save it, and that is one element I normally go for. There really was nothing about ""Cabin Fever"" that I could easily recommend to anybody. When three quarters of the crowd walks out of the theater halfway through, you know the movie is sinking fast. My best advice to those reading this would be to simply rent before purchasing. One viewing was more than enough for me to know that I will most likely never bother with it again.",negative
"The hysterical Hardware Wars is finally out on DVD. HW has earned its niche among parody classics and is not only a riotous little 20 minute short but a staple in low budget film production classes, which is where a lot of the film's cult status is derived from and resides. With the DVD, not only do we get a chance to revisit the original parody (4Q2, Cinnamon-Bun Head, Ballistic Toast, et al) that Ernie F. did in 1978, but there is a lot of additional material showcasing the Fosselius wit. Antique Sideshow is a dead-on parody that is very funny but makes a statement about the confluence of ignorance and greed at the same time. The Director's Commentary is also hysterical, as is the Creature Feature which parodies taking a film out on the talk-show circuit and actually IS based on taking HW out on the talk show circuit, albeit the public access circuit. I'd love to see Ernie, Michael Wiese and crew take on some other, contemporary overblown and overbudgeted targets to parody -- like just about any film that Hollywood churns out at $100 million a pop these days -- not so much the crafty films like Spider Man or Men In Black (actually parodies themselves!) but any number of overblown, overhyped, overwrought and overpriced features.<br /><br />",positive
"Saw this movie the first time while drunk at a motel in Canada. While flipping through channels came across the Easy Lube part. My friend kept flipping but I told him to go back. Something about the name easy lube just didn't sound right. Watched the rest of the movie it was pretty damn funny. Jotted down a couple of names from the credits and got home to look it up. Turned out to be Chevy Chase's first movie. I didn't remember him in it. Didn't remember much about it, so I rented it and gave it a second veiw. It's pretty funny and quite graphic. It's just like Kentucky Fried Movie except not as funny. Love the fingers, easy lube, and I'm da f**kin' president parts. Dealers skit is pretty cool too. I give it a 6.5 or 7 out of ten",positive
"This is the award that made me lose all respects for the Hugos.<br /><br />If such a ""distinguished"" panel can't see or care about the obvious story-telling problems of Battlestar Galactica, then what worth is their award? The answer: not much.<br /><br />Award-winning shows should be examples of creativity and excellence, neither of which are in evidence in BG, in this episode or any other that I've seen.<br /><br />Shooting in drab video is not ""artistic"", it's just cheap. Shaking the camera is not ""creative"" it's vomit-inducing and lazy as can be.<br /><br />All BG has shown is how corrupt most award-giving ""academies"" really are and how easy it is to buy awards with a lot of PR money.",negative
"This movie is based on the true story of Iowa housewife Lucille Fray, who got breast cancer after the birth of her 10th child. Realizing that the state would take the children away from her ineffectual, alcoholic husband, she devoted the last year of her life traveling around the state to find new homes for each of the children. A terrific script - which still holds up 20 years after it was first made. The grown children, many of whom had not seen each other since their mother died in the late 50's, were reunited on ""That's Incredible,"" prior to the film's airing in 1983. Barbara Stanwyck won the Emmy for best actress in a TV movie or mini-series, but during her acceptance speech, she went out of her way to single Ann-Margret out for her moving performance.",positive
"Well this is a typical ""straight to the toilet"" slasher film.<br /><br />Long story short, a bunch of teenagers/young adults becoming stranded in the middle of creepy woods and get hacked down by naked nymphomaniac demons.<br /><br />This movie has all the basics for this slasher fromage:<br /><br />-Naked women, -teens or young adults being marooned in someplace spooky, -gory death scenes, -the last survivor being a well built young woman who will always show off her midriff, but never bra less, -a creepy, crazy man who knows about the evil, -lesbian kiss scene, -sex being a killer, -no plot<br /><br />Even then for a cheesy slasher film, it was really terrible. The atmosphere is totally dead. Nothing, not even the sexually explicit scenes and nudity, was enough to keep the male and lesbian female audience interested. Watching it felt like it was being watched with a nasty head congestion or a nasty head cold.<br /><br />Give the demonic ..... 0/10.",negative
"I saw this last week after picking up the DVD cheap. I had wanted to see it for ages, finding the plot outline very intriguing. So my disappointment was great, to say the least. I thought the lead actor was very flat. This kind of part required a performance like Johny Depp's in The Ninth Gate (of which this is almost a complete rip-off), but I guess TV budgets don't always stretch to this kind of acting ability.<br /><br />I also the thought the direction was confused and dull, serving only to remind me that Carpenter hasn't done a decent movie since In the Mouth of Madness. As for the story - well, I was disappointed there as well! There was no way it could meet my expectation I guess, but I thought the payoff and explanation was poor, and the way he finally got the film anti-climactic to say the least.<br /><br />This was written by one of the main contributors to AICN, and you can tell he does love his cinema, but I would have liked a better result from such a good initial premise.<br /><br />I took the DVD back to the store the same day!",negative
"Stage adaptations often have a major fault. They often come out looking like a film camera was simply placed on the stage (Such as ""Night Mother""). Sidney Lumet's direction keeps the film alive, which is especially difficult since the picture offered him no real challenge. Still, it's nice to look at for what it is. The chemistry between Michael Caine and Christopher Reeve is quite brilliant. The dynamics of their relationship are surprising. Caine is fantastic as always, and Reeve gets one of his few chances to really act.<br /><br />I confess that I've never seen Ira Levin's play, but I hear that Jay Presson Allen's adaptation is faithful. The script is incredibly convoluted, and keeps you guessing. ""Deathtrap"" is an enormously entertaining film, and is recommended for nearly all fans of stage and screen.<br /><br />7.4 out of 10",positive
"The Evil is about a big house where a bad spirit is foolishly unleashed to torture all inside. What a washout of a movie! There's not a single scary scene. Not one! Richard Crenna overplays a nothing role. There's some animated ghosts, a disfigurement by power saw, and a ghost-rape. After nothing special happens for almost the whole movie The Evil gets personified into...Victor Buono. Great! Where did the filmmakers get the idea that Buono is scary. He looks like he was on the bum for a guest starring paycheck to pay his liquor bill. By then its too late to turn it off, because the damn thing is over. I felt like throwing the videocassette out the window. Please avoid this junk! Hopefully it will never see the light of DVD and will fade into obscurity.",negative
"I originally saw this movie as a Blockbuster VHS rental. That was quite some time ago, but still remembered it. Blockbuster doesn't have it anymore. Netflix didn't have it and there weren't many copies on the web -- only a few spendy VHS copies. Recently did finally find it available in DVD form on eBay for a reasonable price (in PAL format, but our DVD player will play PAL discs on our NTSC TV).<br /><br />Wife and I both enjoyed it. The style of the movie is a bit strong, and many if not most of the parts are rather strongly over-played as if amateurs were making it(especially the kids), but it's not bothersome. The contrasts of societies are accentuated in the overplay.<br /><br />There is a bit of political preaching in terms of saying that the young in Russia shouldn't try to escape their not-so-great life but instead should at least try to make things better first. But that's not dominant. It's fairly humorous most of the time.<br /><br />Some downplaying of the west commented upon by others isn't that at all IMO, I take it as a comment about expectations of the Russian characters. At least when taken from my western viewpoint. Perhaps it's a downplay of the west from a Russian viewpoint (which it is literally by the characters saying it).<br /><br />I can't say how literally true to the film the English subtitles are, but I can say that the subtitles were done very well, full of English idioms as if done by a native English speaker -- complete with ""colorful"" language.",positive
"Barney is just awful. As many of the other reviews on this show say. I'm not one to disagree with them (I won't). Because I hate this show just as much as they do. They use kids that look like they're in sixth grade, cheesy plots, horrid dialog and really crappy special effects. Not to mention that big purple dinosaur himself. He makes every other kid show look like award winners (Sesame Street has won awards, that I know about).<br /><br />Please, just watch Sesame Street, Thomas the Tank Engine or even the Teletubbies. Avoid both, this and its movie (which I also reviewed). They are both extremely crappy and are inappropriate to anyone (even little babies).",negative
"The '60s is an occasionally entertaining film, most of this entertainment is from laughing at the film. It is extremely uneven, and includes many annoying elements. Take for instance the switch between black & white, and color. If done right, this could of been fairly effective, but because it was done poorly , it turned into a nuisance and only detracted from the already bad experience; much of the film had an odd feel to it. The acting wasn't extremely bad for a made for TV flick, but then again it was downright embarrassing at other times. Many of the events were not coherent, and ending up being confusing. How did this family somehow end up being at many of the big events during the 1960's? The ending was much too sappy for my tastes; because it was hollywoodized, everything had to turn out right in the end. I would advise you to not waste your time on The '60s and do something else with your time. I'm glad I watched this in class, and not on my own time. I think I can safely say that the best part of the movie was the inclusion of Bob Dylan's music. Those are just my rambling thoughts on the flick. I hope you take my advice, and stay away from this.",negative
"The sort of ""little"" film which studios used to excel at but seldom make anymore. Sort of a ""soul"" version of the more well-known ""The Last Of The Blonde Bombshells"". Ian McShane is excellent as a DJ and aficionado of soul music who becomes obsessed with the idea of re-uniting the members of a classic soul group, and the film follows his exploits as well as those of the group members; a cast which includes such genuine musical talent as Isaac Hayes, as well as acting stalwarts Taurean Blacque, Derrick O'Connor and Antonio Fargas. Not meant to be an epic by any means, this is nonetheless a chunk of solid gold.",positive
"By the numbers story of the Kid (Prince), a singer, on his way to becoming a star. Then he falls in love with Apollonia (Appolonia Kotero). But he has to deal with his wife-beating father (Clarence Williams III!) and his own self-destructive behavior.<br /><br />I saw this in a theatre in 1984. I was no big fan of Prince but I did like the three big songs from this movie--""Purple Rain"", ""Let's Get Crazy"", and ""When Doves Cry"". The concert scenes in this movie are great--full of energy and excitement. Unfortunately that's a VERY small portion of the movie.<br /><br />The story is screamingly obvious and have been done many times before--and much better too. The subplots are, to put in nicely, badly handled. The love triangle between The Kid, Appolonia and Morris Day was so predictable and tired that I actually became insulted. His wife beating father is needed for the story, but the scenes are so badly handled (in acting and direction) that I couldn't believe it. The script is terrible--lousy dialogue and some truly painful ""comedy"" routines. And there's tons of misogyny here--The Kid's mother getting beaten; The Kid hitting Appolonia and (for no reason) Appolonia strips and goes topless to swim in a dirty river. Also Williams' and Princes' characters treat women in a horrible manner constantly.<br /><br />The acting is where this movie REALLY fails. Appolonia is sweet and beautiful--but no actor. And Prince is (easily) the WORST actor I've ever seen. His blank face and wooden dialogue delivery are so bad I couldn't believe it. This movie only comes to life during the concert scenes but there aren't really that many. The ""dramatic"" scenes are so badly acted and handled that they make this movie a chore to sit through. They should have just made this a concert film. I give this a 2--only for the music.",negative
"American Graffiti is one of the best movies ever made. I've seen it at least 30 times and am emotionally affected by it each time I see it. (I graduated from high school in 1962.) <br /><br />However, More American Graffiti is one of the worst movies ever made.<br /><br />It is hard to believe than anyone associated with the great original movie was involved with this terrible sequel. The part of the movie set in Vietnam was extremely inaccurate. (I served 18 months in Vietnam with the 101st Airborne Division.) <br /><br />The whole movie had nothing worthwhile in any part of it.<br /><br />If anyone ever wants to make a case against making sequels to great movies, More American Graffiti would be the prime example of what can go wrong.",negative
"Another in the they don't make em like that category. This story of a family with some real skeletons in its closet still qualifies as good clean, sometimes over-the-top fun. Robert Stack and Dorothy Malone are at their peak as the troubled Hadley siblings, and they really took the roles and ran with them. Malone won an Oscar and Stack was nominated in the supporting categories, both honors being eminently well-deserved. They counterbalance the somewhat bland leads. Neither Bacall nor Hudson could ever be called bad actors, but they've both had better parts and played them far more convincingly than they do here. It's kind of hard for me to accept Rock Hudson playing such a red-blooded heterosexual as he does here, but that's more of a personal bias than anything else. But that doesn't take away from the movie's overall entertainment value, which is considerable and this movie is extremely watchable. If you're up some night and this movie comes on I'd say watch it. It's well worth it.",positive
"This is simply the worst movie I've ever seen. Neither of the three central characters has any charm, and Erika's good looks aren't enough to carry the film. The lamest plot I've ever had inflicted upon me. Also the most unconvincing military comedy ever. Why did they bother?",negative
"I Won't say anything about music, because this topic can be so deep that it can become one huge separate review, so let's concentrate on movie that is brilliant... No doubt, one of the best works of Forman.<br /><br />The simple story about love, friendship, freedom and ideals... oh yes, the ideals for which even pacifists are ready to go in war...<br /><br />There is not a single fake word, single fake character, single fake feeling in the story, because the love, freedom and friendship isn't something complicated for the characters of movie. These things aren't something that ""everyone can view from different angle"" These aren't things that need much thinking to understand... their love is simple, their friendship is simple, their ideals are as simple as the word ""simple"" itself and that's why these characters are so deep.<br /><br />Berger, the leader of a hippie played by Treat Williams is a guy who lives to live and that's the biggest happiness for him... he has his ass - (as he sings in one of the scenes in the movie) and that's enough to make him happy with his property...<br /><br />Berger never accepts that something can't be done... and his right... If he wants to go to some rich guys' banquet in his dirty old clothes and huge long hair, he will do it... if he want's to go to another state to just see his friend, he'll do it... he never thinks twice... he just do it.<br /><br />How? why is he so powerful? the answer is simple: because he is FREE.<br /><br />Just watch how the wind makes the hair wave in this movie and you will understand it all, maybe you will even free yourself too.",positive
"It begins with several of the principles on a stage run to Albuquerque. Gabby Hayes(Juke, sounds like Duke) is the driver and begins his usual tirade against women in general, with his girlfriend Pearl being an exception. He then relates a garbled version of the biblical story of Samson to justify his retention of long whiskers against the wishes of Pearl, who is the town barber, no less, and who claims if everyone followed his example, she would be out of business. This point will return to dominate the last scene in the film. Gabby seems an irritation to some reviewers, but is a definite plus to this one. It's too bad he wasn't in more of the better Randoph Scott westerns to help lighten up Randy's usual iron-jawed demeanor. Also on this stage are Randy(Cole Armin), his future wife(Cathrine Craig , as Celia Wallace), whom he is getting acquainted with, and a little girl(Myrtle), to whom he soon becomes a hero when he rescues her from the runaway stage after it is held up by henchman of Randy's wheelchair-bound uncle John Armin(George Cleveland), who essentially runs the town.<br /><br />Randy soon learns that his uncle, and by extension, himself, is not exactly popular among the town folk. He does, however, quickly form a useful friendship with Gabby. After he learns that uncle John was responsible for the stage holdup of his business competitor, Celia Wallace, and the associated murder, he demands that uncle John return the money and decides to work for Celia and her brother Ted(Russell Hayden), instead of for uncle John. <br /><br />As his rival's prospects rise, uncle John decides to plant an informant(Barbara Britton, as Letty Tyler) in the Wallace office, to keep him informed as to when they are delivering ore from the mines to town so that he can sabotage their run. When this doesn't work, he resorts to the draconian tactic of staging an arson of his own office, for which Randy is blamed. Unfortunately, when the fire was discovered, Randy was in Letty's apartment confronting her with suggestive evidence that she was tipping off uncle John. Myrtle and Letty testify that he was in the apartment when the fire was discovered. This puts him and Letty in the dog house with Celia(his apparent beau) and Ted(who hopes to woo Letty). This news also ends Uncle John's trust in Letty as an informant, and he suggests she leave town. Instead, she switches sides and tells the Wallaces why Randy was in her apartment. Uncle John tries once again to sabotage their ore run, and when that fails, there is a general shootout in town. You can guess the results.<br /><br />The plot is well constructed and executed, with complicated relationships between the principles, and with a variety of obstacles for Randy to overcome, with the sometimes aid of his associates. At least, Randy was spared the necessity of bringing his uncle to justice. Uncle John had a choice to avoid assassination, but arrogantly trusted that a woman wouldn't have the guts to carry out her threat. The presence of Hayes and two beautiful wholesome single women, as well as little Myrtle, much helped to lighten the otherwise tense atmosphere in this battle for survival, as uncle John put it.<br /><br />It seems odd that Barbara Britton, the ""bad"" girl, gets top female billing over Catherine Craig, Randy's love interest. Barbara's on camera time was much more limited. <br /><br />Those who grew up on the Lassie TV series featuring George Cleveland as ""Gramps"" will be surprised to find him playing such a mean controlling villain. We may wonder if his wheelchair-bound status has a bearing on this persona. This leaves him with few options for making a living in the wild West. Without apparent family to help support him(except Randy), he can't afford to have some upstart beat him out of the most profitable business in town. On the other hand, from his conversations, he probably achieved his status as the town ""boss"" before becoming wheelchair-bound.",positive
"This show has everything you could ever want from a prison drama. There are twists and turns all the way till the season finally. The characters are very strong, and it gives the show a lot of power. When watching the show you feel for not only the prisoners, but the prison staff. The actors who play prisoners on this show have done a very good job portraying a prisoner. Also if you like law and order svu or law and order criminal intent there are many actors from this show that appear in those shows. The only problem with Oz is that it was not long enough. This show could of easily had nine to ten seasons without getting old. Even after the season finale i sill find myself watching Oz all the time on DVD. This show is easily one of the best shows on television. Don't be a fool, go watch Oz.",positive
"I had eagerly awaited the first screening of this film ever since it was given to me on DVD at Christmas. Having reserved a special slot for it last night, I sat down to watch it with my daughter (aged 17 and a Film Studies student), with chocolates of course, in eager anticipation. We love Jane Austin.<br /><br />After just the first two minutes we knew we were sunk. The shaky camera shots and angles, general poor cinematography, direction and wooden performances had already left us feeling flat and dissatisfied. Despondent, we viewed on.<br /><br />Anne, played by Sally Hawkins, looked oddly and with no particular purpose, directly at the camera on several occasions, breaking our hard-won 'fantasy of the moment' and engaging us directly in an almost 'I'll find you' stalking fashion.<br /><br />Poor Rupert Penry-Jones, who played Captain Wentworth, did his best with the script and direction, bless him. I hope they paid him well, however, as he was practically drowned on one occasion by a huge wave which predictably breached the seawall, drenching him and his co-actor. They were nearly swept out to sea. Health and Safety would have had a field day! Poor Rupert was left spitting out sea water in order to deliver his line. Presumably there was not enough money left in the kitty for a re-shoot of this scene. Anyone with any sense would have not attempted it on such a day in the first place.<br /><br />Other than Mr. Penry-Jones, Alice Krige gave the only convincing performance as Lady Russell but her efforts were soon counterbalanced by those of Anthony Head's unconvincing portrayal of annoying Sir Walter Elliott.<br /><br />Towards the long-awaited end of the film, Captain Wentworth appeared to oddly grace Anne with a visit every two seconds having taken great pains to avoid her for the majority of the movie. It was as if he had developed a memory impediment which caused him to forget his very reason for being. In contrast, Anne ran, hyper-ventilating, from pillar to post in search of the good Captain who, in the meantime, had managed to call upon almost the entirety of Bath we are told, in the course of only three or four minutes, without even having worked up a sweat.<br /><br />We experienced none of Anne's charms crossing the screen. Indeed, we were left wondering what charismatic Captain Wentworth had ever seen in plain, spineless, opinion-less Anne and why someone, anyone, did not tell mean, winging Sir Walter to just shut the heck up.<br /><br />The crucial kiss, normally our favourite girlie moment, was painfully drawn out. As they moved in closer, Anne kept opening and closing her mouth which had the effect on screen of making her look as if she were chewing gum before lips finally met. Eww! <br /><br />The most enjoyable thing about last night was the chocolates and the half hour exchange of views between mother and daughter on just how bad the film had been.<br /><br />What a pity to ruin such an enchanting and engaging story, filmed in some of England's finest scenery.<br /><br />Sorry Jane.",negative
"Alice Dodgson,a New York doctor gets her license suspended when she treats one of her patients with an unapproved drug,resulting in the patient's death.Without a job,Alice is forced to go to Jamaica,where she tends to the brother of a wealthy white landowner.The brother thinks he's a zombie and is deeply involved in the local people's voodoo practices and rituals.""Ritual"" is a mediocre horror flick.The action is pretty dull,the plot twists are silly and there is no suspense.There is a bit of gore as someone is killing off white people with a machete,but not too much.The cinematography is decent,however the acting is truly woeful.Definitely one to avoid.4 out of 10.",negative
"If the Australian Post Office ever needed a promotional film for recruitment then this is it.This is one of those movies who's heart is in the right place and you can watch again and again. Miranda's performance is touching as it shows an aspect of Australia unimagined by many Europeans, in that it can be cold, wet and bleak, just like anywhere else and just like anywhere else what is important is the people that surrounds you. The characters in the movie are warm and welcoming and make the prospect of a career move into a 'dead letter office' a thought to be considered. Miranda has gone on to do bigger movies, but I hope she always keeps a thought inside for this one?.",positive
"The director of this movie is a famous french TV presenter, Patrick Sebastien. He likes music and humor for rednecks, and his incredible movie is absolutely in his image. It's the story of a young retarded person, called ""Zep"" (sic). A night, he sees his sister's SM sexual relation, and decide to do the same thing: he rape the girl who he loves! Zep is placed in a asylum, and his unlucky girlfriend in a clinic. One man will find them. One man will reunite them. This man is a psychologist. This man looks like a Hell's angel. This man is... Patrick Sebastien! With an excessive use of clichés, we'll see how the Absolute Love can break all misunderstandings, and how a humanist doctor can force a victim to fall in love with her rapist. We'll also learn how using sandwiches in order to seduce a girl. Not only Patrick Sebastien thinks that he can do better than one century of psychiatry, but he also impose us a silly left ideology; with the character of the father's girlfriend, a boss, who want to take away the feeble of his girl. Distressing. But it's very pleasant to laugh at Zep (mentally retarded persons are not funny, except in this movie.)",negative
"It's a little disconcerting to have a character named Gig Young in a movie...played by Gig Young. But this film is where Gig got his name and also a nice career boost after playing small parts under another name.<br /><br />I'm going to go against the majority of the other comments and state that I really enjoyed this film, mainly because of the vibrant performance of Barbara Stanwyck as Fiona. She was funny, angry, vulnerable, caring, and feisty as the oldest of three daughters whose mother died on the Lusitania, and whose father was later killed during Woar War I. <br /><br />As the ""man"" of the house, Fiona has stood steadfast for years against settling her father's will which would therefore allow a Donald Trump type named Charles Barclay to get the family home. But Fiona's keeping a secret as to why she hates Barclay so much. Geraldine Fitzgerald is the middle, flirty sister, who is married to an Englishman but craves her youngest sister's boyfriend (Gig Young).<br /><br />If you're a Stanwyck fan, this is a no miss.",positive
"By submitting this comment you are agreeing to the terms laid out in our Copyright Statement. Your submission must be your own original work. Your comments will normally be posted on the site within 2-3 business days. Comments that do not meet the guidelines will not be posted. Please write in English only. HTML or boards mark-up is not supported though paragraph breaks will be inserted if you leave a blank line between paragraph.We sent an e-mail to when you registered. You must click on the link in that e-mail to complete your registration and enjoy the full benefits of being registered at IMDb.com. Whilst you wait for that e-mail, you can still update some of your registration details by using the links below. Don't forget to keep checking your e-mail though!",positive
"There are many familiar Hitchcock elements (of previous and later films) and this time they mix to a jolly, but hardly suspenseful piece of entertainment. You can tell that Dorothy Parker had a hand in the script, the most memorable scenes are the dialogues of hero Cummings with the blind man and his encounter with a rather bizarre group of circus people. The famous climax on the Statue of Liberty seems a bit heavy-handed - judged by today´s standards, but also compared to other Hitch monument finals (e.g. Blackmail, North by Northwest).",positive
"Seldom is seen a film sequel that surpasses or even equalls the greatness of it's original predecessor. Such a film is VIrtual Encounters 2.<br /><br />It's about a couple guys in college who sell virtual sex to the entire campus. If you like seeing naked chicks, this one delivers. Six-foot tall Chrissy Styler is an amazing specimen and you will be dreaming about her for days if you ever have the good fortune to catch the unrated version. She wears just the right amount of body glitter in her multiple nude scenes and her giant cans appear to be real. ( = Giddyup!!<br /><br />W/the exception of James Cameron's ""Aliens,"" Francis For Coppola's ""The Godfather Part II"" and - of course - the Zuckers' ""Airplane 2,"" this is the only sequel in movie history that takes a classic film and improves upon it. <br /><br />It's criminal the way this film was ignored by the academy. Nikki Fritz and that broad who gets tied up in the beginning (as well as the brunette who gets a rubdown towards the end) all deserved Best Supporting Actress nods. <br /><br />Shame on you, Hollywood!!!",positive
"If you find the hopelessly amateurish acting, the uninteresting story, the fake blood and all the mindless shooting bearable, then you may actually have a fairly good time watching this trashy, low-rent exploitation film. You might also want to check out a pretty good catfighting sequence that's offered, although it's not good enough to make the rest of the movie worth sitting through. (**)",negative
"This is far more than the charming story of middle-aged man discovering the pleasures of ballroom dancing (although it IS that as well). It's the tale of one person learning to love life again, pushing past all the pressures of work and money to discover joy once more. The bonus in this film is a fascinating insight into the slowly changing attitudes of modern Japan toward everything from ballroom dancing to physical contact. There are scenes that will make you laugh out loud ... a few where you'll want to get up and tango ... and many others where you'll just feel good.<br /><br />This is a great introduction to contemporary Japanese filmmaking for those who might be under the impression that all Japanese movies are ""heavy"" and inaccessible. <br /><br />",positive
"Snakes on a Train is a movie I rented due to the pure amusement of the thoughts I had, about the movie. Snakes on a Plane was an enjoyable Action film, so obviously the film makers wanted to cash in on the success, with this low budget effort. At 85 minutes, Snakes on a Train is almost unbearable to witness. I had to keep pausing the film to do something to entertain myself, due to the lack of happenings in the film. Throughout the duration of the film, it's never fully explained why this girl has this curse, or why she keeps coughing up this green/purplish goo constantly. Not only that, there is endless boring dialog of the two main characters, Brujo and Alma discussing how to get rid of the curse. I can appreciate low budget film-making. I'm truly not picky on movies, i'm open to any genre or budget, but Snakes On A Train is truly one of the worst Horror films I have ever seen. Were the writers on Acid or something at the end of this film?. Why did the woman suddenly turn into a giant snake? and most importantly how on earth was it able to devour the train?.<br /><br />Bottom line. Snakes on a Train is a movie that needs to be avoided at all costs. Don't be intrigued like I was by the title, this is a movie that's seriously bad. Let's put these snakes to rest<br /><br />0/10",negative
"Growing up in NYC in the late 80's/early 90's club-scene, I can personally say this is one of the most important documentaries made in covering that place in this time period. No Madonna did not come up with the idea of Voguing but this is where she got it from! Instead of taking out violence on each other or in bitchy cat fights, voguing allowed people to ""fight"" within the confines of everything short of touching each other (which would warrant an automatic disqualification). Seeing these kind of extraordinarily talented/well orchestrated ""throw-downs"" in the clubs was nothing short of spectacular and all the big names from back in the day are here...Pepper La Beija, Paris Duprée,Xtragavaganza, etc...all commemorated in the likes of such period-pieces as Malcom McLaren's song ""Deep in Vogue""...it didn't matter who you were, or where you were from because when you walked through those doors into this ""magic kingdom"" of sorts, you became part of something bigger than yourself/you were important/and most importantly the creation of your own moves and imagination...and anybody from anywhere could become King (or Queen) as the case may have been. The words and wit were just as sharp as the moves on the floor. All of the tension, excitement, and magic of that very urban NYC energy is captured in this film. BRILLIANT!!! PLEASE RELEASE ON DVD for the world to see!!! Thank You!",positive
"A 2006 online poll of Japan's top 100 favorite animated television series of all time, conducted by TV Asahi, placed this series in fourth place. That tells you everything you need to know. So go and watch it.;) I won't comment on the story, simply because I don't want to ruin anything. I only urge you to keep watching after you saw the first episode. The Animation is really good and above TV average. The best thing about this series is, that there is finally something new. I mean it's not groundbreaking but still it offers a fresh new idea and likable characters. You won't regret entering Suzumiya Haruhi's world.<br /><br />and the best thing a movie is coming soon",positive
"I did it too. When i first saw the band, i dismissed them straight away without even listening to the music. Then one day, out of sheer curiosity, i bought the cd and fell in love with it. So i bought the video. hold onto your lunch kids, this isnt going to be pretty! the video was excellent - a great opportunity to hear the music, see some of the promo videos, and meet the band...although i *still* dont know how they can cope with wearing those masks all the time! a must for all fans of the band, and fans of alternative music in general",positive
"Life Stinks (1991) was a step below Mel Brooks other productions. He stars as a rich man who wages an insane wager with his ""friends"". Brooks claims that he can life like a homeless man for a month. His shocked and amused friends accept this unusual wager. During his ""stay"" in the Bowery, he meets a bunch of odd homeless people, one of them catches his fancy (Lesley-Ann Warren). They strike up a friendship as she teaches him the many tricks she learned whilst living on the street. Can Mr. Brooks survive on his own without the luxuries of being filthy rich? Will he win this unorthodox wager? Who are his true friends? Find out when you watch LIFE STINKS to find out!<br /><br />This film has been slagged unfairly. Sure it's not a classic like his earlier films but it's still enjoyable. I liked the way Mel Brooks pays homage to Charles Chaplin in this film. If you have watched Chaplin's earlier silent films then you'll get the humor as well.<br /><br />Recommended for Mel Brooks fans.",positive
"I enjoyed this movie very much. Kristy Swanson Omar epps, and Ice Cube were all great in it. The movie dealt with many issues, and I didn't know if I was going to like it, but Singelton did a terrific job of creating characters that you really cared about.",positive
"Normally BBC productions of Jane Austen are pretty good but Northanger Abbey is just odd. What were they thinking? This film has little of Austen's charm and ironically mimics the Gothic novels that Austen so wonderfully mocked. Not only that, the ""gothic"" sequences are tacky, over-the-top, and frankly silly. The actress playing Miss Morland is poorly cast with no obvious appeal to attract the attentions of an eligible bachelor, and though I rather liked the creepy Peter Firth as Mr. Tilney, he is not a bit like the novel, even when delivering dialog straight out of the book. Robert Hardy as General Tilney turned in one of his few terribly ""ham"" performances. This film was so bizarre and strange that I actually watched it again just to savor how freakishly wrong it was.",negative
"don't buy this film for comedy value like I did, I didnt find it one bit funny, but so f****** miserable and lame it's unbelievable. I gave it to a friend for christmas which was pretty funny (on my side) I recently heard that he watched it and told me what an a**ehole I am!<br /><br />There is nothing more frustrating than watching an over-lit, over dramatic, poorly scored scene in which the camera is sat there on a tripod and doesn't move... the film work is truely pathetic, and I can only say DONT WATCH THIS MOVIE!!!!!!!!!!!",negative
"I'm at this very moment debating whether I should even finish watching this ""poppycock"" of a movie. They had a pretty interesting idea, with the buried movie set, and that was it. So far this incomprehensible mess has no real story. There is the buried set, some wolf headed monster running amok, an amulet, and a bunch of bad actors attacked by the wolf masked whatever it is. What I would have missed, had I had the good sense to eject this nonsense is a dune buggy chase, some really bad C.G.I., some incredibly stupid dialog, more bad C.G.I., and the hero fighting paper cut outs. Other than the original idea, this film has absolutely zero redeeming qualities. My mistake for continuing to watch. - MERK",negative
"An entertaining first draft for ""North By Northwest"", ""Saboteur"" has some wonderful Hitchcockian moments (one of the best occurs at a table, when the hero is asked by a woman who hasn't yet seen that he's wearing handcuffs, to give her a plate; trying to do that, he also drops a knife to the floor, exposing himself even more!) but suffers from a poorly chosen lead (whether he's delivering patriotic speeches, romancing Priscilla Lane, making jokes or trying to look worried, Robert Cummings is wooden), and from a lack of really distinct villains (oh, there are villains, many of them, but hardly anyone has enough screen time). (***)",positive
"Creative use of modern and mystical elements: 1956 Cadillac convertible to transport evil stepmother Kathleen Turner (John Waters' ""Serial Mom"") and the 2 twisted sisters; Queen Mab as the faerie godmother; David Warner (Evil in ""Time Bandits"") in redcoat at court; Cinderella (she's a babe) shovelling coal into an insatiable furnace; Cinderella and her prince charming both look like (and act like) rock stars. Isle of Man locations.",positive
"The famous international conductor Daniel Daréus (Michael Nyqvist) has a heart attack with his stressed busy professional life and interrupts his successful career with an early retirement. He decides to return to his hometown in the north of Sweden, from where his mother left when he was a seven year-old sensitive boy bullied by Conny and other school mates, to live a low-paced life. He buys an old school and is invited to participate in the church choir by the local Shepherd Stig (Niklas Falk), but the reluctant and shy Daniel refuses in the principle. However, he gets involved with the community and feels attracted by Lena (Frida Hallgren), a local woman with a past with the local doctor. His music opens the hearts of the members of the choir, affecting their daily life: the slow Tore (André Sjöberg) has the chance to participate in the choir; Inger (Ingela Olsson), the wife of Stig, releases her repressed sexuality; Gabriella (Helen Sjöholm) takes an attitude against her abusive and violent husband; the gossiper and frustrated Siv (Ilva Lööf) opens her heart against Lena; the fat Holmfrid (Mikael Rahm) cries enough against the jokes of the businessman Arne (Lennart Jähkel); even Daniel starts loving people and Lena as the love of his life. When they are invited to participate in an important contest in Vienna, Daniel finds his music opening the heart of people making his dream come true.<br /><br />""Så Som I Himmelen"" is a touching and sensitive movie, with a very beautiful story. It is impressive how director Kay Pollak and the screenplay writers have been able to develop a great number of characters in 132 minutes running time. The performances are top-notch, supported by magnificent music score and at least two awesome moments: when Gabrielle sings her song in the concert, and certainly the last concert in Vienna with the audience, jury and everybody participating in the melody, and Daniel making his dream come true. Like in ""Teorema"", the stranger changes the lives, not of only a family, but of a conservative community. Further, like many European movies, the open conclusion indicates that Daniel actually died, at least in my interpretation, reaching peace with the success of his music. My eyes became wet in these two scenes. My vote is nine.<br /><br />Title (Brazil): ""A Vida no Paraíso"" (""The Life In the Paradise"")",positive
"Do NOT avoid this movie. Simply because it is so bad that it is absolutely hilarious. It possibly is the worst movie I have ever seen but it was so bad that my friends and I were able to laugh at every single moment of this film. At times we actually debated whether it was this bad on purpose but we're pretty sure that it is not. Characters appear out of nowhere as if they have already been established, the scenery changes mid scene to this warehouse constantly, and the Vampire Assassin ends up having around 6 climactic fights with enemies before finally getting to the head vampire. You will also be able to enjoy the one and only face of the Vampire Assassin as he never changes his expression despite his obvious attempts to. So if you want to watch a movie that will make you laugh histerically then I suggest this one as long as you go in with an open mind. Don't expect a good movie, expect the worst... and it will be even worse than that. I seriously want to buy this movie and place it atop my comedy movie selection. Right next to Anchorman.",negative
"This is one of those wonderful martial-arts movies that begin with two posses of tough gang members facing off in a park; and when the deal goes wrong and the battle starts, it turns out they all know karate and kung fu! The ever-wooden Cynthia Rothrock plays (as usual) a cynical, deadpan, good cop, this time in Los Angeles. She and her police partners are trying to break up a counterfeiting ring, and when that plot line is exhausted, the story just switches over to something else, and Cynthia becomes the personal bodyguard of a wealthy, great-looking tycoon. Within the film's obviously rock-bottom budget, there's some helicopter action, some speedboat action, some car chases, a brawl where Cynthia beats up everyone in a country-western bar, some swimming-pool scenes with bimbos in thong bikinis, and a surprisingly good horseback chase. About a dozen and a half cops get gunned down. A lot of plot twists happen that just don't make any sense; don't worry about them. (And counterfeiting currency is a federal crime, so where the hell is the FBI? I guess they were too busy.) The fight choreography was done by Cynthia Rothrock's frequent co-star Richard Taylor, whose classy and witty presence in front of the camera would frankly have made this a better movie. He also tended to make Cynthia a better actress when they appeared together, and frankly she could use it; she seems tired and bored, and does her best acting in GUARDIAN ANGEL when she is playing opposite a pet dog to whom she delivers bitter drunken monologues. The dog almost out-acts her! She also wears some of the most god-awful clothing any leading lady has ever worn in any movie: loose, baggy-leg jeans with pale acid-washed areas over each buttock were the most shocking. The other actors are all over the map. You can picture many of the minor characters being cast this way: ""Hey, me and some other guys I know are going to be in a movie. You wanna be in it too? No, dude, I'm serious!"" Then there are the slumming professionals: the most fun is Lydie Denier, the stunning French model and veteran of ""Red Shoe Diaries,"" ""Baywatch,"" ""Melrose Place,"" and of playing many, many other variations on the sexy French bombshell; here she plays a psychopathic killer as if she were in BAISEZ-MOI or an ""Alias"" episode and not some direct-to-cable trash like this. There's also the tall, dark and handsome Daniel McVicar, now a regular on ""The Bold and the Beautiful,"" John O'Leary, who has played a dignified old man in dozens of movies and sitcom episodes and does it again here, and Aharon Ipale, the veteran Arab character actor perhaps best known as ""Pharaoh Seti"" from THE MUMMY and THE MUMMY RETURNS. For these professionals, GUARDIAN ANGEL must be the most laughable entry on their resumes. I gave this movie a better rating than it probably deserves because my daughters, who are enthusiastic martial-arts students, both like to see a woman kicking ass and having the big action scenes for a change. They're still a bit too young to care what a low-quality picture this really was, and just enjoyed cheering Cynthia on as she did her swivel-legged, high-kicking, stick-fighting thing. If you like this kind of flick, you could probably enjoy it on that level.",negative
"Not only is The Great Rock N Roll Swindle thoroughly inaccurate, but when it comes down to it, not much about it is interesting or even entertaining. Malcolm McLaren apparently squandered the majority of the Sex Pistols earnings on this waste of film, which makes it that much more obnoxious. The intention, from the beginning, was to create a monument to the ""genius"" of McLaren, who to this day takes full credit for creating punk music, creating the Sex Pistols, and at times even writing all the songs. Viewers follow McLaren to various settings, where he tells his story to his sidekick, a female dwarf, and simply takes credit for one thing after another. One particularly irritating scene has McLaren in an abandoned airplane hangar, waiting for a plane, being hounded by reporters and giving them their ""big story"". The most entertaining elements of the film are the animated short pieces, however, even these reek of McLaren's overbearing self-importance.<br /><br />Even as a farce, this film doesn't work. Little about it is entertaining, except for Steve Jones, who is surprisingly decent as a pseudo-detective type person. 20 years later, Julien Temple, who wrote and directed this film, also directed the Sex Pistols documentary ""The Filth and the Fury"". While that movie is much better and more interesting than ""Swindle"", it still is full of Temple's ""artistic flourishes"" that just don't work, like interviewing band members in shadow, as if they are some kind of crime witness trying to hide their identity. An interesting bit of trivia: Film critic Roger Ebert was one of the original scriptwriters for the movie ""Who Killed Bambi?"", which eventually became ""Swindle"".",negative
"I've been working my way through a collection of Lugosi films recently, and having just been blown away a couple of days ago by the combination of Lugosi and Boris Karloff in ""The Black Cat"" I was really looking forward to seeing their collaboration in ""The Raven."" Alas, it just didn't work for me, and by the end of the film I was quite disappointed.<br /><br />For the first three quarters of this movie or so I thought the story lacked any real suspense. Lugosi was doing a pretty good job of holding things together as the somewhat mad Dr. Vollins, some sort of surgical genius who falls in love with a young woman (Irene Ware) he treats after a car accident but who can't have her - partly because she's already engaged, and partly because her father (Samuel S. Hinds) disapproves. To deal with that situation, he enlists the aid of Edmond Bateman (Boris Karloff) - a horribly ugly man who wants Vollins to make him look more acceptable. Aside from Lugosi's performance, though, I found little to hold my interest. Then, suddenly, in the last fifteen or twenty minutes, the movie shifts around completely. Suddenly it becomes quite suspenseful, but I thought Lugosi's performance fell apart, largely because the movie tried to shift him from mad to insane - and there's a difference. He plays the ""mad"" role very well - controlled and in control but evil. ""Insane"" is a more out of control evil, and I didn't think Lugosi pulled that off well. At one point, he offers some maniacal laughter which just comes across as fake. In the meantime, Karloff was a huge disappointment. He never grabbed me at all. As an aside, it must have grated on Lugosi that - in movies in which they co-star - Karloff gets the top billing, even though in ""The Raven"" it's clearly Lugosi who is the lead actor. This surely gives a hint as to how Universal ranked their two great horror stars - inexplicably, I would add, because I've always thought of Lugosi as the better actor of the two.<br /><br />In any event, there's no real connection here to Edgar Allen Poe's story ""The Raven"" - except that Vollins is a Poe fanatic, who tries to recreate some of the torture techniques from Poe's stories. Overall, a disappointment. 4/10.",negative
"I watched the first few episodes a short while back and felt I couldn't take it anymore. The horrible looking fight scenes are the worst I've ever scene in my life. About one-third of each episode is dedicated to Flash Gordon and his ""mighty"" fight moves. I know fight choreography from that era isn't exactly up to par with today's standards, but this is ridiculous. They don't even try to make it look realistic. Flash Gordon, who hardly resembles a fighter, uses his drunken slow moves and bare fist to knock out four or five guys with knives, guns, and other weapons. Give me a break! There's also a scene where he does some similar act while in the water. Basically every episode has scenes similar to that. As for the rest of the episode, there's not much else I remember. I basically viewed it out of curiosity on what science fiction looked like 70 years ago.",negative
Really enjoyed Manna From Heaven. If you liked My Big Fat Greek Wedding you will like this too! Once the story line is set it begins to keep you guessing the outcome. I think we'll be hearing more from Five Sisters Productions. I know I'll be watching for their next movie.,positive
"It took me a few years to hunt down this title, a major staple of my childhood. Almost every trip to the video shop I'd pick out Space Raiders and watch it three times every time my mother rented it for me. It was, I suppose, my Star Wars.<br /><br />It's a shame then that it's such a stinker. My memories were so hazy that it offered nothing in terms of nostalgia so I had to take it at face value. A crew of space pirates accidentally kidnap a pretty annoying little kid and spend the rest of the movie trying to get him home.<br /><br />Aimed squarely at the under-tens it's got unwelcome slapstick, very shoddy costumes and make-up, recycled special effects, wobbly sets and poor acting. But even with the unintentional comedy it's no fun to see it as an adult, where I can pick out not just the technical faults but wonder at how spectacularly the writer and director managed to botch an endless stream of no-brainer fun/powerful moments that have been seen in a million other sci-fi movies and in the hands of anyone remotely competent should have been successful.<br /><br />I imagine as a kid I probably found it quite empowering - there are lots of ""I can't do this, I'm just a kid"" ""Sure you can kiddo, you just have to try!""-type exchanges; the kid drinks beer, etc., but even by low budget 1983 sci-fi standards this one's pretty awful, with a real snoozer of a ""finale"".",negative
"<br /><br />Attack Of The Killer Tomatoes is a ""parody"" of bad monster movies which ends up being worse than the movies it spoofs. The (very meager) story tells of tomatoes who revolt against those who treat them badly. Basically,they spin and growl (yes,they growl) and the next thing you know the person is covered in ketchup. The actors are no-names who never made movies after this,so there would be no point to name them. There's a guy who's hired by the governement to try and stop the menace of tomatoes. He's accompanied by a black guy who's master of disguise and a girl and a guy who dives. Anyway, there's another woman who spies on the first guy that works for the government. if this isn't making much sense to you, you understand. This movie never would have been very good in the first place, but it even lacks the fun of laughing at stupid attack scenes. The movie is horribly cheezy, which although being the whole point,really really hurts what could've been a (reasonably) entertaining movie. At one point, a giant wax tomato ""slides"" on an unconcealed plank of wood with wheels on it! Maybe I would've recommended the movie if it would have enjoyable camp value, but even this is lacking from this terrible movie. 2/10",negative
"I was kinda surprised by the PG rating on the back of the DVD case. I certainly wouldn't want my kids watching this one. I think this would scare the crap out of a 10 year old.<br /><br />Plot: A girl trying to fit in to the clique is hazed and tormented by the 'in crowd.' They talk her into spending the night in this creepy mausoleum (that reminded me of Phantasm...) and they proceed to torment her in the night. Little do they know, a recently deceased clairvoyant is coming back to life and raising the dead around them! It sounds awfully cheesy, but given the age and the budget, which was no doubt pretty small, this film is fun on many levels.<br /><br />Watch for an early EG Daily as one of the in crowd brats. I enjoyed it and it scared my girlfriend.<br /><br />7 out of 10, kids.",positive
"Slaughter High is intrinsically your emblematic 80s slasher flick. A prank goes out of hand leaving a geeky guy horribly burnt. A few years later the geeky guy returns and starts killing the people who hurt him. Now the story might sound intriguing and very entertaining, but what makes this horrible film so different from the rest of the 80s slasher flicks is that it has some humorless flaws and continuation errors.<br /><br />The acting is horrendous, however, actually not as bad as one would suspect. Though it doesn't help that every character in the film are so grody and unlikable. The lead, Carol Manning (Caroline Munro) is the easily the biggest tormentor of them all and she's the one that we are ostensibly supposed to share compassion and root for. Not to mention, the geeky guy is almost too geeky and I think that even stereotypical geeks themselves would be rudely maddened and just downright antagonized by how geeky he his, so when he gets mauled, does anyone really care? <br /><br />There is much unintentional laughter potential. Munro's lack of acting talent is quite apparent, which puts her down at the same level as the rest of the awful cast. However, the most amusement is easily when the film poorly attempts to pose Munro, who is in her mid 30s at the time, as a teenager amongst a cast of teenagers. And then when it comes to later life and Munro is playing around her real age, the rest of the cast do not pass as adults. This all goes well with a theme song that is a hilariously pose of heavy metal thrash accompanied by maniacal laughter and a voice shrieking ""I'll get you."" With that being said, Slaughter High really isn't a very good slasher flick, but it does have a bad cheesy entertainment value to it. Perhaps an essential for hardcore slasher fans, but don't expect dilemma, suspense, or any credibility from it. Horrible!!!",negative
"For a film that's ostensibly about sex and leather, it doesn't have any right to be as oddly sweet as it is. The story of Bettie Page, a good Christian girl from the South who's momma wouldn't let her date until she married, who moved to New York and ended up becoming the most successful pin-up of her age, is driven by an outstanding performance from Gretchen Moll. Her Page can't quite reconcile the pictures that she takes (nobody's allowed to touch, it's all fun and respectful) with the pornography trials and supposed ill-effects that her images have on the world around her.<br /><br />Page has been an inspiration to every burlesque artist since, not just because she had a figure to die for, but because she invested every picture with an innocent sense of fun that was uniquely sexy and simple at the same time. Rather like this film, in fact. Filmde in both black and white and glorious technicolour, it's a lovely way to spend a couple of hours.",positive
"I highly reccommend this movie. It blurs the line between childhood fantasy and everyday reality in such a seamless fashion that it has to be seen to be believed. The actors and director have such perfect timing that in one scene a name calling fight becomes a sort of dance. I loved the story line, the actors, everything. While I do think there were one or two decidedly cheesy scenes, over-all the movie was impeccably done.",positive
"If this is what's best in the Finnish cinema at the moment, I'd say those big tax euros spent at supporting ""culture"" have gone to waste here in a horrible way. Paha maa is the worst kind of example of trying to make a Finnish ""European film"" for big audiences. I'm sure they wanted it to be all state-of-the-art, smart and touching at the same time. The result is crap.<br /><br />To make it short: - The story is pretentious, naïve and not credible. The same goes for the characters. I can imagine them brainstorming about making a film where ""everything would, like, turn to ***t and people would be hurt and feel, you know, really bad inside, because Finnish people are so notoriously depressed, too, and their self-esteem is so bad"", which brings us to the fact that...<br /><br />- The film is loaded with clichés, mostly about ""the Finnish mentality"". The way the it deals with people's problems and their causes could be straight out of a regular women's magazine or a cheap bull-psychology-self-help book. (""We feel so bad inside!"") I'm sure they watched some Kaurismäki, too, to find out what it is about his films that people like, misunderstood him completely, and came up with a boring, depressing story about people going through all kinds of s**t for no other artistic purpose than perhaps social pornography. It's a crying shame they threw in Tolstoy here. It's just a sign of trying to be smart. And of not being.<br /><br />- I think the worst fault, however, is the complete lack of vision and depth. The film is highly unoriginal. It is also frustrating to watch endless sulking and suffering without any real revelation brought to it. I can go through this kind of mind**ck if the film is funny or ends up being an elaborate joke, or better yet, something sublime like in e.g. von Trier's Breaking the Waves. There was none these in Paha maa. Actually though, I did start laughing at some point because the turn of events was again just too predictable, over-the-top and incredible.<br /><br />Who does this crap? And who likes it? I hope they're pretending.",negative
"Profanity, stupidity, self-indulgence, and bad acting all join forces for a true tour de force in terrible movie-making. Pesci's attempt to prove My Cousin Vinny was no fluke, shows the opposite instead. He is generally too lightweight and foulmouthed to handle the lead. A true must-miss!",negative
"LIFEFORCE is an extremely schizophrenic movie, based on Colin Wilson`s novel The Space Vampires the script ignores most of the novel`s concepts and structure ( Indeed it owes more to the QUATERMASS serials than the novel ) but the scenes it does leave in from the novel are nearly identical to those in the film . And talking of the script it must be one of the most uneven in cinema history , it`s though it was written in chapters by several different people. Take for instance Carlson , he disappears after the early shuttle scenes which led me to believe he was dead then he turns up again halfway through the film in order to explain the plot to the beleaguered Brits and it`s this lack of attention by the screenwriters that spoils the film . And there`s plenty of other clumsy scripting such as the heroes returning to London in a helicopter and not realising it has been over run by zombies untill they`re flying over it .<br /><br />I could go on at great length about these plot holes but LIFEFORCE is actually enjoyable to watch as long as you don`t use your brain . It`s good to see a sci-fi horror film from an era when aliens were portrayed as being cute creatures that children hid in their bedrooms so that nasty human adults wouldn`t get their hands on them . The special effects and pyrotechnics are very very good , there`s lots of action and stunts and LIFEFORCE features one of the most memorable aliens in the form of the space girl . When mentioning LIFEFORCE in conversation with males it`s always a race to say "" Seen the alien in LIFEFORCE? She can suck the lifeforce out of me anytime "" Hardly surprising looking at the demographics of the votes that this film is more popular with males than females<br /><br />"" Don`t worry . A naked girl can`t escape from here "" Can`t she ? Pity<br /><br />",positive
"I don't understand why this movie was released, it looked like something that you show your mates after you borrowed your mums handycam she bought in 1987. I am Australian and work for a video store in the UK and thought that if an Aussie film made it into our store it can't be all bad... boy was I wrong!<br /><br />If anyone writes a good comment about this movie they are either lying or the makers of the film.<br /><br />The picture was BAD, the sound was HORRIBLE and the acting, oh the acting, it was the WORST acting in the HISTORY OF FILM. <br /><br />It makes me embarrassed and offended that they used the word 'Aussie' in the title because I am proud to be Australian and this movie is seen in other countries and may give people the wrong idea.<br /><br />Please anyone who reads this and has seen this movie, take the time to find other Aussie movies to watch because you could choose any one of them and it would be better than that one.<br /><br />I could have made a better film if I took a camera, filmed my but for an hour, ate the film waited for it to pass through my body then threw what came out at the television... no offence.<br /><br />DO NOT WATCH THIS FILM!!!!!!!!!!",negative
"Lethargic direction ruins an otherwise compelling period story that stars the wondrous Zhang Ziyi, in an excellent role as a woman who joins an extremist group in 1928 China, just prior to the Japanese invasion of Manchuria, and reunites with a former lover who is now working for Japan. Every bit of drama and forward motion of the story is sucked dry by director Ye Lou's somnambulist directorial style. Characters stand still staring at each other for long minutes, saying nothing, hand-held cameras hold forever on faces showing interminable reactions way longer than they need to, edits repeat the same reaction is triple redundancy. We know nothing about the characters as the story begins and are given little new information as the story progresses, only silence and static shots of lovers who don't speak, who interaction through silent dances but share no apparent emotional intimacy. A very sleep inducing film.",negative
"The problem with other actors cast in the rôle of Dorian Gray is that they either looked too old for the part (Hurd Hatfield, Helmut Berger, Josh Duhamel, David Gallagher, Ben Barnes) or that they were unable to pull off the English aristocratic manner without being stilted. Dorian is the perpetual 19-year-old (or so), all milky skin and honey'd locks, as described by Wilde, so the challenge is finding an actor that has the maturity and range for the part (i.e., who can portray the naivité, callousness, and manipulativeness), but at the same time looks like someone in his late teens. And Peter Firth pulls it all off in this excellent British TV adaptation.<br /><br />Gielgud as Henry Wotton, while considerably older than what Wilde had in mind, does wonders with his scenes--Wilde's aphorisms have never sounded so natural and unforced. Especially George Sanders in the 1945 version was pretty feeble by comparison (and his costume didn't fit).<br /><br />Finally, Jeremy Bratt plays Basil as the most masculine and at the same time the most gay of the trio, again a fitting interpretation. In general, the film includes enough gay subtext without turning Dorian himself gay--he's all things to all people and supposedly there's no drug or sexual perversion he hasn't tried in the 18 years covered by the story, but that makes him more narcist than homosexual. He seems to equally wreak havoc on both sexes here, as he should according to the novel.<br /><br />Of course the budget of this production was not very large, so everything feels a little stagey. Particularly Dorian's encounter with Sybil's brother suffers from the obvious studio look. Also, the final shot of Dorian (a puppet I suppose) in his white toad-like make-up is more hilarious than convincing and Basil's death scene is inadvertently funny. (Also, as far as I recall, Basil should have been killed seated at the table.)<br /><br />But all in all, this is a very worthy adaptation. I'm sure Wilde would have liked it. The only thing missing is the sensual side. Not so much sex scenes, but Wilde's decadent world of fragrant flowers, luxurious cloths, and precious gems isn't really explored here, i.e. the aestheticism is completely missing. But like ""I, Claudius"", the excellent acting makes one easily forget these shortcomings of production values.",positive
"This movie had potential, but what makes it really bad is Lindsay Crouse's acting. I've never seen her before in anything else and maybe there are some Crouse fans out there that like her in something else, but her performance in this movie is bad.<br /><br />Her delivery is robotic. When she delivered her lines it appeared that she was trying to make sure she had the lines right and was simply reading off the list in her head. So, her voice has very little inflection. I can't believe someone that bad at acting was given a lead role in a movie. She has to know somebody in the biz.<br /><br />Now I hate to be this mean about her, but the comment has to be ""this"" long and her performance is what sticks out more than anything else.<br /><br />However, I liked where the story was going so I continued to watch it. The first part of the script has the makings of a good movie. But the end was disappointing as well. Maybe if her acting had been better, I would have liked it.",negative
"Alexandra Ripley wrote a horrible sequel to Margaret Mitchell's masterpiece book published in the 1930's. Margaret Mitchell's heirs sold out their rights and for big bucks allowed Alexandra Ripley to write a piece of junk book even worse than Barbara Cortland romance novels. I was a huge fan of Margaret Mitchells book and the fake sequel by Alexandra Ripley was written just to cash in for money.<br /><br />Although I always admired the acting talent of Joanne Kilmer and Timothy Dalton, this is a really terrible film. The script is horrible and full of clichés. Ann Margarets cameo as Belle Watling is so awful I wanted to slap her.<br /><br />The only worthwhile thing in the movie is Sean Bean who gives a masterful bravura performance as the sexy, feral villain - Lord Fenton. Sean Bean's performance is along the lines of ""The Man You Love to Hate"" and portrays an unsafe sex symbol.<br /><br />But Sean Bean is only in the first half of the movie so you then have to be tormented with watching an incredibly long 6 hour movie with an insufferably boring script.<br /><br />Don't waste your money on this film, unless you are a hard core Sean Bean fan and just watch it for his wonderful performance.",negative
"I am fully aware there is no statistical data that readily supports the correlation between video games and real life violence. The movie is false and phony because it is in complete contradiction of itself, which is what I tried to emphasize in my original review. The movie fails, not necessarily because I really do think these kids were influenced by video games, but because the movie sets it up as ""random"" and doesn't follow through. Let me clarify. In Aileen: Life and Death of a Serial Killer, you can see her claims about the police and being controlled by radio waves are ridiculous, yet she is so troubled, she really believes them to be true. The viewer can make the distinction however. In Zero Day, the 2 kids keep saying how they are not influenced by anything environmental, which is obviously false since everything they do contradicts this. Neo-nazism, talking about going on CNN with Wolf Blitzer (which is laughable not only because they know his name, but its a shameless attempt by the filmmaker to get coverage of his bad movie)..etc. This movie doesn't depict 'reality', it shows nothing but phoniness to prove a point. Unfortunately you fell for the bait and didn't see this, and you didn't pick up on it from my review either. The entire movie is just taking Michael Moore's hypothesis and applying it to something ""real life"" in hopes of validating and it fails, not necessarily because the hypothesis is wrong, but because the movie is wrong and doesn't support it. Of course I don't think kids that play video games are more likely to kill people, but if I'm not mistaken, didn't video tape exist of the Columbine kids (or some teen killers) shooting guns in the forest claiming how much they looked or acted like the weaponry in Doom? Hmmmmmmm, the distinction is kids are most likely aware of the media, influenced, but obviously balanced or intelligent enough that its not even an issue. Zero Day is a bad movie not because I really believe a correlation exists, but because the film maker doesn't know what hes trying to say, and the movie does more to disprove his point then support it. It's almost as if the new ratings given to video games made someone upset so they came up with 'Zero Day' in retaliation. If you want to see the 'mindless' teen killer theory pulled off right, go watch Bully.",negative
"How good is this film? Apparently, good enough that they plan to remake it in 2011. Jean-Pierre Melville, who gave us Le doulos and The Good Thief, wrote and directed this film.<br /><br />The film is almost a silent. These are men of few words, preferring to let their actions speak for them. They live by a code that governs their every move.<br /><br />There are some great actors in this film - Alain Delon (The Leopard), Yves Montand (Jean de Florette, Let's Make Love), and Gian Maria Volonte (El Indio from A Fistful of Dollars & A Few Dollars More). The film does not shine on them; they are along for the ride that Melville has for them. Melville makes the film; they make it better.<br /><br />You see Melville's work in the Ocean films, but they just get the idea. The can't make it work like he did. A great loss in the seventies, but his work remains for our pleasure.",positive
"A must for any die hard Carpenters fans!<br /><br />Cynthia Gibb does the role of KC a huuuuuge amount of justice, and although the 'story' isn't 100% factual, is still a good insight into the lives of both Richard and Karen and worth a watch just for the soundtrack.<br /><br />Makes me cry everytime!!!<br /><br />",positive
"This movie succeeds at being one of the most unique movies you've seen. However this comes from the fact that you can't make heads or tails of this mess. It almost seems as a series of challenges set up to determine whether or not you are willing to walk out of the movie and give up the money you just paid. If you don't want to feel slighted you'll sit through this horrible film and develop a real sense of pity for the actors involved, they've all seen better days, but then you realize they actually got paid quite a bit of money to do this and you'll lose pity for them just like you've already done for the film. I can't go on enough about this horrible movie, its almost something that Ed Wood would have made and in that case it surely would have been his masterpiece.<br /><br />To start you are forced to sit through an opening dialogue the likes of which you've never seen/heard, this thing has got to be five minutes long. On top of that it is narrated, as to suggest that you the viewer cannot read. Then we meet Mr. Slater and the barrage of terrible lines gets underway, it is as if he is operating solely to get lines on to the movie poster tag line. Soon we meet Stephen Dorff, who I typically enjoy) and he does his best not to drown in this but ultimately he does. Then comes the ultimate insult, Tara Reid playing an intelligent role, oh help us! Tara Reid is not a very talented actress and somehow she continually gets roles in movies, in my opinion though she should stick to movies of the American pie type. <br /><br />All in all you just may want to see this for yourself when it comes out on video, I know that I got a kick out of it, I mean lets all be honest here, sometimes its comforting to revel in the shortcomings of others.",negative
"I remember watching this on prime time when I was about 7 years old. I was a huge comic book reader at the time, and anything relating to superheroes was anticipated heavily. The end result, however, was underwhelming.<br /><br />I was aware of the ""Emma Peel"" Diana Prince stories, as they had only recently come to an end and Diana was returned to her Amazonian form. However, there was so little action that I was bored throughout most of the movie. The final costume was an interesting idea, but looked more like a cheerleader than a superhero.<br /><br />I saw the movie again in my late teen years. It hadn't improved much. Cathy Lee Crosby was more familiar, thanks to That's Incredible, but her acting was no better. The script had a few good ideas, like the rogue Amazon, and a decent villain in Ricardo Montalban, but it just didn't come together and was still boring.<br /><br />I think they should have built the back story better, and built the show into a more epic climax. It was too much like a bland spy film, crossed with a superhero story written by someone who had never seen a comic book. The Amazon elements were intriguing, but needed to be expanded.<br /><br />The film did succeed in forcing producers to go back to the drawing board and come up with something more faithful, if a bit too camp and low budget. The budget was also pretty low here, and superheroes don't come cheap.<br /><br />It would be nice to have the movie available on DVD, if only as a comparison and historical document. Even Superman 4 is available, and it has nothing over this film (except Chris Reeve and Gene Hackman). It's worth seeing for curiosity sake and for a bit of inspiration and caution for future versions.",negative
Wow! i think they made this movie to torture people. there are no words for how much i hated this film. I could have been cleaning my room instead. i love bad melodrama as much as the next person but....come on!,negative
"Duckman was a show that used to be on during the last hour or so before it was time to sleep about ten or so years ago. It was a contrast to a lot of the kid-type of animation I was watching at the time; I was still a minor junkie for Disney and Looney Tunes stuff, and most Saturday morning cartoons were still on the run-off of the peak from the days of Ninja Turtles and Batman. But also around this time I began to recognize that the more raunchy, mature, surreal, obscene, and (though I didn't know the term at the time) satirical cartoon shows were more creative than the stuff I was used to. Around the time of Beavis and Butt-head, Ren and Stimpy, and even The Maxx were hitting TV sets via MTV, USA put out two shows- one of them was Weird Science, and the other was Duckman. I've always remembered a few key bits from the show, and some of the lines are very quotable to those who haven't forgotten it completely. Luckily, I found a tape recently with about six episodes I taped long ago, and the jokes stayed very fresh. And the delivery of the jokes are rapid-fire a lot of the time in the better episodes. <br /><br />In the voice department, the choices in talent are top notch for the story-lines, which are usually just an excuse for crude, fascinating parodies of pop-culture, politics, movies and TV shows, music, detective mysteries, and the dysfunctional family unit. Jason Alexander is a wonderful choice for Duckman, and his performance is a comedic 180 from his days on Seinfeld (even if there might be some similar characteristics here and there). Also, the voices of Gregg Berger as the unmistakably monotoned and deadpan Cornfed, Dweezil Zappa as the hilariously inept Ajax, and Nancy Travis as the sex-starved, obnoxious Sister-in-Law Bernice, all contribute in a full amount. Along with some great writing - even when a joke isn't sure-fire, the wit behind it compensates - the animation style, while a far cry from some of the refurbished, computer-enhanced product of today, is inventive and often abstract. It has that home-made, gritty quality that Beavis and Butt-head or South Park would later have. And, like those shows, if you're a little kid, I mean little as in younger than I was watching the show, you may not understand most of the jokes (i.e. there are enough stripper and VD references to fill two shows sometimes). But it's inventive to catch if it's on TV late at night, and it functions rather well in that time slot. One can only hope for a DVD box set. <br /><br />So, to no one who's barely or even never heard of this program, here's a general note: think of this show as if Dashiell Hammett met up with Walt Disney and decided to go to slum part of Vegas with a free mini-bar and make a collaboration in the vein of Luis Bunuel and The Simpsons combined. Not to mention, it's by the group that did Rugrats.(strong) A",positive
There were times during the movie I wish I had been beat to death. The only reason I endured the entirety of the movie was because I couldn't believe how bad it really was and thought it must get better. This truly was a horror film. I was horrified that I wasted what seemed like 4 hours of my life that I will never get back. The other two hours I spent mourning at the loss. Please recommend this movie to whomever you wish to torture and tell them the suspense will kill them.,negative
"Obviously Raw Feed Video is smarter than all of us who wasted our money renting this flick! They will make millions from video rentals and their low budget investment is going to pay off big, which will finance ""Rest Stop II"" (unfortunately). I figure they spent a maximum of a few hundred thousand dollars American to hire the actors, rent the rest stop locale and burn a truck and drag a motorcycle along behind the truck for a bit plus pay for the technical stuff. That's it. We should all be as smart as these guys, I won't knock them for having the genius to promote a stinker into good monetary returns. Premise of the movie was good, and it could have been a really adequate horror movie, but it failed by not delivering a clear story line. I am always looking for a gem from the upstart film companies, but I didn't find it here and neither will you. I'm only sorry I wasted $3.99 plus tax to find out.",negative
"I was fortunate enough to catch a midnight screening of this movie tonight. I must say, I was expecting a horribly cheap movie with bad acting and a mediocre plot. I was completely mistaken. This movie was not only incredibly entertaining, but everything about it I simply loved. Bruce Campbell was as amazing as ever. The biggest surprise was none other than Ted Raimi, you know, Sam's little brother. He played the mad doctor's henchman to the greatest extent. Somewhere between physical comedy and clever dialogue, he did nothing but shine. But i really cannot ignore the magic that is Bruce Campbell. Though I did think that Ted Raimi stole the show, Bruce did what he does best on the big screen. Somewhere between the sketchy nasty American business man and the tragic victim, he displayed the same energy that he has always shown to be incredibly attractive to audiences. The movie itself was often interrupted by applause from the viewers. The crowd was definitely excited with each little turn that the movie took.<br /><br />This movie may not be Oscar material, but my goodness, it was amazing. I would highly recommend this to any Bruce Campbell fan. Also, anybody that likes campy sci-fi movies, do yourself a favor and watch this. Can't wait till this makes it out to DVD.<br /><br />Take it as you want to....<br /><br />- the fed",positive
"Did they use their entire budget paying the porno stars or what?!?<br /><br />Sound effects, background music and the editing in general was so bad you'd think some 12-year-old wanna-be made the film.<br /><br />Most of the acting was good considering the script... the ""innocent virgin"" played her part really well.<br /><br />The mutants look really cool and this actually could have been a really cool flick with the right brain behind the wheel... but, unfortunately for all involved, that's not the case.<br /><br />Turn Left was made better than this movie and those guys didn't even have any money!!! Good thing I didn't rent the movie myself!",negative
"What often threatens to turn into a soppy and soft-headed drama about misunderstood middle-class youth ends up a surprisingly shaded and subdued movie by John Frankenheimer (his first, though he had started in television, directing among other things an earlier version of this script).<br /><br />We are still in those semi-mythic 50s when teenagers drove jalopies and jeans were still dungarees. James MacArthur (adoptive son of playwright Charles and actress Helen Hayes, and later to enter pop culture as Hawaii 5-0's Danno) gets involved in a minor incident in a movie theater which escalates to his throwing a punch at the manager (Whit Bissell) and being booked down at the police station. His dad (James Daly), a big-shot movie producer gets the call, doesn't listen to his son's version of the story, and pulls strings to get him off.<br /><br />But MacArthur keeps carrying a chip on his shoulder, which even his sympathetic mom (Kim Hunter) can't knock off. Things worsen in the Coldwater Canyon homestead until MacArthur, trying to vindicate himself, stages a reprise of the original incident....<br /><br />The movie doesn't quite avoid the attitudes  and cliches  of its time, but presents them with considerable nuance: Every character gets an honorable hearing; every point of view has its merits (and reactions to the movie will depend on what viewers bring to it). There are flaws (the word `crummy,' a standard rebellious euphemism of the era, is used about 30 times too often) but they're outweighed by strengths. The movie benefits from a strong cast (most notable among them the excellent character actor James Gregory, as a police detective) and a resolutely non-exploitative way of telling its story. From a vantage point in the new millennium, the hot water MacArthur finds himself in may seem a little tepid, but The Young Stranger remains honest and honorable.<br /><br />",positive
"I've watched a few episodes of this show and have found certain elements of it to be rather interesting, considering medical facts that can be learned. But this is totally upstaged and wrecked by the neverending immoral relationships of the show's characters. Everybody seems to have slept with just about everyone, even during office hours, which is ridiculously unrealistic. There doesn't seem to be one solid, lasting marriage or relationship in the entire show - everyone is broken up and on the prowl - hardly a true reflection of all Americans. Indeed, there is a total lack of respect for marriage or monogamy and it's truly fulsome.<br /><br />Then we are presented with endless little moral 'dilemmas' and they're generally solved in such a way that belittles anyone who doesn't agree with the all-knowing degenerate management and staff of the private practice. For instance, in one of the latest episodes we're presented with an exceedingly rare situation of a baby who is born with an uncertain gender and Addison absolutely refuses to perform the surgery because we're supposed to let the baby decide his gender later on. Anyone who disagrees with this is portrayed as immature and stupid.<br /><br />And I think that anyone opposed to abortion would be offended by the way the show treats pro-lifers. Addison made the comment that no man was allowed to have an opinion on the issue and only one black character was given dignity for opposing abortion on moral grounds. The general feeling was that if you opposed abortion, you're a freak - hardly the popular sentiment in the US. Two of the main characters in the show nonchalantly mention that they had abortions when they were younger and had no apologies or regrets, in spite of the fact that research has shown women can undergo intense depression. What's more a young girl comes to the clinic for an abortion and then thanks the staff on the way out and someone talks about it as how they were helping this young person and it was like something to exult in. The script could have been written by Planned Parenthood.<br /><br />All in all, this is a cheap show that lacks much of a future unless it decides to present more real relationships rather than just totally unbelievable soap opera relationships and far-fetched medical situations throughout the whole show.",negative
"Yikes.<br /><br />I've seen quite a few bad movies in my days, a lot of them in the company of Mike, Tom, Crow and the others from MST3k. So was the case with this one as well and even though I found the movie in itself quite funny, it wouldn't have been nearly as fun without the MST3k commentary.<br /><br />The movie is a prime example of really bad movies coming out of Europe during the eighties. Horrible music, horrible acting, horrible plot (what little there is), horrible dialogue and really, really, REALLY, horrible editing. Cripes.<br /><br />This might be called a turkey if it weren't for the fact that it's not unique in any way whatsoever. It's pretty much the same kind of film that almost every italian hack of a director cranked out.<br /><br />So, try and get the MST3k version. It's a pretty fun episode with Mike and gang in quite good form.",negative
"Richard Abernethie, a very wealthy man, has died and his relatives have assembled for his funeral. Included in the funeral party is Abernathie's youngest sister Cora Galaccio. While none of the family has seen Cora in at least 20 years, they all agree that Cora was always a bit different. So when Cora says something about Abemethie having been murdered, most laugh it off as one of Cora's eccentricities. But someone is obviously taking Cora seriously. The next day, Cora is found dead in her bed having been beaten violently. Is there a connection between the two deaths? It's up to Hercule Poirot to find a killer.<br /><br />After the Funeral is one of the most well put together episodes of the entire Poirot series. I've always been a fan of this particular Agatha Christie book and, from what I remember, the movie is as faithful to Christie's source material as any of the Poirot installments. The mystery is top notch with plenty of clues, suspects, and red herrings. And as I've written before, I always enjoy an Christie story where Hercule Poirot gathers everyone together in a drawing room for the final reveal. It might be old fashioned, but that's the way I like it. Getting beyond the plot, technically and artistically After the Funeral is a winner. Sets, editing, direction, and cinematography are as good as you'll find in one of these movies. The acting is equally impressive. I've come to expect an enjoyable performance from David Suchet as Poirot and he doesn't disappoint here. The rest of the cast is just as strong with Monica Dolan giving an especially noteworthy performance. Other than a minor quibble with the rapid fire way the characters are introduced, I've got no real complaints. It's a good show all the way around.",positive
"Seeing the cover of this before I watched it, my expectations weren't high, especially since it was amongst those other crappy horror movies at blockbuster (alongside films like Junior).<br /><br />Alright, not only does this movie have the brainless stereotypical characters (the rich douche bag, the bitch, the sheriff, the localer that knows what's going wrong in the town, and so forth), but has such god-awful dialogue, acting, directing, and cg effects. The Jeremiah Stone dude was hilarious. (*SPOILER*) I'll never understand why he bit his finger off out of nowhere when he was holding that chick up hostage.<br /><br />The premise for the movie is just as atrocious as the other flaws. From what I could get from it, Jeremiah Stone was a gold digger during the Gold Rush, and a notorious outlaw. He had a crapload of gold, (*SPOILER*) and put a curse on anyone who went after his gold before he was gunned down by the locals after he killed some girl, but not only did he survive, he bit off his own finger and ran off. So, present day, a group of clueless morons find out about this gold mine, and of course, they are warned by locals about ""The Curse of the Forty-Niner"". And what do they do? As expected, ignored the warnings and greedily sought for the gold. They get the gold, and all sorts of s**t goes on. Thankfully, (*SPOILER*) the bitch gets her head cut off.<br /><br />That's about it. Looking at the cover of the film, you can tell what kind of movie it's going to be. It's just so terrible it's hilarious.<br /><br />1 1/2 stars out of 5.",negative
"I saw this movie with the intention of not liking it. I sure didn't. It's one of those movies that seems to have been made exclusively for the Oscars: music throughout the film in almost every single frame, almost no profanity, set in a time long gone, sepia-toned imagery, pretentious title, NO SEX, and a genius that explains everything he thinks and concludes in sfx/cgi so that we (the stupid audience) get it. One thing that amused me though is the fact that they spelled the NOBEL PRICE WRONG! Instead they call the Nobel-price (named after an actual person called Alfred Nobel) 'the noble-price'.. Jesus! How can one make such a mistake in such a big production, supposedly based on a true story. What a sham! What were you and the others thinking RON?",negative
"Colombian terrorists hold hostage a military school in the U.S. until their demands are met. The students decide to fight back. Will they be able to do it?<br /><br />Silly premise but the film actually works. The group of kids who fight were all up and coming when this film came out in 1991: Sean Astin (looking very cute); Wil Wheaton (looking miserable); Keith Coogan; George Perez (the token Latino who is very handsome, very muscular and is mostly shown in nothing but tight underwear); T.E. Russell (the token black guy) and Shawn Phelan. None of them are very good actors (except Astin), but who cares? This is a mindless action film. The only other good performances are from Denholm Elliott (having a ball as the headmaster) and Louis Gossett Jr. as the dean.<br /><br />Other than that--there's lots of action, suspense, explosions and little brains. In other words---FUN! <br /><br />Only complaint (and this is minor)--it's a bit too long (there are THREE endings) and there is LOTS of casual, bloody violence (the R rating was well-earned). Still, I enjoyed it a lot.",positive
"Good movie, all elements of a good movie was there, story, actors, script, and direction. I was on the edge of my seat the whole time.<br /><br />No question about it, is a low budget film, but I liked it more than many big budget films.<br /><br />Andres Bagg plays Martin Sanders, who is dealing with his unfaithful wife. Then a voice in the telephone and then just fear.<br /><br />Virginia Lustig is beautiful and brings a powerful performance. She is an excellent part to the film.<br /><br />I liked the increasing ambiguity near the end, even though we know that the main character can be involved, we continued seeing everything from his point of view and asking: Who is the killer?",positive
"I thought this would be funny. I did. I don't know what happened. But I think a lot of the problem unfortunately falls with the casting. I don't know who this kid is, he could be a very nice person but he wasn't right for this movie. And the supporting cast was great which only makes it more obvious. For example there would be a scene with him and his love interest and your mind just starts to wander off but then Keith David starts speaking, or Leslie Nielsen, or Marion Ross, and it's like someone turned a light on and suddenly you can pay attention again and you think it might not be that bad. But when they get back to the main characters the lights go out again. <br /><br />The spoofing material available in the superhero genre is plentiful so the fact that most of the jokes were basically a fart, makes you wonder who wrote this thing. I mean it had a couple of funny bits, as I do remember laughing a couple of times, but right now I don't remember why and it was only a few days ago.<br /><br />Really I'm giving it a take it or leave it rating but I think most people should just leave it.",negative
"Well, the big money machine has done it again! Disney very shrewdly takes advantage of morons like myself who feel we must own every video (good or bad) stamped with the Disney moniker. Why is it that I continue to look forward to these ""sequels"" which make Don Bluth on a bad day look like Leonardo DaVinci? Cinderella 2 consists of three storylines (already a poor choice!) Doesn't one of the most endearing Disney creations at least deserve a linear story? Of these three, only the last comes anywhere near the quality of animation and storytelling that I would expect. The music is atrocious and modern (meaning in 2 years it will already be dated) and adds nothing to the story. Why does everything have to be updated? You know, the original cartoon is still popular because of its timelessness, so why not be respectful and true to the original with songs that reflect the same style? Gee, I can't wait for a sequel to Sleeping Beauty. Instead of music based on the themes of Tchaikovsky, we'll get music inspired by Britney Spears!!! So Disney, if you're listening, remember we're not all indiscriminate children out here. How about throwing a bone or two to the fans who've been around long enough to know the difference between craft and crap?",negative
"Debbie Vickers (Nell Schofield) and Sue Knight (Jad Capelja) want to become one of the cool girls in their high school. Uncool and ugly girls had two options, be a mole or a prude! Debbie and Sue imitate them by using their cheating practices in an exam. Two of the cool boys, Garry (Goeff Rhoe) and Danny (Tony Hughes) ask them for their answers and they all get busted. After a bawling out from the headmaster (Bud Tingwell) the cool girls meet them outside in the playground and confronted them about whether they ""dobbed"" on them all. As Debbie and Sue hadn't the cool girls invited them to the ""dunnies"" for a smoke. They then start to hang with them on weekends at the beach, watching all the boys surf. Sue ends up going out with Danny and Debbie with Garry. A lot of usual teenage action takes place including sex, drugs and rock and roll. Garry has an eventual overdose of heroin which makes Debbie face the inequalities of life and she decides to learn to surf instead of just watching the boys. They are not happy but watch her, calling names, and eventually Debbie masters the board. A cool early 80s Aussie film.",positive
"Had the original casting idea been kept (hunting Rutger, not Ice-T), this movie might have worked. Sadly, racism had to come into the picture (literally) and mess it up. The predominantly black production staff couldn't allow the antagonist be black, so they swapped Rutger's and Ice-T's roles. This was only the start of the downward spiral of this film. Ernest Dickerson's news-room approach to 'directing' only verified that this was another affirmative-action job assignment. Master shot, close up, close up. Gads, 'Who's Line Is It Anyway' even uses more creative camera work. Eric's rewrite of 'The Most Dangerous Game' is at least an attempt at modernizing the classic tale, but fails to give us any motivations for why the characters are doing this. We are never given the reasons, other than ""no one will miss these people"", why the leader (re-written as Rutger) does these things. Aside from a heart-felt performance by John McGinley, and a fair job by Charles Dutton, do not bother with this one. One small bit of trivia, there was a real drunk-driving accident during filming that injured F.Murray Abraham, and resulted in the death of the intoxicated young driver that caused the accident.",negative
"SPOILERS<br /><br />I love the Simpsons, and I have seen every single episode that had ever come out. I must admit, season one is by far the most underrated season, and this is the most underrated episode in season one.The episode begins with the family playing a game of Scrabble to get Bart ready for an intelligence test he needs to take at school. He says the game is stupid and he doesn't want to play it, but he needs to. He spells out a word that angers Homer and he chases Bart around the house. The next day Mrs. Krabappel reassures the class that the test isn't part of their grade, just a test that would tell them what their future would be like. Bart can't answer one question. He thinks fast. He quickly switches test with Martin Prince, the smartest one in class. Later that day Marge and Homer are called to go to the Principal's office to discuss Bart's behavior. Suddenly, out of nowhere, the school psychologist comes and tells Skinner and Homer and Marge that Bart is a genius and should go to a special school for the gifted. Bart agrees to go since he wouldn't need to do any homework. The next day Homer drives Bart to the new school. He is introduced to everyone and everything. Unluckily, his day isn't very good. The smart students take his lunch smartly, he can't read any comic books, but he does anyway, and he is criticized by his fellow students. Luckily for Bart, he and Homer start to have a great time together, but Marge bought tickets to an opera. They go to the opera, and make fun of it. The next day he goes to his old school but is made fun of by his friends. They call him a point dexter. While at his new school, Bart is told to do a Chemistry Experiment. He does it wrong and blows up the school, leaving himself green. Bart is told by the psychologist to tell him why he did it. Instead, Bart tells him he wants to go undercover and go back to his old school to observe other kids. The psychologist is intrigued and he asks Bart to explain it on a piece of paper. He finds it too hard and instead writes a confession that he really isn't a genius. He gives it to the psychologist. All he cares about is that he spelled the word confession wrong. That night Homer bathes Bart and Bart tells him that he really isn't a genius and that he cheated on the test. Homer gets angry and chases Bart around the house as Lisa and Marge look at them casually.<br /><br />Overall, this is a very underrated season one episode.<br /><br />8/10",positive
"This film is one of those that has a resounding familiarity to it. It is earthy, grounded and a film that will make you think...and smile. Paul Reiser and Peter Falk take you on a journey that you will not forget. The soundtrack is beautifully varied and fitting; and the film itself is like a breath of fresh air. This surely deserves recognition for both the film and the actors! Finally, a piece of art that departs from the obvious love story and the frequent special affects that are seen today. Never have I walked out from a movie with such deep warmth and feeling of thoughtfulness in my heart; for it felt as if someone had just wrapped it in a fluffy fleece blanket. To see this film is to find a real treasure and delight in it.",positive
"There were so many things wrong with this movie i have trouble keeping them all straight. But one thing that really bothers me is that if Jigsaw was the one laying on the ground in the bathroom, what happens if Zep never shows up? What if Zep was killed by Danny Gloover before he made it to the bathroom? Does Jigsaw simply just get up and walk out? Could the guy in the middle of the bathroom not be jigsaw, but another part of Jigsaw's game? What if Zep killed the wife and kid, how does Jigsaw get him the antidote for the poison if he's lying in the middle of the bathroom? Why does the doctor wait till the last minute to finally cut off his foot? It was too late, it was after six and as far as he knew his wife and child were already shot dead, it wasn't the best time for heroics. These are just a few questions i had about the film, but i may be missing something or everything as i have only seen the movie once. Please Help!",negative
"First off I want to say that this film is worthy of more than the four stars I rated it. I gave it four stars because for me this 86 minute movie always seems like 2 and a half hours and is not engaging enough to sit through it all. However, ""The Big Alligator River"" (the title my DVD calls it) is better than your average nature strikes back movie.<br /><br />A tourist resort in the jungles of Southeast Asia is just opening and employs the natives while trying to manipulate the wildlife around. Mother Nature seeking revenge comes in the form of the god Kroona, a giant Alligator. But the creature isn't the only thing the tourists and the main characters (a photographer and the resort staff) have to worry about, the natives are getting rubbed the wrong way too.<br /><br />This movie is a pretty well-done adventure/horror story with a good musical score and direction. But the alligator itself, the main attraction of the movie, is obviously fake looking. Some of the close-ups of its jaws are good but that should be all we need to see. Some of the underwater far-away shots make it painfully obvious that what we are really dealing with is an alligator squeaky-toy you can probably get at a zoo souvenir shop. But the natives are believable, if not authentic.<br /><br />Probably not the movie that will give you non-stop thrills, if any, but shot and produced well enough to be given good mention. And like a lot of creature movies, this one ends with an extremely high body count. It also has lots of good jungle scenery. Acting is below par though, but who was expecting it to be better, eh? <br /><br />Much, much better than its recent American counterpart ""Primeival"" but nothing to be compared with ""Jaws"". But remember it may not be engaging at a few points.",negative
i am totally addicted to this show. i can't wait till the week goes by to see the next showing. it's a great story line and it has the best actors and actresses on the show. i will tune in every week to watch it even if i am not home i always have my vcr set to tape monarch cove. simon rex is the best actor on the show. it is suspenseful and exciting. i think this show should stay on the air and i believe everyone should tune in to watch it. i saw the very first episode and actually i wasn't going to watch it but i was watching lifetime one day and i decided to watch it because it was on and i absolutely love it and right now it's my favorite show. i am really mean it.,positive
"What crack are you smoking? This movie, while gloriously entertaining, is awful! <br /><br />The action scenes are so obviously fake it's kind of sad. The colonel's daughter is painfully irritating. The ninja training camp is so hilarious it is almost not worth mentioning. And when Joe puts the bucket over his head and beat up the other army guy, I just about peed myself. I could go on...<br /><br />Entertaining, arguably so. Good, no. Well made, certainly not.<br /><br />As a commentary on America as empire, it's actually pretty good. Joe as a typical white conqueror isn't all that surprising, especially in the context of mid-1980s American cinema.",negative
"The gates of Hell opened up and spit out this film, then closed again.<br /><br />Watching this movie makes me appreciate other movies I have seen, like all other movies. Nothing makes sense in this movie.<br /><br />It would really take too long to mention all the plot problems. In fact, except as a warning, it really isn't worth wasting some of the nearly infinite space available on the internet writing about this film.<br /><br />From now on, I will check IMDb before watching any film.<br /><br />Hot darn, IMDb is forcing me to write more about this film. I guess I should warn you about Edison Force while I am at it. But if you had to chose between the two, pick Edison Force.",negative
"This was a marvelously funny comedy with a great cast. John Ritter and Katey Sagal were perfectly cast as the parents, and the kids were great too. Kaley Cuoco was a good choice to play Bridget, who was sort of a toned-down version of Kelly Bundy from Married with Children. The writing and performances were both first-rate.<br /><br />Sadly, John Ritter died during the series, and it put a damper on things. They had to scramble to change the show and bring in more cast members, and it was obviously an uncomfortable situation, but they handled it well. James Garner was a good addition. It could have lasted longer had Ritter lived.<br /><br />I especially loved it when they brought in Ed O'Neill in a guest spot. That was great.<br /><br />*** out of ****",positive
"I admit that I am a vampire addict: I have seen so many vampire movies I have lost count and this one is definitely in the top ten. I was very impressed by the original John Carpenter's Vampires and when I descovered there was a sequel I went straight out and bought it. This movie does not obey quite the same rules as the first, and it is not quite so dark, but it is close enough and I felt that it built nicely on the original.<br /><br />Jon Bon Jovi was very good as Derek Bliss: his performance was likeable and yet hard enough for the viewer to believe that he might actually be able to survive in the world in which he lives. One of my favourite parts was just after he meets Zoey and wanders into the bathroom of the diner to check to see if she is more than she seems. His comments are beautifully irreverant and yet emminently practical which contrast well with the rest of the scene as it unfolds.<br /><br />The other cast members were also well chosen and they knitted nicely to produce an entertaining and original film. It is not simply a rehash of the first movie and it has grown in a similar way to the way Fright Night II grew out of Fright Night. There are different elements which make it a fresh movie with a similar theme.<br /><br />If you like vampire movies I would recommend this one. If you prefer your films less bloody then choose something else.",positive
"Let me start by saying I don't recall laughing once during this comedy. From the opening scene, our protagonist Solo (Giovanni Ribisi) shows himself to be a self-absorbed, feeble, and neurotic loser completely unable to cope with the smallest responsibilities such as balancing a checkbook, keeping his word, or forming a coherent thought. I guess we're supposed to be drawn to his fragile vulnerability and cheer him on through the process of clawing his way out of a deep depression. I guess we're supposed to sympathize as he stumbles through a series of misadventures seemingly triggered by his purchase of a dog, but in reality brought on by his own contemptible nature. I didn't get the slightest hint at any point that Solo ever possessed any redeeming character, which became disturbingly apparent when he failed to feed his dog for a few days. No spark of humanity or glimmer of conscience gave me hope that he would ever realize his life is so utterly miserable because he's a self- absorbed, self-pitying lowlife. I didn't develop any connection with this character. He didn't seem to care, and so neither did I. I actually wanted him to get his kneecaps busted at one point.<br /><br />The dog was not a character in the film. It was simply a prop to be used, neglected, scorned, abused, coveted and disposed of on a whim. So be warned. Even though ""dog"" is in the title, this film is not a romantic comedy for dog lovers.<br /><br />Scott Caan's role is amusing and believable as the oversexed best friend/cad. Don Cheadle is sincere and magnetic - I always want to see more of him on screen. Mena Suvari was delightfully repellent. Lynn Collins role of a ""stripper with a heart"" was well acted, but the character was simultaneously absurd and clichéd, not to mention there was zero chemistry between her and Ribisi.<br /><br />Romantic? Hardly. Comedy? If you say so.",negative
"Sure, if you ask any mom who's the most beautiful baby in the world, she'd tell you her son is the most amazing kid in the whole world. She's right, at least in her own world.<br /><br />The producers of the movie were biggie's mother and his good friend Puffy. Oh, well, do I need to say more? I'll break it down for those who doesn't want to do a simple deduction.<br /><br />The whole movie was fake. You may just put a few biggie's MTV video together and call it a movie.<br /><br />The beautiful Angela Bassett played Biggie's mother. The real one in life looks like a dog.<br /><br />I just wonder why he called himself biggie small. Big body Small dick? Big mouth Small sound? Big fat Small eyes? Disclaimer: I'm a person of color. So keep your racist remark to yourself.",negative
"I was not old enough to really appreciate the original Mod Squad, but I knew everyone thought it was cool. I have some of the ""books"" that were written based on the series in my screen-to-print collection, and they're pretty light duty, so I didn't expect much from the movie. That's a good thing, because this movie was bad on a long leash. <br /><br />I admire the risk in creating a movie that is so completely true to the 1960's hit. The movie audience, though, has gained sophistication in 30 years. At least, I think so. I certainly expect something more than an hour and a half of the original Mod Squad concept, with (now old) car chases, (now considered poor) camera work, (tinny sounding) soundtrack and (poor) script and all, on the big screen. In the 1960s, we didn't care as much because we had minimal expectations. An integrated police team of young people wearing something besides suits was enough. It was that, another thrilling episode of ""Ironsides"" or ""Password.""<br /><br />Rating this ""episode"" against usual theatre releases, the story was...well, I'm not sure I should even say because I'm not sure there was one. Drugs are bad? Whatever. The script was silly. When the characters are exchanging dialog and advancing the plot with lines like ""I overheard him say so on the phone,"" and ""I think I got a plan,"" we really are in trouble. No wonder the acting was dreadful: no one knew how to say such idiotic lines.<br /><br />If I were Claire Danes, I'd be going after my agent with a flame-thrower right now. (Actually, I think everyone in and watching the film has a right to seek retribution.)<br /><br />And where was the Mod in that Squad? I realize these kids just got out of juvenile hall, but no one had a velvet suit? ""Mod"" only meant young and integrated? What happened to white go-go boots? Perhaps the costume department was going for gritty, but all they got was dirty and dingy.<br /><br />Since the movie was completely true to the original series, and required special behavior from the actors, cameramen, stunt men, etc., we should appreciate it more. Unfortunately, I still don't like it. If I wanted to watch 60's crime drama, I'd buy DVDs. No thanks.",negative
"I did have a good time the first 45 min. or so, but then suddenly it was all down hill. The suspense somewhat started to get thin and the jokes somewhat the same all over. What kept it going were the good actors.<br /><br />But the problem with this film is that it is trying to be cleverly funny,like Tarantino and god is that outdated stuff. Tarantino being a bit overrated sometimes, this movie comes ten years too late. At best it is for teenagers, and I am sure many of them find the character of Johann funny, which he is for the first 30 min. The other problem I have with it is that the story fades away towards the end more and more, thou I tried to find a recovery point. Maybe it didn't recover because the lack of passion comes with the effort of trying to be cleverly funny. Also, like in many movies, sure, good actors who can afford it don't seem to demand a better dialogue, or just turn down the script.",negative
"Don't believe the hype. If you have high hopes or have anticipated this movie to any degree, you may be disappointed. Even the hilarious and talented Steve Carrell can't save this poorly written, over-long silly spy flick. For the purists (fans of the original TV series), this movie bears little resemblance to the original characters and influence. Agent 99 and Maxwell (except for their names) are simply not the same characters. There are several isolated references to the original, but not enough to convince this fan that it is anything more than a poor shadow of the TV version. For those not familiar with the original TV series, you may not be disappointed but chances are you will be bored. There are a few cheap Hollywood political shots as well (really pathetic and oh so typical for an election year). We left after the first hour and weren't alone. Some left after 20 minutes.",negative
"How can anyone even begin to like this film is really beyond me.<br /><br />The idea? It has none. ""A guy fell apart"". That's the idea. Wow. An environment was slowly killing him... now THAT's original and worth watching.<br /><br />This is the first Fasbinder's film I've seen... I've heard that he's a genius of mise-en-scene, but I've seen student films with more attention, inspiration, idea, and craft than this... this.... this nothing. It has nothing!<br /><br />Each and every shot is too long. There's so much emptiness in them... The acting's horrible. You can see the actors had no preparation at all, no understanding of their roles, not even an attempt at showing emotions... it's so... superficial... The lines are so explicative that you could removed 90% of them and still have the same crappy film. Tempo? Who cares about it. Atmosphere, dynamics, that's for pussies! One shot per scene, 80% of the time people staring unrealistically, having no idea how to represent emotions and importance of the moment besides hollow staring at the camera or one another... EDiting? All rules of editing have been disregarded with no pa pay-off of any kind... Photography? Half of the shots have reflection in them, and crappy lighting with no stylization of any kind. Shadows, play of shadows... who needs that? We need a guy pissing, drinking, hitting his wife like he's... like he's acting. We need a bunch of close ups of a not-so-beautiful woman... we need an amateurish climax of his capture by an unconvincing arabian torturer... This film has so much wrongs that it isn't worth the no-budget it had.<br /><br />Frankly, I haven't seen a film this bad since American Pie 5. Yup. That bad.<br /><br />I've just started watching his ""Veronica Foss"" movie, which seems much better, based on the first 15 minutes (since it does have a hint of directing and artistic idea, unlike this crap), so I won't argue that Fasbinder's clueless.... but this.... this film SUCKS!",negative
"A masterpiece of comedy, a masterpiece of horror, a masterpiece of romance, if there is anything negative to say about A Chinese Ghost Story, it might be that the special effects looked dated in comparison to modern technology. The film has a simple premise: a poor debt collector has to stay in a secluded area while trying to collect a debt. Of course, it happens to be haunted as well.<br /><br />What I wasn't expecting the first time I saw this film is that it's one of the most touching love stories I've ever seen; that is without losing any of the slapstick comedy that will have you in stitches. Unlike some films of Asian cinema, A Chinese Ghost Story isn't hard to swallow for those that aren't versed in Chinese culture. Indeed, it plays on timeless, cultureless themes of the paranormal and romance.<br /><br />Think Evil Dead 2, if they had thrown a wonderful love story into the mix. This film is for real, despite being overlooked by many. It's absolutely among the best I've ever seen. It's ability to combine the best aspects of multiple genres, and cross cultural boundaries in order to appeal to humanity everywhere, is nothing short of fantastic. Highly recommended, 10/10.",positive
"I usually read reviews before I watch a movie. Guess what, I didn't do that before watching TLB, and I have to say I was very surprised to see the above average rating at IMDb. I found it to have a total lack of story. You just get dropped into it (and, sadly, not in the way Saving Private Ryan dropped us into the movie), and it also has a sudden end, which was very unsatisfying for me.<br /><br />I have to admit, the wounded soldiers looked pretty realistic to me, especially with the low budget in mind. But prepare yourself to have a laugh... Some guys are being tossed through the air after an explosion as if they are Olympic gymnasts. A mid-air corkscrew or somersault during WW I is a bit too much for me, especially when it's performed countless times during the movie...<br /><br />But the parts that really got me laughing until I almost cried were the scenes containing close combat. The screaming and shouting German voices...unbelievably funny. It seems as if they are spoken by one single actor / voice performer, because they all sound exactly the same, and it just sounds like a 'typical' German voice.<br /><br />I would absolutely NOT recommend this movie to anyone, except to people who just want to have some laughs because of the sad and corny quality of it.",negative
"The 1970s are often regarded as a golden age of British television comedy, a period which saw numerous classic sitcoms as well as sketch shows such as ""Monty Python's Flying Circus"". The period was, however, emphatically not a golden age of British film comedy, and what worked well on television rarely transferred successfully to the big screen. The most triumphant exceptions to this rule were provided by the Pythons, but their best films (""Monty Python and the Holy Grail"" and ""Life of Brian"") were very different in conception to their TV show.<br /><br />The main problem with adapting sitcoms for the cinema is that concepts devised to fit the BBC's 30 minute slots (25 minutes on ITV, which has to find room for commercials) do not always work as well when expanded into a feature film three or four times as long. Few people will remember the film versions of, say, ""Up Pompeii!"" or ""Steptoe and Son"" with the same affection as the television versions. In the case of many classic TV comedy shows (""Some Mothers Do 'Ave 'Em"", ""Yes, Minister"", ""Fawlty Towers"", ""The Goodies"") no attempt was made to film them at all, for which we can be grateful. Characters such as Michael Crawford's Frank Spencer or John Cleese's Basil Fawlty can be hilarious in half-hour doses, but I doubt if they would remain as funny over two hours. One comedy programme (albeit a dramatisation of a comic novel rather than a sitcom in the normal sense) which might have worked in the cinema was ""The Fall and Rise of Reginald Perrin"", but any hopes of a film were dashed by the tragically early death of its star Leonard Rossiter.<br /><br />""Dad's Army"" was one of the few television sitcoms of the period which was turned into a decent film. (About the only other one I can think of was ""Porridge""). This was possibly because it had an unusually large number of well-developed characters and derived most of its humour from the interactions between them. The original sitcom ran between 1968 and 1977 and told of the misadventures of a Home Guard platoon in the small seaside town of Walmington-on-Sea. (The Home Guard, initially known as the Local Defence Volunteers, was an auxiliary militia during World War II made up, for the most part, of men too old to serve in the regular forces). The film version is a three-act drama. Act I deals with the formation of the platoon and the recruitment of its members. In Act II they cause havoc during an Army training exercise. In Act III they succeed in capturing a group of Nazi airmen whose plane has been shot down.<br /><br />The three key players in this drama are the platoon's commander, Captain George Mainwaring (Arthur Lowe), and his two subordinates Sergeant Arthur Wilson (John Le Mesurier) and Corporal Jack Jones (Clive Dunn). Mainwaring, who in civilian life is the local bank manager, is a fussy little man, peering at the world through a pair of thick spectacles. It is he who takes the initiative in forming the Home Guard unit and who appoints himself its commander. He is pompous, officious, with an exaggerated sense of his own importance and of his own powers of leadership, the sort of man who does not suffer fools gladly. (And in George Mainwaring's world-view the term ""fool"" covers most of the rest of the human race). He does, however, have his good qualities. He is motivated by a genuine patriotic idealism and is capable of great physical courage, shown in his encounter with the Germans.<br /><br />Wilson is Mainwaring's deputy at the bank. The two men are very different in character, something emphasised by a difference in appearance, Wilson being tall and thin whereas Mainwaring is short and stout. He comes across as being both more intelligent and better educated than his boss. (His accent suggests he may be a former public schoolboy). Nevertheless, he has ended up playing second fiddle both in civilian and military life, probably because he has the sort of passive personality which leads to pessimism and defeatism and an inability to take anything altogether seriously. Jones is an old soldier who now runs the local butcher's shop. (His promotion to Corporal is due mainly to his ability to bribe Mainwaring with black market sausages). His enthusiasm for his new role is matched only by his incompetence and ability to cause chaos. Although his catchphrase is ""Don't panic!"" he is prone to panicking at any given opportunity.<br /><br />Several other members of the platoon are featured. Private Fraser, the dour Scottish undertaker, is even more of a pessimist than Wilson. (Catchphrase: ""We're doomed, man, DOOMED!""). Private Godfrey is a gentle old man whose main concern is the whereabouts of the nearest lavatory. Private Walker is a sharp Cockney spiv and Private Pike (another bank employee) a spoilt mummy's boy. (Pike's mother is Wilson's mistress, although Wilson tries to keep this liaison secret from the disapproving Mainwaring). Two significant outsiders are the mild-mannered Vicar and the ARP warden, Mainwaring's detested enemy and quite his equal in pompousness and officiousness.<br /><br />There are occasional bawdy doubles entendres (""Keep your hands off my privates""- Mainwaring is ostensibly referring to those soldiers who hold that rank), more so than in the television show which was surprisingly free of innuendo. (Its creators, David Croft and Jimmy Perry, would later go on to create comedy shows such as ""Are You Being Served?"" and ""Hi-de-hi"" which were notorious for suggestive humour). The film does, however, preserve much of the mixture of gentle wit, nostalgia and sharp characterisation which made the TV series so successful. 7/10",positive
"It may be difficult to believe, but the basic plot of this abysmal flick has been lifted from Hitchcock's perennial classic, ""Vertigo"". To see Edward James Olmos in the part once played by James Stewart is heart-breaking; Sean Young is better, but still a poor substitute for Kim Novak.",negative
"Im not a big Tim Matheson fan but i have to admit i liked this film.It was dark and a small bit disturbing with some scenes a bit edgy,i don't know were to classify this film its a bit SF and a bit horror slash thriller.I saw this at about 2.00am or so on my local channel there was nothing else on so i decided to watch it.If you have not seen this film id recommend it its not really that bad,the characters are interesting enough but not really explored to their full potential which could have made this film even more better.I don,t know if this film went to the cinema but it felt like it was made for TV or went straight to video,i for one would buy this if it,s on DVD it fits well with my type of film and has a small bit of the X-FILES story attached to it.Government undertakings or shifty corporations involved in dodgy shadowy dealings.Overall a good film.",positive
"Robin Williams gave a fine performance in The Night Listener as did the other cast members. However, the movie seems rushed and leaves too many loose ends to be considered a ""must see."" I think the problem happens because there isn't a strong enough relationship established between the caller and the Gabriel Noon(I had to spell it this way, because IMDb wants to auto correct the right spelling to ""No one"") character. The movie runs a little over 01:30 and within the first 15 minutes, or so it seems, Noon begins his search for Pete Logande, the boy caller.<br /><br />This happens after he talks to the mysterious caller about 3 or 4 times. The conversations aren't too in-depth mostly consisting of how are you... I'm in the hospital...why did you boyfriend move out... etc. In the book, the kid almost becomes Noon's shrink and vice versa and the reader understands why he goes in search of this boy, once he finds out the kid disappears and thinks he might be a hoax.<br /><br />In the movie, Noon becomes obsessed with finding Logande, but the audience is left to wonder why? Since there really isn't a strong enough bond established between Noon and the caller, why bother? Who cares if the caller doesn't exist? <br /><br />I know there's a difference between a book and a movie, but those calls and that relationship was critical to establish on screen, because it provides the foundation for the rest of the movie. Since it doesn't, the movie falls apart.<br /><br />This is surprising because of Maupin's other work, Tales of the City. When it was made into a mini-series, it worked beautifully.",negative
"I went into this movie hoping for an imaginative twist on the Second Coming. Boy, was I ever wrong. BBC are dullards at pacing a movie, total idiots at creating suspense, fools at building intensity. And this movie is no exception to the rule of how much BBC sucks.<br /><br />Ugh, the pacing and time-wasting laborious dialogue was just painful to sit through. The first 30 minutes felt like 2 hours. I kept looking down at my watch wondering when the pointless, monotonous drivel would end. They wasted a perfectly good actor in the lead role, because the material is so lazy, and sloppily, written. Everything that happens is just to kill time.<br /><br />Out of 155 minutes, only 15 minutes are interesting (the controversial ending). What a shame. Reading the plot summary is more interesting than watching the movie. The preaching, the ""am I God"" endless blah blah blah-ing, the dumb as doornails boring miracles... UGH.<br /><br />DO NOT WATCH THIS CRAP.",negative
"This is the absolutely worst show in the history of Nickelodeon. First of all, no boarding school has a Sushi Bar, Flat screen TVs, and gives every student a laptop. This makes the show so unrealistic, and boring. The plots are pointless, and incredibly boring. The actors are so bad, it makes me want to take my own life. I really hate the fact that in the show, Zoey is the most popular girl in school, and the prettiest, and smartest, and gets the best grades without doing any work. She never has any real problems, and every guy wants to date her. She is so perfect. There isn't anyone like that. Also, I hate that everyone would do anything for her, and everyone picks her for every team, or club. It is so annoying. Quinn is so obnoxious. Her experiments are pathetic, pointless, and fake. Chase is such a wimp. He says he loves Zoey, but if he told her, it would ruin their friendship. How pathetic. Michael tries to be funny, but he never accomplishes anything. Nichole is so perky, and screams a lot. She is never seen doing any work, or studying, but she is a straight A student. Lola thinks she is an actress, but she sucks (Excuse my language). Need I say more? I think no. For your own good, stay away from this show at all costs.",negative
"I'm not gonna lie. To say that this movie is confusing is like saying the sun is hot but not really. And if you've seen cult director Richard Kelly's previous films, ""Donnie Darko"" and ""Southland Tales,"" you know that's gotta mean something. When I went to see this movie, there were about 50 people in the theater. Before an hour into the film, about half of the audience had already walked out. By the end, there were only 15 people left wondering what in the hell did they just see. I for one could only comprehend roughly 40% of what I saw on- screen, and even then it can only be called interpretation. So why did I give this movie a generous seven stars? Because for one, we get some spectacular performances (Marsden's great and Langella returns as a familiar creepy character), and most importantly two, because it's entirely original and Richard Kelly, undoubtedly one of the bravest directors alive, uses his creative vision to tell a story that dares to be different. Quite frankly, it's the ONLY way - only through Kelly's unique style could this story be told the way it's intended.<br /><br />In the end, if you're not willing to spend some serious thought into an intelligent movie (and even then it may all amount to nothing), stay FAR away from this one. But if you want to watch a deep, rich, complex and thought-provoking piece on spirituality, existentialism, and the predictability of human nature, go see this. Be prepared for lengthy discussions with your partner however.<br /><br />*Note: If by chance you've read this review, taken my recommendation, have actually seen the movie and STILL believe you've wasted 2 hours of your life, I'd be happy to share my views on the whole meaning and plot of the film. See, that's why I liked it so much - it promotes discussion! As hard as it is though, I'll try summing it up by paraphrasing a rather depressing quote by Langella's character, who explains the significance of the simple box to an employee: ""Your house is a box which you live in. The car that you drove to work is a box, on wheels. When you return home from work you sit in front of a box with moving images. You watch until the mind and soul rots and the box that is your body deteriorates, when finally you are placed into the ultimate box... to rest under the soil and earth.""",positive
"Excellent movie about a big media firm and the goings on both on and off camera. Covering several years, the film centers on 3 upwardly mobile, young hopefuls, all striving for their place within the corporation. Well written dialogue, flawless acting, and a riveting story made for 2 hours of solid entertainment.",positive
"Cynthia Rothrock,(China O'Brien),""Manhattan Chase"",2000, made this film enjoyable to watch and of course,e this cute petite gal burned up the screen with her artistic abilities and hot sexy body. China O'Brien gets upset as a police officer and decides to call it quits and go back home to her hometown and get back to her roots and her dad, who is the local sheriff. Her dad is getting older and the town has changed, gangsters have taken over the town and started to get the local women to start turning tricks and the city people were getting sick and tired of their town going to Hell. Well, you almost can guess what happens, and you are right, China O'Brien fights back after great tragedy strikes her life. Bad acting through out the picture, but Cynthia Rothrock brings this film to a wonderful conclusion.",negative
"Shinjuku Triad Society, albeit from perfect, is a fiercely compelling film for what it tries to depict in its uber-conventional realm. It's a yakuza/triad picture, involving cops versus Japanese &/or Chinese gangsters (mostly Chinese, as the title suggests), but already even in his first technical 'debut', Takashi Miike is already establishing many aspects to films that he would make from here-on in. Social issues like black market trading of precious goods, in this case human organs usually from children; nostalgia for childhood and one's roots, which was especially prevalent in Dead or Alive 2; thumbing-of-the-nose at taboos like gay sex and (satirical) rape/violence towards women; blood-curdling violence. It's certainly not as surreal as some of Miike's most recent films, but this is expected as he's trying out things that he's just starting to learn, following a track record of straight to video programmers. It's got all of those qualities, and it's also, like the films that would follow from it, equally savage and heartfelt, crazy (in spots) and sardonic in its drama, and solid for genre fans.<br /><br />The story concerns two brothers, one a Chinese orphan raised in Japan, Tatsuhito Kiriya (Kippei Shiina, pretty decent as a Eastwood-esquire anti-hero/hero), who's become a detective, and another, who's become a gangster, or a would-be one. The main arch likely takeover gang comes from Wang (a definite pun on what the gang represents during its spare-time, played by Tomorowo Taguchi as a typical wacko with real terror in his eyes), and his partner Karino (Takeshi Caesar, who's threatening even when just repeating a commandment over and over to a woman who's just had her eye plugged out following a sour deal), who are the ruthless kind to pop up almost organically in a Miike movie. There's some intrigue involving the organ-trading scheme with the gangsters, which Kiriya almost becomes a victim of, and the gang's penchant for gay sex- at least with one little puppet of sorts who does whatever the main gangsters want. It all leads up to vengeance and redemption, qualities that Miike and his writer are trying to emulate from Shakespeare (hence the Macbeth bit with Wang washing his bloody hangs over and over after some gay sex saying ""it won't come off"").<br /><br />If it doesn't add up to the same emotional level of impact that a great Shakespeare play would have, it's par for the course of a film like this. Miike's goals are met, though just met, in his low-scale ambitions: a gangster picture with some added levels of harsh familial trouble (the main tension between the brothers comes out of profession and duty to parents), notes on the crueler aspects of underworld crime, and what the realm of unrepentant sex, with both sexes, brings out psychologically in the characters. At the same time, Shinjuku Triad Society also contains more than a few moments of classic biting black-comedy from the Miike oeuvre. Some of it just has to be taken with a grain of salt for what the director does in his outrageousness, like the bit at the beginning with the chair smashing over the face, or the randomness of the ""interrogation"" as it goes into a very twisted area. There's even a laugh-out-loud line from the young sex-slave after finishing an act on one of the bosses: ""Thank you, Mr. Weeny-Burger."" Miike and his writer don't have enough here to make the film a full-on dark comedy like Ichi or, of course, Visitor Q, but there's enough to bring some appropriate levity to the darker aspects to the story and characters.<br /><br />As the first entry of the ""Black Society"" trilogy, as it's called, I was quite impressed, and it's a fine quasi-calling card from one of the craziest new artists in contemporary cinema.",positive
"Though this film destroyed Director and Screenwriter Michael Cimino's career and bankrupted United Artists, it still stands as one of the top movies of all time. There are plenty of reasons to prematurely dismiss this movie for sure. Among them: its length, its technical problems, its colossal mistreatment of animals on set -- the list goes on and on. And yet, for all of this, it remains a film that captures something. It is a classic example of naturalistic storytelling on par with Strindberg -- its moments lasting as long as they might in reality, having not been dumbed down for good cinematic timing. It feels real in its moments of anger, love, and war (and hopelessness). This film should be seen by any person who appreciates film and storytelling.",positive
"Stupid and just plain weird movie about some kid who becomes traumatized when he finds out Santa isn't real (???). He grows up and becomes an adult (Brandon Maggart) who makes lists of people who are naughty or nice. One Christmas he snaps and sets out to kill the naughty people--dressed as Santa of course.<br /><br />Boring and just plain bad killer Santa movie. If you're looking for gore, it's not here. Only a few of the murders are shown and they're not that gory with VERY fake effects. Most of the movie just contains Brandon Maggart talking to himself and slowly going crazy. The script is trite, the acting is terrible and it leads to an ending which had me staring slack-jawed at the TV. Seriously, I had to rewind the tape and watch it again to make sure I wasn't hallucinating! Really REALLY poor ending.<br /><br />If you want a scary Christmas flick rent ""Black Christmas"" (the original 70s version---NOT the terrible remake). Avoid this one at all costs.",negative
"I recently rented this doc, having remembered hearing about it from IMDb.com and being intrigued by the premise. I knew very little about either of these bands, but I do remember hearing ""Not If You Were The Last Junkie On Earth"" by The Dandy Warhols ages ago and enjoying it. That being said, this is my perspective on the doc:<br /><br />One thing I found incredible about this film is there is no need to have any prior knowledge of either of these bands. The director (Ondi Timoner) wastes no time in engaging the audience and familiarizing them with the people in this film. I quickly became grooved to the lives both Anton and Courtney as well as their respective bands, The Brian Jonestown Massacre and The Dandy Warhols. I think that is part of what makes this doc so good, and what makes Ondi Timoner such a master documentarian.<br /><br />I also loved how the ""story"" of these bands was told. Most of what you see is of the bands on tour. Both bands start out playing small venues and struggling to make it in the recording industry. Throughout the film, each band strives to remain unique and uncontrolled by the norm. However it is this that makes the two bands similar, and thus the brilliant perspective on how two bands of a feather can go in such different directions.<br /><br />I would basically recommend this for ANYONE who likes film in general. You do not need to have a particular love for documentaries, or either of the bands. An appreciation for music helps, but the music itself takes a backseat to the love/hate relationship between The Brian Jonestown Massacre and The Dandy Warhols.",positive
"Joel schumacher Made a heck of a choice when he decided on this cast and this script. The story is well written and well laid out, and this entirely new cast of 10 or 12 central characters was absolutely brilliant. It seemed that there were 6 ""leads"" and about a half dozen supporting, and by far this is the best thing about the movie, the fresh young faces of tomorrow. It has been a long time since hollywood has touched the controversial vietnam war films,which says something for the""story that needed to be told""(as stated by schumacher) and Tigerland lands in that handful of top war movies period. Yet it can not be labeled as a war movie because it seemed to be based more on the human spirit of Bozz and the others. I Think anyone who just wants to see a good film with out all of the special FX, but just good, gritty drama should go see Tigerland, obviously Shumachers Best works in the past 8 years.",positive
"Witchcraft/Witchery/La Casa 4/ and whatever else you wish to call it. How about..Crud.<br /><br />A gathering of people at a Massachusetts island resort are besieged by the black magic powers of an evil witch killing each individual using cruel, torturous methods. Photographer Gary(David Hasselhoff)is taking pictures for Linda(Catherine Hickland whose voice and demeanor resemble EE-YOR of the Winnie the Poo cartoon), a virgin studying witchcraft, on the island resort without permission. Rose Brooks(Annie Ross, portraying an incredibly rude bitch)is interested in perhaps purchasing the resort and, along with husband Freddie(Robert Champagne, who is always ogling other women much younger than him), pregnant daughter Jane(Linda Blair)and grandson Tommy(Michael Manchester, who just looks bored throughout, probably wanting to watch Sesame Street instead of starring in this rubbish), go by boat to the resort being treated to a look at the property by Realtor Tony Giordano's son Jerry(Rick Farnsworth), obviously a pup in the business getting his feet wet. Along with these folks is architect Leslie(Leslie Cumming, whose character is a nympho)who might help Rose re-design the resort. The boat's captain is killed by The Lady in Black(Hildegard Knef, wearing her make-up and lip-stick extra thick)and a storm is brewing. The boat drives off by itself(..guided by the invisible power of The Lady in Black, I guess)with everyone stuck in the decrepit resort, which is in dire need of repairs. Most of the victims, before meeting their grisly fates are carried through a type of red wormhole whose vortex leads to another dimension(..perhaps a type of hell or something)where they are tortured by these fiends dressed in raggedy clothes with a crummy visage. One victim has her mouth sown before being hung upside down in a chimney, roasted as the others light the fireplace. One poor soul is tortured by harsh twistings of rope wrapped tightly around her flesh before being found hanging from the snout of a swordfish penetrating through her neck. One fellow is slowly suffocating as his veins bulge(..and bleed) and neck's blood vessels burst squirting in Hasselhoff's face! One fellow is crucified with nails hammered into his hands before being hung upside down over an open flame. Blair's pregnant victim becomes possessed with her hair standing on end speaking in another woman's voice. One is raped by this demonic man with a ""diseased"" mouth as the hellish hobos stand nearby gleefully cheering. The film, despite it's excesses, is mostly dull fodder for those who really wish to see the lowest point in the careers of Hasselhoff and Blair, who deserve better than this. Almost unbearable at times, building little-to-no suspense. Clumsy execution of the death sequences which look cheap and laughable. Sure some gore is okay, but most of the film shows victims after they've been run through the ringer. We do get a chance to see pregnant women(..who look exactly like stuntmen in costume with bad wigs) jumping out three story windows. Oh, and The Lady in Black's reflected face often pops up on inanimate objects for characters to see. Tommy has a little Sesame Street recorder which tapes The Lady in Black's mumbo jumbo chants, obviously used for later. For some reason, The Lady in Black likes to visit little Tommy. He's not at all scared of her, for Tommy's just too bored to show any expression on his face, much less fear. Need I say more? This one's a real stinker. Ugh.",negative
"THis was a hilarious movie and I would see it again and again. It isn't a movie for someone who doesn't have a fun sense of a humor, but for people who enoy comedy like Chris Rock its a perfect movie in my opinion. It is really funnny",positive
"at the beginning i was happy to know about a new superman movie , i though that will be great but it wasn't.<br /><br />is a bad copy of the Richard Donner work,Lex is again a villain that makes no more else , even played by Kevin spice.<br /><br />the evil plan is the same of the first movie of Donner just a lot forced.<br /><br />the script is predictable and simple (all stuff Luthor finds in a museum or an old lady).<br /><br />the story is the wrong thing , it must be the Kevin Smith Script and may be it could be better.<br /><br />i just hope a sequel without Brian Singer and with a new talent director to do something new and not a copy.<br /><br />all read you later",negative
"Another fun, witty, frothy RKO musical with Astaire and Rogers, FOLLOW THE FLEET is a charming film. While it lacks the stand-out great tunes of SWNG TIME (although the final number ""Face the music and dance"" is one of the team's best and rightfully so), it is hugely enjoyable, as these two could virtually do no wrong together in the 1930's. Once again, the plot is lightweight and forgettable, but watching Fred and Ginger dance together is sheer heaven. These two conveyed more romance and magic in dance than many couples in films do in a huge love scene. While there are better Fred and Ginger musicals, this is certainly a must-see.",positive
"I have just read what I believe to be an analysis of this film by a lyrical Irishman. Lovely to read.<br /><br />However, a concise analysis of this film is that it is a interweaving of the seven deadly sins with the four types of justice.<br /><br />Envy, greed, pride, sloth, anger, etc. and justice in the forms of retributive, distributive, blind, and divine.<br /><br />I could demonstrate three examples of each, one for each of the three protagonists; however, it is much more fun to note them for oneself.<br /><br />This is an excellent film.<br /><br />Don't miss it.",positive
"The movie had so much potential, but due to 70's technology constraints and also a weak script killed the main plot of the film. The book version of the film was much better, and well conceived. If it had been done right in the beginning with sources from the book, it could have been a very cool classic.",negative
"I gave it an 8 star rating. The story may have fallen short about 3/4 of the way into the picture but the performances remained strong throughout.""Men of Honor"" was changed from ""Navy Diver"" understandably so. Anyone who has served in any branch of the armed forces will probably feel that ""Honor"" is an appropriate word to use in the title.",positive
"I love ghost stories and I will sit through a movie til it's end, even if I'm not really enjoying it. I rarely feel like I wasted my time... BUT, this adaptation of the Bell Witch story was horrible! <br /><br />It wasn't scary in the least bit. What is with the comic relief moments? The dialog was tedious. Acting inconsistent The movie was WAY too long and some scenes were unnecessarily drawn out in my open. (Like the birthday party)<br /><br />The only good think I can think about mentioning is the costumes and props were well done.<br /><br />I am curious about other adaptation, but until then, I will stick to reading about the story.",negative
"I don't know about the real Cobb but I got the distinct impression that the filmmakers' aim was to try to soften his jagged edges and reputation, not give us a true portrait of the man himself. In the movie, besides a few racist remarks, he's shown to be just another hard-nosed, cantakerous old coot (he's so full of life!) with a heart of gold(more or less). This is also the worst acting I've seen T.L.Jones do(he brings nothing new or subtle to his stereotyped character). He just doesn't flesh out Cobb in a way that pulls me into the movie. Not for one minute did I forget that it was Tommy Lee Jones on the screen pretending to be Ty Cobb. Robert Wuhl didnt impress either. The ""comedic"" elements in this movie were just distracting and didnt ring true at all. A bloody waste of time, it is",negative
"How LIVING THE DREAM managed to get into the Laemmle 5 in West Hollywood is beyond me, as it is the worst film I have ever seen in my life. I should have known when the first scene opened in-gasp, Eugene, Oregon-,that this dud of a film with characters that you want to like and feel sorry for from their exclusion days from high school,but can't, as they are such losers, is so wooden and atrocious with dialog that is beyond bad.<br /><br />Then, cliché, the three high school losers end up in LA, and here is where the film could have been realistic if it had shown them trying to find a career in acting. But no, one works as a used car salesman, the other is a true loser in a garage call center selling magazines. Even the bastard that runs the place has more audience appeal than that dreadful actor with the horrible foreign accent. And, they fraudulently get money from an insurance scam to set up an Executive Recruitment firm with no experience, just showing ""the supposed good life"" in LA night spots with a cast of actors that are so wooden and bad, they better not have SAG cards...<br /><br />I could go on and on about this bad film, but I ended up walking out of the theater, which had at the start six people, and when I left four men were the only ones in the audience. I wanted to like this film, but I couldn't find one merit in the story, characters, writing, dialog, nor the actors. Whoever cast this film should retire. Amen...enough...",negative
"Nevsky is one of the great epic war films. Sure, others, such as Birth of a Nation and Napoleon had come before, but this one is just as influential. The acting is stock, but anyone who knows the first thing about Eisenstein would know that that was part of his theory of film. This film, unlike many of his silent works, is about the heroic individual as much as it is about the group. This reflects the Stalinist philosophy that had risen to the fore by 1938. Still, his film shows us the power that can be generated by people coming together to fight something they perceive as evil. Nevsky is just one of many men. He is prince because he is strongest, but not because he is somehow different than the rest. The film's romantic angles provide more of a personal story than Eisenstein had previously allowed. Not all of the elements work and the film is probably a bit too long, but it still resonates.",positive
"I'm not saying that because the production values were so low, but because it was filmed terribly. That shot of the girl washing her hair in the creek? Did we really need to sit there for an overlong shot and watch her do that for 5 minutes in the same spot? It was terrible, the lighting was just plain bad. You could barely see anything and when the characters were talking, you could barely hear what they were saying. Did I watch the whole movie? Of course not I skipped through most of it, and I don't want to hear anyone say I need to watch the whole thing first to judge it. This film was so poorly done and executed that even by independent and low budget standards it's just plain terrible. Awful movie...don't waste any time on it unless you want a good laugh, but even then it's not because of the actors ""funny"" lines, it's because of how painstakingly bad the production is.",negative
"On my continuing quest to find the worst movie of all time, my friends and I stumbled upon this little gem. It is hilarious through and through, especially if you don't know (like we didn't) that it's a semi-sequel to another horror series.<br /><br />I won't bother going into the plot except to mention that everyone complains about the horrible snowstorm that was coming (it was equivalent to the characters just screaming ""FORESHADOWING!"" at the camera and waving their arms), and, in some odd twist of fate, the snow storm ever occurs. Budget problems, I guess.<br /><br />Add that to a magical front door that is opened or closed depending on what scare effect the director wants to create and the electricity being cut off until the gym teacher decides to take a shower with lots of soap. I'll admit it; I had trouble breathing at points.<br /><br />The only actual decent part of this movie, as it turns out, was from the original Slumber Party Massacre movie. It's so much funnier now that I know that.<br /><br />*SPOILER* The end, where it is revealed that the slasher did it because her drunk friends stumbled in on her and a female friend making out and then the friend driving into a train or something is probably the funniest psycho killer origin ever, heightened by the fabulous use of blurring and stock footage. I'm glad all of the slasher's friends forgot the incident completely until a flashback was necessary. <br /><br />Run, don't walk, to pick this up and see the hilarity. Of course, the continuity editor should be given an award for all of this, if only they weren't stuck in that horrible snow storm...",negative
"My parents took me to this movie when I was nine years old. I have never forgotten it. I had never before seen anything as beautiful as Elizabeth Taylor. (She was twenty-two when she made Elephant Walk) Remember, I'm nine, so the feelings aren't sexual, I just couldn't see anything else on the screen. I just wanted to sit at her feet like a puppy and stare up at her. She has begun to show her age, (She's almost seventy-four) but I still believe her to be one of the most beautiful and breathtaking women to ever have lived.<br /><br />I have seen the movie several times since, and it is a sappy melodrama. What saves it is, of course, Miss Taylor's beauty, magnificent scenery, the very impressive elephant stampede, and a well-made point on human arrogance in the face of nature.<br /><br />All in all, a well-spent couple of hours watching the movie channel or a rented video.",positive
"Chillers starts on a cold, dark stormy night as a bus drops off three passenger's outside a bus station, a young boy named Mason (Jesse Emery), a college professor Dr. Howard Conrow (David Wohl) & a woman named Sharon Phillips (Laurie Pennington). Inside they discover that they have missed their connecting bus & are stranded for the night. In the waiting area they find two other people, Ronnie (Jim Wolf) & a sleeping woman named Lindsay (Marjorie Fitzsimmons) who is currently having a terrifying nightmare...<br /><br />While swimming in an indoor pool Lindsay encounters & befriends guy named Billy Waters (Jesse Johnson), the next time Lindsay sees Billy he dives into the pool & then seemingly disappears into thin air before he surfaces. Shortly after Lindsay discovers that Billy Water died in a diving accident 5 years ago...<br /><br />Lindsay wakes up & tells the others about her nightmare, everyone else responds by saying that they too have suffered disturbing dreams recently & decide to share them to pass the time...<br /><br />Next up is Mason who tells a story of how he & two friends, Scott (David R. Hamm) & Jimmy (Will Tuckwiller), are terrorised during a camping trip...<br /><br />Then it's Sharon whose story revolves around a newsman named Tom Williams (Thom Delventhal) who she phones up, in no time at all Tom is at her front door but he actually turns out to be a Vampire...<br /><br />It's Ronnie's turn next & he describes how he discovers that he can bring the dead back to life, unfortunately he brings executed mass murderer Nelson Caulder (Bradford Boll) back to homicidal life...<br /><br />Finally Dr. Conrow tells a tale of how two of his students brought an ancient Aztec war-god named Ixpe (Kimberly Harbour) back to life...<br /><br />Then it's back to the bus station for one last (predictable) twist...<br /><br />Written, produced & directed by Daniel Boyd Chillers is one of the worst horror anthologies I've ever seen & I usually really like this sub-genre. The script by Boyd lacks what is needed for films such as Chillers to work, you can see the final twist coming a mile off & each story is really lame. The first one is totally pointless & didn't seem to have an ending & the best thing about these anthologies are the short snappy stories that are rounded off with a neat twist. The second story is predictable &, again, just ends without any payoff. So it continues throughout Chillers that each story is deeply unsatisfying to watch & have no reward for doing so. The character's & dialogue are poorly written, the stories seem to have no original ideas of their own & as a whole the film totally sucks. At least each story doesn't last long & I liked the idea behind the linking segments.<br /><br />Director Boyd was obviously working with a very low budget & it shows. All I can say is if you want to watch a 15 odd minute short story set entirely within a swimming pool then Chillers is for you. The stories are neither clever, scary or have any sort of tension or build up to anything. Having said that it does have a few nice scenes & some surprising competence shines through on occasion. Violence & gore wise there isn't much happening in Chillers, a ripped out heart, a decapitated head & a bitten off hand is as gory as it gets.<br /><br />Technically Chillers is poor stuff that won't impress anyone. Basic cinematography, bad music, cheap special effects & below average production values. Chillers also features one of the worst closing theme songs ever, period. The acting is also of a very low standard.<br /><br />I am sure a lot of effort was put into Chillers as a low budget film & at least the filmmakers tried so I will give credit for that at least, but that still doesn't stop me from thinking it's crap. Similar anthology films like Tales From the Crypt (1972), Asylum (1972), The Vault of Horror (1973), Dr. Terror's House of Horrors (1965), Creepshow (1982) & Tales From the Darkside: The Movie (1990) are far superior to Chillers so watch one of those instead.",negative
"I recall seeing this film on TV some years ago and not paying full attention, maybe even missing the first half, so I came to the conclusion that it was dull and over rated. I decided to revisit it last night to see if I had missed anything the first time. I certainly did. This is one of the most disturbing and amazing films of all time and it has clearly had much influence on films today and probably will forever. I can't believe I thought this film was boring! <br /><br />A young Jon Voight and Burt Reynolds give the performances of their careers and are supported by Ned Beatty and Ronny Cox. This story will leave you with a sense of disgust and dread long after you watch it, it is truly horrifying. Oh, and did I mention that the theme song is great, as well? Well it is, and this movie should be seen by movie fans everywhere.<br /><br />Everyone should see this movie for the experience. Just don't expect a picnic.",positive
"After some further thought about this film, I find it's far too easy to dismiss this as the Boy's dream. I have actually received some spiritual strength from Northfork.......Angels do exist....we definitely are entertained by Angels....most of the time we aren't even aware of it..... At a point of spiritual and emotional turbidity in my life, I personally really needed this film. Yes, as I wrote before, it speaks to so many......can't wait to get to Heaven...<br /><br />""Being so sick of all of the FX and Formula stuff, I found this film to be genuine Cinema. All I can say is it touched me in so many ways, that I still am sorting it all out. North Fork is a wonderful film. One that brings the viewer's mind out of the gutter and into the heart. The spiritual aspect is so very intriguing to me. Pay attention, as you'll need to use the brain and heart God gave you to follow the story. I think it's possibly a bit over the heads of some, but I feel those are the individuals it speaks to most importantly. I want to view it several more times, just so I can take it all in!<br /><br />The Industry needs to study this film to realize we do exist.<br /><br />My thanks to all involved in the making of this film.""",positive
"I read comments about this being the best Chinese movie ever. Perhaps if the only Chinese movies you've seen contained no dialogue, long drawn-out far-away stares and silences, and hack editing, then you're spot on.<br /><br />Complicated story-line? Hardly. Try juvenile and amateurish. Exquisite moods and haunting memories? Hardly. Try flat-out boring and trite.<br /><br />This was awful. I could not wait for it to be over. Particularly when the best lines in the movie consist of ""How are you? I'm fine. Are you sure? Yes."" Wow! What depth of character. I guess the incessant cigarette smoking was supposed to speak for them.<br /><br />As a huge fan of many Chinese, Japanese and Korean films, I was totally disappointed in this. Even Zhang's sentimentally sappy ""The Road Home"" was better than this.",negative
"No wonder this movie never saw the light of day. The timing was of the release was awful. The Gong Show had already ""jumped the shark"" by the time the movie came out, so who would pay money just to see a few of the censored clips from the original run of the show? And the show clips are just a tiny bit of this pathetic, 90-minute whine by Chuck Barris about how hard his life was as host of the show. Did he really expect we would feel sorry for him and his messed-up millionaire life? Did he really think we even wanted to KNOW about his life? (Obviously so, since he later wrote his weird autobiography about his career as a CIA operative.) Did he think the gag of having everyone, everywhere audition for him would stay fresh for 90 minutes? Or the network executive hounding him at every turn? This might have worked as the plot for a 30-minute sitcom episode, but not as a full-length movie. However, it was nice to see Rip Taylor, Gene Gene, and the Unknown Comic again (although, to make the movie ""spicy,"" they included only his most vulgar routines). And as someone else has pointed out, this is Phil Hartman's first significant movie part (even though it lasts only a minute). Note his name is spelled HARTMANN in the credits, which is the name he was born with. You can't miss his voice and facial expressions, even though he's much thinner and younger than in the SNL days. Ed Molinaro (Hill Street Blues) also has a tiny part; one of his first after leaving the soap world.",negative
"This is a pale imitation of the Die Hard franchise that just sucks. The low ambitions of the movie are clearly on display when the terrorists hold the Vice-President hostage and he has to call the White House to beg them to transfer some money. In most movies of this genre the President is kidnapped or held hostage because after all he (or she) is the most powerful person in the country with finger on the nuclear button etc etc. Would most Americans have really been worried if Dick Cheney had been kidnapped? The honest answer is- probably not. Why the terrorists would choose a Stanley Cup final to carry out their operation and why, despite many explosions around them, the audience inside the hockey stadium is oblivious to the situation, are unanswerable questions. Let's just say this film is really hokey, not hockey. Those who liked the film and found it to be exciting should get a life.",negative
"Faith Akin has made me realize once more the deepness of my passion for this city called Istanbul. Being addressed as a city of cultural mosaics, Faith Akin has contributed to that addressing through the mosaics of music performed in the film. What's more, the climax of the film,in my opinion, is the scene where Muzeyyen Senar (a Turkish music diva) sings at age 86 as well as she had done in her younger years and rolls the raki glass in the air without pouring out one drop, which is a traditional act in raki culture. She is just marvellous. Sezen Aksu (a Turkish pop singer) with her mystical and meaningful looks at the end of her song which gives the film its Turkish title makes the scene no less than a climax. Last but not least, the wonderful scenery of Istanbul can make you feel nostalgic if you are away. Beware!",positive
"As Steven Segal movies go this one is bottom of the barrel. His best was just fodder for bored teenagers. This one tips the scales, then falls off. The characters are all cardboard. The story is double lame. I can't spoil it by telling you the ending. You already know how all Steven Segal movies end if you have seen one. Here goes. He is a super-dooper government agent who know too much to turn loose so they decide, instead of killing him, to dope his brain until he don't remember squat. He escapes, of course, gets arrested and is located by his old general who needs his one man in a million experience to get back a stealth plane that has been handed over to a terrorist gang in Afghanastan by a rogue Air Force pilot who, surprise, surprise, Segal trained. All the heroes, except Segal's character and his dusky girlfriend, die heroically and Steve-Baby save the whole world in one swell foop, or fell swoop. Whatever. Made with some surplus Air Force and Navy flying film. And a lot of boom-booms. Get some Popeye cartoons instead.",negative
"If people didn't know who Barbra Streisand was before this,...(is that POSSIBLE?)...they sure knew who she was after!<br /><br />This show went on to win 5 Emmys, & stands out as one the best things Streisand has ever done.<br /><br />It's made up of 3 acts....<br /><br />ACT I...Barbra singing standards from room to room, filled with musicians, including a segment where she is a little girl again,all ending with a splendid version of her signature song,(at the time)...""People"".<br /><br />ACT II....A musical tour of Bergdoff-Goodman,while Barbra Sings poverty songs..it's better than it sounds...<br /><br />ACT III.....The best part, Just Barbra,musicians,& some great songs,like.....""Happy Days Are Here Again"",& a ""Funny Girl"" medley....<br /><br />all in all, a great part of television history,made by one of the greatest performers in the world!",positive
"... Said the continuity announcer as TACTICAL ASSAULT was about to be broadcast . After seeing the first two minutes I started thinking Rutger might want to get a new agent . After seeing the next ten minutes I started thinking Rutger might want to retire thereby saving a potential audience from any more of his performances <br /><br />Yup this is a truly terrible movie . I wasn't expecting much and why should I if the name Rutget Hauer appeared in the credits , but within seconds of the opening title credits that featured NATO warplanes with USSR markings bombing Bosnia I realised I was going to be force fed inedible turkey three months after Christmas .<br /><br />The attention to detail is non existent . NATO planes carry USSR markings then were told Hauer's character spent six years in an Iraqi prison which would make the setting 1997 . What NATO were bombing the Serbs in 1997 ! I guess the producers didn't think the audience would have noticed this ridiculous inaccuracy but I know I did . The producers also probably hoped the audience wouldn't notice the lack of continuity such as dogfights with Iraqi jets that suddenly turned from Migs to F-4 Phantoms then back again but I did . Even stranger characters would take off in F-16s then when they arrive back at base there jet has changed into a Soviet built Mig <br /><br />Oh and if you're expecting a dumb action movie you're only half right because it's dumb but most of the plot centres around a BASIC INSTINCT revenge plot . I'll give the producers some credit ( Maybe credit is too strong a word ) because after seeing plots featuring nannies from hell , policemen from hell , flat mates from hell we now have a fighter pilot from hell which means every single occupation of the 20th century has featured in a from hell type plot with perhaps TATICAL ASSUALT being the worst movie of the lot",negative
"If you have ever read and enjoyed a novel by Tom Robbins you will appreciate this movie as a whole-hearted attempt to translate his outrageously unconventional writing style into a workable piece of big screen art. The actors and the direction of this film are both good. <br /><br />The only trouble with the film, as I can see it, is that Robbins can relate ideas and sentiments with his words that were still beyond Hollywood's capabilities at the time this film was shot.<br /><br />Given both the irreverence of today's movies, as well as the willingness and abilityof today's audiences to delve into the bizarre, I think ""Even Cowgirls... would receive a better reception today than it did when it was originally released.",positive
"The Bill was essentially a cultural fountain from which a beautiful rainbow-haze of socio-introspection emerged, inspiring such famed derivatives as Cop Land, The Departed, The Godfather 3, and most recently of course, The Wire.<br /><br />With multi-faceted characters and story lines that have been described as '4-dimensional Shakespeare', The Bill grabbed you by the collars from episode one and just would not let you go.<br /><br />The show covered, anticipated, and even occasionally caused all the major global events between 1984 and 2010. The most famously prescient moment being episode 19 of series 5, which aired on the eve of the second Gulf War. Detective Jim Carver's misguided - and ultimately career ending - drugs raid on Craig 'Fun Boy' Richardson's flat in the Jasmine Allen Estate in early 2003, was widely viewed as a predictive allegory for the coalition's failure to find weapons of mass destruction following the invasion of Iraq several months later.<br /><br />However, it was the work the Bill did to try and highlight some of the lesser-known problems experienced by police officers that won it the most praise. This was sympathetic drama covering such sensitive areas as helmet-phobia, under-uniform cross-dressing, in-van homosexuality, lost truncheons, casual drunken bestiality (regretted), siren aversion syndrome (SAS), groin chaffing caused by chasing suspects while wearing an overly starched uniform and many, many more issues that still trouble, disturb, haunt and excite officers to this day.<br /><br />The last word should go to one of The Bill's most famous fans, Nelson Mandela: ""it is no exaggeration to say that I would not have made it through the dark void of loneliness that summed up my last years of incarceration on Robben Island if it wasn't for the heart-warming, casual buffoonery of Reg Hollis.""",positive
"I can just about understand why some people might wish to stress this film's link with the Eighties but I really wouldn't say it's an accurate depiction of most peoples' lives in that era - even on the poorest Bradford estates. It is however typical of the blunt agitprop rubbish the dear old Royal Court Theatre was churning out at that time. Plenty of 'right-on' artistry for small, small audiences but enough well-connected backslapping to ensure future commissions for turgid playrights. IThe simple fact is that if you want to reflect upon truer common experience you'll find millions more nodding in knowing agreement to love and live as depicted in 'Gregory's Girl'. <br /><br />I would be tempted to call this a 'kitchen sink' drama but that would be doing a great disservice to the plumbing industry. However, as far as having a decent script is concerned, this film is indeed all washed up. For some reason it has accrued an odd following amongst Guardian reading film-goers - I can only assume they get a visual frisson out of pretending to slum it. Steer clear my friends. It is a poor film with a poor script that likes to think it is breaking boundaries by adding humorous insights into grim life on the estates. it isn't..but it is grim. Do the washing up instead.",negative
"A small town kid working in a big city becomes a huge star and then spirals out of control. It shows you the rise to fame and then fall from fame and back to a little rise. Great cast of actors, and a great director = a great, great movie called Boogie Nights.<br /><br />P.T Anderson. An amazing director who made Boogie Nights amazing. From the moment the movie starts to the moment it ends you can feel how beautiful this movie is. Some scenes are breathtaking, literally. A great story, a great movie. Mark Whalberg was fantastic, Philip Seymour Hoffman was wonderful as he is in everything. Thomas Jane also was magnificent and although he only had a small part he played it to perfection. There is one scene in this movie I can't get over, ""The Drug Deal Gone Bad Scene"" it was amazing, music acting and cinematography combined to make it amazing. I hadn't seen Boogie Nights and thank god I did, its so well rounded and I am now a HUGE fan of PTA (Paul Thomas Anderson).<br /><br />Do whatever you have to do and watch this movie.",positive
"I'll dispense with the obvious review of factual inaccuracies. They are too numerous to name. A much shorter list would be what they got right. 1. Dude named Noah. 2. Ark with animals on it. <br /><br />If you want a much more accurate portrayal of Noah's Ark and the destruction of Sodom, go rent ""The Bible"" (1966). It depicts the story of creation through Abraham attempting to sacrifice his son Isaac. It's a much better movie, and it may be that the abomination called ""Noah's Ark"" (1999) drove you to seek just such a film. http://www.imdb.com/title/tt0060164/<br /><br />I really couldn't stomach watching the whole movie. From reading other comments, I can see that even the atheists found it grossly inaccurate. As a Christian, it was intolerable to me. Possibly the worst movie ever made. No real point to this movie either, except maybe to showcase their sub-par computer animation.<br /><br />Was it a complete waste? Maybe not. God can use evil to work good. <br /><br />Romans 8:28 says, [28] And we know that all things work together for good to them that love God, to them who are the called according to his purpose.<br /><br />Genesis 50 says, [20] But as for you, ye thought evil against me; but God meant it unto good, to bring to pass, as it is this day, to save much people alive.<br /><br />In the second example, Joseph's brothers meant to kill him, but God turned their evil into a very great good. He may have done the same thing with this movie.<br /><br />People were so astonished by its lack of Biblical foundation, that they probably broke out the dusty old Bible and read the story for themselves. To find out about Lot and Sodom, they would have to go the whole way up to Genesis 19 before God destroys Sodom and Gomorrah. By then, they have read almost half of Genesis, so they might want to finish. The next book is Exodus, which the movie ""The Ten Commandments"" was based on (and much more accurately). If they have seen that movie, then Exodus becomes an easy read. So now they have read at least two whole books of the Bible, just because they watched a pathetic movie about Noah's Ark. I'm sure this actually happened to someone out there.<br /><br />God works in mysterious ways.",negative
"How could I possibly pass up the chance to see Orlando Bloom and Heath Ledger together? Well, I couldn't and so, I rented this mess of a movie.<br /><br />I had never heard of Ned Kelly and was surprised by what I found out about this young man's legend. I was also surprised at how mediocre this movie was. Perhaps the fact that it was very, very late and at the end of a 4 hour movie marathon or maybe it was because it really is a little slow, I found this story difficult to follow. Not because the story is complicated, but because it is slow. Even with a slow story, Ledger and Bloom managed to create interesting, dimensional characters. <br /><br />Though I flounder to recommend this as a must see, it is a great story of Australian history (considering how young the country is, this is very rare and should be appreciated) and the film does have some good actions sequences. <br /><br />6/10 see it for historical value....(yeah right...and that's the only reason to see it... ;) )",positive
"This movie's only redeeming factor was the fact that it was on TV for free, and that it probably helped the Romanian economy. Other than that, Hallmark needs to re-evaluate this division of their empire, and maybe keep their movies more oriented towards bizarre love affairs between cancer-stricken hemophiliacs in Mississippi. To go into details about how mindless this movie is would give credit to it for being memorable. It wasn't. I remember the act of watching it, there being vampires (some of them teenage) and some very bad dubbing. Whoever worked on the dubbing track of this movie needs to be relocated to another sector of society...maybe food service, to the deaf. If you have the opportunity, watch this movie, just because it makes so many other really bad movies seem Oscar-worthy in retrospect. Then again, if you actually ended up at this movie's profile, I imagine that it may be too late...",negative
I hope she can keep acting and directing. She's surely up to the task and could easily develop that visionary streak into a long career of unconventional and rare works of art. Her work has a rare kind of generosity and her timing is spot-on! Oy I'm kvell,positive
"I attempted to watch this, and was highly disappointed. Don't expect intelligent and insightful humor ala Amy's brother David amidst this dreck... it is the polar opposite. But if you're into poop, fart and boner jokes, you'll be in seventh heaven. This is bathroom humor aimed, I assume, at those who've had several bongs, which can only explain why many ecstatic reviewers have heralded this crap as ""the best television writing ever."" I assume that those who hate such simpleton humor were unable to watch long enough to care to submit a review, but I am just sending out a warning shot to those unaware viewers who are looking for high-end comedy. The characters overact. The shock factor is set to 10. And the laughs are set to zero (unless, of course, you seek juvenile, low-brow humor.) <br /><br />I made it through 40 minutes, praying the whole time it would turn the corner toward worthwhile entertainment, but alas, it just got worse and worse. And beware of Amy's ever-present and hammy overbite expression - it will set your eyes rolling. It was nice to see cameos by recognizable comedic actors I enjoy, but I can only assume they agreed to participate as a favor to the Sedaris family.<br /><br />To those who loved it, I'm sorry... this is my opinion. It was so bad it inspired me to write my first review.",negative
"I am very diplomatic in my reviews, and as an academic writer, try to give creative license to TV writers trying to explicate a true story. This story, about Karen Carpenter, could have helped so many, yet due to the directing and editing, does not.<br /><br />The story, in this case, is not fully addressed, unless one reads psychological journals. While Cynthia Gibb portrays a realistic Karen, it is sad that so much has been edited...Louise Fletcher portrays her mother, and does an excellent job, with limited material and dialogue. In this case, I give the actors credit for surviving this project.<br /><br />Why is the audience not permitted to see causation factors?....American audiences are quite savvy, and if they have cable, usually educated.<br /><br />I sincerely feel that I could have written a better story, would not have edited out the truth, and allowed the actors to project the reality.<br /><br />Richard Carpenter, as director, has seriously underestimated and insulted American audiences. Karen's story is important, and it is sad we will never hear it.",negative
"The plot is about a female nurse, named Anna, is caught in the middle of a world-wide chaos as flesh-eating zombies begin rising up and taking over the world and attacking the living. She escapes into the streets and is rescued by a black police officer. So far, so good! I usually enjoy horror movies, but this piece of film doesn't deserve to be called horror. It's not even thrilling, just ridiculous.Even ""the Flintstones"" or ""Kukla, Fran and Ollie"" will give you more excitement. It's like watching a bunch of bloodthirsty drunkards not being able to get into a shopping mall to by more liquor. The heroes who has locked themselves in, inside the shopping-mall to avoid being eaten by the hoodlums outside, are not better either. Even though they doesn't seem to be drunk, they give the impression of being mentally disabled. Save your money instead of spending it on this!",negative
"This production was quite good. The usual fabulous scenery, interesting, quirky characters. It was just so strange not to have Captain Hastings, Miss Lemon, and Poirot's office/residence, so prominently featured in the original PBS/BBC mysteries.<br /><br />In the original series, so much took place at the office. Hastings reading the paper, while Poirot ""exercises his little gray cells."" Miss Lemon pitching in whenever needed.<br /><br />Poirot without Capt. Hastings would be like Holmes without Watson ... he can most certainly solve the crime, but it is not as interesting.<br /><br />And what would a Poirot mystery be without Hastings, with his impeccable manners, falling for some beautiful, unattainable woman.",positive
"I have a nice collection on movies going, and this one was added to it. Number 274 to be exact. <br /><br />The title had me going at first. Splatter University. I thought this would be a great horror movie. Was I ever wrong. Don't get me wrong, this is not the worst movie I have ever seen, but it could have been a lot better. I love all movies, but this one was one that was more of a laugh then a scare. <br /><br />Poor audio quality, poor acting, and poor shot arrangements are some of the areas that could have been improved. 3 out of 10 stars.<br /><br />Movie is ideal for a good laugh. If your looking for one of those movies to make fun of, then this is one!",negative
"It is an excellent thriller from Turkey which can make sense.Great job from Gokbakar brothers.<br /><br />First of all,i want to point on screen play.Generally screen play in most films from Turkey is not enough,but GEN has the best shots to be said ""perfect"".And also transition parts are really excellent.<br /><br />On the other hand,""Gen"" has a great topic that influence everyone.Especially,a woman ,who wants to be a psyciatrist in a sanitarium ,has a mother that is a habitual insanity.Principal causes and psychological consequences are given in Gen.The only thing you have to do is to combine all the hints.<br /><br />There is an impressive aggression part Doga Rutkay and Sahan Gokbakar played.This performance may be more realistic than "" Irréversible(Monica Bellucci) "".<br /><br />The last thing i want to say is ""Watch this movie,you'll get confused""",positive
"In a summer that also boasted such repugnant stinkers as Snakes on a Plane and The Da Vinci Code, that's a pretty bold statement. But I stand by it nonetheless. Superman Returns, like King Kong 6 months before it, is overlong, hyper-indulgent and with CGI up to the eyeballs. My God, this stuff is doing my head in.<br /><br />Richard Donner had the idea of 'keep it real' for his 2 outings. And I do find his approach to the special and optical effects to be the most appropriate. Brian Singer bombards us with so much CGI that it really takes you out of the story and constantly reminds you that you are watching a wannabe blockbuster that thinks that the only way to impress an audience is to spend $250 million (a totally irresponsible amount of money) on obnoxious visual effects that don't live up to the hype. We've seen everything and been everywhere that CGI can take us. There's no real atmosphere or involvement in this. And for a film that is 95% made up of this crap...well you figure it out.<br /><br />I've read so many reviews from fanboy critics about how the movie has 'soul' or 'a human heart' or 'tender character moments'. Puh-lease! We've already had brooding superheros silently screaming 'you'd love me if you knew who I am' dozens of times already in recent years and SR offers absolutely NOTHING new in this regard. Even the plot is recycled garbage. Lex Luthor (a seriously mis-cast and hammy Kevin Spacey) plotting to destroy the landmass of America was done in the first film already! And, well...that's your lot! It's amazing that they managed to draw out this junk to 2.5 painful hours! Even if the cast were likable it would make it less unbearable. But Brandon Routh has the on screen personality of a mahogany hat-stand, Kate Bosworth is completely unconvincing as a Pulitzer Prize-winning journalist, James Marsden is 250% wooden, as usual and Kevin Spacey really needs to either fire his agent or acquire some better judgement. The only cast member I liked was the lovely Parker Posey. But I'm into weird-looking girls.<br /><br />Every year films like this get bigger and more bombastic. Pretty soon we'll have $300 million films. Studios need to realise that maybe they should start looking down instead of looking up. For all the money that Warner spent on this pile of crap, for all the resources that this movie cost to make...was it worth it? In my opinion, certainly not! This garbage has put me of Superman for life!",negative
"One of the ten best comedies ever <br /><br />This seems a comedy so joyous and light that sings. Keaton's comedies are _innerly, harmoniously, intelligently ordered, thought.<br /><br />Wonderfully amusing, deliberately delightful and inventive, THREE AGES should belong to a draft of a comedies top ten if I were to sketch one. A threefold love story will enchant the viewers; I want to bring here this approachKeaton's comedy is like Lang's DESTINY upsidedownor À REBOURS. Again a couple traverses the waters of timeand of epochsin the Stone Age, in Rome and in Keaton's timesin a Mohammedan country, in Renaissance Italy and in China. The same device works in the both moviesone, a grim, eerie melodrama; --the other, a light, virtuouslypaced comedy. At Keaton it's essentially the same couple; and maybe the same is with Lang. The babe desired by both Buster and Beery is nice. I have found THREE AGES well written and smart, without being ostentatiously sophisticated; the plot is basically very POPEYElikethe babe is a piece of furniture, the only protagonists are the two male rivalsKeaton and Beery.<br /><br />Keaton's movie is simply enormously likable, and perhaps one would be tempted to assert this looks like ambitious funyet it's not, but it is grand fun, large fun, ample fun. And Wallace Beery makes a fine nemesis.",positive
"I don't see the sense in going through so much trouble to make a movie like this, and then throw the history book out the window. There wasn't a single accurate detail in that movie other than the fact than Richtofen died, which I was grateful for at the end so I didn't have to watch any more. Movies like this are an insult to anyone who knows anything about WWI aerial history.<br /><br />I'll skip the obvious, that they were flying Fokker DVII's in 1916, because the Blue Max did that too, or that 209 squadron was flying SE-5's, and will attack other parts. For one thing, they call the Pfalz D-III an 'old Albatross' at the beginning. For another, they have Voss, Goring, and Wolff all in Jasta Boelcke. The only one who was in that Jasta was Voss, and he joined after Boelcke died. Richtofen wasn't held to blame for Boelcke's death...Erwin Boehme, who collided with Boelcke, had swerved to avoid a British plane that Richtofen was chasing. When Richtofen received his head wound, it was while attacking a FE-2d two-seater, and he did not crash into the trenches and have soldiers fight over him, and NO..Werner Voss did not die that day. He died September 28th in one of the most epic battles in WWI.<br /><br />Manfred was short, not like the actor who towered over everyone else. His brother Lothar was never in Jasta Boelcke either, he joined the squadron when Manfred was in charge of Jasta 11.<br /><br />There's so many other glaring errors in historical fact that I'll let them go except perhaps the worst one, the death scene. In the movie Manfred is out-maneuvered by Brown and then shot down, making a perfect landing. Brown got off one burst at Richtofen while Richtofen was chasing May, and the facts amassed over the years overwhelmingly show that Richtofen was killed by ground fire, not by Brown.<br /><br />The only value in this movie was the chance to see the flying scenes themselves, which were as good as 'The Blue Max', other than that I won't watch it again and I paid $30 for the tape!",negative
"Wow. What a wonderful film. The script is nearly perfect it appears this is the only film written by Minglun Wei,I hope he has more stories in him.<br /><br />The acting is sublime. Renying Zhou as Doggie was amazing -- very natural talent, and Xu Zhu was a delight - very believable as the jaded old traditionalist. <br /><br />The soundtrack was very effective, guiding without being overwhelming. <br /><br />If only more movies like this were made whether in Hollywood or Hong Kong- a family friendly, well acted, well written, well directed, near perfect gem.",positive
"It is finally coming out. The first season will be available March 2007. It is currently airing on ABC Family from 4-5 pm eastern time Monday through Friday. The last episode will air on December 19th at 4:30. I missed it the first 100 times around. I wish I could buy the whole series right now. Who does she pick? I have to write 10 lines in order to reply to the first comment. What am I going to say. La da da de de. La da da de de nope only up to 8 how do I get to 9 almost almost awww 9 now I need 10 - 1, 2, 3, 4, 5, 6, 7, I missed counted this is only number 8. Punky Brewster is pretty awesome too. Almost to 10 almost awwwwww.",positive
"Richard Dreyfuss stars in ""Moon Over Parador,"" a 1988 Paul Mazursky film also starring Raul Julia, Sonia Braga, Jonathan Winters and Charo. Dreyfuss plays a New York actor, Jonathan Nolan, in the Caribbean country of Parador to make a film. When the dictator dies suddenly, the Secret Police Chief (Julia) who is the one actually controlling the dictator and the country, drafts Jonathan to play the dictator, having noticed the resemblance between them. Soon Jonathan is ensconced in the palace as Alphonse Simms, and Simms' prostitute girlfriend Madonna (Braga) who realizes the switch promises to help him in any way she can.<br /><br />Mazursky, who appears in drag as Simms' mother, gives us a look at how the CIA operates in third world countries. The Winters character, supposedly a salesman, is actually a CIA operative. The film, however, flirts with but doesn't really tread on very serious ground and is more of a send-up, and a funny one at that.<br /><br />Richard Dreyfuss does a fabulous job as Jonathan the actor and Alphonse the dictator, creating two separate characters and nailing both. The gorgeous Sonia Braga is great as Madonna, and Raul Julia hands in a wickedly funny performance as Strausmann, the man behind the dictator. It's one of those performances where you never quite know what the character is thinking - he can be pleasant or turn psycho at any moment. Charo is on hand as a maid and manages to be funny and unobtrusive at the same time.<br /><br />A very good film, not a big blockbuster, but very entertaining.",positive
"a friend gave it to me saying it was another classic like ""Debbie does Dallas"". Nowhere close. I think my main complaint is about the most unattractive lead actress in porn industry ever. Even more terrible is that she is on screen virtually all the time. But I read somewhere that back in those days, porn had to have some ""artistic"" value. I was unable to find it though. See it only if you are interested in history of development of porn into mainstream, or can appreciate art in porn movies. I know I am not. But the director of the movie appears to be a talented person. He even tried to get Simon & Garfunkel to give him permissions to use his songs. Of course, they rejected.",negative
"For years, I've been a big fan of Park's work and ""Old boy"" is one of my all-times favorite.<br /><br />With lots of expectation I rented this movie, only to find the worst movie I've watched in awhile. It's not a proper horror movie; there's no suspense in it and even the ""light"" part is so lame, that I didn't know whether to laugh or cry.<br /><br />I introduced my younger brother to Chan-Wook Park and what a disappointment he got from this. For me, an idol has fallen.<br /><br />If you loved movies like ""Old boy"", the Mr & Lady ""Vengeance"" or even his short films on ""Three extremes"", don't waste your time, the film's not worth it.",negative
"Most college students find themselves lost in the bubble of academia, cut off from the communities in which they study and live. Their conversations are held with their fellow students and the college faculty. Steven Greenstreet's documentary is a prime example of a disillusioned college student who judges the entire community based on limited contact with a small number of its members.<br /><br />The documentary focused on a small group of individuals who were portrayed as representing large groups of the population. As is usual, the people who scream the most get the most media attention. Other than its misrepresentation of the community in which the film was set, the documentary was well made. My only dispute is that the feelings and uproar depicted in the film were attributed to the entire community rather than the few individuals who expressed them.<br /><br />Naturally it is important to examine a controversy like this and make people aware of the differences that exist between political viewpoints, but it is ridiculous to implicate an entire community of people in the actions of a few radicals.",negative
"The film is about a sabretooth on the lose at a amusement park where teens are on a scavenger hunt. Since there are no rules they break into a building and start getting killed off. The deaths are cheesy and are dumb. But at least it had better effects then sabretooth. I gave it a three because Stacy was in it and I loved the movie Sabretooth. I thought it was okay but some deaths were off-screen. There was a dumb scene where the two teens kiss and the sabretooth's head pops out and the boy leaves his girlfriend behind leaving her to have her totally fake looking red guts out. Then the sabretooth gets up in the vents and bites the kids head off. The end death with the owner was totally fake looking graphics. Even that death was stupid because the statues tooth went through his mouth and hangs there like that will support it and there is a scene when a goth girl loses her contacts doesn't find them, and seems like she doesn't need the. The film is idiotic and a waste of time.",negative
"The thesis of Father Brown is that a good dose of Roman Catholicism will solve all of life's problems. A little proselytizing I don't mind, but this gets a bit ridiculous at times.<br /><br />Some fine actors have played Father Brown over the years, Kenneth More and Barnard Hughes are two good examples. Alec Guinness plays him in this film and does all right by him, but you didn't see any great demand for future Father Brown films.<br /><br />I suppose if you are a committed Roman Catholic it all makes perfectly good sense. It's far more important to catch the thief and convert him to your religion than see he's brought to justice. <br /><br />But that's what were asked to accept here. In fact there is a preliminary story before the main action of the film. Guinness in clerical garb is caught trying to put back stolen articles that one of his parishioners Sidney James had heisted during a robbery.<br /><br />That's the story he gives the local cops and of course this is something that James has confided in him so he can't break the confessional. <br /><br />Now on to bigger game. Master thief Flambeau, played by Peter Finch has stolen a cross that is entrusted to Father Brown and was said to belong to St. Augustine back in the day. But Father Brown is more interested in getting Flambeau to go back to his faith than seeing him brought to justice. So he misleads the cops so he can accomplish his mission.<br /><br />I'm sorry but this whole thing was just too much for me to swallow. Father Brown I'd hate to say it was guilty of obstruction and ought to have been arrested. And he was under no obligation not to reveal anything he knew about Flambeau, the man had not come to him as a penitent seeking absolution and spiritual advice.<br /><br />Author G.K. Chesterton, a very noted Catholic lay person in his day, finds all this very reasonable. Carried to his logical conclusion we should replace all police forces with an army of priests.<br /><br />Guinness borrows from his own Reverend Ascoyne D'Ascoyne from Kind Hearts and Coronets and from Barry Fitzgerald in Going My Way to create Father Brown. Granted though Brown is a lot shrewder than the other two. There's also a bit of Colonel Nicholson in this portrayal. In The Bridge on the River Kwai, Guinness also was playing a character who's rather weird interpretation of the rules caused him to lose sight of what was important in the situation Nicholson was in. <br /><br />Father Brown's an entertaining fellow when he's solving mysteries and making the authorities look foolish. We've enjoyed Brother Cadfael do it in a medieval setting and American audiences liked Father Dowling played by Tom Bosley a few years back. <br /><br />This film should have stuck to being entertaining.",negative
"Talk about creepy. If you really want to sit down and watch this episode where the girl who was in Firefly later on gets kidnapped there's entertainment for you, but only if you like this sort of thing. I don't so I thought, to be frank, this episode was appalling. Thankfully it's one of a few duff episodes in Season 3, and the only Charles Grant Craig episode, so you don't get much of this sort of thing in Season 3. So, overall verdict? Just read the summary at the top. This is a strong contender (Hell Money says hi!) for worst episode of Season 3. To be honest though, I hadn't really expected much. I wish I could Oubliette this episode altogether. That's one thing they got right: the title.",negative
"This is a total piece of crap. It is an insult to the awesome book by Frank Herbert. They have mangled the story and characters. The acting is average to bad. The only character done right and played well is Duke Leto, played by William Hurt. Unfortunately, he dies pretty early in the story and then its all downhill from there (not that its a very tall hill to begin with).<br /><br />The 1984 movie was directed by the legendary David Lynch. I was not overly impressed with the movie, but considering the technological limitations of the time, they tried their best. Amazingly, the crappy mini series makes it look so much better by comparison. It was at least somewhat true to the book, which I really love. <br /><br />They had the chance to do it right this time, sadly it was not taken.",negative
"At what point exactly does a good movie go bad? When does a movie go from ""watchable"" to ""where's that &^@_+#!* OFF switch""? Thank goodness for DVDs, like this one, that can be borrowed from the library - for free! Likewise, thank goodness for the ""fast forward"" switch on the DVD player. I feel sorry for those people who were duped at the box office.<br /><br />At one point (I've forgotten exactly when because now it's all just a blur), our ""hero,"" Luke Wilson starts running through traffic; I think he was looking for a cab. It was at that point when I gave up, realizing I couldn't care whether he found his ride or got run over by a garbage truck.<br /><br />The last time the movie was interesting was when Luke Wilson climbs out of the dumpster, hair dryer in hand, and first meets the ""heroine,"" Uma Thurman. That scene ended with the purse-snatching criminal dangling helplessly from the fire escape far, far above the departing Luke and Uma. That was the last time the movie was funny, and when was that scene? Ten minutes into the flick?<br /><br />Every time the movie tried to become ""funny,"" it couldn't. Every time the movie approached ""excitement,"" it fizzled out, heading in the opposite direction. When a musical score might have helped squeeze life out of this dullard, the sound track stayed empty and silent.<br /><br />The sex scenes were not needed and were beyond lame; the damage to sets and props unnecessary and childish. When Uma turns into the crazy ex-girlfriend, I felt like I was watching ""The 40 Year Old Virgin Meets Pulp Fiction""; that's when I realized that there was no turning back because I thoroughly disliked ""The 40 Year Old Virgin"" and ""Pulp Fiction.""<br /><br />Luke Wilson's sidekick, Rainn Wilson (also seen in the dreary ""The Last Mimzy"") adds nothing but insult to injury in this awful movie. Rainn Wilson, the King of Television Boredom, should stay with that equally awful medium. Hey, Rainn Wilson! Leave full-length motion pictures alone! Every time Uma's rival, Anna Faris, came on screen, I expected Jason or Freddy or some fright flick monster to jump out from behind the scenery; once you see Anna Faris in ""Scary Movie,"" that's all you ever see, no matter the movie, no matter the medium. The character played by Wanda Sykes was just plain awful and was so out of place in this flick.",negative
"Watching CBS's ""Surrender, Dorothy"", I kept wondering why Diane Keaton would want to be in it (not because it's a television movie--with the dearth of enticing roles for slightly older actresses, it isn't any wonder why Academy Award winning performers such as Keaton turn to TV--but because it offers no opportunities for Keaton to shine). A single mother, grieving the sudden death of her twenty-something daughter, imposes upon--and gradually becomes friends with--the group of young people her daughter was close to at the time of her accident. Adapted from the novel, this teleplay gives us a group of self-absorbed characters one would cross the street to avoid. Aside from being coarse and dim, these phony people are incredibly unconvincing, as is the tidy scenario and the bungalow near the beach where the kids reside (one young man, who wears muscle shirts to tell us he's gay, hears Diane Keaton say, ""Surrender, Dorothy"" and actually asks, ""That's from ""The Wizard of Oz"", right?""...no, genius, it's from ""Citizen Kane""!). Keaton may have wanted to do this material based on the subject matter of confronting death. She tries turning this distinctly unlikable woman into a shadow of her own personage (lots of kooky outfits), but it doesn't sit well with the viewer since Keaton has always been warmly likable and flexible in a flaky way. Here, she's a crazed harpy who doesn't learn many lessons on her journey of self-discovery (the movie quickly forgets it's about a dead young woman and becomes an odyssey for the nervous wreck of a mom, who appears to be an overage hippie who has never lost anyone close to her). This is the kind of film actors promote on talk shows with the caveat, ""It should help a lot of grieving mothers out there"". I can't imagine it helping anyone since it is intrinsically a downer, muddled and baffling. It's deranged.",negative
"The same night that I watched this I also watched ""Scary Movie 4,"" making for one messed up double feature. Unfortunately for these killer tomatoes they could not stand up to the laugh riot that is the Scary Movie franchise. While I fought boredom here watching jokes that were silly and stupid, brutally dated and brutally bad, the more recent parody had me laughing out loud. How could I desire any more than that. Director John De Bello uses the basic premise that some sort of growth hormone has gone terribly wrong and turned the tomatoes into killers. But his main objective here is to slap around the disaster movie genre that was so big back in the day. The script reeks of stoner humor, and perhaps if you take illegal substances with your movie nights this could be your cup of tea. I, sober, was stuck watching a grown man go under cover as a tomato. And that one joke, that is never funny, where the discrepancy between the Japanese speaking actor and the voice over is also here. Some may giggle, I did not. They even had a Hitler joke that wasn't funny, and I thought all Hitler jokes were funny.<br /><br />The narrative of this film is so splintered (for no good reason) that it is nearly impossible to explain. Tomatoes kill people, the government tries to stop it, bad jokes are told. Their aim may have been correct as their targets include the media, consumerism, and paranoia (three things that still control our lives today). Oddly enough the main selling point of this film, those gosh darn tomatoes, really don't make much of an appearance. And when they do, get this, they're played by real tomatoes. That washed up gimmick did nothing for me as I get very little out of watching a pack of tomatoes devour a body thanks to the magic of stop action camera tricks. There is also a fear of going for broke at work here that prevents this film from being truly funny. The gag of having somebody fall asleep in nearly every scene may please some audience members, but more than likely it will be seen as an invitation to join in the fun.<br /><br />I might also add that there does seem to be some old fashioned human egotism at work here. Man eats tomato and that's dinner, tomato eats man and that is a worldwide catastrophe. But that is just the way the world works. In the film the produce becomes evil because of genetic modification, but in the real world our produce (see: Taco Bell) becomes evil thanks to neglect. And like those evil doin' green onions this film's shelf life expired a long time ago. There are a few good chuckles to be had. The last shot was really quite splendid, but it was nowhere near enough to save this moderate stink bomb. I'm pretty sure there is a good movie buried deep within this concept, but the script needed to be filtered through about a dozen rewrites to get there. And by ""there"" I mean to the level of ""Scary Movie 4."" **1/4",negative
"First, let me state that I am a big fan of Ashley Judd; that's why I was curious to check out this, her debut role. No argument that her talent is apparent and her performance excellent. I guess I can also see how the professional critics liked the aesthetic content of the story. However, I like to think that movies are meant to entertain us and that is where this movie fails.<br /><br />By the halfway point, I found myself thinking, ""How much longer do we have to watch a bored shop girl, idly standing around a deserted souvenir shop, rearranging the merchandise?"" It seemed to go on forever!<br /><br />Then, I thought, maybe this is one of those movies where the director tries to lull the audience into a relaxed state before hitting them with some dynamic event. No such luck. The movie continues it's bland, boring, uneventful story all the way to the end.<br /><br />I'm not saying this because I'm an action-junkie. I like all kinds of movies, especially romantic-comedies. But I expect to be entertained.<br /><br />Add the fact that the cinematography and sound quality are comparable to your neighbor's bad home movies. Depressing!<br /><br />I just don't get how anyone could like this movie. Zero-entertainment value. The longest 114 minutes of my life.<br /><br />",negative
"Just kidding.<br /><br />Seeking greener pastures in the form of hustling in New York City, Jon Voight is young optimist Cowboy (almost Forest Gump-like) Joe Buck from Texas. It does not take long for the Big Apple to mercilessly swallow him and his ambitions whole and very soon Joe is the target of both the coldness of New Yorkers and cons from its street-thugs. Given his pure heart, he takes pity on one of these thugs, Ratso Rizzo (Dustin Hoffman) and later moves in with him in his wreck of apartment and the two literally struggle to survive.<br /><br />While Midnight Comedy is labeled as a drama, it is best described as either a tragic comedy or a comedic tragedy in my opinion. It is above all a beautiful film that is stylish in capturing the contemporary hippie-vibe of the late 1960s with its mandatory dizzying Warhol-party cinematography and juxtaposing it with ultra-urban New York City. The film crams Cowboy Joe Buck somewhere in between, thereby emphasizing his out-of-place position. We feel for his struggle to fit in, but also to merely get enough money to feed Ratso Rizzo.<br /><br />Midnight Cowboy brought tears to my eyes as it is also rich in substance and projects a lot of heart. I imagine this film must have inspired both Forest Gump with its pure-hearted and out-of-place lead character and, to an extent, the Crocodile Dundee films as it deals with almost the exact same kind of humour - a contrast between country-cowboys and slick New York cosmopolitans. Very compelling and sensationally creative film that I highly recommend.<br /><br />8.5/10",positive
"What a let down! This started with an intriguing mystery and interesting characters. Admittedly it moved along at the speed of a snail, but I was nevertheless gripped and kept watching.<br /><br />David Morrissey is always good value and he Suranne Jones were good leads. The Muslim aspects were very interesting. We were tantalised with possible terrorist connections.<br /><br />But then Morrissey's character was killed off and all the air left the balloon. The last episode was dull, dull, dull. The whole thing turned out to be very small beer and the dénouement was unbelievably feeble.<br /><br />Five hours of my life for that? My advice: watch paint dry instead.",negative
"This movie was a complete disaster for me. There is one thing that movies must have in order to be watchable, and that is *some* psychological credibility of characters... unfortunately, here, this is not the case. The main characters behave irrationally most of the time, and even if they have some reason for such behavior, it is not revealed to us by the director. Sophie Marceau's character is particularly irritating, making pictures of everything throughout the whole movie, when one could expect something more rational (for example meeting with her mother in the hospital)... and why exactly did she marry this guy? (no, this is not a spoiler) The plot at times seems like ripped off some soap-opera, and while the actors' performance is not bad, this does not help much. All in all, I just could not find a way to connect with this movie. Not that I tried too much after the first hour, though. I have never walked out of cinema during a movie, but this time was the closest in my life so far.",negative
"Without being one of my favorites, this is good for being a change of pace... even if only for a few minutes.<br /><br />It all starts with a big fight between Tom, Jerry and Spike (who is renamed ""Butch"" here). They're all beating each other, but suddenly Spike makes a heroic and admirable decision: he stops the fight and suggests that they all should be friends. So, all of them sign a peace treaty and become friends... which isn't going to last for long.<br /><br />Meanwhile, the three become affectionate, patient and kind to each other. They even save each other when one of them is in danger of life. The relationship goes nothing but excellent, until a very big steak appears and they all become greedy. The three are guilty to return to their usual fights and rivalries.<br /><br />But still... to see Tom, Jerry and Spike as friends is truly a delightful and grateful experience, even if only for a while.<br /><br />Oh, by the way, as a curious fact, two songs from ""The Wizard of Oz"" are played here in instrumental versions: ""We're off to see the Wizard"" and ""Somewhere over the rainbow"".",positive
"Hey people, what's up. It's me man, the one and only Mike ""Sonny Sakura KIller"" Kelly. You know........ you can't really write a review on the script of Sakura, cause there we didn't have one. As far as I know, the story was just made up as we went along. I had the best time of my life making that film, and got so much stank that I ran out of Jism...........fun times. So glad that you all enjoyed the film. I really didn't get to do the fights that I had envisioned. Every time I set up some moves, the fight director kept changing them. Still, I had a blast and met some really great people. Especially the purple female Ninja who has seem to fall of the film-making scene.",positive
"I have seen this film 3 times. Mostly because I kept thinking while watching it, ""have I missed something here?"". Is there some reason this film was made? Was it trying to say something and I just missed it? Well after 3 viewings I failed to come up with an answer.<br /><br />I guess the worst thing I can say about any film is that it bored me, and I did not finish it. I will admit there is plenty of eye candy and fast editing and hip music to keep my attention all the way through but is that all a movie should be? <br /><br />I am not against extreme violence, it is almost non-stop, but it seems there should be some sort of inspiration. Something that is highlighted by it. The word gratuitous comes to mind but it is worse then that somehow. In the first part of the film we are all given insights into the motivations of the characters. And yes the 3 principles are very good in their roles. But the roles are completely unbelievable. So in the first part we get to know the characters, and in the second part most of em die and use sadistic glee in killing others. That seems to be the whole movie. And the first part has nothing to do with the second.<br /><br />For example. How could a nice smart guy like Zed agree to join a bunch of junkies and amateurs to do a job like this? It makes no sense. He is portrayed as smart, yet he goes ahead with this suicide mission. The fact that he survives is totally inconsistent with the rest of the hyper-real violence and mayhem. So what are we watching here a Hollywood romance with a happy ending or a super real, super violent blood bath? I recall having the same reaction to two other films this director was involved with: True Romance and Reservior Dogs.<br /><br />Needless dreck!",negative
"WHAT AN AWESOME FILM!!!!!!!! I came out of the theatre feeling stunned. The film that I had just seen was one of the best films I have seen in my life. I had my eyes glued to the screen. It's very symbolic, visually lush, beautifully shot, and gorgeously told. It's basically about two people who move into a flat and live next door to each other with there partners, who are assumed to be having an affair with each others partners. Assuming this, our two heroes act out what they think their partners are getting upto. There is an obvious repression of feelings for each other, with the use of vouryistic camera work, body language, and symbollic stairways. It's a visual feast, and hard not to like. Some of the story gets slightly confusing but that's nothing. The ending is one of the most beautiful (and anti-hollywood) endings I have ever seen in my life, and visually amazing. The films haunting score adds to the mood. I highly recommend this film to anyone with an open mind, and respect. What a superb film.",positive
"Mixed group of ""experts"" (explorers, divers and scientists) venture a mile underground and go another 2.4 miles underwater to a spot even more remote, where they find salamanders, giant albino moles (??) and some big, razor-fanged, winged, computer generated creatures lurking about. The cave is sealed off by a rockslide and then the monsters attack and start killing everyone off as they search for an exit. And that's all she wrote with this low-aiming effort that even fails to combine action, science fiction and horror on the most elementary of levels. Imagine if someone gave the folks at the Sci-Fi Channel 30 million dollars to make a monster movie. That's precisely what THE CAVE is like; almost startling in its ineptitude at times, full of clichés and almost entirely dependent on the special effects to entertain. The only difference is they had more money to build sets, more money to polish up the monsters and more money to hire supposedly professional actors who give awful performances anyway. Otherwise, it's business as usual. Some of these movies are still fun to watch. This one is not and there are loads of reasons why: <br /><br />1.) It takes itself far too seriously and has no sense of humor whatsoever. So you get a completely unoriginal and predictable movie that doesn't even recognize how unoriginal and predictable it is. <br /><br />2.) The opening sequence serves no purpose whatsoever other than killing a few minutes and adding to the redundancy.<br /><br />3.) Unoriginal looking CGI creatures are not impressing anyone in this day and age. <br /><br />4.) Utilizing shakycam and quick-cut editing for your horror scenes is simply lazy, unimaginative film-making. And why further obscure the action by making things too dark AND adding annoying distractions, such as fire and explosion of bubbles? It makes these scenes not only difficult to see, but also impossible to enjoy even on a no-brainer action level.<br /><br />5.) Even though it wants you take to it seriously, the script is full of clichés, the dialogue is awful and there's no attempt whatsoever at characterization. Casting 25-year-old-looking model types in roles as brilliant scientists and gruff veteran explorers might provide some eye candy but it completely kills the credibility of a movie that otherwise plays out completely straight. Sorry, you can't have it both ways.<br /><br />6.) There were two exceptions to the model rule, as they did decide to cast an old guy and an average looking Joe. These were the first two characters killed off. <br /><br />7.) For a little diversity, they also squeezed in a black guy and a Chinese guy. Strangely, neither are given much of a voice in this film and basically stand in the background as whitey discusses what their next move will be. Insulting. <br /><br />8.) Furthermore, how many movies have to be made where a black character sacrifices his life at the very end just to ensure Hot White Female Lead and Hot White Male Lead end up together at the end? Ugh. Give me a break already.<br /><br />9.) Much of the acting was HORRIBLE. Cole Hauser's performance was completely laughable. The other male lead looked like he just walked off the set of a Soap Opera and coasted by using the patented dimpled-smile-makes-all-the-ladies-swoon technique, which is the PG-13 gender-switch equivalent to my-large-breasts-make-all-the-guys-swoon technique often used by ladies in R-rated films. Either way, his performance was completely phoned in. Daniel Dae Kim (from the TV series ""Lost"") and Piper Perabo also stunk up the room with their stilted and monotone line delivery.<br /><br />10.) Was the ending a joke? Absolutely terrible. Please God, we do not need a sequel to this garbage.<br /><br />So basically I wouldn't bother with this one, unless you've never seen a monster movie before or if you're just really desperate and the only other thing on is ""The Simple Life."" The sets were good, the blue-tinted photography is OK and a few of the actors (Lena Headey, Marcel Iures...) tried their best, so I decided to boost the rating up one notch to a ""2.""",negative
"In my opinion, National Velvet is one of the top family classic's of all time. It features Mickey Rooney as (Mi Taylor) and Elizabeth Taylor as (Velvet Brown).<br /><br />Velvet wins a race horse, named (Pie) in a raffle. She falls in love with it right away. With the help of Mi, an ex-jockey, they train it to race in the Grand National's. After the jockey who was scheduled to race Pie backs out at the last moment, Mi convinces Velvet to take his place.<br /><br />This was a well put together motion picture. Fine storyline and top notch acting. The inner play between Elizabeth and Mickey was magical. This is a wonderful family picture expertly Directed by Clarence Brown. The photography is stunning. This is a movie you will enjoy for years to come.<br /><br />This picture is what made Elizabeth Taylor a household name. Both Mickey and Elizabeth remained close after the film. They still send post cards to each other after all these many years. <br /><br />One side note. Elizabeth loved the horse ""Pie"" so much that the studio gave it to her.",positive
"Had no idea what I was going to experience viewing this old film from 1940. However, I always enjoy viewing Laraine Day, (Katie Lattimer) who plays the role as a younger sister to Jean Muir, (Helen Lattimer) and also their mother, Billie Burke, (Mrs. Julia Lattimer). Thought I was going to be bored with the story of two sister's and a mother who is overly protective of her daughters until they meet up with Robert Cummings, (Ridley Crane) who has the reputation of being a millionaire playboy who has plenty of gals and is a heavy drinker who parties all the time. One night, Helen Lattimer goes on a date with Ridley and he proceeds to get bombed out of his mind and simply cannot drive his car. It is at this point in the film when this becomes a drama and changes the complete direction of this film which will definitely hold your attention right to the very end of the film.",positive
"The greatest tragedy man faces is that, capable so often of the divine he settles for the banal.From this fact does so much great tragedy emerge. Death in Venice is one of very few films with the patience and bravery to tackle this fact head-on.It confronts the human eye with beauty and inspiration in their two most inevitable human forms-self denial and decay. Undoubtedly this is the greatest film to have no discernable influence on mainstream cinema. Its austerely refined look, echoey sound, mixture of unsubtitled languages, and highly challenging themes being impossible to copy: as much an accident of its peculiar production as of the vision of its director. The central performance, at once rigid, aroused, and vulnerable in the face of expression and decadence highlights Bogarde as if not the best British actor of his generation then certainly the most adventurous. Able to hold on to sympathy as his desires take him over and interesting despite the endless close-ups and Mahler score playing above him Not one for a Friday night with your girlfriend but certainly OK if you want to explore the limits of human spiritual limitation.",positive
"If derivative and predictable rape-revenge thrillers are your thing, then you're in for a rare treat... They don't really appeal to me, so I couldn't find any single thing to redeem this peculiar tale. It seems like something straight out of the 1980s, a different age when this would have gone straight to video. Gillian Anderson and Danny Dyer do OK work with a weak script and a tedious scenario. But what is Gillian Anderson doing getting involved with a film like this after the brilliance of her performance as Lady Deadlock in the BBC TV adaptation of Bleak House last year? The director is said to have been influenced by witnessing a near-rape and by his work on documentaries, but even that's not an excuse for the bizarre scene where a pack of rural hounds beat up Dyer. I don't think I was the only person in the cinema laughing. What I can't understand is the involvement of the companies behind this film - FilmFour and Verve Pictures. Both have been involved in some great independent British films in recent years. Verve distributed Bullet Boy, Code 46 and Red Road - Straightheads doesn't deserve to be mentioned in the same breath. FilmFour and Verve take note: is this really the best you can do? What are independent British filmmakers going to make of your artistic judgement? It's a big blot on both of your reputations. Listen carefully: can you hear the thousands of fans of independent British films crying in despair?",negative
"THE WATERDANCE (1991) The main character of The Waterdance, played by Eric Stoltz, finds himself in a rehab center with some others similarly injured. And there he must face an harsh new life, confined to a wheelchair. It's an interesting, and promising premise, but unfortunately, it fails to deploy. What ensues instead is largely Hollywood schmaltz, with some interesting moments. Certainly the cast (Eric Stoltz, William Forsythe, Wesley Snipes, et al) is brilliant, and perform well here as one would expect, but their talents are wasted. The characters are mainly stereotypes of one kind or another, and most of them are thoroughly unlikeable (the Snipes character being the exception). I suppose this is some kind of attempt to break through people's ideas about the handicapped being ""crippled"" or ""weak"", by depicting them, for the most part, as in-your-face pricks, but it makes for an entirely annoying experience. Admittedly it will show you something of what those with permanent disabilities go through, in a way that is not softened or romanticized, which is useful, and a good idea, but while the process being depicted can make one a difficult person to get along with, and that's worth dealing with, it is not part and parcel to that that these characters must be, to varying degrees, despicable. They wouldn't have to be Disneyfied, either; surely there's a middle ground somewhere. By the film's conclusion, the Eric Stoltz character has come to accept his status as a handicapped person, but since he is such a flaming narcissistic monster from the beginning of the film to the end, we couldn't care less. <br /><br />In addition to its character problems, the film suffers from that weird syndrome that so many Hollywood movies suffer from; the syndrome doesn't really have an official name, but you might call it ""Inexplicable Forgiveness Syndrome"". It goes something like this: characters abuse the crap out of each other, and then without so much as an apology, all is forgiven (an especially obnoxious example of this is in the movie The Breakfast Club, in which one character spends most of the film verbally bullying everybody within earshot; as a resultthey love him. In one of the the latest examples, Spiderman 3, supervillain The Sandman lays waste to a chunk of Manhattan, then wails on Spiderman for what seems like about 15 monotonous minutes before being waved off with what amounts to ""bye, now""). The most egregious example of IFS in The Waterdance is a sequence in which, after being called the n-word by William Forsythe's racist biker character and his friends in the previous scene, the Wesley Snipes character whoops it up with the same Forsythe character in the next scene, as if nothing had just happened just a short time hence. Again, without so much as an ""Oh yeah, sorry about that business back there where I, you know, called you the n-word"". It makes me wonder, do these people actually watch these movies before they release them, or do they just film them with their eyes closed, kind of slap them together in the editing room according to scene number, and call it a day's work?",negative
"Perhaps I would have liked this film more if I wasn't so attached to the characters in Henry Fool. To those who've never seen Henry Fool, I wouldn't worry. As Hartley jokingly said in his introduction to the film at TIFF, the film has lots of exposition and explanations.<br /><br />This film is very heavy in plot, which keeps the film moving. There are many humorous moments and the film certainly has Hartley's trademark humour and rhythm of dialogue. Over all, a technically well made film and sure to satisfy new fans of Hartley who are just beginning explore his work. As for the older fans who loved his earlier works like Trust and Amateur, this film could go either way. I have mixed feelings about the film and Hartley's later films in general. What Hartley does best is setting his stories in small situations, focusing on the intimate and idiosyncratic ways in which his characters interact with each other. Since his late 90s and onward, his films have widened in scope in terms of subject matter. Mass media in No Such Thing, Religion in the Book of Life and now Terrorism in Fay Grim. I don't know if Hartley's talents are suited to such big subject matter or if he's able to do it justice.<br /><br />Strangely enough, the film can still be reduced to intimate relationships, a simple love story about a woman who goes to seek out the husband she loves. The only problem is, I've seen Henry Fool and everyone seems incredibly out of character in this film. You can tell this film was written long after Henry Fool was finished without any intention of a sequel. Somehow, the terrorist plot feels conveniently tacked on through the use of Henry's books of confessions as a macguffin (in the hitchcockian sense). Fay's motivations for finding Henry seemed motivated purely by the needs of the plot rather than what being faithful to who fay was as person in Henry Fool.<br /><br />I guess I'm slightly disappointed in the film because it's not true to the characters in the Henry Fool and it doesn't exactly work as a straight ahead thriller. There's too much irony and wryness in Hartley's approach to such as big topic as terrorism. It somehow works and doesn't work at the same time. All I could say, you would either love or hate the film depending on your take on Hartley's work and how well you know Hartley's work. Fans of Henry Fool, be severely warned for a disappointment. For the rest, welcome to the world of Hal Hartley and enjoy the ride.",positive
"I've come to realise from watching Euro horror, especially films made by cult luminary Jess Franco, that you can't expect a plot that makes much sense. However, Franco has gone overboard with this film; and despite a surreal atmosphere, and the film's reputation as one of the director's best - Succubus is unfortunately is a truly awful film. I've got to admit that I saw the American cut version, which runs at about 76 minutes; but unless it was just the logic that was cut, I'm sure the longer European version is just as boring. The plot has something to do with a woman marauding around; practicing S&M and talking rubbish, and it's all really boring. There's no gore and the sex is dull, and most of the runtime is taken up by boring dialogue and despite the fact that this is a short film; I had difficulty making it all the way to the end. I have to say that the locations look good and Franco has done a good job of using his surreal atmosphere; but the positive elements end there. Jess Franco is definitely a talented director that has made some classic trash films - but this looks like it was one he made for the money, and overall I recommend skipping it and seeing some of the director's more interesting works.",negative
"The Soloist has all ingredients to impress the Academy. Its director, Joe Wright, has already authored a best picture candidate. The leading actor, Robert Downey Jr., starred in a widely praised superhero film. Finally, the movie itself is a drama. When it was mysteriously pulled from release in late 2008, filmgoers and critics were baffled. Now that I've seen it, I assure you Universal didn't just delay this film to promote Iron Man-Oscar buzz. The Soloist is a weak drama with no external conflict that is vastly inferior to any 2009 best picture candidates.<br /><br />Downey and co-star Jamie Fox aren't to be blamed for this mishap. Joe Wright is largely at fault but even he can't save a Lifetime story. Many movies are too complex and alienate viewers. This one is unusually simple. It's a movie about a newspaper reporter, Steve Lopez (Downey), who befriends a homeless musician, Nathaniel Ayers (Jamie Fox). That's it. Ayers is schizophrenic and doesn't resonate with Lopez's traditional approach to friendship. The two become friends. They begin this movie as acquaintances and are BFFs by its end. Tension consists of moments like this: will Ayers let Lopez take him to the homeless shelter? This material would have been better suited as a made-for-TV production rather than a feature film.<br /><br />Wright includes many scenes of cheap humor to obscure the lack of content. Lopez battles yard-defiling raccoons in what I consider a sub-plot. Do you remember when this happened in Atonement or Pride and Prejudice? Those films were structured enough to permit an occasional joke but nothing so prolonged. Ayers' back story is fleshed out when it doesn't need to be. Worst of all, these scenes are not connected and appear at random intervals. It's a way of admitting that the main story carries little appeal. Nathaniel was a violin prodigy with a tough upbringing (I was too). This is a fabricated attempt to create sympathy with Ayers when most of us already have it. He's a homeless schizophrenic for crying out loud! The movie somewhat conveys humanity's love for music, like Amadeus and Beethoven Lives Upstairs. It isn't as effective as either of those pictures, however. The entire film is hinged on Ayers' schizophrenia. It ultimately is how he interacts with everyone else. His being a musician is a nice touch but hardly worth including. The film doesn't incorporate this characteristic fully into his persona. Take music out of Amadeus or Beethoven Lives Upstairs, and no film remains. The Soloist is more about friendship in general than music. Nathaniel could be a writer or film critic and few lines of dialog would need to be seriously altered.<br /><br />This is only Joe Wright's third film, and his first that isn't a romance staring Keira Knightley. Let's hope this film isn't an indication of how limited his abilities are. There are stylistic nods to his earlier works but The Soloist is much weaker than either of them. In his defense, Universal should not have agreed to widely release this picture. This film seems tailored for Imagine Entertainment (distributors of Changeling). I wouldn't be so disappointed with it if had a limited release. Its poor box office performance may inhibit better dramas from being distributed nationally.",negative
"In all this dogma fuzz, please note that this is the Danish masterpiece of the 20th century. The humour, the fate, the sorrow is so clean - so simple - so touching.<br /><br />This movie is a masterpiece. Go see it. There's nothing more to say.",positive
"Unlike most people who've commented, I was born after the last Sylvester Mccoy Episode and so couldn't have compared the two centuries of doctor who at first. I thoroughly enjoyed it when Christopher Eccleston took control of the TARDIS and the continuation of the series. I have, since then, seen old episodes of Doctor Who and some where great, but, like the doctor, the series needed to regenerate to continue. The 21st century doctor who's are great, I thought Martha was great, almost a match for the doctor and if Jack's appearance is anything to go by, she's going to be brilliant when she cameos in series 4 or 5.<br /><br />Speaking of Jack, the spin of, Torchwood is also brilliant and you should watch both of these programmes (though this is definitely more suitable for kids). However, if you insist that this isn't the same and just isn't Doctor Who, please, just stay in your basement.<br /><br />10/10",positive
"USA's AZN TV purchased the rights to this film and the network is showing it using the English title THE PICKPOCKET.<br /><br />1997's THE PICKPOCKET takes amateur home-movie style movie making to amazing levels of unpleasantness. The movie depicts a long-winded series of boring wanderings of an uninteresting, confused guy. This lead character, Xiao Wu, does not simply walk about aimlessly. Viewers will unfortunately soon realize that Xiao Wu has an unsurpassed talent to seek out, and remain dormant near the most obnoxious noises to be found in China. Clanging empty tin buckets being beaten with a stick -- he is there. Every old motor in China clunking in agony -- he is there. A crying baby? Yes, you guessed it, he is there! According to THE PICKPOCKET, China is the most irritating unpleasant sounding place on planet Earth.<br /><br />The only element worse than the sound of THE PICKPOCKET is the photography. The camera shakes, shakes and shakes some more. Finally, the camera stills, but then it falls to the actor's knees and just stays there until someone in the crew realizes the mistake and begins to shake the camera again. Most of the shaky film is framed in distant, long, long, long shots. The few times when the camera gets somewhat close, nothing compelling ever takes place to connect the viewer with what is happening.<br /><br />The photography is murky, faded and often blurry. The use of color is -- well, there is no sign of intelligence controlling the use of color. Most every shot is held 20 times too long. Few movies are so painful to sit through. This film is painful to watch, and painful to hear. And then it simply ends.<br /><br />John Woo fans might enjoy being able to hear part of the soundtrack to DIE XUE SHUANG XIONG (THE KILLER) as the lead character is hanging outside of a video store for many minutes. Anyway, be warned -- THE PICKPOCKET will steal away your good time.",negative
"This is the most disturbing film I have ever seen. It makes ""Requiem for a Dream"" look like a Disney film. Although, technically, it is reasonably well made, acting, cinematography, music, directing, etc., are good. However, the concluding gang rape scene is the most appalling and violent thing I have ever seen and I really wish I had not seen it. I am afraid that it will haunt me for the rest of my life. Although I think anyone would find the film extremely disturbing, my wife and some of her friends were victimized in a very similar manner and I really didn't need an explicit reminder of the horror that they experienced. I saw the film at the SXSW film festival in Austin, TX and none of the cast or crew were in attendance. I would have liked for them to have had the opportunity to defend the violence in their film, which I felt was excessive, gratuitous and unnecessary. An earlier scene successfully conveyed the mood they were apparently striving for, but without rubbing your face in the extreme and explicit sexual violence. This film should have a big WARNING label on it. For these reasons I would not recommend anyone seeing it. You've been warned.",negative
"Well I'll start with the good points. The movie was only 86 minutes long, and some of it was so bad it was funny. Now for the low points. My first warning sign came with an actual ""warning"" on the film. When it started the following ""warning"" was displayed: ""The film you are about to see contains graphic and disturbing images. Because contrary to popular belief being killed is neither fun, pretty or romantic."" I should have saved myself the 86 minutes and turned it off then. The first words of the film were: ""I'm at the glue factory."" It was some guy talking on his phone, and he was referring to a nursing home as a glue factory. I don't know why. So the basis of the movie is some kid is obsessed with the Zodiac Killer and starts imitating him. The budget for this film was at least 50 bucks and they must have used the cheapest cameras they could find. The acting was worse than me reading straight from a script. That's what is looked like they were doing. The script was horrible, and the big ""twist"" was that this guy who wrote a biography on the Zodiac Killer was actually the Zodiac Killer. Of course they tried to show this subtly but made it totally obvious within the first 10 minutes. Without any more painful details of the plot, here were some horrible highlights of the movie. They try to make the Zodiac Killer compare himself to an ""army of one"" because soldiers are really just murderers. Then they tried to make an attempt at ""Satanic Worship"" by showing some guys in black hoods in a meeting. The great ""computer hacker"" was able to get this kid's address when someone gave him the kid's name and phone number. For some reason he had to hack into the FBI to get someone address. I'm not sure why he didn't just look it up in the phone book or use whitepages.com. There was also a random allusion to 9/11 for no reason. I also learned that no matter where you get shot, blood will come out of your mouth within seconds.<br /><br />So if you like really bad acting, sub-par scripts, bad camera work and an obvious plot, you'll love Zodiac Killer!",negative
"I get the feeling that Lisa Krueger is easy to overlook. I personally found her first film, 1996's Manny and Lo, to be a wonderfully detailed character study and the performances were uniformly wonderful(with special credit to Mary Kay Place). The film played for a week or two in major urban centers and vanished. One or two critics really liked it, but many viewed it as slight. Krueger's second film, Committed, was released this year (2000) (after nearly two years of delays) and it similarly vanished. And once again critics dismissed the film as slight and pushed the film aside, at most praising Heather Graham's screen presence, but rarely her acting ability. And once again, for me, Committed is a solid success. I feel as if Krueger has a genuine voice and a personal visual style and these are traits that shouldn't be so easily ignored, simply because she works on a very restrained canvass.<br /><br />The title has several meanings, but mostly it refers to Joline (Graham)'s refusal to let her husband Carl (Luke Wilson) flake out and leave her. She follows him from New York to El Paso and becomes one of the most appealing stalkers in recent cinematic history. Her respect for her marriage vows leads her to Mexican mysticism and self-discovery. And yep, the plot is just that simple and thus, just that easy to ignore.<br /><br />Joline, of course, is the crying voice of a generation whose parents divorced at a rate nearing fifty percent. And for me, her personal revolution against broken promises and a legacy of deceit is fairly intelligent and powerful. Confident in the belief that people just don't have enough faith in each other, Joline inevitably has to discover that her beliefs aren't in synche with those of society at large. Several comments her have referred to her character as one-dimensional and I'm afraid that that's a simplistic reading of the film. Or perhaps even a misreading. If Joline were just an innocent, she wouldn't be interesting at all. It's the fact that she understands the world and refuses to play by the rules of the ""normals"" that makes her so interesting. Sociologically, she's a complete deviant.<br /><br />Krueger sometimes falls into moments of cutesy dialogue and her direction of this film has a rather odd over-reliance on shots of clouds moving across the El Paso skyline. However, her mistakes are fairly rare and in this film, as in Manny and Lo, it's the performances that carry the day. Graham has never been better because she's never had a character as perfectly tailored to her as Joline. For the first time in her career, Graham seems comfortable playing an adult, even one in slightly arrested development. She carries the film perfectly. Luke Wilson and Casey Affleck (as Joline's brother) both have a number of fine moments, as do Alfonso Arau, as a Mexican Mystic and Mark Ruffalo and T-Bo, the slightly psychotic truck driver. As in Manny and Lo, the characters are part of their environments, well detailed totally organic creations. These characters may sometimes seem pointlessly quirky, but they make sense in their context. Even Goran Visnjic, as an artist turned on by Joline's devotion, fits in in some strange way, even though his character's foreigness is never discussed.<br /><br />For me, this is a movie that gains depth looking back. Another commenter here spoke of the stereotypical Mexican portrayals. And again I'm tempted to call that a misreading. Joline is looking for self-justification. She knows that her commitment is out of control, but she's looking for any spiritual avenue that can help her make sense of herself. Arau's character understands that most people don't believe in him and he plays up his own faith when he sees a woman who respects him. <br /><br />I guess I can understand how this movie could be viewed as underwhelming, I'd simply disagree. It's consistently funny, frequently hilarious, and all of the characters exude a warmth which is quite wonderful.<br /><br />I'm giving this one a 7.5/10 and when I log in the vote here, that'll go up to an 8.",positive
"I have to say this is the worst movie that I have ever watched in my life, I cannot believe that I wasted $10 at blockbuster ; this movie should be burned and who ever thought of it has issues. Who ever actually spent money to make this movie was insane =D This movie has TERRIBLE actors and some of the scenes make absolutely no sense. Well, the whole movie doesn't make sense. Also the part where those ""men"" come into the diner ( department of national securities )that happened to be the worst part of the film. How dare they say Frank Sinatra's name in vain? Also, what is up with those glasses? When the guy and girl are in the car and she ""drinks"" water, you can totally tell that she isn't even drinking! Also, what is up with the freaky dinner guy. And everyone knows that you don't stab tires, you slash them.",negative
"Remember those old kung fu movies we used to watch on Friday and Saturday late nights when our babysitters THOUGHT we were in charge? Well, this movie plays exactly like one of those movies. Patsy Kensit's biggest claim to fame was the love interest to Mel Gibson's character in ""Lethal Weapon 2,"" and this performance was one of the reasons why she's never made it big: she's a terrible actress.<br /><br />In ""Lethal Weapon 2,"" I thought she was cute. Cute enough to check out some of the other movies she'd been in, including ""Loves Music, Loves to Dance"" another big let down, which I, obviously, was not impressed with, either. But, as attractive as she is to my eyes, my soul screamed at me to turn it off because she played another cheap, predictable role, and done it very badly.<br /><br />In this movie, Kensit stars as a comedienne (and not a good one, either) who's working the clubs of France (couldn't cut it in her own homeland, so she's making THEIR ears bleed), who's down on her luck, but, even worse, the French government wants to throw her out because of an expired visa (or maybe they just caught her act). But she gets married to this Casanova (Freiss), who is just as down on his luck, and the predictability begins...terribly! Is there any way to give this movie a NEGATIVE rating? 1 out of 10 stars is over rating it!",negative
"Terrible story, poor acting and no humour at all (apart from the final joke at the end)<br /><br />Some sort of ugly angel is sent to earth to save a boy and his mum from being thrown out of their home. Supposed to be a kiddies movie, but even they will not be amused by this terrible film",negative
"Two years ago, on Berlin Film Festival we watched the Amos Kollek movie ""Sue"" in the Panorama program, with a wonderful Anna Thomson in the leading part. It's a film about loneliness and sex, and how the one thing is compensated by the other. In the same section on the Festival now we have to complain the superfluous antithesis of Sue, ""Extension du domaine de la lutte"", which now tries to convince us that loneliness and having NO sex is one and the same problem. But unfortunately we can't sympathize with ""our hero"" (how he is called by the story-teller), because he is unnecessarily and incomprehensibly tired of company and himself. Own fault, I'm sorry. I can't understand him. Not enough, the writer/director/actor want us admitting to him, that it's not his destroyed self-consciousness or the passivity of his personality, what brought him so far, but the rotten society and its image of sexuality. Yes, there are some deeper insights about gender relations, but we won't follow him so far... And the point is, that there is rather any sign of reflection about his own portion to the fate, having no sex. Who didn't notice yet, it's a quite depressing film...<br /><br />In the beginning, there had been some starts to be more accurate in sketching the situation. At the bed store the ""hero"" speaks about the hindrances buying a new bed. Perhaps it's too broad getting up the stairs, you have to stay at home half a day... THIS is a satire about a character, who doesn't know taking the life and heart in hands, DOING something... The movie doesn`t follow this path, but handles his characters with helplessness. Nobody believes, that ""our hero"" is able to instigate Tisserand for a murder. Too dull, too kind, too - passive (not to mention Tisserand's complex; he has an inhibition, but he couldn't be, of course, a murderer of women!). To finish: There are women and the world, it's not a device of a modern sexualized society. Help you as you can, but don't follow the messages and the ""wisdom"" of this movie, which announces bankruptcy to human relationships, without seizing the real conflicts within.",negative
"I should have never watched this movie. The style of filming may be considered artsy to some, but it is considered migraine-inducing to me. I think it may have had an interesting plot, but since I couldn't watch it for long stretches at a time I missed a lot. The flickering pictures and stop motion filming branded my brain. I stopped watching mid way through and won't be back for a second try. I suppose if I were home alone in my own lighthouse some dark and stormy evening, this might be just the ticket... PS Not sure if the lighthouse/ film style thing can be considered a spoiler, but I don't want to be blacklisted on my first review ;)",negative
"""ASTONISHING"" Screams the LA Times from the front of the DVD box. They must have been referring to the fact that such a sorry piece of crap was ever released. The film revolves around a bunch of girls who have a disease which forces them to become cannibals, and murder innocent people just to stay alive. Their skin peels off throughout the film, we also see severed legs, heads etc that are about as convincing as a Halloween Fuzzy Felt set. There is an awful lot of talking b*ll**ks, a bit of human cuisine and some weird zombie hunter chap who imprisons the sufferers of said skin illness in his closet strapped to a chair, before stabbing them in the head, chopping them into bits...<br /><br />You get the picture. Considering there is no acting talent on display at all, and the gore is laughably unrealistic, what is the point of this whole farrago? Again looking at the video box, the guy responsible for it is an ""underground cult director"". Would that be like those weird religious cults where they brainwash you into thinking one way when clearly the opposite is true? Because that's the only possible reason I can think of for anyone to derive pleasure by watching this tax write-off. Then, on the same paragraph he compares himself to Mike Leigh, Ken Loach and George Romero. HAHAHAHAHA oh stop it. Now you're just being silly.<br /><br />Do you enjoy this film? Are you offended by the above opinion? If so, you must be a member of said cult. Do they pocket your wages? Do they let you see other family members? Do they force you to watch Andrew Parkinson films till you think he's the best director since A.Hitchcock? Do tell... this sounds like a Panorama special brewing to me. And say hello to the critic of the LA times when you return to your colony, will you? 0/10",negative
"Now I did watch this when it first came out on VHS, and all my friends and I thought it was a pretty good movie, but then again, we were teenagers. But honestly, not that good of a movie in retrospect. Sort of a hair metal, Dokken version of Carnival of Souls. But a bad movie does not exactly mean it is unwatchable; however, this one seems to lack the charm a lot of the regular Mst3k fodder usually contains. But if it was on cable, and I was bored and drinking beer--sure, I'd watch it again. But then again, I've watched Howling VII about five times now, so maybe you really shouldn't be listening to me.<br /><br />Anyone else think it kind of sad that the director supposedly commented on his own movie? And why did he feel the urge to use caps lock so much?",negative
"Angels who got a little icky were banned from heaven and now reside in a British forest where they seduce and chop up teens. Talk about high concept. On the plus side this little mother gives us Tom Savini, but since his acting range is limited to two minutes screen-time, his five minute presence seems a tad long. The angels run around the forest naked for the most part of the movie, but though they might have the body of an angel, their faces sure look like Joan Rivers on a bad day. Mediocre acting and amateurish gore-effects don't help and the night scenes fatally recall Paris Hilton's most famous movie. So bad that it is REALLY bad.",negative
"While I am not a big fan of musicals, I have loved the films of Fred Astaire and Ginger Rogers because they are just so much fun. Sure, they can be a bit formulaic, but even though you KNOW what is going to happen, they still are very pleasing to watch. However, despite this, I was a bit disappointed in this outing. Part of it was because this film doesn't have the wonderful supporting cast like you saw in TOP HAT or SHALL WE DANCE. Without Edward Everett Horton or Eric Blore, the film seems to be a bit lacking--especially in the ""fun"" department. The silly antics of these supporting actors gave the other films charm that you just don't get with FOLLOW THE FLEET. In addition, unlike the usual character played by Astaire, this one is more of a jerk--as his fat head gets Rogers into trouble again and again. And, as a result, it's a lot harder to like him or want to see them get together in the end of the film. Plus, although the music is by Irving Berlin, the songs just don't seem as memorable. In fact, none of the songs were all that special and I can't recall any of them even though I just saw the movie. While this is still a cute and worthwhile film, it just lacks the sparkle and magic of some of their other films. Good but far from great.",positive
"The movie plot seems to have been constructed from a disjointed dream. There is not enough realism to hold the viewer's interest. The Vermont Farm scene was a failed opportunity to show the way farms were set up and farm families lived which would have been interesting and entertaining. There was little if no research into the whiskey bootlegging trade of the period. The costumes of the Canadians looked like something from the French Revolution, totally unbelievable. The fiddle playing was good and of the time period but Chris's motions while supposedly playing were unbelievable. The owl's appearance was a never explained mystery and the train disappearing into thin air was too much. I couldn't understand how a live trout got frozen into the ice and why two men in the wilderness without food would release the trout, a good food source.",negative
"""Lackawanna Blues'is so emotionally powerful in its portrayal of urban Blacks during the 50s and early 60s. A culture of joy and sadness specific to working class Blacks that existed outside the mainstream culture. The characters of Santiago-Hudson's play depicted Black individuals who lived imperfect lives but maintained strong positive values of love,loyalty and honor. Although the characters moved away from those values at times, they did not deny the importance of the values. Instead they recognized and accepted their own imperfection and those of the other characters, without judgment, that passed through the life of ""nanny"". The central characters were strong and believable, the settings were realistic and brought back personal memories of a by-gone era. Pre-integration urban life was a time of sensory intoxication, sight, sound,and smell, that could almost be experienced by watching the drama ""Lackawanna Blues"" unfold. I will watch it again and again.",positive
"OK, so she doesn't have caller ID. When you are being stalked, you GET IT! And no cell phone? When you are being stalked, you GET ONE if you are one of the few full time working parents that is the head of the household that doesn't own one already. This mom gets a big ZERO in the parenting department. So her mom is in the hospital and she decides a shopping trip will help her out. Just a stupid movie. Glad I have Tivo and a FF button on the remote.And what is with the 10 line minimum, I just don't have that much to say about such a bad movie. I guess I can ask why she keeps opening packages that she has no clue who they are from. The son really didn't add much to the movie either. The cops were a big ol zero too. Now get to the nearest Verizon and get the darn cell phone. @@",negative
"Yes, this movie has kids going to space camp and it starts out okay enough as you have the kids meeting one another and learning the ropes. Then they introduce Jinx, a robot that could not possibly exist in 1986 as they do not have anything with that kind of artificial intelligence now. Kid becomes buddy with robot and robot repays the kid's kindness by shooting him and a group of other kids in this camp into outer space with a very limited oxygen supply and radios that do not have the signal to reach into space. This camp is also not very fun as these kids are put to real training and the instructors get all over them for failing missions or not doing the right things. Give it a rest, they are there for fun, not to become astronauts just yet, just give them the experience of space flight not a military like camp. However, you do get to see Joaquin Phoenix in a fairly early role. So in the end a movie that tries to be realistic in some areas, but with the introduction of Jinx and other factors you might as well had the kids battle space aliens on top of everything else that was happening in the movie as that would have made the movie a bit more enjoyable at least for me. Probably for a few others as well, who else would like to see Kate Capshaw's face ripped apart by some strange super alien creature.",negative
"Anybody who has ever been a fan of the original series, or even has a clue about the storyline should be embarrassed by this series. The Borg does not come around until Q brings the Enterprise to the Gamma sector, the Klingons are NEVER seen until Kirk encounters them, the NCC-1701 was the FIRST ship to carry the Enterprise name....need I go on? Berman and Pilliar have made a mockery of Gene Roddenberry's creation. After he died, they only saw $$$$ and just went their own way. No wonder Majel Barrett was in every single episode of star trek until this series. I don't blame her for not being involved with this mess. Poor Bakula. He's a great actor, as are the entire cast. I like them all, but the storyline is tragic and ignores all of the precedents set by the original series. Just check the ratings. I think more people watched Deep Space 9 (which was untimely canceled).",negative
"I saw the omen when i was 11 on tv. I enjoyed the Trilogy. So when the chance to finally see one at the cinema came around i didnt pass it up. I went in to the cinema knowing that what i was about to see wasnt a cinema release but a made for TV film. However being a fan i couldnt resist. But this Omen movie which i saw at a midnight screening didnt bring chills it brought laughter. Risible Dialogue such as ""it is written that if a baby cries during baptism they reject there god"". What nonsense.No decent set pieces. Faye Grant so Good in V is wasted with this script from hell. No suprises and no fun. However i did laugh out loud several times at our bad it was.Truly Pathetic.1 out of 10",negative
"Okay, anyone looking to see a great work of art should NOT watch this film. A sophisticated film connoisseur will no doubt be nauseated by the horrid production values and the sight of watching an excellent actor (Joseph Cotten) whoring himself out for a buck. Mr. Cotten must have either really needed the money or he was too senile to realize that the film was crap. The same phenomenon occurred with Dana Andrews, who late in his career appeared in the campy and awful FROZEN DEAD. I know Mr. Andrews was in the throes of alcoholism, but why did Cotten do this mess?!<br /><br />As for the plot, it's a reworking of the Frankenstein plot. The first half of the movie really looked as if they were doing a serious but seriously flawed version of the original Frankenstein story. Then, inexplicably, they introduced a daughter. This wasn't a bad thing,...until then, out of the blue, they decided to stop making a horror film but make a soft-core pornographic flick!! The change was dramatic and bizarre. It was almost as if they said ""okay, Mr. Cotten is done with his scenes and has gone home,....now ladies,...STRIP!"".<br /><br />The problem is that on every level, the film is just awful except for the monster's makeup. While not great, it is still pretty cool to see. But bad writing, acting and a budget of $17.46 conspired to make this a drab and awful flick--one so bad that tossing in some nudity for the pervs out there shouldn't be enough to entice anyone to see it.",negative
"Written and directed by Steve Gordon. Running time: 97 minutes. Classified PG.<br /><br />It was the quintessential comedy of the decade. It won Sir John Gielgud the Academy Award. It was even featured in VH1's ""I Love the 80's."" And it looks just as good today as it did upon it's initial release. Arthur is the acclaimed comedy classic about a drunken millionaire (played with enthusiasm and wit by Dudley Moore in an Oscar-nominated performance) who must choose between the woman he loves and the life he's grown accustomed to. While the basic plot is one big cliche, there's nothing trite about this congenial combination of clever dialogue and hilarious farce. Arthur Bach is essentially nothing more than a pretentious jerk, but you can't help but like him. Especially when he delivers lines such as, ""Don't you wish you were me? I know I do!"" He's also a delineation from the archetypical movie hero: unlike most wealthy characters we see on the silver screen, he's not ashamed of being filthy rich. In one scene, a man asks him, ""What does it feel like to have all that money?,"" to which he responds, ""It feels great."" Moore lends such charisma and charm to a character that would otherwise be loathed by his audience. And Gielgud is simply perfect as the arrogant servant, addressing his master with extreme condescension in spite of the fact that his salary depends on him. Arthur is one of those movies that doesn't try to be brilliant or particularly exceptional: it just comes naturally. The screenplay -- which also earned a nod from the Academy -- is saturated with authentic laugh-out-loud dialogue. This is the kind of movie that, when together with a bunch of poker buddies, you quote endlessly to one another. It also looks at its characters with sincere empathy. There have been a number of comedies that attempt to dip into drama by including the death or illness of a principal star (including both Grumpy Old Men's), but few can carry it off because we just don't care. When this movie makes the dubious decision to knock off the butler, it actually works, because we genuinely like these people. Why should you see Arthur? The answer is simple: because it's an all-around, non-guilty pleasure. At a period in which films are becoming more and more serious, Arthur reminds us what it feels like to go to the movies and just have a good time.<br /><br />**** - Classic",positive
"Pretty good film from Preminger; labyrinthine at times, as it explores sets and locales from various angles and perspectives as if it were a nature film on the denizens of the modern city and how they live. In this sense it is visually and spatially satisfying, as its hero, a good cop with a bad temper, gets into very hot water when he accidentally kills a guy with a plate in his head.<br /><br />Dana Andrews plays the lead as if it were Hamlet, and has never been better. The story may be pure melodrama but Andrews gives it weight, and almost raises it to the level of tragedy. As his girl, Gene Tierney is attractive but unremarkable. Gary Merrill makes for a very interesting villain, with his natural warmth providing a nice contrast to Andrews' coolness; his smiling, amiable-seeming bad guy seems to be continually challenging his nemesis by the mere fact of his being emotionally open, as opposed to the tightly wound and moralistic cop who is pursuing him. <br /><br />There are no major surprises in this film, which seems transitional for all concerned. For director Preminger it is a reunion of sorts with his Laura stars, Andrews and Tierney, who were passing their career peaks at around the time the movie was made. The supporting cast,--Merrill, Karl Malden, Neville Brand--are, understandably, more optimistic, as they were all on their way up. Preminger, as serene an observer as ever, lets the events unfold without expressing a strong point of view, as the morally ambiguous ending is somewhat disappointing, for the cat and mouse game between the two antagonists seems larger and more archetypal than any mere movie could contain, much less resolve.<br /><br />",positive
"Deep SH.. is more like it! The eels are just cartooned in over the film. Think ""The Incredible Mr. Limpet"" meets ""Leviathan"". Very tacky.<br /><br />No character or relationship development. So called ""romantic"" scenes very corny and predictable. An interesting idea, but a poorly written script and LOUSY special effects make this a definite must-miss!",negative
"In Theodore Rex poor Whoopi Goldberg is set up as a tough police cop who gets to work with a pathetic dinosaur on a case. The movie tries to be funny, and tries to make a story about abductions and more but it never works. The movie is far from funny, and the story is ridiculous. I voted 1/10",negative
"Sigh I sincerely wonder why all the acclaimed and supposedly profound movie critics hold such a grudge against director Michael Winner? Surely he isn't the avatar of subtlety, as his films are practically always hard-handed and confronting, but so what? They're awesomely entertaining. His most famous action movies, like the first three entries in the ""Death Wish""-series for example, are easy targets to clobber down because they allegedly glorify violence and the personal use of shotguns, but even when Winner takes on far more mature cinema genres  like the religious horrors of ""The Sentinel"" for example  he doesn't stand a chance with any of the critics. ""The Sentinel"" generated some controversy and infuriated several people upon its release, when it leaked that Michael Winner cast genuinely malformed and handicapped people to portray the creatures attempting to cross the gateways between hell and earth. Pretty much the exact same controversy caused Todd's Browning's masterpiece and landmark in horror cinema ""Freaks"" to remain banned and unseen for over thirty years! And why? Just because certain prudish and easily offended people, who shouldn't watch the movie in the first place, claim it's an unethical thing to do? I don't suppose Michael Winner or Todd Browning held these people at gunpoint or forced them to appear in their films, so what gives us the right to feel embarrassed in their place? Another major reason why critics didn't warmly welcome ""The Sentinel"" is because Jeffrey Konvitz' novel  and thus Michael Winner's screenplay  is hugely derivative of other contemporary but far more successful religiously themed horror stories and thus, according to the merciless pens of horror critics, little more than pure plagiarism. Admittedly ""The Sentinel"" borrows multiple substantial elements from ""Rosemary's Baby"", ""The Omen"" and ""The Exorcist"", but let's face it, 70's cinema largely thrives on stolen formulas and imitating success stories. If you overlook the slightly unoriginal concept and, in all fairness, a handful of thoroughly confusing and unnecessary sub plots, ""The Sentinel"" honestly still remains a uniquely atmospheric and often downright petrifying 70's horror-highlight with an impressive ensemble cast and nightmarish imagery you're not likely to forget easy.<br /><br />Alison Parker, a ravishing model with some unprocessed mental traumas, moves into a stunning brownstone apartment in Brooklyn, deeply against the will of her boyfriend Michael who proposed to wed her several times already. Alison's physical existence and especially her mental condition drastically alter shortly after, and the ominous apartment appears to be the root of all misery. She meets eccentric neighbors and attends birthday parties for their cats, even though the landlady claims she and a blind priest are the only tenants. She frequently faints during her work assignments and has truly creepy visions of her bastard father and the night she attempted to commit suicide. It slowly becomes clear that Alison got chosen to serve a higher supernatural purpose inside this apartment building, but simultaneously malignant forces try and prevent this. It's truly regrettable how the promotional taglines and even brief synopsis on the back of the DVD immediately reveal that Alison's brownstone apartment is the earth's gateway to hell itself and she's the chosen one to guard it, because the film's script only slowly builds up towards this shocking revelation. For nearly 75 minutes (and throughout some sadly tedious and overlong sequences) Michael Winner successfully maintains the impression that Alison's own mind is playing tricks with her and that the involvement of the Catholic Church and her fiancée's odd behavior are strictly red herrings. Multiple of the horrific scenes come pretty close to being genius, like Alison's flashback or her first acquaintance with the priest upstairs. The whole climax, with the controversial guest appearances mentioned here above, is a literally perplexing showcase of pure terror and easily one of the most unforgettable and nail-biting denouements I ever witnessed.<br /><br />The cast Michael Winner managed to gather is deeply impressive, especially considering ""The Sentinel"" still remains a legitimate horror movie and this genre isn't the most popular among prominent actors, but of course you also have to put the cast listing a little into perspective. With such an extended cast, obviously several of the roles in the film are little more than cameos. Martin Balsam and John Carradine, for example, only appear on screen for a couple of minutes all together. Several others (like Christopher Walken, Jeff Goldblum, Beverly D'Angelo and Tom Berenger) perhaps add a lot of fame to the movie nowadays, but back when it was released they were still too unknown in order to attract curious viewers. My personal pick for best performances go to Burgess Meredith as the uncanny neighbor and Eli Wallach as the satirical police inspector. The relatively unknown Cristina Raines does an admirable job carrying the film and Chris Sarandon neatly back her up, even though he sports a ridiculous mustache. In my humble opinion ""The Sentinel"" is a marvelously entertaining and frightening horror movie, and most definitely a must-see for TRUE genre fanatics.",positive
"I recently found a copy for $5 at a video store, and snapped it up eagerly. While the music and (obviously) graphics aren't up to the standards of my favorite of the series, Beyond the Mind's Eye, I am still entranced by one segment:<br /><br />Stanley and Stella in ""Breaking the Ice"". The music is brilliant, and the emotions feel real. The clip on Odyssey's website doesn't have the story nor the music, unfortunately.",positive
"Whenever Hayao Miyazaki does the ""tri-fecta,"" (writes, directs, and animates a movie) he makes a classic film for the ages. He has done it again with Gake no ue no Ponyo.<br /><br />The story is about a girl fish who is kept on a very tight leash along with her younger sisters by her father, a bitter ex-human wizard named Fujimoto. The fish escapes from her father and rides a jellyfish to shore, where she is caught up in a dredging operation and finds herself stuck in a bottle. This underwater sequence must be one of the most elaborately drawn animated scenes ever undertaken and stands on its own as a reason to search out the theatrical release. Miyazaki, who shows no fear of having a busy scene, has outdone himself. There were literally hundreds of individually-drawn sea creatures of every imaginable size all in motion at the same time.<br /><br />When the fish escapes the dredging operation while still trapped in the bottle, a five-year old boy named Sousuke spots her in the water and is able to break the bottle, saving her. Since she is the result of her father's magic, she is capable of magic herself--and her father actively tries to retrieve her. The boy names the fish Ponyo. Just when Sousuke learns that Ponyo can speak, her father successfully retrieves her back into captivity.<br /><br />After a war of wills with her father, Ponyo manages to escape again with the ability to change herself into a human. She meets up again with Sousuke in a storm and the story continues from there in many interesting ways. There is a cuteness factor in this film rivaling and arguably surpassing that of Tonari no Totoro. Joe Hisaishi, once again, provided outstanding musical support.<br /><br />The story itself is simple--as are Miyazaki's films in general--and should appeal to a broad spectrum of viewers. While I haven't viewed it enough to be sure, the film doesn't seem to be one which will keep scholars in long discussions as Sen to Chihiro no Kamikakushi did. Nonetheless, this is the ultimate feel-good entertainment movie. I gave the movie a ten out of ten rating.",positive
"I've lost count of the times I have seen this movie, but I love it and find it very funny each time I see it. The facial expressions, slapstick humor and the timing on the jokes makes it great. The characters, especially ""Nitro"", ""Sonar"" and ""Stepanik"" are hilarious. I thought Kelsey Grammar, Rip Torn and Bruce Dern did a great job. In fact, I think this movie was perfectly cast. I think it does need to be released in DVD before I wear my VHS version out.",positive
"this is the first time I'm writing a comment on a movie on IMDb. but i had to write it for this one. its 3 hrs of unadulterated torture. from the starting u get the idea that the movie is gonna be bad. the acting is pathetic. I'm a big fan of Ajay devgan (loved him in bhagat singh) but he is at his worst in this movie. amitabh seems to have worked hard for this one, but somehow the fear is missing. prashant raj is a non actor. and the most irritating part of the movie is nisha kothari. i have no clue why the director took her in this movie. the background score is repetitive. somehow i felt that ramu tried to repeat a sarkar, the color theme, the background score, the camera angles, but it didn't work. PLEASE Don't WATCH IT",negative
"I never much liked the Myra movie, tho I appreciate how it pushed the Hollywood envelope at the time. Certainly Miss Welch's costume became an iconic image, though I have to wonder if many people who recognize the image really saw the film and know what it was all about -<br /><br />I rewatched Myra on FMC a couple of years ago and didn't think it had aged any better thru the years. There's a segment about it in the Sexploitation Cinema Cartoon History comic books, where it's given proper credit for putting such big stars in what was then an outrageous production. However, IMHO, the movie is too bitter to be charming, too silly to be a turn-on, and so busy trying to shock that it fails to inform, engage, OR entertain ---",negative
"I don't know where to begin, so I'll begin with a snippet from the back of the cover of this movie. ""Alive combines the tension of Vincenzo Natali's Cube with Kitamura's own Versus."" I have not seen Versus, so I can't comment on that, but I think Cube was an excellent movie which I recommend to everyone. However, in this case someone has clearly confused ""tension"" with ""boredom"".<br /><br />I'll just go ahead and spoil the entire plot, because besides being one holy Swiss cheese of a plot, it's also moldy cheese, and the movie is not worth spending any time on even if you don't know the plot beforehand, so it doesn't matter. If I have misunderstood the plot, don't hit me - it's probably because I had to struggle to keep my eyelids open.<br /><br />So the American military in Nevada once lost a UFO i the Nambi desert. This apparently makes sense because they're both deserts so surely they're practically the same place. Different continents or not. A monkey broke into the UFO and acquired an alien something which was passed on to a Japanese researcher who had to eat the monkey to survive in the desert. What ever. The alien thing is now passed on to anyone who's ""bloodthirsty"" enough to kill the current host. The Japanese military wants to use it for military stuff, so they decide to make it pass from the current host (the researcher's daughter) to some other dude. But instead of just picking someone out of the military, which is full of people who are bloodthirsty AND already on the military's side, they decide that it's probably a good idea to pick some criminal out of death row instead. Oh, and the reason they pick this particular criminal from death row is because he was the first person in history to not die from the non-lethal electric shock which is the standard execution method, because everyone dies from the placebo effect when they get electrocuted. I don't know if they do this so they can giggle in the staff room at how everyone dies even though it's not deadly, or if they just want to cut down the electricity bill.<br /><br />Then the movie turns into what The Matrix would have been if it had been really lame, and superfluous fighting bores us to tears for what feels like an hour. And oh wait, now they remember that they already had a dude who was infected with the alien thing, so the entire movie up to this point was actually a totally waste of time and also human lives. Then everyone dies. The end.<br /><br />The only one moment in the movie where I didn't want to go away and sleep or eat a sandwich instead, was when a dude was pinned to a wall by a pipe through his chest, and he's hanging around up there and another dude walks by. The dude hanging on the wall says ""I'm in pain, shoot me"". And the living dude looks at him, and it's not like he's a mean dude or anything, so he really looks sorrowful and doesn't want the guy on the wall to suffer. So he shoots him.<br /><br />(Rhetorical pause.)<br /><br />In the stomach. ""Gee THANKS A FREAKIN' HEAP.""",negative
"I saw The Merchant of Venice in London last week. Great acting by Al Pacino, Jeremy Irons, Joseph Finnes and Lynn Collins. Compare to other movies based on Shakespeare's play, this production has made the play so easy to understand and follow. Bravo to Michael Radford for directing such top actors. The costume and the scenery are great and since it was filmed on location in Venice it gives the film and authentic flavor. I had read the play over thirty years ago at school and the emphasis was on the characters' anti-Semitic behavior toward the Jews and the cruelty of the Christians. I do not know if this movie is going to be controversial but in any case I am sure that it will get few Oscar nominations.",positive
"An absolutely baffling western featuring flash-forward sequences set in an insane asylum, South of Hell Mountain was one of the first films produced by the schlockmeisters at Cannon Film. Co-directed by William Sachs, who would later deliver such fan favourites as The Incredible Melting Man and Galaxina, the film tells the very dull tale of a trio of gold robbers who stumble upon a cabin occupied by two women who are hiding some secrets that aren't worth discovering. The cast (most of whom never made another film) try gamely, but are hamstrung by the screenplay, which generally makes no sense. The asylum scenes are edited in to little effect and are punctuated by ridiculous sound effects and tape loops. Ultimately, it's a lot of talk and little else.",negative
"Dave is going through a divorce and his mind wanders back to his first love. ""Wanders"" is probably not the word. I should say he fixates on the past girlfriend. He recalls to the day when the relationship ended. The dream sequences only lack the hazy transitions. He fondly recalls their favorite songs and places they went. I'm not a counselor, but maybe this had something to do with the failed marriage???? Dave goes to a support group and meets up with a lady half his age (also divorced) who, instead of being ""turned off"" by his creepiness, starts to become interested in him. Did I mention how creepy Dave is? He sometimes refers to himself in the third person. He doesn't move his arms when he walks, either. It's just weird. Too make a long story short, Dave plots to hunt down Mary (the old gal friend) and kill her...err...I mean confront her. He does so. Which was really creepy. He believes her to be married, yet he STILL flies half-way across the country to meet her. He stakes out her house to make sure she is alone, before he ""drops in"" on her. He has an awkward conversation with her that ends with his sharing the gospel of Christ in about 10 words or less, and flies back to the new young girlfriend. We enjoyed the movie mostly for unintentional comedic value. I am still entertaining the wife with my Dave impressions....""I heard another Dave & Mary song!""",negative
"Laurence Fishburne is a fine actor, and deserves respect for trying this, but he is not in a class with the great Shakespeareans like Olivier and Welles; and he further suffers from Kenneth Branagh. This Irishman, always brilliant, cleanly steals the show away. Olivier recognized that potential in his production, and cast Iago with someone he knew he could upstage. I didn't nearly realize the possibilities of Iago, Shakespeare's most evil character, but Branagh shows us the depths. Nice to see the views of Venice, too.",positive
"How sad there is no option to post a mark lower than 1. I watched this piece of nonsense and could barely believe what i was watching. Every single part of the film was awful. Music, acting, direction, story, everything, simply everything. I actually found myself laughing out loud at various points in the film. I particularly loved the bit where our hero is dashing through the hospital in soft focus slow motion, and knocks the clipboard out of the nurses hand, because, .............well. Just because. Product placement? Crucifix's (crucifi?) everywhere. If you are of a Christian persuasion and very easily satisfied, you may like this movie. If you do like this movie, you really need to get out more.",negative
"***Possible Plot Spoilers***<br /><br />I adore Dennis Hopper. I question why he accepted the role of a police detective in 2000's The Spreading Ground. This movie flat out sucks and I'm about to tell you why.<br /><br />This is about a small town which is about to get a contract for a sports arena. One hitch: there's a killer on the loose and that is bad for business. The Mayor makes a deal with the Irish Mob to find the killer and make sure he never makes it to court. Det. Ed Delongpre has other plans. He wants this guy caught too, but he's on the level and believes in the system. He wants to see the system do it's job.<br /><br />That could have been pretty good. It could have been riveting. It was horrible. First, they label this guy a Serial Killer. Err no. There are specific criteria and none of it fits here. The bad guy has killed 5 kids the first day, and I think it was 2 the second day. This entire movie spans like a 48 hour time period.... Hardly Serial Killer action. I don't care what warped motives they give him in the end, Serial Killers do their deed over a long time span. They do not just all of a sudden kill 7 kids in two days. That's a Spree.<br /><br />Ok that irritant aside, the acting was atrocious. The only name here was Hopper, and he's the only one who came even close to pulling off his part. Unfortunately, he's kinda type-cast to me and I think he does psycho parts much, much better. This just wasn't a good vehicle for Hopper. It didn't allow him to do what he does best, which is to act all creepy. It's not that he did bad, it's that I've seen him do so much better.<br /><br />The Irish Mob guy, Johnny Gault (Tom McCamus - Long Day's Journey Into Night), who is in charge of their investigation is just over the top stiff. Contradiction? Not really. He is trying to play the cold, hard kinda guy and he does that to the point that the character is just wooden. Boring to the max. He didn't scare me. He didn't inspire any emotion at all except boredom. I cannot tell you how many times I checked to see how much longer it was til the end of this movie.<br /><br />The other thing about this is that it had the feel of a made-for-TV movie. You know what I mean. The poor production values, low budget, re-use of scenes to save costs. Just eh. Yanno? But, I feel like comparing this to those is an insult to those.<br /><br />Derek Vanlint was both the Director and Cinematographer on this project. He bit off more than he could chew. I can't help feeling that Hopper must have took this role as a personal favor to a friend. That's the only rational I can come up with. This was Vanlint's first job as Director, third as cinematographer. Hopefully this was a learning experience for him.<br /><br />I won't ruin the ending in case you do decide to torture yourself with this one, but I do want to say that they all dropped the ball here...even Hopper. In a scene that should have been emotionally gut-wrenching for the detective, it was just..well.. blah. I didn't see any of the angst at all that would accompany the total gear-change this guy made. Very disappointing.<br /><br />This 100 grueling minutes long and Rated R for violence and language. No kid under 13 is going to have any interest whatsoever in watching this, so no worries there. It's not suitable for anyone anyway. heh.<br /><br />Skip this one. You'll thank me later.",negative
"If you are ever in the mood for a truly terrible film, it would be hard to find something that could even compare to this. I have spent a lot of time watching a lot of terrible movies just for the sheer joy I get from it, and man, this is one of the worst. This movie was so bad, I had to buy the third Beastermaster online. That one wasn't as bad, which is amazing since it was straight to video. This is one of those films that is hard to comprehend how it was made in the first place. I mean, someone had to actually have read the script (or many scripts, I'm sure they made several drafts) and said ""Yeah, that's it. Here's some money."" Actually, they probably just wanted to make a Beastmaster 2 before they even had a script, then went with whatever they had. Ack, horrible. So, if you are a fan of really bad movies, watch this one. It is a true classic, and film doesn't get much worse than this. And if it does, please let me know.",negative
"This movie embodies the soul of modern ""elite"" foodculture, even though the movie is 17 years old. The standing principle in the movie is: Food is more than just nourishing matter. It is also a powerful symbol and a medium for culture itself. The main characters literally get drunk on the finest wine and food, become inspired by idealistic thoughts and culture, as they let go of their puritanism and passion-denying table manners. Karen Blixens shortstory makes use of the difference between North Europe and South Europe, to point out their inherently different approaches to food. As the strict and and rather dull scandinavians get infused with ""Eros"" from south, the party gets going. So what are you waiting for? Go watch it.....again!",positive
"Don't waste your time or money on this one. The half decent cast might fool you into thinking that this teen-thriller, whilst hardly about to break any records, might lightly entertain for 80 minutes.<br /><br />It won't.<br /><br />It won't make you scared, laugh, cry or even challenge your intellect. It will leave you wondering how on earth this movie ever finished production. Yes, it really is that poor.",negative
"Cops Logan Alexander and Debbie Rochon escort five black juvenile delinquents cross country and end up stranded out in the sticks when their van breaks down. After a deadly run-in with a racist, white trash bitch with a shotgun (played by the director), the survivors take refuge in the house of a blind voodoo priestess. One of the teens senselessly uses a spell to call up Killjoy, who finally shows up about midway through this bore in a subpar make-up job and bigger, greasier 'fro that looks like it could slide off his head at any moment. He then proceeds to kill off the stupid characters while spouting some of the worst one-liners heard since Hee Haw was canceled.<br /><br />The acting from the ""teens"" is terrible, the dialogue even worse, the FX stink and it looks a lot cheaper than the first film. Although I enjoyed him in his earlier Troma films, Trent Haaga (trying to imitate Jim Carrey here) is awful and no match for the hyperactive overemoting of Angel Vargas in KILLJOY 1 (which at least had a few dumb laughs).<br /><br />Yet another nail in the coffin for Full Moon studios, whose reputation as a fun direct-to-vid franchise has completely vanished since the TRANCERS/PUPPET MASTER days.",negative
"There are similarities between Ray Lawrence's ""Jindabyne"" and his last movie ""Lantana""  a dead body and its repercussions for already dysfunctional lives. But whereas ""Lantana"" offered some hope and resolution, ""Jindabyne"" leaves everything unresolved in a bleak way that will leave most viewers unsatisfied, perhaps even cheated.<br /><br />The storyline - the aftermath of a fisherman's discovery of a corpse floating in a remote river - is based on a short story by Raymond Carver. It became an element in Robert Altman's classic 1993 ensemble ""Short Cuts"". Lawrence uses this theme for an exploration and exposition of relationships within a small Australian community under stress. The movie poses some moral questions ""Would you let the discovery of a dead body ruin your good weekend?"" and more poignantly for Australians ""Would it make any difference if the dead person was an aboriginal?"" The acting, especially by Gabriel Byrne and Laura Linney, is commendable. And there are elements of mysticism reinforced by haunting music, not unlike ""Picnic at Hanging Rock"".<br /><br />If all this sounds like the basis for a great movie - be prepared for a let down, the pace is very slow and the murder is shown near the beginning, thereby eliminating the element of mystery. And so we are left with these desolate lives and a blank finale.",negative
"This movie is so unreal. French movies like these are just waste of time. Why watch this movie? Even, I did not know..why. What? The well known sex scene of half-siblings? Although the sex scene is so real and explicit, but the story it is based upon is so unreal. What is the use of it, then? Can you find easily in life, half sibling doing such things?<br /><br />Did I learn something from this movie? Yeah: some people are just so fond of wasting time making such movies, such stories, such non-sense. But for those who like nihilism, nothingness in life, or simply a life without hope, then there you are.. you've got to see this movie.<br /><br />Only one worth adoring, though: CATHERINE DENEUVE. She's such a strikingly beautiful woman.",negative
"A group of people are invited to there high school reunion, but after they arrive they discover it to be a scam by an old classmate they played an almost fatal prank on. Now, he seeks to get revenge on all those that hurt him by sealing all the exits and cutting off all telephone lines.<br /><br />Dark slasher film with an unexceptional premise. Bringing it up a notch are a few good performances, some rather creative death scenes, plenty of excitement & scares, some humor and an original ending.<br /><br />Unrated for Extreme Violence, Graphic Nudity, Sexual Situations, Profanity and Drug Use.",negative
"Deanna Durbin, Nan Grey and Barbara Read are ""Three Smart Girls"" in this Universal film from 1936, which introduces Deanna Durbin to film audiences. It also stars Ray Milland, Mischa Auer, Charles Winninger, John King, Binnie Barnes and Alice Brady. It's a sweet story about three young women, now living in Switzerland with their divorced mother, who hear their father (Winninger) is marrying again. Not having seen him in 10 years and knowing their mother still loves him, they board a ship to America, with the help of the housekeeper/nanny, determined to stop the wedding. Realizing that the intended, called ""Precious"" (Barnes) is nothing but a gold-digger aided and abetted by her mother (Brady), they arrange for her to be introduced to a wealthy Count. This is arranged by their father's accountant (King). The man he chooses is a full-time drunk (Auer), but the girls mistake him for an actual wealthy count (Milland). What a mess.<br /><br />This is a delightful film, not cloying or overly sugary at all, with some nice performances, particularly by Auer, Milland, Barnes and Brady. The young women are pretty and all do good work. The emphasis, of course, is on young Durbin, who is a natural actress and a beautifully-trained singer. In fact, her voice as a youngster is much more even than it would be as an adult - she has no trouble with the high notes, as she did later on because she put too much weight in the middle voice. She sings a delightful ""Il Bacio"" in a police station.<br /><br />One of the nicest things about the film is to see the father, played by Charles Winninger, not want his children around - until he sees them and gets to know them. Barnes as the gold-digger isn't all that young, but the girls' mother looks way up there, so the inference probably was the older man seeking his youth with a younger, more glamorous woman. In fact, he finds the youth he was seeking in his daughters.<br /><br />Universal gives Durbin the big star buildup here - she has the final shot in the movie. Ray Milland at this point was still paying his dues, and it will probably be a surprise even to film fans how young and attractive he is.<br /><br />Very entertaining and of course, this led to a sequel and big stardom for Deanna.",positive
"As a producer of indie movies and a harsh critic of such, I have to say I loved this movie. It is funny and intelligent, well directed and entertaining. Hats off to the producers and directors for making a good one! I'll be watching for the next one. I gave it a 10.",positive
"William H. Macy is at his most sympathetic and compelling here as a hit-man and loving father who wants to step out of the family business without angering his overbearing parents. Treads much of the same territory as TV's ""The Sopranos"" in terms of the mid-life crisis of a criminal theme (here too he visits a shrink) but is still worth watching thanks to some taut direction from Brommel (I look forward to what this guy directs next), an excellent script, and all around great performances. Macy is excellent as always. This is probably his best role since ""Fargo."" Donald Sutherland is at his creepy best as the domineering father. Tracy Ullman gives a surprisingly riveting dramatic turn as Macy's wife. Young David Dorfman is excellent as Macy's bright and sensitive son (many of his lines sound ad-libbed and are wonderful). Even Neve Campell (who I usually find abhorrent) is compelling as the troubled young woman who captures Macy's eye. All of this is punctuated by a moving score and crisp pace that lead up to a predictable but still powerful climax and meaningful and touching aftermath. This film deserved a much wider release, as I suspect it would have connected with audiences.",positive
"L'Humanité is a murder mystery. These movies tend to be popular,<br /><br />and the 6.9 rating it currently has suggests that it has been, too.<br /><br />Unfortunately, this movie has no redeeming qualities whatsoever.<br /><br />A few non-spoilers, for instance, include a 5-minute scene<br /><br />wherein the main character eats an apple. And another 3 minutes<br /><br />where he breathes.<br /><br />In case you were wondering, this is not, in fact, art. Neither is it a<br /><br />commentary on humanity, which from the title it seems it is trying<br /><br />to be. It is, in fact, boring. There are numerous attempts in this<br /><br />movie to say something about humanity. One might think to<br /><br />onesself, ""How would I comment on humanity?"" And the most<br /><br />obvious and boring answers will of course be sex, love, and death.<br /><br />Not that these options are uninteresting when done well - just that<br /><br />they are the canonical options. For sex, this movie does its best to<br /><br />make it unattractive and disgusting. In your first five minutes -<br /><br />hence this is not a spoiler - you will see the bloodied vagina of a<br /><br />murdered 11-year-old girl; it's a murder mystery, remember? Later<br /><br />on, a few people throw themselves at each other and have what<br /><br />the director would like us to believe is ""raw"" sex, but in reality it's<br /><br />contrived and overly symbolic - but worse yet, uninterestingly so.<br /><br />I enjoy being disturbed by movies. This movie showed me why:<br /><br />Disturbing movies usually show something inside of someone,<br /><br />their humanity, which they did not know existed and are a bit<br /><br />scared of. L'Humanité tried to do just this and failed, and I walked<br /><br />out of the theatre not disturbed, but disgusted, thinking that I had<br /><br />wasted my time in the theater, despite having seen the movie for<br /><br />free.",negative
"I actually liked this movie. Sure, the acting was flat, there was no plot, and the villain was the lamest that i've seen. Michael Bernardo as Dante is worth laughs in his own right, with an incredibly funny catchphrase and evil laugh. But its worth seeing, just for the WORST explosion you will ever see outside of the Power Rangers TV series. You'll know it when you see it. Honestly, this movie must have the budget of a low grade porno. I almost stopped watching after an hour, but i recommend watching through the whole thing; at the very least, there's plenty of eye candy for all to enjoy. Recommended for viewers with a high tolerance to poor movies.",negative
"........and an extremely bad one at that!!! How long did this train-wreck last?? 14 episodes or something?? I can see why now.<br /><br />I bought the ""Serenity"" episode from Amazon Unboxed. It was my first purchase, so was free. That is the ONLY good thing about the experience (incident??)<br /><br />I won't comment really on the acting, since these were, I guess, fairly new people who hadn't really gotten the job down just right yet. At least I've never seen them before in any type of major show, theater or TV. If I did, then I have easily forgotten them.<br /><br />But the special effects were absolutely horrendous. True, this isn't exactly a multi-million $$ project, but the original Star Trek did better than this & that was THIRTY-FIVE YEARS ago. I especially got a laugh out of the bad guys (reapers or something like that) ship as it chased the hilarious looking Firefly, with smoke coming out of the engines looking something like a gigantic model rocket. I fully expected to eventually see the Wiley Coyote riding on top, while chasing after the Roadrunner. MODERN jet/rocket engines don't even do it that bad.<br /><br />And that wasn't even the worst of it. The wild-west type shoot-outs had me wondering if I was actually watching a sci-fi film or a Gene Autry one.<br /><br />Regardless of the hype, don't waste your time...I did...all 80-something minutes of the disaster called ""Firefly"".",negative
Allison Dean's performance is what stands out in my mind watching this film. She balances out the melancholy tone of the film with an iridescent energy. I would like to see more of her.,positive
"Sighthe stupid government once again attempted to create an inexhaustible and indestructible soldier, and of course the experiments went terribly wrong, burdening us with a half man-half mutant who pukes an awful lot and squeaks like a little girl whenever he's upset. Lance Henriksen stars as the honest scientist who immediately quit the experiment upon hearing it was a military project, but he returns (bringing the whole family with him) when he finds out his beloved guinea pig has gone on a killing spree. ""Mind Ripper"" certainly is a watchable horror movie, but it's very unoriginal and features pretty much every lame cliché you can think off (including the estranged father/rebellious teenage son sub plot...yawn). The characters are like wooden puppets, the dumbest things are being said and done and there's a completely pointless dream-sequence...coming from the monster!!! There's a handful of interesting gory scenes to enjoy and some of the isolated desert-locations are effectively eerie. Lance Henriksen is adequate as always, even though this is yet another inferior production he stars, and Giovanni Ribisi surely deserved a better motion picture to make his debut in. For some reason, this anonymous 90's thriller is also known as ""The Hills Have Eyes part 3"". Is it because it handles about members of the same family being terrorized in the desert? Is it because Wes Craven was once again involved, as a producer this time? Or maybe it's because the monster gets bald near the end like the freaky Michael Berryman in the 1977 original? Who knows...Who cares? Wes Craven probably financed this project because his son co-wrote the script and it's always moving to discover that your offspring is equally untalented as you are. Not recommended!",negative
"Although I think the reviewers who hated this movie have encapsulated exactly what it does wrong (everything!), I had to add my two cents. If you'd like a long version of how terrible this movie is, please read the review by coinlightning.<br /><br />Here's the short version: shameless use of the actors' NAMES to propel the plot as opposed to using their talent (no one brought their ""A game"" to this), blatant commercialism (I guess Pepsi can afford to stick an advertisement - or 40 - into a movie now), and a plot (???) that was so convoluted with ""rock star"" clichés that it was totally ridiculous.<br /><br />Let me put it to you this way . . . I was thinking of 'Wayne's World' the whole time I was watching this movie, but I wasn't laughing! Anytime you try to throw in Steven Tyler (Aerosmith) to help your movie plot along you've got SERIOUS problems.<br /><br />PLEASE, warn your friends and family - this movie sucks.",negative
"A sophisticated contemporary fable about the stresses that work to loosen and ultimately unbind the vows of marriage. The main thrust of the narrative arises from a 'homily' spoken by a country priest following the wedding vows of a young cosmopolitan couple from Milan. In it, the future course of the marriage is spelled out, which bit by bit frays from the stresses of modern life. The 'moral' of this story within a story is that in order for a marriage to work out, both now, and in the past, it has been necessary for that relationship to be abutted by family and friends. This film was a relative blockbuster by domestic Italian standards. It's a terrible shame that this film is not available in either DVD or VHS.",positive
"I've seen this movie more than once. It was on par with a lot of the spooky stuff that was being shown in television movies back then. The only problem I had was with the title for the obvious reasons... One immediately thinks of the famous snack cake by Drake's! Leaving off the first part, 'Hound of Hell' would have sufficed.<br /><br />Richard Crenna always manages to bring a sense of seriousness to anything he does, anyway - whether the plot is good or bad. But this was an enjoyable Halloween fare offered by the CBS network. I loved the part where Crenna takes a flight to some obscure country to find the mystic who would help him conquer the evil beast. He asks the cab driver how to find this guy. Great dialogue between the native cab driver and Crenna in terms of the cabby dissing his own people's ethnic beliefs. 'Aw, Mr. Barry, I left that stuff behind when I came down from the mountains...' - referring to the mystic who rarely sees or advises people, and nobody knows how to really contact him. <br /><br />As far as supernatural fare goes, this movie is still enjoyable.",positive
"Set in and near a poor working class town in the mountains of rural Italy, it's a story of madness. The landscape may be quite picturesque, but there's madness herein, concealed behind the mask of a person who seems outwardly normal. This person kills little children.<br /><br />In style and tone this film resembles Dario Argento's famous Italian giallos, those fascinating whodunit horror films, except that Argento's films are much better looking. Still, the visuals in Fulci's ""Don't Torture A Duckling"" are competent, with some interesting compositions and lighting. Lightning and thunder on a rainy night enhances suspense in one sequence wherein one of the ""ducklings"" is vulnerably alone.<br /><br />In one sequence the gore is a bit overdone. But this is no slasher film. A legitimate theme undergirds the story. And that theme is that madness can take many unexpected forms, not just the obvious delusions of people who practice voodoo or black magic.<br /><br />Plenty of red herrings render the puzzle solution difficult if the viewer doesn't assume an agenda on the part of the director. Don't dismiss someone who might not seem to be a suspect. The twist near the end provides good misdirection. However, in one scene midway through, a line of dialogue could have been added to clarify the relationship between two characters, one of whom is the murderer. The film's finale takes place on a beautiful mountaintop with the wind whistling in the background. We see flashbacks to clues and get insights into the killer's mindset.<br /><br />I don't care for the film's widescreen projection. But background music is effective, and ranges from jarringly creepy at the beginning to low-key jazz, to indigenous Italian songs. Acting is generally average, though in a couple of cases, it's a bit overdone.<br /><br />Though not as visually brilliant as Argento's giallos, ""Don't Torture A Duckling"" nevertheless is a fine film, one that contains a thematic storyline and enough of a whodunit puzzle to interest most viewers who like thrillers and murder mysteries.",positive
"Final Solution is a powerful christian film that shows the hate between the black and whites that was present in the days of apartheid. It shows how this hate was contrived and was groomed from generation to generation. Jan Ellis was taught that a black man was a plague. He was raised to be that way. <br /><br />Then he meets a man who is on the opposite side of his beliefs, Pastor Lekota. will he change his ways?. The film is a powerful movie that shows the perceptions the different races had for one another, it shows these perceptions with quite a lot of accuracy. The movie shows the world of how apartheid affected the psyche of blacks and whites.<br /><br />This is a great film that everyone should watch.",positive
"This was the worst film i have seen for a long time. <br /><br />Not only that it has nearly nothing to do with the other American Pie movies, the story is obvious, flat and absolutely not funny. <br /><br />The girls are nice though, but spending your time watching a cheap soft porno would possibly be greater than watching this film.<br /><br />This film seems to be a very bad made sex ad, made for an audience that is not older than 12.<br /><br />I never visited an American college, but i would seriously doubt that anyone who did could really laugh about any of the scenes.<br /><br />Save your time, do something else.",negative
"The movie starts with a board meeting at a major advertising agency. Putney Swope is on the board for no other reason than the fact that he is black, and the agency needs a ""token"" on the board. Swope is ignoring the meeting, reading Jet magazine at the big table, and everybody is ignoring Swope... Suddenly, the CEO croaks on the spot. No time is wasted. A janitor is called to haul off the corpse, and the board immediately and unceremoniously tackles the business of electing a new CEO. And as the votes are tallied one by one, the tension is built up and then finally snapped in a hilariously ironic climax to the vote, that gives the viewer a delicious dish of logical implications to savor for the rest of the movie. If you've ever talked back to some stupid television commercial, you'll like seeing this movie. Too bad there don't seem to be any real Putney Swopes in the world.",positive
"Terrific little film that stars Mary Astor as a go-getter who works her way up as a struggling paper company, but when the owner has to sell for health reasons, she comes up with a scheme for the employees to buy the company with a jerk salesman (Robert Ames) as the ""front"" even though she is the brains.<br /><br />Of course he becomes a big success and she becomes his executive secretary, basically still running everything and teaching him class. She loves the dope, but he never catches on as he fools around with a string of bimbos. She is chased by a married but separated man, Ricardo Cortez, who isn't free. But when a society gal catches Ames, everything goes to hell.<br /><br />Astor is just wonderful as the too-smart woman who almost makes a huge mistake after she loses her man. Ames is good as the jerk (but what does she see in him?), and Cortez is good but doesn't have much to do. Kitty Kelly is good as the sidekick, Dolores. Charles Sellon is the original owner, Cather Dale Owen is the society babe, and Edna Murphy is funny as Daisy.<br /><br />Worth a look.",positive
"Having listened to and enjoyed Harvey Bernhard's Omen II commentary I was shocked to discover he was also behind this absolute piece of rubbish. It's like a really bad TV movie you might glimpse in the middle of the day when you have the flu and are too ill to reach the remote. I think at the bit where Michael Lerner is confronted by what I can only describe as a high school cast of Les Miserables my mouth hung open in disbelief. And then my mouth was going up and down because I was laughing so much. Dire. I don't know why I have to write a minimum of ten lines, I have made my point succinctly, there's nothing clever about all this modern verbiage.",negative
"I have no clue as to what this was shot on but you can definitely tell that they had no budget. Bad acting, horrible cinematography, and lame plot and some decent special effects do not make a good movie. The WWF style cinemtography will make you cry...where's the tripod?! The filmakers aimed high, but sorely missed their mark.",negative
"If you're an average guy like me and enjoy good acting, good plot, good scripts, novel ideas, or being entertained, you might want to skip this one. I was honestly bored from the opening credits to the very end, but tried to give the film a chance, and watched it all the way through -- only to be disappointed at every turn.<br /><br />The acting was unbelievably sub par, but I'm not sure if the actors themselves are to blame or if it was the ridiculously wooden and horrible dialog coupled with an even worse script. The plot is very vague and underdeveloped and I think the audience is supposed to derive some kind of deeper meaning from it, or be able to look past it in some way, but honestly to do so would be a waste of time.<br /><br />The film has a kind of crude sexuality to it which doesn't serve any purpose other than to show off some tattoos and lingerie. No one seems to have any motivation except making money off of some kind of ""investment"" deal that is never really explained. The connections between the characters aren't terribly clear, and there is little to no character development.<br /><br />This is either some kind of sub-culture film meant for a very specific audience to enjoy or absolute crap, but you can decide for yourselves.<br /><br />I gave it a 2 because it is definitely one of the worst films I've ever seen, but probably not THE worst.",negative
This sequel is quite awful to be honest. I'm a fan of kung-fu movies and this is by far the worst I've seen. Bride with White Hair 1 was actually quite good and this is a huge disappointment. BWWH 1 was brilliant in some ways with an unique odd-ball evil bad guy.<br /><br />The couple from the first movie played a small role in this movie. Instead the movie revolves around a bunch of uninteresting characters trying to seek revenge on their fallen clans. But there's no antagonist in this movie so the revenge is mute.<br /><br />The worst part to this movie is the kung-fu or lack there of. They literally had a street style knife fight. The character at the end refused to fight because there was lack of choreography.,negative
"""Down Periscope"" has been in our library since it first arrived in VHS. Since then, we have acquired the DVD and a digital from Cinema Now.<br /><br />It is a quirky flick that does not go militarily overboard as either pro or con. It is first and foremost a comedy and as a vehicle for the main characters, I am quite surprised that a sequel has never been offered.<br /><br />The movie has gained a following that borders on a cult obsession, even among the very young. I became aware of this while visiting the USS Drum in Mobile, Alabama in 2002. A group of Cub Scouts, my grandson among them, had all taken up the roles from the movie and planned to relive it during their overnighter on board.<br /><br />It is a fun romp that makes you proud both of our Navy and Hollywood... which is rare company.<br /><br />Thanks to Kelsey Grammar, Lauren Holly and Rob Schneider for making what could have been an otherwise unremarkable movie, such great entertainment!",positive
"Always enjoy the great acting talents of Harry Hamlin,(Jim Lansford),""Strange Hearts"",'01, who plays a straight as an arrow husband, who seems to get all kinds of attention from very charming young women, namely, Lisa Zane,(Lynne),""Monkeybone"",'01, who is a co-worker with Jim Lansford and you wonder why he doesn't try to hit on her for some fun. Annie Potts,(Kris Lansford),""Breaking the Rules"",'92,is a very warm and sweet loving wife to Jim and has complete trust in her husband. Kris wants to always keep her husband happy and even buys him a home with out him even seeing it for himself. This film will keep you guessing right to the very END!",positive
"... Oxford, Mississippi, at least. Okay, the Paris we get is Paris, Culver City apart from the Establishing library footage of the real McCoy but it IS Paris in spirit than which nothing, nowhere, is better. Okay, Kelly is no Astaire but then who is and Caron is no Hepburn, ditto but Alan Lerner is light years ahead of the vastly overrated Comden and Green who scripted Kelly's other 'big' 50s musical Singin' In The Rain (a curious replication of lyricists writing screenplays featuring songs by OTHER lyricists and just to balance things the Gershwin numbers are far superior to the Arthur Freed/Nacio Herb Brown numbers so Alan Lerner didn't have to feel too outclassed). The story needn't detain us any more than the anomalies -Kelly hasn't got change of a match and is a painter, i.e. bohemian, yet he is able to scare up a perfectly good suit at a few hours notice when Foch invites him to dinner at her hotel; in the well-documented Love Is Here To Stay sequence the lovers are strangely unmolested by passers-by, other lovers and the bridge in the background is totally free of both pedestrian and vehicular traffic - this is, after all, a feelgood musical so it stands or falls by the score and in this case it stands four square. As feel good musicals go it's definitely in the top 10.",positive
"To a certain extent, I actually liked this film better than the original VAMPIRES. I found that movie to be quite misogynistic. As a woman and a horror fan, I'm used to the fact that women in peril are a staple of the genre. But they just slap Sheryl Lee around way too much. In this movie, Natasha Wagner is a more fully-realized character, and the main bad guy is a gal! Arly Jover (who played a sidekick vamp in BLADE) is very otherworldly and deadly. Jon Bon Jovi... okay, yeah, no great actor, but he does OK. At least he doesn't start to sing. Catch it on cable if you can. It's on Encore Action this month.",positive
"""Erendira"" is a film from Mexico that is rarely talked about. The film only exists in a low quality VHS format. It's a shame this film hasn't been given a DVD release. ""Erendira"" is stunning and gorgeous with its magic-realist images. ""Erendira"" is based on a short story from the novel ""100 Years of Solitude"". Erendira is constantly daydreaming and accidentally burns down her grandma's house. Her evil grandma, played by Irene Papas, forces her into prostitution to pay for the damages. The whole town gets a piece of Erendira, so to speak. Although the subject matter sounds harsh, the film doesn't exploit sexuality. It's done in a mature artistic manner. The film also has some amazing costumes. Some of the more surreal aspects of the film that stand out the most, are the origami birds that morph into real birds, and a golden orange with a diamond in the center. Erendira is an amazing film, that even manages to throw in humor. This is definitely a film that deserves a special DVD release. As they'd say in espanol, ""Es muy muy bien !!! Excellente!",positive
"Now before I tell you the synopsis this is a non-spoiler review. Bone Eater hits its mark for being the worst movie of the year. I don't know how these movies even get onto DVD. If I saw this in theaters I would get extremely upset. Bone Eater is about these people who dig up an ancient burial ground and find some bones. It's the 'Bone eater' and the more bones he eats the more powerful he gets.<br /><br />First of all I thought okay well the DVD artwork looks creepy and it sounds creepy. When I rented it and looked at the DVD label it looked scary. But then when I played it in I could agree on one thing- the title 'Bone Eater' is better than the movie itself. Tell me what's more stupid? A bone eater that just attacks by throwing a bone ate you and you disappear? Don't worry that's not a spoiler you see that happen in the first 5 minutes. Or is it more stupid that 'Bone Eater' has a horse? You know what I think is the stupidest? The whole movie.<br /><br />The CGI is awful. Yeah I thought the idea of 'Bone eater' was creepy but once you see the actual thing you think this is some kind of action movie or just a cruel, mean joke. The film felt longer than Titanic and this was half an hour. Once the film actually has its moments of suspense it just stops. I admit the acting was not the best but actually decent and that the violence wasn't over-the-top but everything else is a stinker.<br /><br />Overall Bone eater is a film you can skip. If you like interesting movies with great creatures, great CGI, and suspense 'Bone Eater' is a film to skip. If you like bad movies no matter how cheesy they are then 'Bone Eater' will satisfy.",negative
"the boys were the most appealing things in the entire movie. the girls were lame and pathetic, i mean, how can they own their own clothing line, dolls, movies, producing studios, and not smell this bomb from far away? in order to gain some sort of responsibility, which i dont really see the sense in the punishment..., they are sent to paris, far far far away from home to live with the so-called strict grandfather who holds an important standing with paris. i cant really remember what he was, so who really cares? the detail doesnt help, the girls are sent to paris to learn something.. so what exactly do they learn when they meet two french boys and are able to manipulate the guy that supposed to watch them so they can meet these guys on scooters? the typical pre-teen movie, having all pre-teens wishing to misbehave and be able to afford the trip to paris or some far away country away from parents? i dont really like the olsens anyways, they never could really shake off the image of michelle, on full house... in case you didnt see that, then you were lucky from the start. (F F-)",negative
"LTL is the kind of formulaic, hopeless comedy to be enjoyed by the sort of sheep that stop and listen when they come across a band playing in a shopping mall.<br /><br />I remember Murray promoting LTL on Larry King's crappy CNN show, where he said something like ""if this movie doesn't become a hit I'll stop making movies (or comedies)"". He wasn't being nearly as jovial as one might think; he must have felt that LTL was a sure-fire hit and that its failure would mean his status as a star had markedly fallen - hence a sort-of ultimatum live-on-air to his fans to spend their hard-earned money on a dumb elephant comedy. (The comedy being dumb, not the elephant...) Or maybe he simply realized during the shooting (or when he saw the final cut) what a turkey this was, so he tried desperately to convince everyone how much optimism he had regarding LTL's quality. ""Go see it, it really is good!"" Actors are prostitutes inter-bred with car salesmen.<br /><br />LTL is the sort of lousy project that comes from the ""Friends"" school of comedy; their motto: ""If you ever run out of ideas - or if you never had any in the first place - then stick an animal into the plot and that will at least inject an element of cuteness"". Cuteness = a sad substitute for lack of funny gags. The other motto ""Friends"" had was: ""always include pointless, dull sentimentality"", which this movie so predictably ends with, when Murray rather pathetically says: ""what they forgot to tell you is that you never forget an elephant"". Maybe not an elephant, but I certainly managed to easily forget this turkey, which I saw many years ago. I was suddenly reminded of it when I saw a scene from it on TV today (hence this equally pointless review).<br /><br />Murray wastes his talent on this turkey (disguised as an elephant), but he isn't nearly as uninteresting/bad as McConaughey (or however that man's name is spelt); one would think that M.M. would have an easy time playing himself, i.e. a hick, but he is so painfully unfunny and unconvincing that I could barely stand to watch him make such a jackass out of himself. It was cringe-worthy. To round off this nonsense, we have that generation-X buffoon, Garofalo, in a rather useless role. Then again, everything about LTL is useless...<br /><br />After LTL, which bombed as far as I know, Murray went on to become more of a ""serious actor"". What is it with these comedians and their inferiority complex? Is it all just about getting awards, i.e. ""recognition from their peers"" (read: votes from their moron colleagues)? This piece of crap marked the end of a string of good and great movies Murray made in the early- and mid-90s, such as ""Groundhog Day"", ""Quick Change"", ""Mad Dog & Glory"", ""Kingpin"", ""What about Bob?"" and ""Ed Wood"". Recently we've had the immeasurable pleasure of seeing him in garbage/mediocrities such as ""Hamlet"", ""Lost In Translation"" (you just can't get away from these ""ultra-talented Coppolas""), and ""Broken Flowers"". Compare those two batches.<br /><br />One guy described LTL ""funny as heck"". Now THAT'S the kind of audience this movie was hoping for... Shopping malls and trailer parks...",negative
"I had always been a big Lynda Carter-Wonder Woman fan so when the Sci-Fi Channel ran this movie,I had to see it.I was bitterly disappointed.This is a Wonder Woman movie in name only.She doesn't wear the right costume [she must have refused to or had ordered major changes] and the plot runs like a poor man's James Bond.There's none of the things that made the comic book heroine a success i.e. the superhuman strength or determined will.It's just one long bad dream.I don't even think Cathy is all that attractive anyway.I wouldn't waste your time on this.",negative
"This movie is so bad it's worth seeing. This movie will have viewers lapsing in and out of a coma within the first 10 minutes. It all started when a bunch of writers came up with the idea of a jetliner being hijacked and a passenger who can fly a small plane has to land the beast. However, they know it's been done before many times so to make it different, let's do it very badly! Major Masters has his name pirated from 80's movie ""To Live and Die in L.A."" from character played by Willem Dafoe. That saved 10 minutes in writing and production time. The plane is supposed to be a Boieng 747. That plane has a unique silhouette, even in the dark with its characteristic forward hump on the top. Just ask the late Ronald Reagan who lamented this point when them Ruskies shot down KAL 007 in the eighties. Yet when the plane takes off it's clearly not a 747 looks more like a 767. This well researched film also forgets to include the engineer's seat in the cockpit and replaces it with two comfy rumble seats. No need for a flight engineer on this complex plane! Heroine is played by perpetually pouting Gloria Lynn Berg. After tying up the hijacker, despite several bus-loads of people on this jumbo jet, nobody bothers to watch this guy who almost killed all of them. He's just forced to amuse himself.<br /><br />The crippled plane, leaking fuel from all the hijacking shenanigans won't make it back to Hawaii so Masters will try to land at an Air Force base located on an island. Only the runway's 300 feet too short! Four army guys with little Bobcats (the kind you rent to take all day moving a load of horse manure to the back of your barn), are gonna clear a 200 foot wide and 300 foot long swath through the jungle in 20 minutes! No need for a bulldozer here! Where can you find guys like this? These guys could make a highway between Los Angeles and Las Vegas in 3 hours equipped only with tablespoons, a compass and a duck!<br /><br />After that hellish obstacle is fixed, Masters will try to land the plane as heroine pouts away. Hijacker giggles to himself and unsupervised gets free to make more trouble. He is finally subdued in a most retarded manner that I can't tell you. But, can YOU say Moby Dick?<br /><br />There are so many retarded scenes in this movie. The wounded captain is parked prone on the bar on the plane while Masters, who supposedly can barely fly, puts the plane into 60 degree banks and 20,000 feet per minute drops. The pilot should be french kissing the ceiling during these challenging stunts, but doesn't budge an inch. <br /><br />I think that if they had picked different actors to play the parts, this moving could have been way better. If we need a pouting heroine in the movie, why not pick better known actress Bernadette Peters who seems to be perpetually pouting as well? Besides, she can sing and the busty well aging Peters could feature some gratuitous cleavage shots. Now with the singing angle this could be a Hijacking, Let's Land the Plane Movie MUSICAL! Cast Luciano Pavarotti as the Pilot. They can sing a duet in the cockpit prior to the hijacking and there's no way that tubby tenor would fly up to the ceiling as Masters works his magic on that big bird. In keeping with the musical theme, Masters could then be played by Andrei Bocelli, that Peters Can sing with as he lands the plane. Not only is he totally blind but only knows a couple of words of English. Now that's a plot! Think of the edge of your seat conversation between Masters (Bocelli) and the Air Traffic Controller:<br /><br />ATC: ""Sir, please throttle back to 180, flaps set to 25 degrees. maintain 230 heading""<br /><br />Bocelli: ""What?""<br /><br />ATC: ""Sir, arm spoilers now, confirm brake pressure at 250 psi. Maintain descent at 500 fpm""<br /><br />Bocelli: ""What?""<br /><br />The hijacker could have been played by the late great Rodney Dangerfield who can spew a plethora of his one liners as he sits tied up and unguarded: ""I get no respect. My wife is into group sex. Yeah, she screwed me in front of the judge and jury!"" Get the idea?<br /><br />MISSED OPPORTUNITIES The movie has your standard crying and moaning passengers that are never developed. Woody Allen could have been at the back offering one of his neurotic monologues: ""She said I was great in bed. I told her I practice myself a lot..."" Now THIS is a movie!<br /><br />Also, according to similar movie ""Executive Decision"" where lazy eyed Steven Segal is mercifully killed at the start giving that movie a chance, 747's have massive attics up top. The plane was introduced in 1969 so who knows what has accumulated in almost 40 years up there? My uncle has old clothes, a sled, magazines and all sorts of stuff in his. WOuldn't it have been cool if Masters opened the trap door and saw a teary eyed Chevy Chase in a woman's housecoat watching old Super 8 movies of his childhood? Just a recommendation.<br /><br />So give it a chance, and as u lapse in and out of consciousness imagine how great this movie could have been if I had my hand in it...",negative
"I had the misfortune to watch this rubbish on Sky Cinema Max in a cold winter night. I am not a big fan of horror movies, because most of them are just trash. This one is even worse: it is one of the dumbest pieces of crap i've ever seen in my whole life. Horror movie? Yes, there are horrible things in this: the acting, the script and the special effects - Gosh, i laughed at this ludicrous attempt to make a flick for 90 minutes. Actually, had it been a comic movie i would've given it a 5. Don't you even think about renting this unless you want to mock at the producers.<br /><br />Vote: 2 out of 10 - didn't vote one because it made me laugh all the time ;-)",negative
"The movie features another exceptional collaboration between director William Wyler and cinematographer Gregg Toland, the first after Toland worked on Citizen Kane. But the talent of both these men was focused on achieving a perfectly crafted movie, understood in the good old American sense as a great story. The technical aspects of the movie are covered so as the viewer gets absorbed into the action that takes place on the screen without submitting to the power of the image. Technique is seen as a vehicle of representation unlike in Citizen Kane where Welles' baroque style almost drew the attention from the story to the way the story was told. One of my favorite moves with deep focus in this film is the drama conveyed by the returning home welcoming of Homer and Al. If Homer's girl, Wilma comes towards him perfectly in focus, Al goes over to his wife also perfectly in focus. This is a brilliant move because it shows only through the use of the image the nature of these relationships as we will see them throughout the movie: Wilma loves Homer and she accepts him as he is, Al's wife loves him also but she feels unprepared to fully welcome him home. Also later in the film we find out that their marriage has not always been a bed of roses.<br /><br />Wyler is a director whose force lies in being true to his work without feeling the need to boast. He wanted to show his audience how hard it was for the American soldiers returning from the war to fit into a society that either didn't understand them or treated them with contempt. With a perfect cast and great dialogue Goldwin and Wyler produced a movie that will forever be the template for any other returning home movie. The three hours which coincide with the ""rough cut"" because the test audience back then never felt for a moment that the action was slow and indeed every scene from the film seems perfectly justified. The whole thing is constructed beautifully, every character gets a fair amount of exposure, nothing is left to chance and it is quite pitiful that Hollywood nowadays never manages to bring so much character conflict to the screen. TBYOOL explores the depth of the American way of life, of the American family and society to an extent that makes other movies look like ""the children's hour"".",positive
"In the beginning, with the careful, remote location and sweeking metal sound, I thought of the opening scene in ""Once upon a Time in the West"". When it gets to the city, then it begins to feels like ""Kitchen Stories"", or ""Drifting Clouds"", even possibly ""Grimm"".<br /><br />Then it turns out that this is more similar to ""Joe Versus the Volcano"" in theme (not style). And the movie executes from beginning to end the same, understated style. Letting you observe, take in the steel, blue-grayish tone of the suites, dresses, wall color, furniture, bedsheets, mirrors, cars, music, background sounds and even people's expression. Then near the end, there is one shot of a completely different tone - warm orangeish-yellow with soft music and ocean splashing, children and laughter.<br /><br />But maybe the observation is too long for me, I would much rather to see the alternative side or what happens to the character after the ending shot. Still beautifully done.",positive
"This film is in no way entertainment but more of a look deep into the depths of the darkest side of human behaviour. Loosely linking a half a dozen stories of the worst kind of depravities, perverted sex, greed, violence and intolerance. All the action is played out over a few very hot and sticky days during a heatwave in Vienna and the heat is maybe responsible for some of the anger and hate in the film. For me the treatment of the retarded girl by the security equipment salesman was about the worst episode, closely followed by the scenes of drunkenness and perversity in the 'slags' flat. You will be gripped and I hope horrified by this film. I hated it but I felt compelled to see it through. 1/10 for 'fun' 8/10 for displaying 'man' as he sometimes is.",negative
"This series was just like what you would expect from Mr.Spielberg. It is truly one of those frighting, funny, childish shows that you won't forget. Just like Outer Limits (another great show) this little series does what not a lot can. It was great, and deserved to run longer. It was a great show, that even kids could watch, though some of the shows were a little scary when they wanted to be, but all of them always had a moral at the end (like the Twilight Zone) that made you realize what situation you didn't want to end up in, or ones that you did. I remember watching some of these on Sci-fi when I was 10, and even now, I still enjoy seeing them when I can. Truly a fun, imaginative show. I loved it, and still do.",positive
"There are many good things about the new BSG: There's the multiple Cylon roles for Model 8 and 6, for example, which the two actresses played superbly. There's the old school feel of industrial design aboard Galactica (""My ship will not be networked, over my dead body!"") Also, all the space battles, the special effects (even though the seasoned sci-fi watcher will acknowledge the cartoonishness of it all) The darkness of the characters, their essentially flawed nature.<br /><br />That makes it all the more bitter that the ending was so childish.<br /><br />Yes, the first part, the scenes in space, the raid on the Cylons and all that was very good. But the mushy ending? I always watch films and shows these days with the timer hidden, so I never know how much time is left until the end. So for me it was a special kind of torture, to see the end happen over and over again. Every time I thought, oh this is the final scene, the final shot, I got one more. Every frakking character got its complete ending! That wasn't really necessary.<br /><br />What really highlighted the schoolboy amateurishness of it all: The young Roslin scenes. Why is important for us to know that: {a} she lost her sisters and father in a horrible accident and {b} that she has a one night stand with a former pupil/student? What does that bring to the story? Where was the linkage? Now, I'm all for a more European-ish style approach, and a random acts of whateverness in films and shows, and all that, but this was just ridiculous. This didn't bring anything meaningful to the story.<br /><br />Also, I've seen the ""Last Frakkin special"" and in it Ron revealed his own cluelessness about the plot: he couldn't come up with a good ending for the story, so .... he just didn't! It's never as much about the characters as they made the last episode to be. The whole ""this was thousands of years in the past"" idea, the mitochondrial Eve thing, was also used in the Hitchhikers Guide to the Galaxy, and believe you me, there are a lot of BSG watchers who know that particular H2G2 storyline. And speaking of Hera, now there's a storyline that WAS NOT worked out well, AT ALL. Instead we get Roslin is doing her former pupil who's 20 years younger. Don't get me wrong, I'm all for older women with younger men. The more power to them. But this ... just made no sense.<br /><br />All in all, (the writing in) this series is as flawed as they intended its characters would be. That goes even moreso for the last episode. I hope Lost and 24 do better, with their series finales.",negative
"A film so insecure the creaters perhaps hoped to milk an original film noir classic title, ""Farewell My Lovely"", thinking the gullible would assume it a remake. The characters are so foul and unappealing that it deserved its cold reception when first released. Time only adds to it its absurdity. Having none of the guile, cinematography, desperation or despair of classic noir it relied instead on a convoluted and senseless crime plot that would have easily resulted in several arrests within hours. As if that weren't enough it threw in an utterly sexless attempt at erotica in which at least one of the participants hadn't bothered to bathe in several days. This only made this mess all the more painful to watch. Find a good classic forties or fifties film noir instead of wasting two hours on this failure.",negative
"Just saw the film tonight in a preview and it's a film for kids only. It does not improve or add to the original Disney film in any way. There is a corny Scottish pastiche style throughout, not helped by weak writing (where motives are lumped in by the spadeful) and acting that is uneven and often unengaging (despite what reads like a decent cast). I have no problem with the wee dog - although there is a certain ""Skippy the Bush Kangaroo"" (see below) quality about his shots.<br /><br />* For those that don't know, ""Skippy"" was an Australian kids' TV series from the 1960s where the kangaroo would be an essential part of all the stories. It is said that to get poor old Skippy to ""act"" they stuck an elastic band round his muzzle that he then tried to get off with his paws - sort of appearing to be communicating with the human actors!!! Bobby has a similar range and you just don't buy his series of heroic rescues at all.<br /><br />Advice would be to take kids aged 8-12. Below that, they might be scared. Above that, if they or you love it, good luck to you, but this is strictly cardboard cut-out film-making for the undemanding. It's a missed opportunity since there is real pathos and cuteness in the story of Bobby and this film fails to deliver it.",negative
This movie was by far the best ever... I think whoever shot it with the Sony hand-held camera was a genius and the special effects were spectacular especially the chicken breast heart...thank goodness this movie only cost me a dollar to rent.. Also the green toxic boob discharge was amazing......I could have shot this movie with my friends in high school. .................................................................... I would not recommend this movie to anyone ... you might want to kill yourself instead of watching it..... I also feel like this was a move for porn stars trying to make it into the legitimate movie business............give it to her Larz,negative
"Filmed less than a year after the Soviet withdrawal from Afghanistan, the subject matter was fresh in the minds of the cast, the director and the audience. Most of the cast are actual soldiers and officers just back from the war. The Soviet army cooperated quite a bit during filming, which is odd. <br /><br />The Afghan intervention was a bloody and pointless war in which even the generals had forgotten the reasons for the bloodshed. This film shows the tension and the cruelty of military life, the emotional atrophy experienced by the troops and the pain that convulsed a small nation torn by war and civil-war.<br /><br />There is no lack of powerful scenes. One of the first is footage of steel coffins being loaded onto a transport bound for the USSR. Solders go about their work while an officer calmly ticks off the destinations: Moscow, Rostov, Donetsk, The Baltic. <br /><br />An earlier comment describes the last scene with Maj. Bandura as illogical. It is perfectly logical and in the spirit of the film: the only human relationship Bandura maintained was with the Afghan family which he accidentally kills in the assault. Having lost his only buffer against the senselessness of the war, Bandura turns his back on the boy(and his gun) in resignation to his fate.<br /><br />I particularly liked the last scene: a flock of MI-28s rising over the mountains as the voice of a pilot yells: ""Uhodim! Uhodim rebyata! (We're leaving! Boys, we're leaving!) in a tone of sincere relief.<br /><br />Afhanskii Izlom is an excellent film - brutally honest and as unholliwood as they come.",positive
"This is a stereotype plot. A young fighter tries to enter a competition when he is not ready and is not selected to represent his fighting school. This leads to separation from the fighting school and naturally he finds a strange new master to teach him to fight.<br /><br />The fights are not of high standards. They are way too ""simple"" in a way that 1+1 is simple to every adult. The fighter has trained and enters the ring, but does not do what he trained and gets an ass kicking. The coach yells do this and do that with no success. And after some more of this ridiculous beating he suddenly does what he is told and hits his opponent once. This results in a turning point in the fight, although our hero has been taking a beating of his life up until that point. Think about the Rocky movies and you'll have a good point of reference of how much beating he really takes. The fights are also shot poorly.<br /><br />There final thing that screws this film up is the stupid romance. Cheesy music and awkward moments are not what I call entertainment.<br /><br />These guys really could have made some quality entertainment, but the director wasn't up to the task. Or the other crew in my opinion. Maybe they had a small budget, I don't know, but what matters in the end is that this movie is bad and deserves the rating of 3 out of 10.",negative
myself and 2 sisters watched all 3 series of Tenko and agree this is by far one of the BBC better series.The whole cast were very convincing in the parts they portrayed and although the 3rd series was somewhat slower it was compelling viewing and my evenings wont be the same without it.No doubt we will be watching it again as it is a series which I would never get sick of watching.Excellent viewing and full marks to the BBC for such a brilliant series and the casting.First rate in all departments and would recommend this series to anyone although some age limits must be considered because of some adult material.So grateful to the BBC for releasing this series on DVD and Video.,positive
"This was without a doubt the worst movie I have ever sat through. And that's saying alot, because I've seen my share of horrible movies.<br /><br />But I have never seen a movie in which every single character portrayed was an unintelligent loser. Seriously, there was not one respectable character in the entire script. How fitting that the plot was equally lame, lacking any intelligence whatsoever.<br /><br />I can't believe that Keanu Reeves and Cameron Diaz would even consent to participating in such stupidity. And while I haven't seen all of their other movies, I've always enjoyed their performances until now. It's not that the acting was bad, just the entire story line was moronic.",negative
"Imagery controls this film. The characters, although interesting, ultimately take a back seat. The first scene I remember is a framed black and white shot of the ocean, that then opens to full screen and color. The bubbling of the water gives way to a small coffin that breaks the surface. The theme of the movie here, being that death can be accepted and brought into the realm of the living.<br /><br />Water as an ultimate consciousness, as a tool of God, is used to here to force people to get their ""houses"" in order (Judgment Day). The dead have to be accounted for and lifted to a better place. Whatever one has left unresolved or unsettled, will be washed away. There's no clinging on to the past, to a buried memory of what was.<br /><br />This movie has been compared to O, Brother Where Art Thou, and the threat of water and its use as a cleansing force is similar to that film. What's different in this movie is that the coming of the water is knowable and so, again, the emphasis is on what needs to be done with the here and now.<br /><br />I agree that the some of the scenes are reminiscent of a David Lynch work. Take, for example, the dinner segment with the deep-voiced and androgynous waitress. One gets the same surreal feel from the setting and odd character as one does with the backwards talker in the scene from Fire Starter. The difference is that Lynch attacks us with the image to express the psychological processes of a troubled character, whereas this film seems to use surreal elements to create a moral message. The men in black suits can't have anything they want-they must be patient and accept what is available.",positive
"Patricia Hunter: Oh, professor, do you also make a habit of collecting coffins? Dr. Lorenz: Why, yes, in a manner of speaking. I find a coffin much more comfortable than a bed. <br /><br />Interesting Bela Lugosi (Glen or Glenda, Dracula) vehicle where he plays the mad scientist. I was especially creeped out when he appeared in the bedrooms of his guests when they were sleeping.<br /><br />Luana Walters (Girls in Prison) was really appealing as a sensual reporter, Patricia Hunter< who was to be a victim, but woman-power trumps evil scientist every time.<br /><br />2'11"" Angelo Rossitto and creepy Frank Moran , who liked to stoke the women's hair added to the film.<br /><br />Interesting look at a 40s horror film.",negative
"Well, the Hero and the Terror is slightly below average in my opinion. Yes, Chuck is a real martial artist and kicks some butt in this film but it is rather slow and the acting in my opinion is for the most part subpar although I think Steve James does a decent job. Like my friend Ryan, I was confused as to why the psychopath chose to go to the theatre at the end of the film rather than to go after Norris's girlfriend. Until than, the killer had only killed women. Oh, well, I guess it wasn't as predictable as I thought. Definitly a film you can pass on.",negative
"This is a great ending to the show. The fact that Adm. Janeway was able to do a double switch on the Borg was great. The fact that she allowed herself to be infected, thus infecting the Queen with a ""poison"" that in, essence, ended the Borg was great. The way they ended it also left some, not a lot, for a reunion movie. However, they did bring them ""home"" and the way they did it was fantastic!! It was sad to say good bye to a part of my family. Ending it with Tom and B'Lanna having their baby just as they enter the Alpha quad. was a great way to show a new beginning. It would be nice to have a reunion movie of some type - just to see where their characters would be today.",positive
This movie is great I really enjoyed it.<br /><br />This movie is about a cat mom named Dutchess and her 3 kittens.T Dutchess and the kittens love music.They have to practice the piano everyday.But the butler named Edgar tries to kidnap Dutchess and her kittens he tries to make them sleep. But he fails. Them Dutchess meets a cat named Thomas O Maily. Thomas falls in love with Dutchess. The cats break into song. With the song everybody wants to be a cat. Thomas gets to love music like the other cats. Thomas and Dutchess really like each other.<br /><br />I loved this movie and i like the cats to!,positive
"Yeah it may not be for adults, and some adults may find it stupid, but if you don't think about it it's really not that bad.<br /><br />The story has Alvin and his gang, going across the world, in search of jewels for a bad person, and the misadventures that they come in contact with.<br /><br />So the animation is good, and the story is cute, and the songs are forgettable but it's a good movie.<br /><br />I give it a 6 out of 10 or *** out of 4 stars.",negative
"I found this film to funny from the start. John Waters use of characters reminded of some of the down to earth characters from Fellini films. Christina Ricci has once again expanded her abilities in this film. If you are looking for a fun movie without preaching, I recommend this film.",positive
"""The Danish Bladerunner"" is boldly stated on the box. Are you kidding me?! This film is a complete drag. When I'm thirsty and go for a soda in the kitchen, I usually pause the vcr, so I won't miss anything. Not this time. I actually found myself looking long and hard in the fridge, just so I wouldn't have to go back. Why the hell is there not ONE sciencefiction-scriptwriter out there who has the vaguest clue about how computers work? It's mindboggling. One of the premises of film, is that our hero (who's a hacker), has a little computerassistant to help him (the Microsoft Office paperclip finally caught on in the future). When he loses the assistant in the movie, he's helpless and can't get into any computers. HE'S A HACKER! It's like saying, that you can't drive your car, if you don't have your lucky ""driving-cap"" on. I won't even go into the lightning-effect when he recieves electroshock...",negative
"Michael Ritchie's ""The Couch Trip"" is a wonderfully anarchic comedy about what makes a good psychiatrist. It is so subtle and wicked that you start to realize what a stinging satire it really is. It is also Dan Akyroyd's best movie, made in a particularly great film year (1988)for him. First, ""The Great Outdoors"" and now this.<br /><br />Akyroyd stars as John Burns, a career crook who fakes insanity to escape prison. Now, a dumb comedy would just be about this. But ""The Couch Trip"" uses this as a springboard for everything else. Beverly Hills psychiatrist George Maitlin (Charles Grodin, subtly hilarious here)has a nervous breakdown and a replacement is selected: Lawrence Baird, who happens to be Akyroyd's psychiatrist! You can pretty much guess what's going to happen, but the great thing about ""The Couch Trip"" is not what happens, but how it is done. <br /><br />""The Couch Trip"" gives Dan Akyroyd the best role he has ever had. His John Burns is one of the truly original comic creations in movie history. Wicked one liners and physical humor are a part of it, but what makes it special is that Akyroyd makes Burns a lovable character. We root for him and grow to like him a whole lot during the 98 minute running time.<br /><br />But Akyroyd isn't alone here. He gets strong support from other great comic actors. Walter Matthau joins the hilarity as a con artist minister who catches on to Burns' secret and commits genteel blackmail. Charles Grodin ""slow burns"" his way to another great comic role as the burned out psychiatrist. Grodin has been one of the most underappreciated actors in Hollywood. It's criminal they haven't used him more often. Richard Romanus plays Grodin's slimeball lawyer to perfection.<br /><br />""The Couch Trip"" is one of many films made by the now-defunct Orion Pictures Corporation that are currently unseen. MGM spent a fortune buying the Orion library but have yet to truly cash in on their acquisition. ""The Couch Trip"" joins ""Dressed to Kill"", ""Blow Out"" and countless others in gathering dust rotting in the vault. Shame on MGM for their inaction. Hopefully, with new management, ""The Couch Trip"" will find the audience and respect it deserves.<br /><br />**** out of 4 stars",positive
"This movie wasn't too funny. It wasn't too horrible either. Just a fun ride aboard the Soul Plane. It's a black-owned flight service with a kick-ass disco, beautiful bar, and pumping stewards. The plot takes you through the whole idea of a black (not race or color, but 'style') -owned plane with the same style of black humor. At times, there are some great rare scenes like when the main character uses the 'normal' lavatory in the 'normal' plane. Check that out. There are lulls, however, and I find it most in the character who played the Soul Pilot. Watch to find out who it is. All in all, it's a fun movie. Tom Arnold adds to the fun with his 'cracker' attitude. This is one movie to watch when playing poker, when you're drunk, or just vegging.",negative
"Enjoy the opening credits. They're the best thing about this second-rate but inoffensive time-killer which features passable performances from the likes of Eric Roberts and Martin Kove. The main part, however, goes to newcomer Tommy Lee Thomas who looks a bit diminutive for this kind of action but who, nevertheless, occasionally manages to project a banty-rooster kind of belligerence. The first time we see him he's bare-chested, sweaty, and engaged in that favorite ""beefcake"" activity -- chopping wood. After this he has seven more scenes without his shirt including one in which he's hanged by his wrists and zapped with electricity a la Mel Gibson in ""Lethal Weapon."" He could use a better script, however, since the manner in which he exposes the truth about corruption and violence inside the prison is never very convincing. There's also talk about millions of dollars which apparently is tied in with this investigation but which is never explained. There are a few pluses, though. Sending ""John Woodrow"" undercover as ""John Wilson"" is an amusing play on a presidential name, and co-star Jody (Ross) Nolan shows promise as an inmate who, early in the proceedings, is shown hanged by his wrists and getting punched by a burly guard. One final note: the movie's low budget is painfully responsible for the lack of ""extras."" Despite the impressive size of the prison, it only seems to hold about 12 inmates! (Note: the cast credits at the end aren't too helpful. For the record, the burly, bald-headed guard who uses Jody Nolan as a punching bag is played by Bill Fishback, and the young, fair-haired guard who administers electric shocks to Tommy Lee Thomas is played by Marc Chenail.)",negative
"I have a 4yr old daughter, and before this movie she was all about the Disney princesses, now she watched this movie and all she can talk about is Princess Genevieve, and all her sisters. I definitely recommend this movie for all young girls. This movie is one of the best from the Barbie collection. It shows all the good values that any mother would love to encourage on there little girls. With the great songs and dance moves, it gets my daughter up and trying to mimic the moves. The extras are also good, one even works on how good your memory is. I would definitely have say it is a must see for kids and grown-ups alike.",positive
"This film would usually classify as the worst movie production ever. Ever. But in my opinion it is possibly the funniest. The horrifying direction and screenplay makes this film priceless. I bought the movie whilst sifting through the bargain DVD's at my local pound shop. Me and some friends then watched it, admittedly whilst rather drunk. It soon occurred that this wasn't any normal film. Instead a priceless relic of what will probably be James Cahill's last film. At first we were confused and were screaming for the DVD player to be turned off but thankfully in our abnormal state no-one could be bothered. Instead we watched the film right through. At the end we soon realised we had found any wasters dream, something that you can acceptably laugh at for hours, whilst laughing for all the wrong reasons. We soon showed all our other friends and they too agreed, this wasn't a work of abysmal film. This was a film that you can truly wet yourself laughing at. This was a film that anyone can enjoy. This was genius.",positive
"In conception a splendid film, investigating the tensions that occur in family life in the idyllic setting of Galiano Island off the coast of British Columbia, _The Lotus Eaters_ is marred by the fact that it has been packaged as a made-for-TV movie, diminishing itself throughout by the addition of chirpy music over potentially powerful scenes, as if to get ready for the interruption of commercials. A pity, really.",positive
"This has got to be one of Australia's best productions. I completely disagree with the comments made by 'RamiNour101'.<br /><br />This series shows the depth of Australian mateship and the lengths they went to to help each other out. Episode Five 'Eddies Birthday' is a great example of this and it really captures the Australian spirit.<br /><br />The music used throughout the series only emphasised the situation that the men were faced with, their longing for home and their loved ones. The numerous amusing renditions of The Road to Gundagai captures the spirit of the men and the fact that they never forgot home, and that it was little elements such as the singing of a song that took them home for a short while.<br /><br />As for the comment about it being racist towards Japanese people, the only thing to be said is that you can't change what happened. The Japanese did treat the Australians very poorly in Changi and to represent it as otherwise would be very misleading indeed. The comment about the screenplay being in accurate is also false. These six stories that are told in the series are composed from real P.O.W experiences.<br /><br />The actors were superb; the best being in my opinion, Matthew Newton. His performance as David in the first episode was gut wrenching. From being a city boy, to being another nameless face to his captors. We see him change dramatically in the first episode because of his violent attack in the jungle, and in further episodes we can see how that one event has changed him, he is more aware of what is really going on and is always one of the first to help out the other members of The Secret Nine.<br /><br />Stephen Curry also deserves a mention. His performance in 'Eddie's Birthday' is amazing, going from the larrikin of the group, to being sick, weak and unable to take care of himself. The displays of mateship in this episode touch you on an emotional level and make you proud to be Australian.<br /><br />I study WWII at university level and have found this series, if not physically truthful, spiritually truthful, as it captures the true spirit of what it was to be an Australian Soldier.<br /><br />Well done to John Doyle for capturing the spirit of Changi.",positive
"I've now written reviews for several of the MoH episodes, and this is among the worst. An interesting premise at the beginning is completely abandoned by the time the credits roll. If watching people things they never would in real life amuses you (""let's check out the basement!""), then this is your show. Except, it's not amusing or entertaining - it's just annoying.<br /><br />The extent of the virus is never, ever showed. I can very much overlook the fact that it affects men only, as the resulting situation is very, very frightening. But then things deteriorate as daughter lets OBVIOUSLY deranged dad into the home, and ultimately dies at his hands. The woman flees north, and runs into a few tens situations. Then, some sort of spirit or alien or something appears and saves her (things that make you go HUH?). Or something. Then, she is huddling for warmth. The end.<br /><br />Awful. These directors are mailing this tripe in.",negative
"This is unlike any other movie, the closest thing I can compare it to is a Woody Allen film... But where as Woody Allen is constantly fathoming human foibles Bret Carr appears to be trying to figure out a way to get to grips with that one crippling insecurity that tends to define us for better or worse. In the Case of Lou, it is the root cause of his stuttering, which can be traced back to a singular child hood trauma that is revealed through flash backs.<br /><br />There are so many strangely neurotic people in the world and I believe they all deserve a chance for redemption, although diversity of human character is after all what makes the world such an intriguing place, so maybe we shouldn't fix our neurosis anymore than we should fix our noses or Breasts.<br /><br />This is an indie film shot on a long shoestring, but the production values are tremendous as is the scope of the film. I feel like its a quirky Gem for the self-help market. I really look forward to seeing what this filmmaker does next, i could imagine a career along the lines of Woody Allen or Albert Brooks, although usually when a guy like this breaks through, he goes off and makes "" X MEN"" and his humble quirky origins are soon forgotten or are they.... X Men is aout a bunch of freaks if i remember correctly :)",positive
"When Precious Bane aired in America, I was stunned by this beautiful story. All the actors were brilliant; Clive Owen really understood the character he played. I went right away to a bookstore and ordered the original novel, which is even more beautiful, and which went out of print just after I bought the book - although I've seen it online a few times now. I had also hoped with the Oscar won by Janet McTeer and the huge popularity of Clive Owen the BBC would naturally get this fine production on DVD...I cannot believe all these years later we still have no DVD. It has to be the only production ever created by the BBC that is NOT for sale. Come on BBC - you have money to make off us fans here. Get this on DVD please!",positive
"This movie is my families favorite Christmas movie because it is a beautiful picture of what Christmas is really all about. These days living in a big city which I hate, I love to watch movies about the life I've always dreamed of having. The town that this movie is set in is my dream come true for the life I've always wanted and the true feeling of community that has been lost in todays society. I truly don't feel the true spirit of Christmas anymore but watching this movie helps to find that feeling again. My family taped this movie long ago of TV and now our copy has been worn out so I would really like to buy a few copies on DVD for my family and me if anyone can tell me where I can buy some copies please just post the info here and I will keep checking. Thanks.",positive
"All I can say is, if you don't fall in love with Big and Little Edie after watching this movie, then you're not human! Even after watching it for the first time, I was hooked. It is a mesmerizing experience that is difficult to describe, as I'm sure other fans will attest to. After watching it, you will cry to think that these two wonderful ladies are no longer with us. At least we have Grey Gardens to remember them! I think we all long to possess the fierce independence these two ladies were graced with. Although I have always admired Jackie Onassis Kennedy, she does not stay in your heart the way Big and Little Edie do. What a rare treat to have know such people; I only wish I had!",positive
"This has to be one of the WORST movies I have seen. I tried to like this movie but they managed to mess up practically every individual aspect that pertain to this film! Cheap dialogue, no character development, no tension, not enough story to pull you in, no action apart from some REALLY cheap scenes. It seems they tried some things on the set and said to each other ""hey this looks rather cool, why not put this in there"" after which the director probably said ""Yeah....YEAH this is genius!"" and got back to snorting coke or something. When it comes to acting I think the only person that TRIED to make the movie worked is Daan Schuurmans but in the end it is all for nothing. Cause this movie SUCKS!! 2/10",negative
"From the opening scene aboard a crowded train where a ruthless pickpocket is at work (RICHARD WIDMARK) stealing from a woman's purse (JEAN PETERS), PICKUP ON SOUTH STREET is relentlessly fascinating to watch. Partly it's because the acting is uniformly strong from the entire cast, the B&W photography is crisp and adds to the starkness of the story and characters, and because Samuel Fuller's direction puts him in the same league with the biggies like John (ASPHALT JUNGLE) Huston. In fact, it has the same urgency as the Huston film about a heist that goes wrong--but the payoff is not quite as strong.<br /><br />JEAN PETERS is excellent as the hard-edged girl whom Widmark describes as being ""knocked around a lot"". She gives a lot of raw energy and sex appeal to her role of the not too bright woman carrying a micro-film in her purse for her boyfriend (RICHARD KILEY), something the FBI already knows about. They're on her trail when the theft occurs.<br /><br />THELMA RITTER adds realism to her portrait of a woman called ""Moe"" who buys and sells anything to make a profit and ends up paying for it with her life. She's particularly touching in her final scene with Kiley.<br /><br />This one is guaranteed to hold your attention through its one hour and twenty minute running time. Good noir from Fox and notable for the performances of Widmark, Peters and Ritter.",positive
"There's nothing to say except I want my time back that this movie took from me. I'm not racist against Latinos. Hell, I'm half Brazilian. I loved the movie Kids. It doesn't make any sense. These kids just go around and do nothing. They're not even good at skating. The whole time I'm just waiting for something, anything, to happen! but it doesn't. NOTHING happens the whole movie. Did I mention they suck at skating. I might make a movie called beat up rockers, and the whole premise will be about kicking the sh*t out of poser moron punks like these kids. I'm not even going to get into it, this movie sucks. Please do yourself a favor and burn this movie if you come in contact with it so some other poor soul won't make the same mistake.",negative
"Once again, Bugs Bunny sacred home is violated by careless people. This time the traveling circus put a lion's cage right over the rabbit's hole. So Bug's has to come out of the hole and face Nero (that's the name of the lion), which he does in his usual hilarious style. After a slow and rocky beginning to the cart, it keeps getting better and better and winds up being quite hilarious. Nero the lion turns out to be a pretty good foil for Bugs and that turns this short into a highly memorable one, if still shorn of a classic. This animated short can be found on Disk 1 of the Looney Tunes Golden Collection Volume 3.<br /><br />My Grade: A-",positive
"1. Aliens resemble plush toys and hand puppets, while having arms that don't function.<br /><br />2. Aliens mastered intergalactic space travel, but they don't know how to push an unlocked vault door open, yet can push open a door being held shut by five people.<br /><br />3. Old Security Guards know how to get a hold of C4, and are just waiting for the right time to use it, say, when they are suddenly fired for no explainable reason.<br /><br />4. Apparently, US Army boot camp, in the 80's, involved several sessions of ""garden tool combat"", including the pirouette spin of death.<br /><br />5. To impress your prudish girl friend, you have to ""save the world...err...neighborhood"" from aliens.<br /><br />6. All women are sluts, either openly or secretly.<br /><br />7. Scummy night clubs look like bad diners.<br /><br />8. ""Scummy"" waitresses double as dancers for The Fontanelles (how did they get talked into this?) who can only do bad 60's dance moves.<br /><br />9. Army privates secretly dream of being Rambo.<br /><br />10. Grenades apparently have a setting for ""flash-bang"". <br /><br />11. Being burned alive apparently only leaves one with minor burns on their arms.<br /><br />12. US Army Staff Sargeants apparently happen to always be in the area and do nothing about aliens in the area.<br /><br />13. Aliens apparently always ""go home"", which means back to the vault they were un-locked in.<br /><br />14. Aliens are attracted to bright lights, which apparently means in the Los Angeles area one would assume, the protagonist's house is the most brightly lit thing in the area.<br /><br />15. Showing 16 parking scenes in a movie makes the audience clamor for more.<br /><br />16. Vans from the 80's apparently have horrible suspension systems.<br /><br />17. Comedy is supposed to happen in this film.<br /><br />18. Horror is supposed to happen in this film.<br /><br />19. Spoofs and homages are supposed to happen in this film.<br /><br />20. This film cures insomnia.<br /><br />21. Apparently, garden tools make electronic keyboard noises whenever they are used, not just in fights (tell me I'm not the only one who noticed this).<br /><br />The simply truth is this film just came out wrong. Period. There isn't much meat on the bone, nor does it do anything really well. Even average. It's just bad. However, I've seen far worse, and the rake fight scene is pure comedy gold, intentional or otherwise.<br /><br />2/10 - Jaws 4 was worse then this. At least the film never took itself seriously.",negative
"I consider myself a bit of a connoisseur of boxing movies and as such there is only one thing that prevents me from calling ""Gentleman Jim"" the best boxing movie ever made. That is the Robert Wise/Paul Newman flick ""Somebody Up There Likes Me."" That movie might be number 1, but ""Gentleman Jim"" is a close number 2.<br /><br />The movie doesn't just chronicle the rise of James J. Corbett, it also shows the sport of boxing at a crucial time of transition. In the late 1800s boxing was moving away from the brutal days of bare-knuckle rules to the more ""gentlemanly"" days of the gloved, Marquis of Queensbury rules. And the sport was moving away from the days when it was an illegal spectacle and towards a time of acceptance and respectability.<br /><br />""Gentleman Jim"" is not a realistic look at those days. It is romanticized and, yes, even a bit hokey at times. But always delightfully so. Errol Flynn is perfect as the ""Gentleman"" Jim who really isn't a ""gentleman"" at all but merely a fast talker from a working class family. Alexis Smith is quite ravishing as the upper class woman with whom he has a love/hate relationship (and we all know it is, of course, love that will win that match in the end).<br /><br />At the end of ""Gentleman Jim"" the great John L Sullivan (whose famous line was NOT ""I can lick any man in the world"" of course...romanticism again) hands over his belt to Corbett. This is truly one of the best scenes in any sports move ever made. Realistic? No. But wonderful. Hey, if you want realism watch ""Raging Bull"" instead. That is a much more realistic boxing movie. But ""Gentleman Jim"" is a lot more fun.",positive
"I really didn't expect much from this movie, but it wasn't bad; actually it was quite good. This movie contained a couple of the funniest bits of writing I have ever seen from a motion picture. Now am not saying this is one of the funniest movies of all time, but I laughed pretty hard at some parts. ""The police ruled my father's death a suicide. They said he fell down an elevator shaft. Onto some bullets"". Now this movie is not for everybody, its mostly stupid humor like Zoolander or Dodgeball; so if you hated these movies I would probably recommend you to steer clear. Overall it was an enjoyable movie, about a group of superhero wannabes, who end up becoming real heroes in the end. It's a vastly overrated comedy that many people probably haven't seen yet, because like me before viewing it expected it to be utter garbage. After viewing this film, I finally understand why this movie was able to assemble such a superstar cast which includes Ben Stiller, William H. Macy, Hank Azaria, and even that kid from Good Burger. It's because Mystery Man is full of excellent comedic writing period 7 out of 10. A very big surprise.",positive
"This version of the Charles Dickens novel features George C Scott as the Scrooge. Fine casting, especially the choice of Scott, who plays the role to the hilt..a fine cast supports him in the very good adaption. A Modern day holiday classic on a scale of one to ten..9",positive
"What I expected: A rather lame overly-stereotypical portrayal of a sports-mad guy and an equally lame stereotypical portrayal of the gal who likes him yet suffers while being second banana to his overly zealous support for his favorite sports team.<br /><br />What I got: An even-handed story where both guy and gal end up admitting -- to themselves and each other -- that they each have passions in their lives yet each can forgive the other to save the love they share.<br /><br />Sounds sappy but with the nonstop humor and terrific performances this story works! Barrymore is classic Barrymore: that perfect blend of sweet, strong, and adorable. We expect that from her and she delivered.<br /><br />But Fallon is the nice surprise in this film. He brings to the role the perfect blend of sports nut combined with the appreciation for the normal things in life, like caring about kids and his girlfriend. Fallon delivers his lines with subtle perfection. He can be caring (""You just ran across the field for me!"") and in the same breath be obliviously blinded by his love for the Red Sox (""How did the grass feel? Kinda spongy?"") at the same time. Fallon's portrayal ""made"" the movie. Hopefully, this movie marks the beginning of a better film career for Fallon, something beyond the over-the-top sophomoric humor typical of SNL alums (i.e. Will Ferrell).<br /><br />In short, a movie that could have fallen victim to stereotypical male vs. female characters rose above that limitation and provided nonstop spot-on humorous lines, most delivered with brilliant subtlety by Fallon.<br /><br />Hey, I saw this with my wife -- not a baseball fan -- and she loved it as much as I did. It's neither a ""Guy Flick"" nor a ""Chick Flick"". It's a terrific make-you-laugh flick. Go see it!",positive
"A surprising rent at a local video store, I was pleased to find a media satire worthy enough to challenge Oliver Stone's ""Natural Born Killers."" And almost as disturbing. I think it went well with my viewing to be in late 2004 watching the Republican Machine do it's magic on the majority of America's television viewing populous. It brings up the question ""Are we really that manipulative?"" <br /><br />It definitely skewed my view. There was also a larger theological question being provoked- the story of Christ. Could word of mouth and overwhelming dependence on something exploitive as television produce a messiah? Could the story of Christ been exaggerated? Could it have been completely fabricated? It's something the movie puts in a extremely perceptive light.",positive
"Frank Falenczyk: It isn't that I'm sorry I killed them; it's that I'm sorry I killed them badly.<br /><br />Wow! Talk about a swing and a miss. You have a great cast and a great plot with endless possibilties...how do you f_ck that up?! Well, apparently John Dahl has found a way. With an atrocious screenplay featuring jokes about as funny as a malaria epidemic and dialogue so painfully dry it makes none of the characters likable, 'You Kill Me' might be the biggest cinematic failure of 2007. On a positive note, Ben Kinglsey provides another great performance as the alcoholic Polish hit man trying to get clean but the material he has to work with is crap. Tea Leoni is good as well as is Luke Wilson, Dennis Farina, Bill Pullman, Philip Baker Hall and the rest of the cast. I guess the best way to describe 'You Kill Me' is a terrible movie with good performances. Grade: D+",negative
"Mel Brooks has really outdone himself on this movie. No one can deny that Blazing Saddles was a classic, and a breakthrough in this style of comedy film, but Men In Tights has become the apex of his creative genius. This movie is a definite must-see. If you enjoy this movie, I would also recommend Space Balls and History Of The World. The same goes in reverse. If you have seen any of these movies, then Men In Tights should be next on your list.",positive
Are you kidding me? The music was SO LOUD in this show I could often not even hear the dialog. And the music was nothing great. Anyone know what Jake's mother said when he walked in the door??? And the mushroom cloud looked pretty close to have so little instant devastation. Anyone research the effects of nuclear fallout before writing this one. I felt like a bunch of sit com actors were sent on location and didn't know what to do with dramatic dialog. And what does a Kansas teen know about shopping in Soho....couldn't we have had a better line here? Was bored to tears and only kept awake by the jarring blare of the over-mixed way to loud music.,negative
"This movie was absolutely one of the worst movies I have ever seen. The plot could have been made to work, had the movie been written better. The acting was some of the worst I have ever seen. I was very slow and made me want to leave/turn off the movie several times. I watched the entire movie in the hopes that the ending would make it worthwhile but it didn't. this movie I think should be rated in the negative numbers. (In my humble opinion)",negative
"Nice character development in a pretty cool milieu. Being a male, I'm probably not qualified to totally understand it, but they do a nice job of establishing the restrictive Victorian environment from the start. It isn't as bleak as it really was and the treatment of women was probably even harsher. What makes this go is a wonderful chemistry among the principal characters. Each has their own ""thing"" that they contend with. Once they come out of the rain and break out of the spider webs, they begin to interact and slowly lose their sense of suspicion. What I enjoyed about this movie is that it didn't go for cheap comedy when it could have. It didn't try to pound a lesson into us. The people who seem utterly without merit are really nicely developed human beings who get to see the light. I did have a little trouble with the Alfred Molina character having such an epiphany so quickly, but, within this world, it needed to happen. Good acting all around with something positive taking place in the lives of some pretty good people.",positive
"I think its time for Seagal to go quietly into the night. What I have just seen makes all his direct to video releases in the last few years look like his early 90's smash hits in comparison.<br /><br />A secret bio lab is making a new kind of drug that jacks up a human's adrenaline system to the point where they become psychopathic killers or something. Somehow Seagal is supposed to stop the infection or its the end of the world...or something. Seagal also went through hit squads like jellybeans, every time I look up he was commanding a new face so it kinda got hard to follow character development as well I know Steven's athsma prevent him from yelling at the top of his lungs but even so why is he constantly being dubbed by people who sound nothing like him? Usually the films plot and action sequences can save it from being a total waste of time but this was not even close. Like I said, it was more of a horror movie with a lot of blood and shank stabbing rather than straight up fighting. The problem was it wasn't really scary and Seagal looked completely out of place because the infected people were supposed to have speed of light movement yet the 40 year old 280 lb Seagal killed them all singlehandedly? I guess the lone highlight of the movie was the first 20 minutes where the new recruits ask Seagal to come to the strip club with them.<br /><br />2 out of 10",negative
"This man is nothing short of amazing. You truly feel as if you have lived his life with him throughout these tragic events, and cry along with his family in the end. He was so passionate about his cause, not just for himself, but to ensure others who will survive him do not have to go through this wretched pain. I watch this video every time I am having a bad or ""down"" day, and it always manages to make me see the great and brighter side of life, just like Jonny did, even with his unbearable pain. My only regret is not knowing about Jonny sooner, as I visited England 2 times during his life, and would have been able to say I'd met him. It is comforting to know Jonny is sitting on his cloud, pain free! Rest in peace, Dear Jonny. You deserve it!",positive
"No mention if Ann Rivers Siddons adapted the material for ""The House Next Door"" from her 1970s novel of the same title, or someone else did it. This Lifetime-like movie was directed by Canadian director Jeff Woolnough. Having read the book a long time ago, we decided to take a chance when the film showed on a cable version of what was clearly a movie made for television. You know that when the critical moments precede the commercials, which of course, one can't find in this version we watched.<br /><br />The film's star is Lara Flynn Boyle who sports a new look that threw this viewer a curve because of the cosmetic transformation this actress has gone through. From the new eyebrows to other parts of her body, Ms. Boyle is hardly recognizable as Col Kennedy, the character at the center of the mystery. This was not one of the actress better moments in front of the camera. That goes for the rest of the mainly Canadian actors that deserved better.<br /><br />The film has a feeling of a cross between ""Desperate Houswives"" with ""The Stepford Wives"" and other better known features, combined with a mild dose of creepiness. The best thing about the movie was the house which serves as the setting.",negative
"I loved this film. Not being a swooning Ed Wood Jr. fan, I prefer to appreciate his ""boundless enthusiasm"" and acknowledge his shortcomings. His movies are fun, but his personal story is one racked with pain. I hoped, and was delighted to find, that this film would be about understanding his turbulent life, rather than simply heaping him with posthumous praise. From beginning to end, this film evolves from a documentary into a mythology, leaving the cast and the viewer unexpectedly connected to each other and to Ed Wood Jr.<br /><br />What we get are people who knew Ed Wood the best talking about him from all perspectives, positive and negative, and showing us their character as much as Ed's. We get insight into Ed's personal and professional life: from his romances, to his drinking, to his sexuality, to his friends, to his enemies, and even to his film making.<br /><br />The film itself is shot in a low-budget way that seems done out of respect for Ed, as if using the techniques of most theatrically released movies from 1996 would be disrespectful (sort of like wearing a nicer suit than the President). The set designer uses a sense of humor and also a great deal of insight when matching each cast member with their background.<br /><br />Fans will be excited to hear personal testimony regarding Ed Wood controversies, and new comers will be amazed that this man was real. The DVD is full of impossible to find gems (""Crossroads of Lorado"" and photo galleries), but the real treasure of this film is the surprisingly engaging and interconnected story.<br /><br />Ed Wood had a habit of defining people through their association with him (for better or worse), to the point where one woman will go down in history as ""Swimming Pool Owner"" for once letting him and his friends be baptized in her pool. This ability to define a person's legacy comes through universally, as the most amazing effect of the film is to not only give a well rounded idea of the man that was Ed Wood Jr., but also to give a comprehensive view of the community that he created. Somehow, without ever having more that one cast member being interviewed on screen at a time, the connection that Ed Wood created amongst the various people in his life becomes clear, and the viewer is left with great sense of involvement.<br /><br />Even the title hints at the B-list horror genre, but by the end, we see that even this is a kindness. What begins as unrelated stories by random people ends with the conclusion that all of the cast will be forever weaved into an unpredictably cohesive fabric that history will bring into haunting unity with Wood's legend.<br /><br />In many ways a living contradiction, Ed Wood Jr. could not be condensed to a single viewpoint. This collaborative effort is the closest to knowing him that we can ever get. Being itself a juxtaposition of themes, it is at once respectful, provocative, thoughtful, gripping, fun, sad, kind, and fulfilling.",positive
"Just getting released from a six month drug rehabilitation program and having served his time for dealing cards in illegal gambling card games, Frankie Machine (Frank Sinatra) has high hopes for going clean and finding a new life as a big band drummer. However upon returning to his old crime-ridden Chicago neighborhood, he soon finds the pressure mounting from those around him, including his wheelchair-ridden wife Zosch (Eleanor Parker), to return to the old money-making ""Dealer"" lifestyle that first got him started on the path of self-destruction that is being an heroin addict.<br /><br />It's very rare that a film has so many great character performances as this one does. Frank Sinatra is superb as Frankie Machine, and realistically portrays the symptoms of a drug addict going through withdrawal arguably better than anyone else had ever been done before him. Sinatra seems to possess a keen understanding and awareness of his character here and expresses the constant battle for control over his own life that is forever going on inside the heart of the man that is Frankie Machine. Parker as his crippled wife Zosch wants to possess Frankie forever, to have him ""deal"" to make good money so as to take care of her and pay her ever-mounting medical bills. She seems terrified by anything she sees as a threat to her control over him, such as the freedom the life of a drummer might offer, or anything that might change the status quo between them.<br /><br />Onlooker Molly (Kim Novak), a girl who lives in the same building and seems to possess real, strong genuine feelings for Frankie, having no desire to control him but only to help him proves the best thing Frankie has going for him in the world if he can just stay straight long enough to wake up and realize it. Darren McGavin as the heroin drug peddler Louie however is always there just waiting in the wings knowing just the right buttons to push, just the thing to say, to get a former addict to revert back to that old habit, one profitable to Louie but deadly for the addict.<br /><br />The setting too seems to take on a life of its own, constantly dark, gritty, seedy and crime-ridden with nowhere near enough positive things to look forward to in life, a place where it's all too easy to escape via a bottle or drugs, a quick ""fix"" that's truly no fix at all but only works to keep one in the dark away from the daylight and all the bright prospects the world might have to offer. It's a neat touch that when Frankie is on the right track, the setting always seems brighter than when he's headed down the wrong road. While some argue it is a bit dated, to me this is a gritty film featuring a realistic inner war within a man for control over his own fate, one that features very strong character performances by all involved. Given that, THE MAN WITH THE GOLDEN ARM gets my highest possible recommendation.",positive
"I just finished watching this movie. I was very excited since I'm a big fan of Punk Rock, Horror films and Spoofs. I was very surprised at what I saw. I knew it was low budget, but I wasn't expecting it to be taped with a video camera. It opens with a good song and a great, very underrated band, The Horrorpops, reforming their song, Where They Wander, and promptly getting killed in various gruesome ways. It's a great opening. But the problem is the fact that, up until the end, this was really all that the movie was. A live performance, A death. Another live performance, A death. It gets old. And there is a gross(literally) overuse of intestines in the death scenes. Why doesn't the killer use other body parts, like legs, or eyeballs, or brains? Don't get me wrong, this movie has some parts that are awesome. Like the hardcore French band, known simply as BERET, the prospect of a band named Atticus, the scene containing a performance by members of the The Used and Simple Plan playing together, since neither bands had enough members to play their show, and Bowling For Soup's Overweight-and-proud-of-it guitarist getting killed in a truly hilarious manner, that I will save for the future watchers of this movie. But the big problem I have with this movie is the at first comical, but after a while, terrible lack of acting talent in a lot of the ""actors"". Especially Warped Tour creator, Kevin Lyman. He tries very hard, but I suspect that he didn't want to make the film, but was contractually obligated or something. In addition to that, the sound quality is terrible and there are no subtitles on the DVD. The Movie's resolving plot is very hazy and very random. something about a magic sword and Lloyd Kaufman as the devil. Bottom line, this movie has a lot of good qualities, but not enough to be anywhere near a decent Horror, Music, or Comedy film. Although I have to credit it with turning me onto a few bands that I would never have listened to, otherwise. Such as Tsunami Bomb, and the Phenomonauts(an insane, Psychobilly band). I recommend that you rent this movie, watch the first 10 or 20 minutes, if you like it, watch the next 20 or 30, if you still like it, then watch on. If not, just go to the special features and watch all the music videos and live performances. They rock! Long live Punk Rock and Horror!",negative
"This is one of the best Non-English series I have seen. It weaves interesting single and double episodes of crime-solving together with a personal aspect that you just don't get in CSI. The individual characters all have personal lives that combine well with their day job and occasionally interfere. Additionally the characters all manage to naturally evolve throughout the episodes.<br /><br />The casting is superb and it was taped all over Denmark, giving a good example of the highlights that majestic country has to offer. Unfortunately only 32 episodes were made, however they are top-notch television. Here's hoping they consider making some more episodes of the same caliber.",positive
"What a trip down memory lane.<br /><br />Do not look for great acting, believable plot lines, or anything resembling a quality movie.<br /><br />This is pure blaxploitation at it's finest. Outrageous outfits, unrepeatable dialog, objectification of women, and the sleaziest cops you can imagine.<br /><br />This vanity piece by the ""Godfather of Rap,"" Rudy Ray Moore, who left us for good last week is the standard by which all blaxploitation is measured.<br /><br />You not only see blaxploitation at it's finest, but get glimpses of his comedy genius, and see why his records were kept under the counter.",positive
"I just saw this film last night in the 2006 Tribeca Film Festival and it seriously makes me wonder if the folks at the festival actually screen the films before selecting them. The film was simply awful - I say that without hyperbole or ulterior motives - it was awful. Matthew Modine's days as a leading man are way over. Gina Gershon sported an inexplicable and unnecessary English accent - she should be ashamed of her participation in this film. Gloria Reuben had a weird little cameo in it - she should also be ashamed. The script was terrible and the we were given absolutely no reason to care about the characters. I highly doubt this will be picked up, but then again, people in Hollywood are known to make mistakes sometimes. I really think ""Kettle of Fish"" is a serious contender for the worst movie I've ever seen.",negative
"I'm just getting the chance to dig into past Austen films, and I picked this up because Persuasion is, has been, and always will be, my favorite work by Jane Austen, and Anne Elliot my favorite Austen heroine. So it was with great anticipation that I popped the disc into my player.<br /><br />I wasn't disappointed, either. I knew there were bound to be some draw-backs, so I'll state them, and try not to be too thick about them. Anne Elliot is the most introverted of Austen's characters; she is the least talkative and the least witty. There are passages in the book where Anne says nothing - only her feelings are described. This works fine in print, but how to successfully transfer this to the big screen? Short of doing thoughtful voice overs (which would grow tedious over four hours) you're left with a long succession of shots where the heroine says little or nothing, and must communicate all by her facial expression. This can leave the feeling that the film is slow, and lacking in purpose. If you need a more overt style of Austen, then certainly this film is not for you; but if subdued is more your style, and you tend to pick up on unspoken 'vibes', this will fulfill all expectations.<br /><br />Anne Firbank (as Anne Elliot), is, thankfully, an actress whose face can convey much. She looked as I had always imagined Anne Elliot would look: not a knockout - Anne wasn't supposed to be the elegant one of the family - nor in her first youth - which is also highlighted occasionally by the lighting and make-up. What you see is someone who is very like Austen's character: someone whose appearance you might pass over once; but hear her speak, and look more closely, and she grows more attractive the better you know her. This is Anne Elliot, as brought to life by Anne Firbank.<br /><br />Captain Wentworth's portrayal is ably handled by Bryan Marshall. The bitterness is never apparently obvious (save at the concert scene); and, yes, I found it hard to believe he wound find Louisa Musgrove interesting as she was shown. But that is another point of Austen's book: he did not find her interesting, he TRIED to find her interesting, and, ultimately, failed (sigh of relief). So this, too, fits with Austen's original story.<br /><br />I especially liked the portrayal of Lady Russell, who I thought in the book was not portrayed as TRULY bad; this also comes out in this adaptation.<br /><br />So this is one film which closely followed the book; I could write much more about how faithfully everything was reproduced, but I'd run out of space here. Charles Musgrove remained one of the most buoyant characters (good fun), Mary the most annoying (I was dying to have her just shut up - but I had that feeling when I read the book, too), captains and the admiral I thought charming.<br /><br />The cinematography I thought a trifle stiff. There was little or practically no fade from one screen to another - perhaps this is due to it being a TV movie. One scene - CHOP! - the next scene, the actors enter from right, proceed left, and - CHOP! - another scene, where the same thing happens. This was the only part of the movie which I felt cheated me a little. A Low Budget has to show itself somewhere, I suppose.<br /><br />And, as I said earlier, if you like some pace to go with Jane Austen, don't bother with this one, as you'll find it way too slow. I enjoyed it enormously, though, as it brought a wealth of detail (the sets were richly elegant!) to an excellent adaptation of my favorite Austen novel. I highly recommend it!",positive
"This is the second movie based on the life and times of ultra hung porn star, John Curtis Estes, better known as John Holmes. Boogie Nights is also roughly based on his life. Maybe someday someone is going to do a movie on the life of Tommy Byron instead.<br /><br />The problem is, that the story is not very well told. There are many Law & Order episodes that have more twists and turns than Wonderland, and the director never gets the criminal case going with any kind of gusto. Val Kilmer has two problems - he is not nearly as hung as Holmes is (and no prosthesis this time around, unlike in Boogie Nights), and he is much better looking than mope Holmes. <br /><br />The director does not introduce one single likable individual among the cast. The racist, immature lowlifes he hangs out with, or his wife, and the police don't get much in the way of characterization. <br /><br />The best part of the movie is Eric Bogosian telling Paris Hilton to ""get lost"". <br /><br />Having said all that, anyone interested in the sleaziest side of the porn business in the 1980s or true crime shouldn't miss it.",positive
"If you don't mind subtitles, you like comedy and truly interesting characters, along with a taste of something different from mainstream American cinema, then take a chance and rent this film.<br /><br />Two contrasting friends, (one very neurotic sweater, the other the strong quiet loner type) working for a jerk butcher in a smaller danish town, decide to strike out on they're own together and open a butcher shop themselves. Not successful at first they incorporate something new to they're recipe and become an instant hit with the village.<br /><br />That being an interesting story in itself, this smartly humorous film is laced with even more, (friendship, romance, crime, death, personal tragedy) that makes this film so funny yet riddled with numerous subtle interests that make it so interestingly funny yet warm and fuzzy.<br /><br />A must mention is the characters created and the actors making them believable. You can have the best script yet if the characters aren't believable it can sink a film and with this, the directing, acting, character believability and story all mesh so well they make this a very entertaining film.<br /><br />So, if your in the mood to stretch a lil, want to see something very good yet done a bit differently, then I suggest you rent this film while I'm on my way out to find more by director writer Anders Thomas Jensen.",positive
When I started to watch this movie on VH-1 I cringed. The MTV movies were all bad so I wasnt expecting much. But this movie was really good. I liked it a lot. And it even had a twist at the end. See this movie because it shows that Made For TV movies that are good exist.,positive
"Producer Joel Schumacher who also directed ""Phone Booth"",'02, and many other great films showed in great detail how no one person can really be trained to be a killing machine with out destroying their own personalities and the real fears that a person has to face when going into COMBAT!! Colin Farrell(Roland Bozz),""Intermission"",'03, gave one of his best performances and actually carried this entire picture on his back. Matthew Davis(Jim Paxton),""Blue Crush"",'02, gave a great supporting role and Shea Whigham(Pvt.Wilson),""All The Real Girls"",'03, showed his true acting skills in the role that he played. There was two brief scenes where the soldiers were able to find some hot romance on a short leave in the local town and had to pay for their love and sexual desires. One Army Veteran instructor from Viet Nam told the soldiers how to really torture the enemy by using electrical wires in all the wrong places on a human male body. Enjoyable and entertaining film to view.",positive
"""Haggard: The Movie"" is well written, well directed, and well acted. There are many laugh out loud moments and some terrific skateboarding scenes featuring Margera. The scenes of West Chester, PA are filmed beautifully and the script is just downright funny. What I like about the movie is that instead of being another sappy love story or another version of ""Jackass"", it takes a darkly funny look at break-ups from a different perspective. Most break-up films feature a naive woman jilted by a cheating man. She then goes on to find Mr. Right and gets to tell her cheating ex to get lost. This movie takes a look at the emotional roller-coaster of a jilted man... without taking itself too seriously. Ryan Dunn does an excellent job as the jilted man and with Bam Margera and Brandon Dicamillo as your best friends trying to help you through this rough time, how can you take anything too seriously? It is obvious that Margera and Co. are incredibly talented both behind and in front of the camera. I look forward to their future films and endeavors.",positive
"Neil Simon has quite a body of work, but it is the Odd Couple that carried him to fame. This film really works. Jack Lemmon & Walter Matthaw have a great chemistry. The supporting cast for this film is stellar as well.<br /><br />It is about 2 men living together who are from opposite planets. The script bristles with humor from this situation. This had been done in some forms previously. This is the one that brings it all together in a very good package.<br /><br />Simon has done some other decent work, but this one is really his best work which made the rest of his work possible. It is hard to imagine Simon ever topping this.",positive
"This movie starts with the main character lying in a coma in a hospital ward, attended by two orderlies. The unconscious main character is heard in a voice over, saying that the orderlies are gay. The orderlies kiss. I watched this in a DVD version and I have the suspicion that this is supposed to be funny  it said comedy"" on the DVD case, after all and it goes on like that. Had I seen this in a movie theater I probably would have heard part of the audience roar with laughter, because it is so funny  and because they are supposed to sit in a comedy. While it is fascinating to think about what it is funny and what isn't, this movie unfortunately only delivers arguments about what isn't.<br /><br />Brilliant brains can MAKE anything funny, people like Ernst Lubitsch, Billy Wilder or Mel Brooks have proved that fact. But you have to know the mechanics"", I suppose. Director and co-scriptwriter Dani Levy does not bother about those mechanics, he thinks that certain things simply ARE funny, the fact that two orderlies are gay and kiss over a man in a coma, for example. Do not get me wrong, some people can MAKE that funny, Dani Levy can't, not for me, anyway.<br /><br />The main problem I have with this movie is that I can't see a reason behind the way the main characters behave. I could not understand why the two brothers, one an orthodox Jew from West Germany one a third class carbon copy of Fast Eddie Felson from former East Germany so strongly disliked each other. They are both rather bland characters. Their children are boring apart from the fact that they are sexually attracted to each other (well, one is a lesbian now but raises the daughter she has with her cousin). But even these incestuous relationships  if anything they are embarrassing - just come through as an excuse because the scriptwriters could not come up with anything better.<br /><br />The acting is not bad, Udo Semel I actually came to like quite a lot although he reminded me more of ex chancellor Helmut Kohl (a lighter version) than of a venerable Orthodox Jew. The direction in itself is not really bad either, but maybe Levy should stick to directing movies, leaving the scriptwriting to someone else. Now I heard he did a comedy about Hitler. Oi, Vai!",negative
"From the start of ""The Edge Of Love"", the viewer is transported to the striking world of WW2 London. We follow the lives of four people who might have been created just for this movie, an exploration of female friendship and the strains caused on it by marriage and infidelity. Except one of the characters is named Dylan Thomas, perhaps the greatest English poet of the 20th century. And his reactions to the world around him were not only selfish, but at times truly despicable. <br /><br />This movie is based on Thomas' writings about love and romance. These were adapted with a sharp screenplay by Sharman MacDonald (Keira Knightley's mother). The director, John Maybury, does claim that the three other lead characters were actual people. <br /><br />All four are performed very strongly. Sienna Miller is Dylan's wife, Keira Knightley is the cabaret singer Vera Phillips. Matthew Rhys is Dylan Thomas, and Cillian Murphy is William Killick. The first section of the movie takes place in London during the Nazi air raids, with Vera being pursued by Willaim, a soldier waiting for deployment. By a chance encounter, Dylan meets with his first love, Vera. From there Vera meets Caitlin, Dylan's wife. While the three are drinking, William successfully breaks Vera's guard. <br /><br />The film follows their lives as Vera and William are married and he is sent to war. Vera has become pregnant, and returns to Wales with Dylan and Caitlin. There they face a gritty existence, with Vera supporting Dylan and Caitlin with her husband's war pay. Through these times, Vera's and Caitlin's friendship grows. So does Dylan's infatuation with Vera. She gives in. This creates the first test for the two women. <br /><br />When William returns from war, he barely recognizes his wife, and has no bond with his infant son. Things get worse, as Dylan idly watches his friend struggle with battleground fatigue (post traumatic stress disorder). William realizes something has happened between Dylan and Vera, and in a drunken rage shoots up Dylan's house.<br /><br />""Edge Of Love"" starts as a stylish romance in war torn London and ends in the stark, gritty life of motherhood, infidelity, and attempted murder in Wales. The treatment of PTSD is well done, and should speak to an American audience. Some day (see ending).<br /><br />Each star has a great moment. Miller when she is yanking out stitches in her head in response to her abortion of another man's child. Knightley and Murpy when he finally bonds with his son. Oh hell, almost all their scenes are awesome. And Rhys when he purgers himself on the stand to get Vera's husband sent to jail. <br /><br />Yet, the real star of the movie is Jonathan Freeman's cinematography and John Maybury's direction. They seem to understand that no matter how good the story or how historical Thomas is, this is a film dominated by two great actresses of our time. And they cherish their scenes with stunning shots. While this isn't best picture material, it is a very good movie (much more engaging than ""The Dutchess""). It has a visual lyricism that accentuates the use of Thomas' poetry. Also, this is clearly Knightley's second best performance of her career, and perhaps Miller's best. <br /><br />I have always had a weakness for the Artist in struggle, whether it's Hulce's Mozart, or Hoffman's Capote. But I was stunned at how little sympathy I felt for Dylan Thomas. His struggles with alcohol are well known. But his antagonism of William and Caitlin to gain possession of his first love Vera makes him out to be.....a bad man.<br /><br />So is this Academy Award Worthy? Clearly no. At least, not this year. It will be released state side in March, 2009, making it ineligible for the Academies. This is 9 months after it was released in Britain. Between Atonement, Miss Pettigrew, and Brideshead Revisited, the US has had its fill of WW2 British period pieces. Too bad. This film is better then the other ones, except Atonement. But in this one, Knightley's soldier does come back, but as a shell of the man who left her.",positive
"This is a terrible movie, that is barely recognizable from the book, although they have sort of similar plots. The time it takes to watch this movie (which is only 1.5 hours) would be much better spent doing anything else, including watching grass grow. The addition of poorly done fantasy scenes make Catherine seem insufferably silly. The actress who plays Catherine also comes across ditzy as all goodness and looks constantly surprised, even when she's supposed to be looking lovingly into her Tilney's eyes. Honestly!! The movie ends with a Catherine fantasy-like scene where one can't help but wonder if it's happened or if she's merely delusional, and not in the good way that makes you think but in a perfectly horrible way that basically sums up the terrible movie. The only good thing about the movie is the title, which was written by Ms. Austen herself. I generally love the BBC's productions but this one is horrid.",negative
"There really is only one reason to watch this barely adequate and utterly predictable movie about an uptight chef Kate Armstrong (Catherine Zeta Jones) whose life changes when she inherits her orphaned niece Zoe (Abigail Breslin) after her sister is killed in a car wreck. And that reason is to watch Aaron Eckhart (Nick) who, with his floppy haircut and appealingly laddish attitude, looks good enough to slap between two slices of organic Pannini and eat with an olive oil and balsamic vinaigrette dip and a few finely diced sun dried tomatoes. He reminds me of Sean Bean. The thought that he might take his shirt off really was the only thing that kept me awake until the end. He removed his apron petulantly several times, but to my disappointment, never went further.<br /><br />I can't be too critical because I was watching it on pay per view at home, so it hadn't cost me the price of two movie tickets at least, and I was brought up to be grateful for small mercies. But really, this is Rom Com at its most formulaic. Zeta Jones gives a very flat, monotonous performance, she seemed utterly lacking in passion, (possibly due to the amount of time she apparently spent in the cold store at the restaurant? Thirty takes in there can't have been fun) and her face barely changed expression throughout the whole movie. Abigail Breslin was pretty good as the niece, she's such an appealing little girl that it's quite impossible to criticize her, and anyway I loved her in Little Miss Sunshine. Patricia Clarkson is always good value and I can't really fault her performance as the restaurant owner, because she seemed very underused, given what a good actor she is and how little she had to do here. But the whole thing is just so clichéd, much of the dialog banal, and the outcome so obvious. This is the cinematic equivalent of paint by numbers, and Zeta Jones and Eckhart generate little heat on screen.<br /><br />Nick likes Italian food (doubtless indicating his burning inner passion) and cooks to the sound of Puccini. His appearance in Kate's kitchen at 22 Bleecker (the restaurant's name) predictably ruffles her feathers but his uncanny ability to bond with her niece by cooking pizza and building a Bedouin tent in the living room, brings Kate around and, despite a few stumbles along the way, she ends up giving him her prized possession. No, not her honour. But her recipe for saffron sauce.<br /><br />I'm being very unfair here, aren't I? I mean Rom Com is Rom Com, and we all know what we are letting ourselves in for when we sign up. But does it always have to be so mind numbingly dull?",negative
"Touching and sad movie. Portrays the trials and tribulations of a writer trying to come to terms with paralysis caused by a cycling accident. The film centers on his relationship with his married lover, whom he is often very hostile towards, and his interactions with other accident victims, particularly a black down-and-out and a white-supremacist biker. The film is often humorous, often sad, and always believable. Get out the box of kleenex and watch this on a cosy Sunday afternoon with your partner.",positive
"It's boring.<br /><br />It's slow.<br /><br />Where are the nasty and brutal murders? Where is the tension that is supposed to scare us? This is like watching Sesame Street without the funny characters of Ernie and Bert or Grover.<br /><br />It's really lame.<br /><br />Maybe it was the writing...maybe the direction...maybe the acting, maybe the editing, maybe the cinematography, maybe the special effects, maybe the makeup.<br /><br />Maybe all of the above brought this to something barely able to keep your eyes focused on.<br /><br />I wanted to get scared...not bored.<br /><br />This didn't scare me...it didn't even interest me...I had more fun watching the time on the microwave instead of watching this film.<br /><br />Don't bother to buy it..and if you see it on television by some freak chance, there is no need to tuck the kids asleep.",negative
"Director/lead Larry Bishop tried way, way too hard with Hell Ride. The movie wants to be edgy, witty, provocative, outlandish, biting all of this, seemingly in a Quentin Tarantino/Rob Zombie style. But it's not edgy. The references seem forced. The dialog tries to be clever and fails. The humor is never funny. Nice try setting a gritty tone but we'd have to care about the characters or the story for it to remotely succeed.<br /><br />What you're left with are cool Harleys and pretty girls surrounding a bunch of tired, old and out of shape ""bad boys"" in what looks like an attempt to do a modernized Sergio Leone western. If this movie can make newer generations interested in 60s and 70s films, kudos for it. But on its own, it is rather boring and irrelevant. I do believe there is a place for style over substance. But this movie is not it.",negative
"To be fair they did as well as they could with a budget of five shillings and sixpence, but the dialogue was more cheesy than 9lbs of emmental and the CGI was a little old hat now. maybe if some of the actors were not so perfectly chiselled out of granite it would have made the film a little better too.. To say this was awful is to do this film a mis-service, if you want to see something that is totally execrable, you gotta sit and waste a couple of hours of your life watching 'sickle', that is soo mind numbingly awful, its actually good,(several large alcoholic beverages are deriguer though. Any road up, I enjoyed this film and its gotta be worth a look if you have not seen it yet, just don't expect anything along the lines of 'jurassic park,the lost world' or 'apocalypto'.",negative
"A skillfully directed film by Martin Ritt where a drifter and anti-hero, John Cassevetes lands in N.Y. to escape a tragic incident in his life, where he killed his brother in an automobile accident as well as going AWOL from the army.<br /><br />Cassavetes, always an intense actor, shows grit in his portrayal of a film. Am surprised that Montgomery Clift didn't get this part.<br /><br />Ruth White is his mother and does remarkably well in two scenes on the telephone.<br /><br />Once in New York, he befriends Sidney Poitier as the two work on the docks. Immediately, Jack Warden, a bully and villain in this film,takes a dislike to him and tragedy ensues when Poitier tries to defend his friend.<br /><br />Ruby Dee, plays Poitier's wife in this film, and is brilliant in a scene where she urges Cassavetes to reveal the killer of her husband.<br /><br />This is definitely an interesting film of moral values and the loner in society. With the backdrop of tenements, the right mood is depicted in the film.",positive
"I saw ""Brother's Shadow"" at the Tribeca Film Festival and found myself still thinking about it two days later. The story of a prodigal son (Scott Cohen) returning to his family's custom furniture business after a stint in jail, it offers all the necessary qualities of a solid drama--memorable characters; sharp, observant dialog; sensitive use of the camera by a filmmaker who thinks visually.<br /><br />But more than that, it presents something that is all too rare at the multiplex these days: the uncompromising vision of a mature sensibility. The talent of director-screenwriter Todd S. Yellin seems to emerge full-blown, but we get the sense he (like his protagonist) has paid his dues. He knows how real people struggle in this world, and he knows how we yearn to see--or at least, to experience vicariously--success. Yet Yellin respects his audience too much to blow happy smoke up our rear ends. In the end, we see that Jake's triumph doesn't lie in commissions, or even in the esteem of his family, but in ""the work"" he couldn't abandon if he tried.<br /><br />It's an essential theme in a world (and especially a movie industry) that can't rise above ""the bottom line"". This film deserves a wide audience.",positive
"""The Yoke's on Me"" is undoubtedly the most controversial film in the Stooges' 23 years of shorts. The reason is understandable; by today's standards, this film can be considered racist. For this reason, it is rarely shown, if ever, on television.<br /><br />Let me just state that, for the record, the Japanese seen in the film were not soldiers; they were Japanese-Americans sent to a relocation center during World War II. They were treated and shown as the evil enemy in this film. By all accounts - including the US government, who made an apology and reparations in the 1980s - Japanese-Americans during World War II were as loyal and hardworking as any American. Their imprisonment during this time is a dark blot in American history.<br /><br />There are some Stooge laughs in this film, but the memories of how Japanese-Americans were treated during this time sullies the entertainment value. Let's not confuse the loyal Japanese-Americans with their representation in this film as evildoers. Loyal Japanese-Americans and the World War II-era evil empire of Japan are not synonymous. 2 out of 10.",negative
"There seem to have been any number of films like this released during the 70's. And the fact that I cannot recollect the title to a single one of them off-hand is a measure of their impact. These are what novelists would call 'pot-boilers'. They are scarcely more than a vehicle for keeping movie-stars in the public eye.<br /><br />We have Micheal Caine, Peter Ustinov, Omar Sharif, Rex Harrison and William Holden; more than enough names to get bums on cinema seats. Every taste in hero is catered for. Though one suspects that most of the audience still went away disappointed.<br /><br />Their talents are simply thrown away, and I wonder that stars with so much money and such reputation can be yet so desperate or lacking in good sense. This sort of movie hardly adds gilding to a CV. Sometimes maybe actors should choose their director instead of the other way round.<br /><br />It was pretty obvious that it would be crap even from the outset. That ludicrously mismatched jaunty-jazz theme music, which also percolated up every time some incidental noise is needed, had all the atmospheric conviction of elevator Muzak. Who imagined employing a jazz band when a scene depicted the steamy jungles of central Africa, or the endless Sahara with camels and palms as a backdrop? Definitely a serious goof-ball. Ennio Morricone would have known what to do; and his results would have oozed enough atmosphere and tension to raise my rating a good two points. This director should have taken the trouble to watch 'Lawrence of Arabia', or even Sergio Leone's westerns; he might have learnt a few things. But then again, probably he wouldn't.<br /><br />Alfred Hitchcock played the disappearing wife theme to good effect in his film 'Frantic'. It was later remade with equal panache staring Harrison Ford. In each case the confusion surrounding her loss and the tension of the chase was tangible. Here, when Michael Caine might be otherwise compelled to employ a little brain and bravado, Rex Harrison kept popping-up out of no-where like some wily old genii, to put him back on track whenever the narrative stumbled. <br /><br />At least the photography was rather good, with excellent use of the often beautiful environment. But then the dumb music must pipe-up and blow to atoms what little ambiance this created.<br /><br />Action scenes were also contrived and stilted, with such ineptly choreographed fight sequences that they might have been staged in a first-year drama class. And, of course, the players must fight to a jazz accompaniment - as you do.<br /><br />And that's about as much comment as this item deserves. Except to say that the script was pretty wretched as well.<br /><br />Stick with your hobby on this one. Even if it contained your favourite movie-stars, you're sure to be disappointed too.",negative
"I am a huge Randolph Scott fan, so I was surprised and disappointed to find he is barely in this film! The movie really belongs to Robert Ryan, who is the hero in the jam, and the one embroiled in the love triangle. Good grief, Gabby Hayes gets more screen time than Mr. Scott in this movie!! For many viewers, that is not a problem, but I am from the Walter Brennan school of sidekicks, not Gabby Hayes...although I will say that his lines were a bit more humorous than annoying in this film than in many of his films with Randolph Scott and John Wayne.<br /><br />Personally, I found the movie very slow going, with a convoluted plot that was muddied even more by the unnecessary romance subplot. By convoluted, I don't mean impossible to understand or figure out, I just mean too messy for its own good.<br /><br />The direction is uninspired, and the two main bad guys have the most unsatisfying come-uppance at the end. The whole movie comes across as fake, unrealistic, and poorly filmed.<br /><br />Just so you don't think I can't find anything good here...<br /><br />On the plus side, Anne Jeffreys is very sexy in her all-too-brief parts of this film. Not sure if it is actually her singing, or someone else, but whoever it was had a very pretty voice. Ms. Jeffreys also had a couple of nice acting moments. The script needed either a lot more of her, or to remove her character altogether. As it was, her nice few moments weren't enough to help the film.<br /><br />Lastly, there is Mr. Scott. He looks fantastic in this film and is the no-nonsense lawman out to set things right. Some folks complain that his characters prior to 1950 were too goody-goody perfect, but that's never bothered me at all. I'll take him goody-goody pre-1950, or gritty and violent post-1950...either way, Randolph Scott was a real Western hero.<br /><br />It saddens me to have to say it, but I would have to recommend passing this film by, unless you are a die-hard fan...there are so many better Scott films out there that this one won't be missed.",negative
"I think that there was too much action in the end? Don't you think that too? There was romance, adventure that just like told me to put 9 to this movie but action place was too long. I liked Reeve a bit. I didn't understand why did he have to die. I thought that one of the girls gonna die too but my lucky! No one else who I liked didn't die! How about you? What did you liked? I saw the movie twice actually. And after that I bought that too. It was worth it! Who did you liked best (person)?. The book was really, really, really cool. And the actresses and actors too. Everything was perfect....... What was the song name in the end? Will someone answer my questions too... PLEASE, please please?",positive
"Telling the story wouldn't be the point at all, would it? Barnens ö, spelled almost like ""booné aww"" is the title for that brilliant novel of the late seventies that shocked a lot of people, including myself.<br /><br />Children's Island is the title, and what an island. In the book, Raine, the main character has The Guiness World Record Book as his own Bible. And he's keen on breaking new records himself. In particular the youngest person under water for three minutes.<br /><br />The story is, as most Swedish films and books of the time, deep, consciously provocative and awe inspiring. Bergman was beginning his final film and Cries and Whispers was barely out. expectations for any Swedish film were pretty high. They taught us then that great theatre, great actors, superb writers and gifted directors made a veritable team of perfection in cinema.<br /><br />All this said, Barnens Ö is a story of discovery. It is, too, a story of alienation: cities are alienating and living in one of them make us aliens to most of its residents. It is a story of revelations and sudden encounters with our own destiny. It is a film of overwhelming hope and desperation. Of feelings buried under layers and layers of isolation and insulation from a world that couldn't care less...<br /><br />This approach, in itself, is a pretty difficult way to weave a convincing narrative. Here, the masterful guidance of Kay Pollak on Ola Olsson's script of P C Jersilds novel, turns it not only in a possibility, but in one of those master pieces of cinema.<br /><br />I may disagree a bit with someone who said that this work was all but forgotten. It is not. Even as I write this in 2009, discussions on P C Jersild's story are conducted all over the world, and the film shown at many film schools and small theatres.<br /><br />Why? Waxing philosophical on all of it would be difficult and many have already done it scholarly through writing and lectures. The reason why Barnens Ö was and IS a special story is the cosy feeling you get from the start when you discover that everything is told through the eyes of a small child. And that's where it ends, too. Maybe it's a clinical view, as someone else pointed out. But deeply disturbing, moving and satisfying. The concept is deep: as long as we have no pubic hair, we still can live one more day as an angel. Afterwards, we'll become what Raine reflects as the colophon of his experiences: ""Men are Pigs"". He finds his fears when he's fearless. He finds love when the world is crumbling around him. He discovers a reason not to behave like the grown-ups because he refrains from committing crimes. He let go his inner purity and confidence in others without reservation, just to learn how rotten the soul of a man can be.<br /><br />Where love is expected, he finds hatred. Where compassion is needed, he finds suspicion and cold hearts. It's a film of metaphors. A film to think and to raise questions that are hard to ask but harder to answer.<br /><br />In the end, the satisfaction of witnessing such a superb work (that really upped the ante for any other Swedish film after) is a ride of joy and hope. Be aware that it is a film full with the dark side of our nature. But, alas!, a film of hope and deep joy. Reine will still be an Island in Stockholm, but there is the big hope of living today in full, even when we found our first signs of sexual maturity show.",positive
"Good attempt at tackling the unconventional topic of May-December romances. However, the treatment is totally unrealistic. Sure, sixty-year old men can and do fall for younger women, but they're usually adult women with whom they share common interests and values and viewpoints ... not neurotic, immature near-underage girls. Of course there are exceptions, and they come close to being called pedophiles! Sorry RGV, but it's not credible that a sane and accomplished sexagenarian would throw away a comfortable family life and become a joke to his peers ... all for an 18-yr old that doesn't have a practical thought in her head and that behaves like an unstable escapee from a mental institution. You don't have to have a PhD in Psychology to see that Amitabh's character is seduced by sex, and that the young woman has unresolved abandonment and daddy issues.<br /><br />As for the recurring scene of Vijay perched on the edge of a cliff, contemplating suicide, that's about as close as he comes to having anything in common with Jiah, by behaving like a smitten teenage boy.<br /><br />On a positive note: the actors did a good job, and cinematography good.",negative
"This is one great show, that it makes me wonder why it got pulled off the air so many times. But I believe its now here to stay! This show cant compare to any other, Before Simpsons was pretty ""on the edge"" and than came Family Guy, and they are stretching it out to go off the ""edge"". The things this show gets away with is incredible. Totally work the watch! If you like the Simpsons you will LOVE Family guy!",positive
"Kathy Ireland: the body of a goddess, the face of an angel, the voice of a Smurf.<br /><br />And the acting talent of a shovel full of calcite. If you don't believe me, check this out: ""Alien from L.A."" actually depends on her to act throughout 9/10 of the movie! Sure, she ends up in a nice red bikini top and a wrap-around skirt near the end, but that's too little (so to speak) too late. <br /><br />Seems Ireland plays the daughter of a renowned scientist who falls down into the center of the earth to find him. Along the way, she falls for a guy named Charmin (yes, like the toilet paper - make your own jokes) and finds out how ""Mad Max"" rejects live. Did you know that people that live down deep in the earth have Austrailian accents? Neither did I.<br /><br />It's bad (it was MST'd, after all) and also a Golan-Globus production but after all is said and done, Ireland just basically looks lost, like she's trying to find where the photographers are so she can do a photo shoot instead.<br /><br />And I don't blame her.<br /><br />One star. And if you insist on watching this, do so with the sound turned off - save your eardrums.",negative
"Stories about the possibility of a post-apocalyptic future have been around for ages, since the very creation of science-fiction as a genre per se. The fact that today's society is responsible for what may become of the future in the near tomorrow, and that our own abuses and refusals to see what is right before out eyes are at the very center of all of these stories, whether they are good or bad.<br /><br />Terry Gilliam of course is a natural for this kind of film. He gives the movie a decadent feel throughout, showing a society run ragged by its own excesses and bringing forth the a sense of imminent tragedy despite having moments of comedy. His world, the world in which TWELVE MONKEYS transpires, is a place where the mad run wild, where cities are collapsing in filth and neglect, where everything reeks of foreboding despite the luminosity of the opening sequence, where madness looms at every corner. This is a very dark movie, but his very best, most linear (despite the plot twists which hold up under examination), and one which gets better with repeated viewings.<br /><br />A tragic event in which a deadly virus was unleashed onto humanity in 1996 and thus led to the extermination of Life On The Planet As We Have Known It leads to scientists of the future to try and make amends to change humanity's fate on the Earth by employing renegade citizens -- the scum of the Earth -- as guinea pigs to go back in time, among them one James Cole (underplayed to great effect by Bruce Willis). Cole could be any person. We don't know anything about him, but in a way, that doesn't matter since he is little more than one of many expendable volunteers and hints of his character sneak in later as he gets closer to fulfilling his mission. What we do know is that he is a man who dreams, and his dreams may have been reality: he may have already been at the scene of the Event of 1996.<br /><br />It's this constant sense of deja vu that keeps popping up throughout the movie. When taken to a mental ward by mistake in 1990 he meets Jeffrey Goines (spastically played by Brad Pitt, Oscar-nominated here) who frantically spews forth talk about doom and destruction, and later Cole believes he has seen Goines in his recurring dream as a man pushing a boy aside while escaping... what? He doesn't know. Later he meets a psychologist, Kathryn Railly (Madeleine Stowe), and one of her first reactions to him is that he's insane, and that she's seen him before. This becomes a running notion throughout her participation in this story from passive/resistant to active and even slightly crazy believer that Something Terrible is coming This Way, especially when she meets him six years later: she has seen Cole before. At the same time, Cole continues talking about a dream he keeps having in which she also plays a part as a blonde woman running down the aisle, screaming for help, after shots have rung out and a particular red-headed man in a ponytail (Jeffrey Goines?) has apparently escaped, not before pushing the little boy who is an innocent bystander. The questions arise: have these events happened? Are they going to happen? Who is really a part of this, or better yet -- is everyone, down to the smallest player, a part of a Greater Plot? Or is this all some trick in the fabric of time in which Time in itself is one huge conveyor belt showing repetitions of fragments of events that slide by over and over again? <br /><br />These questions are formulated in a masterful sequence which includes key scenes of Alfred Hitchcock's masterpiece VERTIGO in which Madeleine Elster/Judy Barton mourns her own brief existence (""You took no notice,"" she says, as Cole and Railly watch from their seats in the movie theatre they are hiding in). Snippets of dialog from VERTIGO form a foil to the dialog between Railly and Cole and later, when Cole awakens from having apparently dozed off in the theatre and goes looking for Railly, he comes face-to-face with her in disguise (looking almost exactly like Eva Maria Saint from NORTH BY NORTHWEST) as the swelling Bernard Herrmann score plays the emergence of Judy Barton, dressed as Madeleine Elster. It's a fascinating sequence, more so because of the most improbable occurrence of the names of the actors in both films: Madeleine Stowe plays Kathryn Railly who dons a blond wig and grey trench-coat and calls herself ""Judy Simmons"" while helping an ""insane"" man named James Cole; James Stewart plays a detective who tries to help ""insane"" Madeleine Elster who will later re-appear not once, but twice, first as brunette Judy Barton, and later, as Madeleine. Action and re-enaction, play and re-play.",positive
"Someone(or, something thing..)is leaving puncture marks on the jugular and draining victims of their blood till dead. Police detective Karl Brettschneider(Melvyn Douglas, before slipping out of the B-movie horror genre for greater heights)is stumped at who..or what..is behind these notorious crimes. The village is overcome by hysteria and Karl depends on his trusted medical genius, Dr. Otto von Niemann(Lionel Atwill, in yet another effective mad scientist role)to provide some feedback as to what might be causing the deaths of innocents. He also fears for the safety of his beloved Ruth(the lovely Fay Wray who stars for the third time with Atwill after ""Doctor X"" & ""The Mystery of the Wax Museum"")who is Niemann's assistant.<br /><br />Dwight Frye steals the film as a rather loony village idiot who collects bats and carries a demented demeanor wherever he goes..it's easy to see why he becomes a suspect as local paranoia is at a fever pitch. Maude Eburne provides the film's humor as a very naive(..and easily influenced)patient of von Niemann's who believes she has ailments she reads about in books near the laboratory where he works. She's impressionable and often von Niemann just humors her and constant fictional illnesses she feels plagued with. Lionel Belmore returns as yet another frightened, superstitious Bürgermeister.<br /><br />Creaky, static, but rather entertaining nonetheless thanks to the cast. The film is obviously as low-budget as they come, but this doesn't hurt the film too much since it's put together rather well by director Frank R Strayer and his crew. I'm certain the film's print has seen better days, though. This is the kind of B-horror item you'd find packaged in with 50 other random cheesefests and poverty row programmers. The film's villain..and his motives for feeding a synthetically made biological creature..certainly provides a different take on the Frankenstein formula. Many might be disappointed with the end results as the film strays away from being an actual supernatural tale about a real vampire killer causing the murders.",positive
"""The Bourne Ultimatum"" begins recklessly mid-chase and in pulse-pounding fashion explodes from there as Jason Bourne (Matt Damon, absolutely superb) tracks down the masterminds behind the CIA black-ops that turned him into the perfect killer in a final attempt to learn his true identity. A devastatingly icy David Strathairn as the ""man behind the curtain"" is added to the returning cast of regulars including Joan Allen (excellent) and Julia Stiles (non-existent).<br /><br />Like the second entry in the series, I wished Paul Greengrass' shaky hand-held camera would go static at least for the few minutes of downtime. However, that being said, it's a perfect way to capture the tense, claustrophobic feel of the intimate hand-to-hand-combat scenes and works equally well in the chase scenes which are mostly on foot and across rooftops with the occasional big car pile-up. Part of the fun of the Bourne series is the constant globe-hopping and manipulation of technology and communications that seem to defy the laws of physics and current capabilities. The Bourne films seem to exist in some sort of gritty hyper-reality that is full of technological-based magic. It makes no sense that everyone seems to be just in the right place at the right time, but I'll be damned if it isn't a blast to watch them get there.<br /><br />With the absence of the emotive and involving Franka Potente, the writers attempt to create some emotional connection between Damon and Stiles, but she is so blank-faced an actress it never really leads to anything. Still, this can be forgiven, for unlike the ""Identity"" and the ""Supremacy"", this ""Ultimatum"" reveals all and we finally learn the truth about Bourne's past. It's an entertaining and satisfying conclusion to the series, and if they have any good sense, and Damon gets his wish, this will be the perfect end to it.",positive
I don't know who could find fault with a simply human and funny film like this with lots of delights for your heart. I enjoyed each minute of it and guessed the ending half way through the movie -- but that did not disappoint me at all. It will not only touch your heart but it's such a good family friendly film--we need many more like these!,positive
"I was first introduced to this movie while in San Antonio, Tx. This movie was the 2nd. in a double feature. Unfortunately, the theater where I saw this was torn down. Anyways, Five Fingers of Death (aka: King Boxer), was released in 1972 and introduced in the U.S. the following year. Like a lot of ""other"" Kung-Fu movies released while riding on the ""coat-tails"" of Enter the Dragon, this particular movie actually was pretty good. It's the story of a country boy who is sent to a martial arts institute to better himself & his fighting skills. Meanwhile, the ""opponent"" martial arts school plans & scheme to thwart our hero, utilizing dirty tactics to try to throw him off track & try to prevent him from participating in the tournament. By surprise, I had thought since Warner Bros. distributed this movie in the U.S., Warner Bros. was going to issue a DVD. It never happened. As far as I know, this movie has been released in both English & Cantonise, w/sub-titles.....the latter a more ""cleaner & clearer"" version. Although the fighting sequences are a bit funny to watch (i.e.: flying in air & hitting, jumping on buildings, a fighter using his head....literally....to hit his opponent, etc.), nonetheless, it's classic kung-fu action wonderfully planned & executed. If you like Enter the Dragon, Five Fingers of Death would be an excellent addition to any Movie collection.....if you can find it.",positive
"I'm sure that Operations Dames was a favorite at the drive-ins back in the day. There's absolutely nothing in the way of a plot that you might miss if you were otherwise preoccupied. And if you needed to get in the mood for other activities you did have some curvaceous cuties on screen to get you in the mood.<br /><br />Otherwise there ain't a whole lot that Operations Dames has going for it. It's set in the Korean War where a platoon of GIs together with a British tommy gets a little too far forward and has to get back to the UN lines. Bad enough already, but these guys also come across a stranded bunch of USO girls and their choreographer in the same predicament.<br /><br />You know what's sad about this film is that it took women generations to finally get accepted in the Army and in combat situations. These bimbos from the USO set women's liberation back light years. In fact not even the hard bitten professional soldier who is the sergeant in charge of these men can keep it in his pants.<br /><br />But that was probably the better to remind some what they were at the drive-in for. This no name cast is better off with me not recognizing any of them for any individual effort.<br /><br />Operations Dames is definitely a team flop.",negative
"Blue monkey is actually mentioned in the film but not in any way that makes any possible sense. At one point,some kids are wandering thru the deeper levels, exploring. <br /><br />They begin to discuss what they'll find down there and one of them (a girl) says she bets they'll find a blue monkey.<br /><br />Yes, thats it. Totally inconsequential to the story, the only sad connection to the title, and no idea why she would suppose she'd find a blue monkey in a hospital's basement.<br /><br />I'm embarrassed for having remembered it but somebody had to remember I suppose!",negative
"The movie doesn't take itself seriously, and if you follow its lead you're going to have a lot of fun (as long as you don't mind your murders served up really bloody, and your horror topped with extra cheese)!<br /><br />This film winks an eye at every horror fan, and then gives them the finger. It knows it sucks, and because of that, it's far and away the best of the ""Child's Play"" series. <br /><br />It plays up the ""stoopid humor"" angle so well, you find yourself doing more than just laughing AT it, but WITH it. And, trust me, the whole time you're laughing, it's laughing back atcha.<br /><br />",positive
"Stanley Kramer directs an action thriller and leaves out two key things: action and thrills. THE DOMINO PRINCIPLE features Gene Hackman as a convict sprung from prison in order to perform some mysterious task. Richard Widmark, Edward Albert, and Eli Wallach are his operatives --- they presumably work for the government, but that, like most of the movie's plot line, is never made clear. Hackman asks a lot of questions that NEVER get answered so the film goes absolutely nowhere. While it strives to be like NIGHT MOVES and THE PARALLAX VIEW, THE DOMINO PRINCIPLE mixes up ambiguity and mystery with confusion and boredom. The film is extremely well photographed but even that works against it. Kramer's direction is devoid of any style. It's a very sunny movie!<br /><br />The acting is fine with Hackman proving he's pretty much incapable of being bad. Widmark and Wallach are suitably nasty and Albert is well cast as Widmark's cruel lackey. Even the usually obnoxious Mickey Rooney is pretty good as Hackman's sidekick. One oddity however is the casting of Candice Bergen as Hackman's wife. We're told she's done time in prison and she seems to be trying to put on some sort of southern twang. Kramer's idea of making her appear to be trailer trash is to have her wear an ugly brown wig. It's a role better suited for the likes of Valerie Perrine or Susan Tyrell.",negative
"I really like Harrison Ford so I eagerly rented this movie only to be disappointed minute after minute. Mr. Ford seemed to be walking through very warm water looking for a place to urinate. His co-star was very good and had the better lines. The story intrigued me but the mistake - BIG MISTAKE - as everyone is identified via driver's license or passport before they board any american commercial aircraft left numerous plot questions in my mind. <br /><br />I could have cared less about these people. In fact, the sub-plot of the Internal Affairs investigation was more interesting than the two lovers killed while flying first class to Miami.<br /><br />I am disappointed in the director, Sydney Pollack who gave us the classic Tootsie and other films. This one is a waste of time and energy.",negative
"Muscular 'scientists', unpleasantly thin females in swimsuits, lots of beer drinking.. Yet it's too long to be a beer commercial. Oh, okay, there's some plot about a big shark-like monster that's killing people and stuff. But it's nothing you haven't seen before.",negative
This is a rotten movie.The cast seem to know just how bad it was.it starts badly and by the end is truly bad.the acting is woeful.the script could of been written on the spot.and although the movie is a horror film it has no scary scenes.Crap 1 out of 10,negative
I have to say I quite enjoyed Soldier. Russell was very good as this trained psychopath rediscovering his humanity. Very watchable and nowhere near as bad as I'd been led to believe. Yes it has problems but provides its share of entertainment.,positive
"Apparently, a massive head wound is the cure for homicidal tendencies, turning a murderous sociopath into a lovable and oafish dog catcher. Also (this ones for the ladies), it seems that the front gate of a psychiatric hospital is an overlooked hot spot for meeting potential mates. Those are just two of the approximately 23 absurdities we're supposed to accept for this movie to have any meaning. I love movies and I believed, as I'm assuming many Americans do (forgive me if I'm wrong), that Hollywood turned out the best product. I've come to learn how sadly naive and brainwashed I was and 2) how much more sophisticated European/Asian Cinema is in comparison to its American counterpart.<br /><br />I watched this allegedly disturbing psychological ""thriller"" the night following a viewing of a Japanese movie called Suicide Club. As the camera faded on Walter Sparrow's happy little family enjoying some quality time around a prison visiting room table (not to mention the patronizing voice-over extolling the virtue of ""doing the right thing""), I suddenly had an epiphany. I had just finished watching a movie that left me feeling as though I'd just had a glass of water when I really wanted a beer. My thirst was sated, but it was strictly utilitarian. The premise was mildly interesting, but the story itself, with its innumerable ""coincidences"" (How do we explain her finding the book? We'll just say something like,""...Or did the book find her?."" They'll buy that), gaping plot holes (why did wifey take the skeleton?), predictability, and obligatory happy ending, turned out to be just another Hollywood hack job. Additionally, the casting of Jim Carrey was justwrong. At any moment, I felt he was capable of breaking into some shtick from one of his stupid comedies or In Living Color. Jim Carrey as a tattooed hard-boiled police detective who enjoys bondage and rough sex? Didn't buy it for a second.<br /><br />You want disturbing? Deeply disturbing? Watch Suicide Club. The story surrounds the mysterious mass suicide of 54 school girls. The film opens with a group of giggling high schoolers mulling about on a subway train platform. We then watch in horror as they line up, hold hands, and happily throw themselves in front of a fast moving commuter train. Needless to say, much chaos ensues. That's as far as I'm going to go with the story line because I encourage the reader to see the film. In fact, I'm not sure if I could outline the plot even if I wanted to. What begins as a straightforward mystery quickly descends into a madhouse of grotesque imagery. Did I understand the movie? Nonot initiallylike many of the foreign films my girlfriend has introduced me to. So naturally, I thought it was ""bad."" But this one lingered in my mind. I went to bed thinking on the film and awoke the next morning and looked it up on IMDb. I read some of the viewer comments and was astonished at 1) the insights others had derived from the film and 2) the fact that I had so thoroughly missed the whole point of the movie. I realized that I was so used to being spoon fed the ""message"" from Hollywood, that when confronted with a film that actually required the viewer to participateto actually think for themselves, I was totally unequipped. It's as if I had been conditioned to ""check my brain at the door"" of the theater.<br /><br />Am I saying that Suicide Club is the greatest movie ever made? Of course not. It has its flaws, many of which were reported adroitly by the IMDb reviewers. Am I saying that all American movies are bad and all foreign movies are good? Againof course not. My point is that there's a whole world of film-making outside of Hollywooda body of work that engages the viewer; forces them to think and questionmovies that don't telegraph plot twists, follow a strict linear sequence, and above all, don't insult the intelligence of the person watching. I look forward to expanding my mind while exploring this new world of film that doesn't ""do the thinking for me.""",negative
"Tripping Over. I must say at first I was a little disappointed in the first few episodes, but having faith in the show, and Abe Forsythe's unquestionable talent, I continued to watch. I can safely say I'm now glad that I did. The story did develop quite well, and all the characters have a strong base, and most don't have any information missing.<br /><br />The only thing I can fault in this production is the somewhat annoying voice and pronunciation possessed by the character Lizzie.<br /><br />Some good acting coupled with a stellar plot really gets this show over the line. Here's to hoping for another season!",positive
"Rob Roy is and underrated epic of passion and action!SOME MILD SPOILERS WITHIN. Liam Neeson gives a towering performance as Rob Roy MacGregor,one of the best in his career.Jessica Lange is letter-perfect as his wife Mary.They have the most passion and chemistry I've seen in a screen couple.John Hurt gives his best snotty aristocrat performance.Tim Roth portrays one of the great screen villains.His rape of Mary is repugnant and harrowing.He really is a magnificent bastard in this movie.The final duel between Rob and Cunningham is one of the best swordfights ever.Well scripted ans scored,and Michael Caton-Jones direction is flawless. 10 out of 10.",positive
"Love trap is a ""must see"" independent film. When I sat down to watch the movie, I came in with low expectations, but left with a blessing. The story is poetic, substantive, and creative. The writer pulls you in further and further which each scene, allowing you to relate to the realistic characters that every one can identify with. The movie allowed me to reflect on my life and what I consider love to be. The movie displayed what love really is, action not emotion. I was also impressed with the quality of the cinematography and the soundtrack of the movie. The entire presentation surpassed my expectations. I give the movie two big thumbs up and recommend it to everyone of all ages and all backgrounds.",positive
"This movie is terrible. A true hockey fan would have to assume that the people that appeared in and produced this movie never played or watched a real hockey game. I got this hoping that it would be a ""guy movie"", but the only people that would probably enjoy this movie are females between the ages of 13-17. The hockey scenes are terrible, defensemen playing like they're 5 years old, goalies diving at shots that are 10 feet wide of the net, etc. It's so difficult to predict the end of this movie, though!! For those who have seen it, who would have guessed?? For those that haven't seen it, don't waste your time!<br /><br />I figured it out less than halfway through the movie. To call this movie a drama is ridiculous!!",negative
"I really didn't like this film. The plot was very predictable. Typical American plot, I'm sorry. Guy gets the girl kind of thing at the end. And London has a Monorail? Bank of London??? Bank of England is what it really is!! - I did however like the look of Tracy Island and the Thunderbirds themselves. And the Brits were baddies? (apart from Parker and Lady Penelope) What was up with that? Oh and they kept on saying stuff like ""Here come 'The Thunderbirds'"" - but it was never known as 'The Thunderbirds' in the series, why do that?? I'd like to see this re-made in 20 years with more British cast. I preferred the original series. Sorry!",negative
"This is an OK film but lacks any real depth either emotionally or in terms of story telling.<br /><br />The story is based on real events and this limits the amount of action to virtually none, also no real suspense.<br /><br />Washington is believable in the lead but he is sleep walking through it, there is no scope to flex any acting muscles for him or the supporting cast.<br /><br />The story simply falls a little flat, even having never heard of the title character the ending was obvious but unlike other films about such injustices this one has no emotional impact, you don't really care about him and the motivations of those on the outside helping seem more academic than concerned for his welfare.<br /><br />There is an attempt to inject some emotion using the boy outside who hero worships Carter but this seems forced.<br /><br />It's an OK film but instantly forgettable.",negative
"Take this movie for what it is, not a remake, but a completely different approach to the same concept. It's not an epic like the original, it's more of a popcorn thriller. Visually, it's incredible. Everything else was just OK. <br /><br />For what it is, I think the movie is awesome, but I like everything Burton has done. People need to calm down and stop acting like it's the end of the world b/c of this movie. It wasn't supposed to be a remake, and it's not. <br /><br />The ending was cool. . I took it as a parallel universe.",positive
"Isabelle Huppert portrays a talented female piano teacher who is staid, unfriendly and distant in public, and bitter towards her students. Privately, she seethes with violence and frustration, and her sexual life is solitary and perverse. She lives with her overbearing mother, who obsessively drives her to become noticed (and so advance in life) as a talented pianist. The key to the characters of both mother and daughter is 'obsession.' These characters cannot change their impulses anymore than a rabbit caught in headlights can avoid death.<br /><br />The piano teacher meets a young, attractive, talented pianist who from the beginning is attracted to her. They start a relationship in the most unconventional way, but from the outset she makes perverse and violent terms that he must perform on her, which sickens him enough to want to terminate the relationship before it has really begun.<br /><br />The film ties itself to the female lead. Isabelle Huppert amazes with a brutal, completely convincing performance as the piano teacher. She cleverly shows a woman who is drawn to beauty and perversion, but her violence is fed by her perverted impulses. As a film that is so character driven, you know it would not work half as well, had she acted poorly.<br /><br />This is powerful, intelligently acted, and intelligently and sensitively adapted from the novel. The camera work also suits the film. There are what I can only think to call, framing shots where the director holds a scene and forces the eye to dart about. This is done extremely effectively against a blank bathroom wall, and is a further testament to the director's mastery.<br /><br />Expect to be disturbed and sickened by this film. But, be brave - have the guts to go and see it. This is a very private look into essentially one person's life, but do not expect to be entertained in the Hollywood sense....there are no car chases in this film!",positive
"This show is actually pretty good. Like all shows on TV, it has its good episodes and its bad ones.<br /><br />I have read where people compare this show to Married with Children, and I suppose it is a similar show for the new generation. However, because of what was expected and allowed on TV in the days of Married with Children, that show was taken to great extremes to show that it was in fact, a television show, and not meant to be take seriously.<br /><br />The War at Home has the luxury of being a bit more realistic. The parents talk to each other like real life parents often do, telling their children one thing, when they will turn around and do the opposite.<br /><br />Sure, some of the content can be considered controversial. But I find this show really tries to maintain a sense of honesty. Like it or not, there are a lot of families out there just like this one.<br /><br />Every episode does teach a 'valuable lesson'. Its just that sometimes the lesson is that you will not find a perfect solution for every problem that a family may encounter, and sometimes the solution is to pick the lesser of two evils. We all know that in some cases, as a parent, the only goal you can have is to keep your kids out of really big trouble, and hope that they learn right from wrong.<br /><br />I respect the writers for attempting to keep the show true to life, instead of having some magical ending like the Cleaver family always had.",positive
"""Scarecrow Gone Wild: He's the Death of the Party!"" Need I say more? Scarecrow gone wild got four out of ten stars from me for one simple reason: aside from the terrible acting, plot holes, cheap special effects, and anti-climactic whistling, it was cinematic gold! I think that this movie could have actually been really good, had the scarecrow turned out to be the baseball coach (as portrayed by the ever-so-brilliant Ken Shamrock). But then again, they would have had to cut those AWESOME ""Return of the Jedi"" electricity special effects.<br /><br />While watching this movie, my friends and I were convinced that it was in fact written by one of our friends, a stereotypical teen-aged boy. This movie has topless women, miserably fake gore, and dialog that could not have talked its way out of a paper bag, or in this case, a cornfield.<br /><br />If I could ask the filmmaker one thing, it would be this; ""How much did you have to pay the teenager that wrote this for you?""",negative
"I found this movie on Netflix and had to add it to my queue. I wasn't disappointed when I got it as it's just as funny now as when I saw it at a local drive-in theater back then.<br /><br />It builds to a climax nicely with you getting glimpses of the various characters as they begin their trip across America on the ""Honky Tonk Freeway, America on wheels."" This was a strange comedic role for William DeVane as I remember him as Kennedy in the 1974 TV film ""The Missiles of October"" and felt no one could have pulled that dramatic character off as well as he did.<br /><br />It reminds me a bit of Dick Van Dyke in ""Cold Turkey' where Van Dyke played the local minister. DeVane's role as mayor, minister, and activist was typical for small towns so it makes his character seem amusing and real.<br /><br />Howard Hessman and Teri Garr as the spoiled family in the RV was on target for the time as well. Anyone who has traveled across country with small children, (Are we there yet?) will appreciate those scenes.<br /><br />The scenes of a small town struggling to survive reminded me a lot of the small town I grew up in but they handled it with the charm and humor that you often only saw in small towns. It's sad that many small towns disappeared because of the freeway system and it gives a realistic if humorous view of what they had to do to survive. (Used zoo animals anyone?)<br /><br />All in all, it's a lightweight comedy with no particular message but a humorous glance at America during the early 80's. Well worth watching if you just need a bit of good cheer.",positive
"Well, I tend to watch films for one of three reasons. Unfortunately, there are no Transformers in this film, so I can recommend it only on comedy value and pretty women (read girls)<br /><br />Yes, it is funny, I know this due to the number of people in the cinema who were laughing on a regular basis throughout. Personally though, I loved it for Laura Fraser, who IMHO is FIT!",positive
"Bridges's drama about a reporter who discovers some flaws in the safety precautions taken at a nuclear powerplant is directed well and a pretty interesting film from the late 70s. Its not amazing, but its solid, the acting is pretty good especially Jack lemmon, but Douglas and Fonda were good too. It was a pretty good screenplay and Bridges's direction was solid and suitable. This is definitely not one of the best films of the 70s, but its one of the better ones. A good early Michael Douglas film and Lemmon in his prime.--- IMDb Rating: 7.2, my rating:, so in simple words, solid but not amazing... thats what this film is, solid but not amazing 8/10",positive
"I appreciate movies like this: smart and well-crafted, entertaining, absorbing, well-acted and nicely directed. Nobody -- even Pacino -- is chewing the scenery*, trying to stand out; one of the film's most effective moments (Aielo pulling over at his beloved off ramp) is chilling precisely because of its restraint.<br /><br />Not as good as, say, QUIZ SHOW, CITY HALL is of a similar cloth: engaging the mind as well as eye, ear, and heart. Why such well-hewn entertainment flops at the box office is anybody's guess.<br /><br />*You know, Pacino does chew it up in one particular scene, but precisely because it's required. Great scene, too.",positive
"I respect Alex Cox the filmmaker, I really do. He's like the kid at school who you think at first is just trying a little too hard to be ""different"", a literary punk-rocker who has dipped more than his feet into spaghetti westerns and science fiction and fringe-culture and come out into the world ready to take s*** on... but then you see what he can actually do, the talent and raw feverish artistry and moments of true absurd hilarity capable of him, and you are ready to see whatever he has to offer. But there's two sides to his proverbial coin: he can either really hit it out of the park (Repo Man, Sid & Nancy, Walker arguably) or just try just a little too hard and pull way too many pretentious rabbits out of the hat (Straight to Hell). Death and the Compass falls into the latter category, and while I respect its (mostly) original approach to tackling a detective-killer story, it too falls on its face and its weirdness becomes oddly dull.<br /><br />It has a strange enough set-up and already irreverent style to follow: a detective, Erik Lonnrot, is after a killer with a hell-fire voice, Red (something), and it seems that the killer is leaving disturbing clues with his victims: scrawled in blood on the walls are messages that, according to eyewitness Alonso Zunz (Christopher Eccleston looking as if he just walked off Shallow Grave without changing his look) has religious significance in the Kabbalah. We follow Lonnrot on his case, and his methods of going after the perp, which include following at first a triangular and then compass-shaped pattern on the map- this despite the protests of the flabbergasted Commissioner Treviranus (Miguel Sandoval), who also looks back in flash-forwards sitting at a desk and speaking to the audience in garbled but sad descriptions of his former employee and colleague after the fact of the case.<br /><br />Oh, Cox has his moments of creativity and interest, such as a shot where we see the entire scope of the harrowing depths of the police station where Eccleston's character is taken in by handcuffs (""For his own protection"" says Lonnrot in case of getting lost in the wrong room) and we're followed in a long tracking shot- maybe the best or just most curious- where we're taken through very dark hallways with very little direction, lost in the maze of turns and oddities among the characters. And it's never something that isn't fascinating to *look* at, with Miguel Garzon's cinematography a morbid delight. But The plot goes through hoola-hoops to keep things so off-beat it might as well be beat-less all-together. The performances, save for a confident Boyle and for Eccleston at the very end, are pretty bad, especially Sandoval who just seems to squirm in his seat reciting the goofy dialog given to him to speak at the audience.<br /><br />While the murder plot itself contains an intention for the audience that this isn't something we've seen before, that it's in a society with a good many rioters and architecture suggesting Alphaville's next decrepit wave, it too fizzle's out very quickly. What's the conflict here? I was never that much engaged with Boyle's own personal mission to find this killer, and only mildly caught up in the few flashes of deranged scenes of the killer (and/or killers) going after people like in the building early on (Cox himself has an amusing cameo). And just when I started to think it was leading up to something spectacular, with Boyle and Eccleston in that big (""not as big as you think"") building in the South section of the city, it suddenly gives us a ""TWIST"" that we know in the back of our minds is coming but hope isn't, and it deflates any of the humdrum mystery it's been leading up to. For all of Cox's uncanny touches as a filmmaker, for all of his opposition to spoon-feeding the audience with a 'conventional' approach, which I do respect, Death and the Compass ultimately cuts one off at the brain-stem; it's masturbatory.",negative
"I totally agree. This is ""Pitch Black underground"" and a well worn plot. The best scenes I thought were the divers exploring the caves, going through impossible subterranean passageways, some of them were heart pounding. The scenery was great. Had they dispensed with the staple ""alien"" toothy CGI badboys entirely the movie would have been much better. All they would have had to do is never show any monsters at all but have everyone wondering, and follow Jack's descent into madness, and this might have been a top rate hitchcock-style thriller, maybe award material. The acting isn't bad. But those rubber bats just reduce it to standard fare.",negative
"POSSIBLE SPOILERS<br /><br />The Spy Who Shagged Me is a muchly overrated and over-hyped sequel. International Man of Mystery came straight out of the blue. It was a lone star that few people had heard of. But it was stunningly original, had sophisticated humour and ample humour, always kept in good taste, and had a brilliant cast. The Spy Who Shagged Me was a lot more commercially advertised and hyped about.<br /><br />OK I'll admit, the first time I saw this film I thought it was very funny, but it's only after watching it two or three times that you see all the flaws. The acting was OK, but Heather Graham cannot act. Her performance didn't seem very convincing and she wasn't near as good as Liz Hurley was in the first one. Those characters who bloomed in the first one, (Scott Evil, Number 2 etc.) are thrown into the background hear and don't get many stand-alone scenes. The film is simply overrun with cameos.<br /><br />In particular, I hated the way they totally disregarded some of the scenes in IMOM. When they killed off Vanessa at the start and had Basil sat that he knew she was a fembot all along. What was the point of that? They killed off Number 2 in the first one, and now they bring him back with no explanation whatsoever. This is supposed to be a spy-spoof, I don't think any of the characters even hold a gun in the film. It just goes on a trail, further and further away from the point.<br /><br />The new characters are very unwelcome. The whole Mini-Me `make fun of my size' joke gets old very quickly. Fat Bastard is just a lame excuse for gross-out humour. In total there's about two or three good jokes. The rest are either tasteless or rehashed from IMOM.<br /><br />If this were the first movie of the series then I'd probably be easier on it. But the series started on a note of dry wit and then plummeted down to a level of gross out humour. So I say, only watch this film if you haven't seen its predecessor, because The Spy Who Shagged Me is one ultimate disappointment.",negative
"To be brief, the story is paper thin and you can see the ending coming from a mile away, but Gene Kelly, Rita Hayworth, and an impossibly young Phil Silvers keep the movie afloat throughout and at times lift it right up into the air. A few of the songs are terrible clunkers (""Poor John"" is a train wreck) but most of them are great fun, and the scene of Hayworth performing on the absurdly huge set for Kelly's rival has to be seen to be believed. Another treat is the perfect faux-NYC sets in the best Hollywood tradition.<br /><br />Another attraction, if you consider such things attractions, is the howlingly awful male ""chivalry"" toward women. The oily leering and transparent obsequiousness that passed for male charm back then (in the movies, at least) is presented in its most lurid form here. Some of the men are about like a cartoon wolf.<br /><br />One minor disappointment is Eve Arden trapped in a role so minor that she barely has a chance to do anything. I can imagine a lot of potential comic interplay between her and Silvers--a missed opportunity.",positive
"Oh my god, this movie is incredible, it's the baddest movie ever and I know what I am talking about! I am a scary movies fan!<br /><br />The story is totally silly, a group of adults decide to make a party and a silly guy with an awful mask comes and kills everybody... the dialogs are a kind of parody, worst, they're just talking about sex with a so bad accent. The end is (oh!!!!!!) discover by yourself! you will be really really surprised... (not possible! yes it is!) and surprise the movie is just 58minutes. (not possible (bis) yes it is!) Worst than House IV and Howling V.<br /><br />To put it in a nutshell, forget it forever!!!",negative
"I watched this movie with my boyfriend, an avid hip-hop fan and he was really really looking forward to catch the ""soul"" vibe the movie claimed to have. Boy, we were dead wrong. When I finished watching the movie I felt two things: remorse and relief. Remorse because I regretted wasting my time to watch this awful piece of dung, and relief because I watched it free on cable.<br /><br />This movie really really gives a bad name to black people, by putting so much awful stereotypes that I believe all smart black people everywhere has been trying to spell off. I'm Asian, and I feel very very sorry and sick for those who made this movie. What more to say? Bad writing, even worse acting, and horrible storyline.<br /><br />Even if you're bored to death and has no other choice, don't watch this movie. Seriously. The movie really has nothing to offer, except if you want to see things like minor illegal drinking, animal slain, women degradation, and overall: A REALLY REALLY BAD-OBNOXIOUS-SICKENING-AWFUL MOVIE. Yuck.",negative
"It's not Citizen Kane, but it does deliver. Cleavage, and lots of it.<br /><br />Badly acted and directed, poorly scripted. Who cares? I didn't watch it for the dialog.",positive
"I must admit when I saw the preview for ""Inglorious Basterds"" I gave myself big expectations. THIS FILM DID NOT Disappoint.<br /><br />Rarely when I watch a movie with such high-expectations do I have those expectations met or exceeded; this film did that and more. Even more rarely do I clap at the end of a movie, this I and everyone else in the theater did.<br /><br />I have to say I am a little biased towards Quentin, I grew up with ""Pulp Fiction."" I watched it when I was 12 and it is still my favorite and most influential film.<br /><br />However, since then Quentin has not really lived up to his billing. His style was getting a little predictable instead of familiar, the quality honestly wasn't there (I never watched Jackie Brown, and then there's Grindhouse). That is until ""Inglorious Basterds."" What Quentin did was exactly what was needed for the war genre, a spaghetti western feel that could only be done by Tarantino or Sergio Leone, but seeing how Leone is dead, Tarantino's the self appointed guy on this masterpiece.<br /><br />So let's look at the movie which I won't give away. The writing was spot on, a beautiful transition between using not one but four different languages in this movie. Not to mention this movie was set up in the classic Tarantino mold, great scenes of rich meaningful dialog and sudden shocking action.<br /><br />The acting was superb!! Christopher Waltz deserves an Oscar, seriously. I don't say that often, but honestly the man should get one for this movie, he spoke every language in this movie, and delivered with such amazing touch and poise. He stole the show in a movie that everybody was amazingly impressive.<br /><br />I have no problem building this movie up, because this movie is the best film I've seen all year, and probably all of next year. Quite frankly the more I think about it, this movie may crack my top films of all time, and is Quentin's best movie since ""Pulp Fiction."" Take it from me, watch this film. I loved it doesn't do this movie enough justice.<br /><br />I watched it yesterday and I'm still blown away. Thank you Quentin from the bottom of my heart for you making this movie. You're back on top again buddy. I can't say enough for ""Inglorious Basterds!""",positive
"Average (and surprisingly tame) Fulci giallo which means it's still quite bad by normal standards, but redeemed by its solid build-up and some nice touches such as a neat time twist on the issues of visions and clairvoyance.<br /><br />The genre's well-known weaknesses are in full gear: banal dialogue, wooden acting, illogical plot points. And the finale goes on much too long, while the denouement proves to be a rather lame or shall I say: limp affair.<br /><br />Fulci's ironic handling of giallo norms is amusing, though. Yellow clues wherever you look.<br /><br />3 out of 10 limping killers",negative
"Interesting story about a soldier in a war who misses out on saving the life of a young girl from the enemy and is haunted by this event, even though he did save many other captive children. The film flashes a head and this soldier is now a teacher in a high school that is managed mostly by policemen patrolling the hallways, bathrooms and even class rooms. In other words, the High School is a prison and most of the kids pay very little attention to their teachers or principal. Dolph Lundgren,(Sam Decker) plays the soldier/school teacher and decides he is going to quit teaching and go into another field. However, the principal asks him to have a Detention Class as his last duty as a teacher. It is at this point in the film when all Hell breaks loose and the story becomes a complete BOMB. Try to enjoy it, if you decided to View IT !",negative
"First of all, I became dissy after watching this movie for five minutes (cause of the bas screenplay). I don't think this movie has any purpose. It's boring from the first minute to the last. I don't understand why this movie scores so high. I gave it 1/10 but actually it's not more wurth then 0/10.",negative
"If you enjoyed the TV Series, Diagnosis Murder, you'll love Murder 101. It's great to see Dick Van Dyke in a murder mystery again. If we're lucky, this one will be a start of a TV series or at least series of movies.<br /><br />This movie definitely had some great and notable actors filling the roles. But, it didn't feel like a ""face"" movie. It was really a story that drew you in making you forget about the fame of those on the screen.<br /><br />I made a guess as to the ending and was so pleasantly surprised at the end that I had to watch it again! This is a must see for any mystery buff or Dick Van Dyke lover!",positive
"The only way to get anything out of this film is to approach it as a comedy. Seen in that light, it does deliver. <br /><br />If you're looking for a serious movie, look somewhere else. This film has absolutely no depth and offers little more than a cursory and one dimensional examination of ""issues"" with no insight whatsoever.<br /><br />Making a movie about stereotypes and then making every single character in your movie a stereotype is an extremely poor strategy - especially when those same characters only break their hackneyed molds in predictable, stereotypical ways. <br /><br />Busta Rhymes and Ice Cube make the film almost watchable, and Michael Rappaport turns in a good performance, but the script is so awful and the social commentary is so trite, it's hard to find anything redeeming.",negative
"From all the rave reviews, we couldn't wait to see this show. We love wacky humor and creative material, especially from Australia and New Zealand.<br /><br />I admit this may not be a fair review since we only saw the first 15 minutes. But we just couldn't bear any more misery - it was definitely the most boring and painful 15 minutes we've ever experienced watching a TV show - it felt like 15 hours. The songs may be (mildly) interesting by themselves, but inserted for an interminable 3 minutes each in the middle of a story scene just doesn't work.<br /><br />We're trying hard now to erase the memory. If you want some wonderful down-under humor in a delightful and engaging film, see ""The Dish"" instead.",negative
"I understand ""Checking Out"" will likely be released in Theatres in the USA in June 2006, and on DVD in November 2006. My recommendation is to not miss ""Checking Out""!! This Comedy Film will entertain everyone, who will all relate to the characters, family relationships and multiple social issues that are portrayed. ""Checking Out"" will make you laugh throughout with quick fire clever humor built into almost every line, and may make you poignantly cry in a touching positive way as well. <br /><br />The subject of suicide is dealt with in a comical way, that at the same time may help people considering it understand the impacts this act may have on those their life has touched and on those who love them. Lets hope that ""Checking Out"" can have a positive impact and help prevent those considering suicide from acting it out, especially in the 16-25 age group that has the highest rate of suicide in the USA. <br /><br />The script is wonderfully written, perfectly casted, and loaded with synchronicity and meaningful flashbacks in time, whose significance become more apparent throughout the film and especially at the ending. I believe the script is worthy of an Academy Award Nomination for ""Best Screenplay, Play to a Movie"" ( The Phoenix Film Festival honored ""Checking Out"" with a ""Best Screenplay Award"" ).<br /><br />The cast is loaded with great actors that out do themselves, and have a long track record of great performances, acting award nominations and wins. I feel Peter Falk's performance in ""Checking Out"" is worthy of an Academy Award Nomination, and is the most challenging and wide ranging of his career. Laura San Giacomo's performance and chemistry with Peter Falk as her father is masterful, and was recognized at the Palm Beach International Film Festival with a ""Best Actress Award.""<br /><br />Even the teenage characters in the movie shine and are played by young acting phenoms Dan Byrd ( Movies: A Cinderalla Story with Hilary Duff; 3 Young Artist Award nominations, Won 1 ) and Mary Elizabeth Winstead ( TV: Monster Island, Wolf Lake, Passions, Touched by an Angel; 2 Young Star Nominations ).<br /><br />Director Jeff Hare and Producer Mark Lane wonderfully develop the characters, their interrelationships, and the story line of this entertaining, enjoyable yet complex script.<br /><br />The film editing keeps the pace of the film moving quickly, only appropriately slowing in the poignant scenes, so that the audience will never loose interest from the beginning to the end.<br /><br />Don't miss this film that you can take the whole family to see and all will enjoy it.",positive
"I first saw this film in the late 60's, and try to see it every time it comes on TV, which, unfortunately, isn't often. Now that I have TCM and FMC, I hope it will be on at least once a year. Like Louis Gossett Jr. in An Officer and A Gentleman, Jack Webb delivers an unbelievably great performance as a Parris Island Drill Sergeant with the classic screw-up recruit, and the story line in this one, though dated, is touching and very well acted. And having real jar-heads in the cast certainly helped in the realism of the film as well. It's a great film with top-notch acting and a superb story. See it if you have the chance-It's well worth the time!",positive
"There is a lot of crap coming out of Hollywood lately.<br /><br />A friend, sends me movies now and again, as a surprise, it's awesome.<br /><br />I turned it on and couldn't stop watching, it is a drama, but with a odd twist. Imagine if Romeo, as in Shakepeare, had a super power. It is sad and poetic at the same time. Hollywood should take notice of the new Russian cinema, they are telling stories that are not about big explosions and cgi. It takes a simple basic premise and tells a story, without a spectacle. This is a lot like an Asian film with a dark Russian twist. Granted it's not perfect, but nothing ever is. You know what the power is but it is never explained, nor totally realized until the end. It becomes secondary to the emotion of the story. I don't want to see a remake, it is too cool as is, the Hollywood system would, as usual, mess it up. Acting is top notch all around. Directing and Camera work are far above most of the crap that is out there. Kudos to all involved,and I will turn a lot of people on to this independent epic. A+++++<br /><br />If you can find i, watch it.",positive
"""Envy"" is bad for a number of reasons. Yes, there are unlikeable characters. That's not the problem. It is that they are unlikeable and we do not care for them at all. ""The War of the Roses"" featured unlikeable characters but due to proper introductions we grew to at least find ourselves interested in their fate, whereas in ""Envy"" the introduction is thin, the characters are never believable, and the plot only makes things worse.<br /><br />Ben Stiller is simply repulsive in his role and I'm a fan of his work most of the time. Stiller campaigned to have this released straight-to-video and now I can see why. The movie proposes that he's ""best friends"" with Jack Black, but from the first five minutes we are given footage that seems to indicate Stiller hates Black. I thought this would develop into some sort of one-sided relationship (a la ""The Cable Guy"") but it never does, instead Stiller insists he's his ""best friend"" and I felt confused as he seemed to treat Black like, well, ""poo."" The movie's plot is ridiculous but it doesn't matter, because it's supposed to be an exaggerated morality tale. Unfortunately the message is lost in the mess. Walken gives a good performance but Black is off-key and annoying (and I usually find him very funny). No, it's not a horrible film but I still can't believe Barry Levinson (""Rain Man,"" ""Sleepers"") is responsible for this - it's not one of the worst films of all time but it could certainly be a whole lot better. I wish Va-Poo-Rize did exist - so we could make this film disappear forever....",negative
"OK,so this film is NOT very well known,and wasn't very well publicised.I discovered this fairly brutal gangster gone good movie by complete accident on one of Skys millions of movie channels late on some boring evening,but I'm glad i did!The opening sequence to this film is fantastically comical in a very dark way.This in fact sets what i think is the general tone for the movie.I think a lot of critics and movie fans that have actually seen this film have been a bit unfair to just write it off as a lower budget gangster movie in the Reservoir Dogs vein.OK,so there are undeniable similarities between Thursday and some other crime genre films that it has been compared to,but in all fairness,i think this film takes a much more darkly comic look at this type of film,and the end result is a engrossing,well made,funny,if not totally original film.Tom Jane is good in this,and deserves the recognition he will now hopefully get thanks to the The Punisher.His performance as the bad guy gone good is realistic,funny and just cold enough to make you believe Casey really was a bad ass before he reformed.Thats another thing that makes this film stand out for me,the characters.In Nicks gang you get the strangest trio of criminals ever assembled,a smooth,charismatic but very cold leader(Nick),a trigger happy blood loving sexually predatory bitch of a woman(Dallas)and a psychotic hill billy with brains with a penchant for torture(Billy Hill).Throw in the most bizarre police detective ever seen on screen,beautifully over played by Mickey Rourke,and you've got a recipe for...well for Thursday really.Its at times darkly comic,sometimes brutal,sometimes unoriginal,but always engrossing and worth watching.8/10",positive
"78 years ago...the premiere of ""Anna Christie"" advertised by the slogan ""Garbo Talks!"" The film runs for 16 minutes and the viewers reach the climax of curiosity: Greta enters the bar and gets through a long awaited transfer from silence into sound: a few seconds closing her silent era and, at last, Greta Garbo says a historic line: ""Gimme a whiskey, ginger ale on the side and don't be stingy, baby!"" <br /><br />""Anna Christie"" (1930) is the movie by Clarence Brown that introduced a great silent star Greta Garbo to talkies. Nowadays, we can only imagine what serious transfer it was for actors and actresses. The careers of many were bound to end - something we hardly or not at all see at present. And it was no coincidence that it was Clarence Brown who directed the first talkie with the Swedish beauty. Garbo trusted the director after two of his great silent productions, FLESH AND THE DEVIL (1926) and A WOMAN OF AFFAIRS (1928): movies that achieved a smashing success at the box office, both with Garbo in the lead. <br /><br />But we are in 2008 and that fact about the movie, now purely historical, appears to be of minor importance. The question for today's viewer is not what Garbo's voice sounds like but if the movie is still watchable after these 78 years. In other words, we all strive to answer the question if the movie has stood a test of time. Has it?<br /><br />When I recently watched it, I came into conclusion that, except for some minor technical aspects, including static camera, ""Anna Christie"" is still very entertaining. It's, on the one hand, a wonderful story of a life, of a reality that the young woman faces (being based on Eugene O""Neill's play), and, on the other hand, an artistic manifestation of true magnificence in the field of direction and acting. Let me analyze these two aspects in separate paragraphs.<br /><br />CONTENT: Chris Christopherson (George F Marion), a heavy drinker, lives a life of a sailor, on a barge. Although his days are filled with sorrows, he is consoled by a letter from his daughter Anna (Garbo) whom he hasn't seen for 15 years. She says that she will come back to him. He starts to change everything for better; however forgets that his daughter is no longer a child lacking experience but a 23 year-old woman who has got through various sorts of things on a farm in Minnessota where she lived and worked. Moreover, he forgets that she has a right to accept another kind of male love in her life... This brief presentation of the content not from the perspective of the main character but the one which is introduced to us sooner than Anna (her father Chris) makes you realize how universal it is. Simply no letter from the whole text that life appears to be has been erased after all these years. Cases discussed here in 1930 are still meaningful and valid...<br /><br />PERFORMANCES. There are not many characters in the movie, but there are two that really shine in the roles. It is of course Greta Garbo herself who did something extraordinary in her 15 year-long phenomenon, the presence that strongly marked the history of early cinema (something I have already discussed in many of my earlier comments on her films). But here, Garbo is slightly different. I admit that there are moments in this movie when she does not feel very comfortable with her role. That seems to be caused by her new experience with sound in English; however, her performance is, as always, genuine and unique. But that is what everyone has expected from Garbo. The true surprise of the movie for the 1930 viewers and also for us is Marie Dressler as Marthy. She is excellent in her facial expressions, in her accent, in the entire portrayal of a drinking woman who looks at life from the perspective of ""hitting the bottle."" Her best moments include the conversation with Anna Christie in the bar preceded by her hilarious talk with Chris. The rest of the supporting cast are fine yet not great whatsoever (here the German version makes up for it). Particularly Dressler, except for Garbo herself, constitutes an absolutely flawless choice.<br /><br />If you asked me what I like about ""Anna Christie"" nowadays, that's what I would tell you: it's a classic movie. However, there is one more thing that I must mention at the end. It is humor, wonderful wit that is noticeable throughout. Although the content is quite serious and ""Anna Christie"" in no way carries a comedian spirit (the only Garbo's comedy was NINOTCHKA), there are such moments when you will split your sides. Don't skip, for instance, Anna and Matt's visit in the fun park, particularly at the restaurant where he orders milk for her thinking how virtuous and innocent she is, beer for himself and where suddenly Marthy joins them by chance...<br /><br />""Anna Christie"" is a perfect movie for classic buffs and a must see for all at least a bit interested in the true magnificence of performance. If you are fed up with many of those modern starlets, seek such movies out and you shall be satisfied. Very worth your search! <br /><br />Skaal Greta Garbo! Skaal Marie Dressler! Let us drink a toast to the great jobs you did in the movie! Skaal after all these years when wine tastes much better and your spirits are with us in a different sense...",positive
