review,sentiment
"This is my first Deepa Mehta film. I saw the film on TV in its Hindi version with its ""Sita"" character presented as Nita. I also note that it is Radha who underwent the allegorical trial by fire in the film and not Nita/Sita. Yet what I loved about the film was its screenplay by Ms Mehta, not her direction. The characters, big and small, were well-developed and seemed quixotic towards the end--somewhat like the end of Mazursky's ""An Unmarried Woman."" They are brave women surrounded by cardboard men. And one cardboard man (Ashok) seems to come alive in the last shot we see of him---carrying his invalid mother Biji. He seems to finally take on a future responsibility beyond celibacy and adherance to religion. <br /><br />Ms Mehta seems to fumble as a director (however, compared to most Indian mainstream cinema she would seem to be brilliant) as she cannot use her script to go beyond the microscopic joint family she is presenting except presenting a glimpse of the Chinese micro-minority in the social milieu of India. She even dedicates the film to her mother and daughter (not her father!) Yet her Radha reminesces of halcyon days with both her parents in a mustard field. Compare her to Mrinal Sen, Adoor Gopalakrishnan, Muzaffar Ali and she is dwarfed by these giants--given her competent Canadian production team and financial resources! Mehta's film of two bisexual ladies in an Indian middle-class household may be sacrilege to some, but merely captures the atrophy of middle-class homes that does not seem to aspire for something better than its immediate survival in a limited social space. Kannada, Malayalam, and Bengali films have touched parallel themes in India but did not have the publicity that surrounded this film and therefore have not been seen by a wide segment of knowledgeable cinemagoers.<br /><br />Ms Das, Ms Azmi, Mr Jafri and Mr Kharbanda are credible but not outstanding. Ms Azmi is a talented actress who gave superb performances under good directors (Mrinal Sen's ""Khandar"", Gautam Ghose's ""Paar"", Benegal's ""Ankur"") a brilliance notably absent in this film. Ms Das sparkled due to her screen presence rather than her acting capability. All in all, the film's strength remains in the structure of the screenplay which is above average in terms of international cinema. I am sure Ms Mehta can hone her writing talents in her future screenplays.",positive
"Can I give this a minus rating? No? Well, let me say that this is the most atrocious film I have ever tried to watch. It was Painful. Boringus Maximus. The plot(?) is well hidden in several sub-levels of nebulosity. I rented this film with a friend and, after about thirty minutes of hoping it would get better, we decided to ""fast forward"" a little to see if things would get any better. It never gets better. This film about some dude getting kidnapped by these two girls, sounds interesting, but, in reality, it is just a bore. Nothing even remotely interesting ever happens. If you ever get the chance to watch this, do yourself a favor, try ""PLAN NINE FROM OUTER SPACE"" instead.",negative
"Life Begins is a wonderful pre-code film starring some of the best of the era. It is set in the maternity ward of a hospital, particularly in the room for the women expected to have trouble. In it is an older woman, a tough unwed mother (Glenda Farrell), a frail young woman, an Italian woman, and the main character (Loretta Young) who is spending 20 years in prison for murder. Her husband (Eric Linden) is at the hospital at every second aching to know that everything will be okay. Aline MacMahone plays the nurse who is great at her job.<br /><br />This film is highly interesting and entertaining. It isn't terribly shocking in any way, but it is interesting to see such a neglected subject on the silver screen. The acting is brilliant all around. Loretta Young is gorgeous here in her prime. Eric Linden comes out of nowhere and is sincere as can be. His innocence is reminiscent of Michael J. Fox. Glenda Farrell is great as always, a staple of pre-codes and for good reason.",positive
"It's dreadful, but ...<br /><br />Cat Stevens fans are given the opportunity to see the woman who inspired the lovely song ""Lady D'Arbanville"" on his album ""Mona Bone Jakon"", before Cat turned into a fatwa-supporting religious zealot.",negative
"well after watching this i can say that it ain't the worst movie ever made,, yes folks there is worse than this,, there are some good points to the movie,, you get to watch drunken teenagers, have horrible deaths,, and cute looking rats eating some science experiment, and getting grotesquely huge,, the drunk janitor,, the cranky doctor,, and yes a girl in thong underwear that has absolutely no shame,, dumb jocks,, i could'nt personally wait for the rat to eat these drunken fools,, i was rooting for the rat the e ntire time,, it had a good premise,, the first part of the movie,, was interesting though with the scientific explantation about the rats,, and the little back story,, but i think that it ruined when the dumb drunken horny teenagers come into play,, the rat in my opinion, the one that get's lost,, her name is Brenda, was so fake,, must have been a cGi rat,, looked like a guy dressed up in a beaver suit,, this was pretty schlocky, lame,, but not totally horribble,,",negative
"Trash/bad movies usually ain't bad because I will find them enjoyable. This one is so bad that I am out of words to describe it - its below ""bad"". There is an instruction in the beginning of the film that tell you what to do during the movie. Needless to say, the instruction and a dozen of beer couldn't help me seat through the entire film. One tagliner compares this one to KILLBILL which is certainly unthinkable and an insult to our intelligent. Obviously. this tagliner had a plan to tempt you into buying this DVD.<br /><br />If you are considering renting this one, put it down! If you are thinking of buying, Dont think! If you unlucky to have this dvd, dont play it, throw it in trash bin immediately.",negative
"Even though we know how the story ends, this is a gripping fly-on-the-wall film that plays almost like a political thriller. During the calm before the storm, we meet Hugo Chavez as a charismatic, larger than life man who has an unbreakable connection with the mestizos who make up 80% of the population but have previously been shut out of Venezuela's political process and its oil wealth. He seems as devoted to them as they are to him. He travels the country at a hectic pace, reaching out to the campesinos, addressing huge crowds, hugging and kissing ordinary people, accepting letters on scraps of paper, and hearing pleas for help. The people are excited that one of their number has made it to the highest office in the land. There is an electric sense of hope and optimism that change for the better is coming to the festering barrios.<br /><br />But not everyone is happy with the situation. The pure-blood Castillian Spaniard elite who are a small minority but previously controlled all the wealth are full of bitterness and resentment. One of the most unintentionally hilarious moments in the film is when an Ann Coulter lookalike, at a residents' meeting in an exclusive gated community, complains of the mestizos, ""they have no concept of struggle or sacrifice."" Minutes later, a speaker tells the meeting to ""beware of your domestic servants - they could be Chavez supporters."" Duh! Of course they are.<br /><br />In a late night interview alone with the film crew, Chavez reveals something of his soul as he tells the story of his grandfather. He can be a sensitive, poetic person, though with an impish, even clownish, sense of humor (like we saw when he addressed the UN and called Bush the devil.)<br /><br />Then the storm starts to gather force as the coup organizers call for a mass protest and cynically manipulate their supporters into changing the route at the last minute and marching on the presidential palace, knowing it is surrounded by Chavez supporters and violence is inevitable.<br /><br />Another element of the plot falls into place as snipers on rooftops begin to fire on the Chavez supporters, some of whom fire back. The local equivalent of Fox News shows this return fire and claims that Chavez supporters are massacring protesters. Then the camera pulls back and reveals that there are no protesters - the street is empty! The protesters took a different route. Needless to say the footage of the empty street was edited out by the rabidly anti-Chavez private TV stations (who had been airing a constant barrage of propaganda calling Chavez mentally ill and sexually fixated on Fidel Castro.) Immediately after the coup, we see the ringleaders and their media propaganda masters openly bragging on TV about how they had manipulated the situation with reckless disregard for the lives of supporters and opponents alike.<br /><br />The filmmakers continue to be at the heart of this chaotic, fast-changing situation as the military coup surrounds the palace and threatens to bomb it. Chavez eventually surrenders to avoid bloodshed but refuses to resign and is whisked away to an offshore island where a plane awaits to take him - where? The US? How can the remaining cabinet members avoid arrest and defeat this heavily armed conspiracy of right-wing generals and ultra-wealthy businessmen who are closely linked to the Bush administration? Watch the movie and find out!<br /><br />If your only knowledge of Hugo Chavez and Venezuela is from the US media, then you know nothing. He is not an ""unelected tyrant"" and does not ""rule by decree"" - he is enormously popular, having been elected and re-elected several times with over 60% of the vote (something George Bush Junior has never achieved) and the devotion he inspires in ordinary Venezuelan people is ultimately the reason why the coup fails.<br /><br />This is an extraordinary film about an extraordinary man in an extraordinary situation. The skill of the filmmakers is in being unobtrusive and letting the story unfold through the voices of Venezuelans at every level from the barrio to the presidential palace, the tumultuous scenes, the chaos and confusion out of which a coherent whole emerges that is tense, riveting and moving. Not to be missed!",positive
"I remember watching this film, thinking was so interesting. I really wanted to know what happens next. I was amazed by how much they could fit into an 8 minute short. We start in a school yard. . Two friends are debating on skipping class. Kid B says to Kid A ""Lets not go to class today."" And Kid A declines, claiming they could miss something really important. So kid B skips and kid A goes to class. When he gets there the teacher informs him that today they were going to learn the only and most important lesson they will ever learn. They were going to learn the meaning of life. She gives everyone a pamphlet, and when she gets to kid A, she runs out and tells the boy next to him to share. Well, the kid won't share, so Kid A goes looking for the teacher. When he finally finds her, he gets a shocking revelation on what the real meaning of life is. I suggest everyone watch this short. It will only take 8 minutes from your life, but the message is so important, it could help you for a life time.",positive
I lived during those times and I think the program caught the heart of the era. I do think it should have dealt with more of the Afro American issue but I think it cover a lot in the program. It was scary to sit and watch the riots on T V hoping that they would not go as far as your families home and that it would not get burnt down. I thought Jerry O'Connell did a great job portraying a vet coming back from the war. I went to school with guys who came back. Some had changed more than others and some not so much. It bothers me when someone comments that an issue was not covered enough or it was not entertaining enough. Live through it and then make comments. I thought the movie was great and that everyone in it did a remarkable job. Thank you for a trip (sad and good) down memory lane.,positive
"Aside from the discotheque scenes that epitomize the swinging sixties (especially with everyone dancing to instrumental versions of Monkees hits), I am surprised how well this lightweight farce holds up 37 years later, but indeed it does thanks to the breezy execution of its deception-based plot and the sharp interplay of the three leads. Directed by the redoubtable stage-to-screen expert Gene Saks, this 1969 comedy is about Julian Winston, a successful Manhattan dentist and confirmed bachelor, who pretends to be married in order to avoid long-term commitment with his young girlfriend of a year, Toni. In response to Toni's half-hearted suicide attempt, Julian agrees to marry her, but Toni first insists on meeting his wife to alleviate her conscience. Enter Julian's devoted nurse Stephanie to play the wife, and the inevitable complications ensue with white lies growing into major whoppers that lead to presumed couplings and de-couplings.<br /><br />As Julian, a relaxed Walter Matthau dexterously plays the deceptive dentist in his typically sardonic manner, but he lets his two female co-stars walk off with the picture. In her big screen debut, a pixyish 24-year old Goldie Hawn is still retaining her giggly ""Laugh-In"" persona but provides unexpected savvy and depth as Toni. She and Matthau have great, unforced chemistry in their scenes together. Screen legend Ingrid Bergman, still serenely regal at 54, is obviously having a ball playing Stephanie, initially starchy and quick-witted but blossoming into a liberated spirit as the story evolves. I particularly like how casual she appears after her overnight romp. There is nice supporting work from Rick Lenz as Toni's bohemian neighbor Igor and Jack Weston as Julian's smarmy actor buddy Harvey. Billy Wilder's longtime collaborator, I.A.L. Diamond, provides the sparkling screenplay and opens up the story beyond its stage-bound origins for Saks, who is not the most cinematic of directors. Other than a couple of trailers, there are no significant extras with the DVD.",positive
"(Spoilers warning) I cannot say enough good things about this movie. It is a great horror comedy/spoof that does everything right for a change. The humor is great and ranges from funny to so-funny-you'll-cry funny. In one scene, Ed goes edit-crazy and deletes a big scene. When his boss is looking at Ed's edit, he yells out: ""Where in the fu%# is my beaver-rape scene?!?!"" Hysterical. There are also many other great, humorous & memorable quotes and moments throughout: Ed yells out ""Don't you fu#$ing look at me!!!"" while punching some poor schmuck repeatedly in the face. Very funny stuff. The plot of the movie itself is so ridiculous that it's priceless: Ed is a mild-mannered everyday guy that gets moved over to the horror-film editing department, and after a while goes nuts, sees monsters, and attacks people while quoting the horror movies that he has edited. This movie has it all and is simply hilarious. The DVD only costs about $7, and is a great bargain as it is the unrated widescreen cut. I own a lot of DVD's, most of which cost a lot more money than this one, but not many are as great as this movie. My Evil Ed DVD is one of the highlights of my collection and i would beat someone with a telephone receiver if they tried to steal it. Evil Ed oozes style and quality -- something that Hollywood filmmakers need to majorly learn. Evil Ed is a rare gem, and i would like to thank everyone involved in making this wonderful movie -- you did everything right, and i love Evil Ed! 10 out of 10!!!",positive
"On the heels of the well received and beloved coming of age film classic ,concerning the lives of teenagers as they headed into adulthood, George Lucas' American Graffiti, we have Cooley High. An adaptation of sorts by one Eric Monte, co creator of the popular 1970's CBS sitcom Good Times.<br /><br />Cooley High was, and is, viewed as a black version of American Graffiti.Instead of central California ,as in American Graffiti, we have the black slum of Chicago's Cabrini Green as the backdrop for the story here. Instead of America in 1962 Cooley High is situated in 1964.The movie stars Welcome Back Kotter's ,Lawrence Hilton Jacobs and Glynn Turman as the movie main protagonists and its' main characters. It has Garrett Morris playing the principal who tries to keep Jacobs' and Turman's characters,named Coceise and Preach, out of trouble a great deal of the time.<br /><br />You know, I would like to say that Cooley High is a worthy comparison piece to American Graffiti or that it is a great film on its' own but I can't. The problem lies with the fact that the producers of the film couldn't or wouldn't hide the sad underside of black life in America.Having the film in the Cabrini Green part of Chicago doesn't help things.<br /><br />Neither does the crass gross attempts at humor here. When Coceise is looking for a letter of intent from a college he finds his little brother has thrown down a toilet. When the gang visits the Chicago Zoo, one of the gang named Pooter, has manure thrown on him by an ape. When the Turman's character,Preach, is being chased by two hoodlums in the school hangout(A dirty and depressing place to eat food in much less meet people at), he opens the door of the girls' bathroom while a girl is relieving herself as he escapes through the window of the same bathroom! The high school, the homes of the characters, the bathrooms, just about everywhere in the film displays the unfortunate look of urban decay and poverty.<br /><br />If that wasn't enough there was the rough display of humor in the film. The use of violence and profanity in the film. Cooley High may be an coming of age film ,but it is a hard and rough coming of age film with little or none of the wit and liking of the use of nostalgia that made people like and appreciate American Graffiti so much.<br /><br />Motown Records had a hand in making the film. The company's music was part of the film's soundtrack. But even here you get a sense of same old same old as one has heard these songs before a million times over. Not that they weren't great songs within themselves but black music,of that time period was more than just Motown.Especially in Chicago. The song nearing the end of the movie, by the Spinners' G.C. Cameron, was not all that impressive. There have been better Motown ballads that have been done, by better Motown artists than Cameron without question.<br /><br />The last part of the film showing where the characters went to pay homage to the film Cooley High aimed to be ,American Graffiti. It shows that Preach,an intelligent but underachieving student went to Hollywood and became a successful television writer. Eric Monte may have patterned himself as Turman's character. The last shot of film show's Preach running away from Coceise's funeral ,held on a dark rainy afternoon, and all the bleakness that Cooley High came to represent. Eric Monte ,through Preach and that final scene, had one little lesson for all of us when watching Cooley High and for the love of the past. Don't look back.",negative
"The only good thing of this movie is its final twist. In 97 minutes of film we can only save one single idea, which was totally wasted in this movie I must say! For more than 90 minutes this film is just a collection of clichés, bad acting, stupid ideas and disclosures, complete lack of suspense, stupid deaths, terrible special effects; all this in a pathetic and unoriginal plot until the last three minutes, where, FINALLY, a good idea appeared! It's nothing outstanding or an extremely original idea, but, at least was a ""decent"" good idea, the only one the entire movie has! I won't spoil it, but I must say I think that idea with a better plot, better FX and, definitely, a better acting, would turn into a good film. If you watch this movie and can stand it until the end you will know what it is",negative
"Night hunter is a sold B style action movie. Get a life and grow up people. Don ""the Dragon"" Wilson is a kick boxer, (hall of fame) and not an actor. If your looking for an Oscar, it's not here brother. Looking for kick ass action movie with lower then low budget, this is it.The plot line may have been a little thin, but what B movie isn't. I understand everybody is a critic and how one man's junk is another man's treasure. Get real people, judging every movie like it is an Oscar contender, just silly. Awesome fight scenes, mixed with a new twist on vampire moves. See it if your a fan, rent something else if your a hater.",positive
"I first saw this movie in the theater. I was 10. I just watched it a second time and I must say it was amazing. The music, the dancing, the acting. It is a great story and told extremely well. I fell absolutely in love with Treat Williams when I was a kid after seeing him in this movie. One of my favorite parts was when his mom kept yelling at him to give her his pants, and then finally said ""how much do you need""? (money). That was classic. ; ). <br /><br />Moms are the best. If you haven't seen this movie since it came out I say see it again. It's timeless. It will do what all great movies do; make you laugh, cry, and think.",positive
"jim carrey rocks! if he's in a movie its bound to be good! he did not disappoint me with this one!the rest of the cast was cute,especially little cindy lou who and martha may, i was laughing through the whole thing and cannot wait to see it again!",positive
"Considering how much money was budgeted for this film, you would expect more from the story as a whole. This could be quite possibly the most worthless movie I have ever watched. There was no real advancement of anything. Character development, minimal. Plot advancement, maybe. Enjoyment, none. I'm not sure what points were even trying to be made. If you want to see a movie where terrorists are kinda good guys, American CIA bombs everything that doesn't agree with our opinions, all capitalists are corrupt, and you like to see anything resembling a storyboard advancement accompanied by a death, have at. For those of us who realize that it doesn't take killing off a good guy to make a point, we'll stick to other movies. In summary, this was a horrible attempt at an 'Ocean's 11' style hide-the-plot-so-person-has-to- think movie because not only do you not know what's going on, nobody who made the movie did either. Home Alone 3 was a better cinematic piece.",negative
"Absolutely putrid slasher film has not one redeeming quality. It has Camp Councellor Angela(Pamela Anderson..awful as the killer;her quips when she wastes people aren't even amusing)on the warpath slaying teenagers who act the least bit naughty or resist her pleadings for good behavior. We run the gamut of boring, clichéd killings such as the slashing to the throat to one kid looking for his Freddy clawed glove, a kid who gets a chainsaw, one girl who gets drilled, one who gets shoved into the crapper(filled with leeches), one who is roasted, etc.<br /><br />It doesn't have one original idea to offer and is merely a waste of time. That is unless you want to see Valerie Hartmen's(who plays the slut Ally)tits. Most of the violence occurs off-screen so even that will not satisfy.",negative
"Well, I'll start by admitting I'm not a John Ford fan. (I watched ""The Informer"" only because I'm trying to work my way through a list of the ""greats."") So if you are, just move along, 'cause you're not going to agree with me.<br /><br />What an overwrought and dated piece of silliness this is! I will say that there is a good idea for a movie here (it made me think about how few films there are about the Irish Revolution) but, as usual, Ford is determined to bury it under over-acting and cheap sentiment. I suppose it's somewhat interesting to watch for a while in order to see the less-than-seamless transition that was being made from the silents to the ""talkies"" -- the acting styles of some of the principals have that overbroad quality endemic to early films and movie does feel as if it might play better with title cards than spoken dialogue. (Of course, title cards would prevent Ford from restating every bit of emotion six times.) What dialogue there is usually has a ""They're always after me Lucky Charms!"" quality that is aggravated by the fact that each actor seems to have been allowed to use his or her own personal version of an Irish accent. Of course, as bad as they are, the accents are helpful in reminding us we're in Ireland because the sets mostly look as if they were dragged in from from some German expressionist piece being filmed on the next soundstage over. (It feels as if, with an eagle eye, you might see some villagers off to torch Dr. Frankenstein in the background.)<br /><br />Techniques change. Tastes change. So I won't go off on how crazy it seems that this film was so acclaimed in its day. But it's not one of the classics that hold up --- more just ""fair warning"" about the kind of over-simplified malarkey to which Ford was going to devote his career.",negative
"This was the first Chan film made by Monogram. What a come down from Fox values and standards! I was shocked when I saw my first Monogram after seeing the great Fox films. This is boring and uninspired with wild music playing as Chan calmly walks across the street. Chan is now working for the US Secret Service rather than the Honolulu Police Department. He is assisted by Benson Fong, who plays No. 3 Son Tommy for the first time. He also has a daughter along, Iris Chan, played by Marianne Quon. Mantan Moreland also makes his debut as Birmingham Brown. He is a cab driver in Washington, DC, here, rather than the later chauffeur to Chan in the later films.",negative
"I would like to say something different about this movie. I saw comments how beautiful is Russia and the views from Russia have been great. Hey guys this is not Russia it's Bulgaria more specific the capital Sofia. So this is not Russia it's my country. About the movie - well in Bulgaria, maybe except the Grey Zone - all movies from American directors are in one word awful like this one of course. It's a shame that Patrick Swayze has to play in such a low budget movies. Most of the actors are Bulgarians but really this movie has no plot twist has no energy what can i say-weak and boring movie a cliché not more. Hey people remember it's not Russia in reality it's Bulgaria.",negative
"Valliant effort to use a mining catastrophe as a vehicle to pronounce this director's distaste for war. The audience not only learns a great deal about early mining rescue procedures but, we learn that Europeans at the interval between WWI and WWII, had concerning pacifists(for lack of a better term). The speeches given by both representatives of each country at the end of the film, are inspiring given the time. Although the revised edition, through the transfer technology of early foreign films, ""cuts-off characters heads"" at times, this film holds it's own in many different aspects. Character analysis, lighting techniques, historical content and a scenario that has tested and inspired many a writer and filmmaker.<br /><br />Pabst went on to Direct and put to screen Weil & Brecht's ""Three Penny Opera"", starring the original star, Lotte Lenya.",positive
"This comes close to the worst movie I've ever seen. The writer starts you out in a way that you'll side with Jasper (Josh Hartnett). When he did absolutely nothing wrong, Sam (Leelee Sobiesky) leaves him for Kelley (Chris Klein), in a way that leaves you mad at Sam. You aren't let in on what she feels, so her feelings with Kelley aren't real to you, and their relationship is phony. It drags you in either direction, and it gets rather exhausting and annoying. The only good thing about this movie that I saw was the cast.<br /><br />",negative
"I can't imagine a director whose thirst for blood and violence is greater than Quentin Tarantino's. (At least in his films) Inglourious Basterds is no different. We all know Tarantino, the guy who exploded on the scene in the early 90s with cult classics, such as Reservoir Dogs and Pulp Fiction. Since, he has been a disappointment for some. Well, I am relieved to say, Tarantino has not lost his touch. He brings us his best since Pulp Fiction and thankfully so.<br /><br />We know the story, a WWII tale told only as Tarantino can. (Fictional of course) A war film hasn't been done like this before. Brad Pitt as Lt. Aldo Raine leads the Basterds in Nazi occupied France. Their goal - killin' Nazi's. Christoph Waltz as Colonel Hans Landa plays a similar role on the other side. He's know as the ""Jew Hunter"" and goes about his business as ruthless as no other. The third sub story consists of a young Jewish refugee, Shosanna Dreyfus, who witnesses the slaughter of her family. And she, of course, wishes to plot revenge on the Germans for her devastating lose. There actually is three stories here intertwining and connecting with each other. If you know anything about Tarantino or his films, this is nothing new for him.<br /><br />War has never been been so fun. The Basterds, are haunting, but at the same time, very funny, at times even hilarious. The dark comedy aspect play a big aspect in this as in many other Tarantino films. The entertainment and hilarity is led by Brad Pitt. I found him extremely funny and entertaining. I couldn't wait to see him on screen again. Even with his crazy accent, he works in this type of film. Also making great impressions were Mélanie Laurent and Christoph Waltz, who were tremendous. The film was filled with noteworthy performances.<br /><br />The story itself, has so many historical inaccuracies to even count, but so what? It isn't meant to be a documentary. Tarantino wanted to have fun with, as should we. The cinematography department deserves big props with beautiful vibrant colors highlighting the film. You've really got to love the last line in the film... but Pulp Fiction remains his masterpiece.<br /><br />Quentin Tarantino among all other things, is an entertainer. WWII, is one of the most tragic events in history, but Tarantino some how manages to make it fun. Inglourious Basterds is a fun film, it's tremendously entertaining, shocking, dramatic, suspenseful, and funny at the same time. Jam packed with everything you look for in a movie, done with that certain Tarantino style, it's worth being checked out. It's time to experience for yourself what war is like through the eyes of Quentin Tarantino.",positive
"This is an amazing film, both for the incredibly energy evoked from the frenetic flamenco dancing, and from the unique way that the filmmakers interweave the story of the stage production with the lives of the characters preparing for it. Spellbinding is the only word I can use to describe the experience. This is not 'Bizet's Carmen' by any usual standard. This is not a usual film by any standard. Every nuanced glance, every stomp of the foot, every piece of the music is intertwined so captivatingly that you can't take your eyes off the screen. You don't need to love opera or flamenco(I don't)to be captured, enraptured, enthralled by this film. Subtle and direct; loud and still; One of, if not the best, movies of it's kind, because there are so few like it.",positive
"Age cannot tarnish the beauty of this East-west love story for me. Ignoring the famous and lovely title song and its lyrics, what we have is a dramatized biography of two remarkable people caught in a moment of counter-currents involving social conformity, bigotry, war, doubt, and the need for immense courage. With Hong Kong as the backdrop, this movie tells the story of a Eurasian doctor and a U.S. journalist who meet and fall in love during the Korean War. As Mark Elliott, William Holden is intelligent, breezy and a bit weak; Jennifer Jones is perhaps well-nigh-perfect as Dr. Han Suyin, by turns doubt-torn and ecstatic, eager and hesitant. Others in the large cast include Torin Thatcher, Isobel Elsom, Murray Matheson, Virginia Gregg, Richard Loo, Soo Yong, Philip Ahn, Jorja Curtright and Donna Martell; many of Hollywood's best oriental actors played smaller uncredited parts also. The script by John Patrick followed Han's exquisite novel closely; the direction by Henry King was solid as always. The thrust of the storyline is how unwilling Han was to fall in love with Elliott, with her busy and demanding schedule as a doctor and her doubts about their future; and how unafraid he was, despite the intolerance and interference they faced as their affair became known. The film is unarguably physically busy, interesting and often beautiful also. The hill to which the lovers go to be apart, the lovely bay where they swim are set against an already busy and crowded business city, large social events, and teeming streets, hospital corridors, and traffic-filled arteries. With cinematography by Leon Shamroy, Ben Nye's makeup and Helen Turpin's hairstyles, the great work by set decorators, sound and lighting, art department and all concerned, this has to be one of the most memorable productions set in a major non-U.S. city of all time, and one of the most difficult to capture on film. Yet what one remembers most here is the lovers, thankfully not extremely young, facing the odds against them and assessing exactly what they are--then going ahead as if love mattered and those conditions which are set up as barriers to love do not., The climax of the affair is Mark's going back to war; thereafter Han receives his letters, even after she knows he is has been killed; they seem messages from a better wold. A world where hope is all that matters, courage is the price of admittance to that world, and it is always summer on a high and windy hill set apart and above a zone where beauty and individual desires can be victimized, made subject to ill-fortune or brushed aside by militant forces of evil. Truly, love is a many-splendored thing, Dr. Han says; and this movie stands as one of that doctrine's shining proofs, lucent as a pearl, timeless as a Chinese proverb and lovely as polished jade set against a rough background.",positive
"The following are some of the most blaring problems with this movie: 1) Clichés abound. Seriously, awful ""twists"" are everywhere.<br /><br />2) The narrative jumps around in time, which would be fine if done well, but it's not.<br /><br />3) Lame characters that don't develop so much as either remain utterly static, or drastically change for no good reason.<br /><br />4) Big one: HORRIBLE ACTING. Over the top from nearly every person.<br /><br />The following are some of the best points from the movie: 1) The lead is damn good looking.<br /><br />As I see it, there are only two kinds of people who would be into this movie: a) People who can sit through 90 minutes of tripe simply because the lead is attractive.<br /><br />b) People who often think to themselves, ""I like Hollywood dreck rife with clichés and overacting, but if only I could watch it in Korean..."" There's a lot of good Korean cinema out there, so why waste your time with garbage?",negative
"okay, but just plain dumb. Not bad for a horror/comedy film. I was reading how people switched it with the Michael version and that is a good trick in my opinion because some grown ups hate horrors and when they see this one it will get them interested in horror films like this one or maybe (never seen it) the horror (possibly comedy) uncle Sam, i'll have to see about renting or buying that film but the 2nd is way better then this one but i bought this one on VHS of Amazon and got it November 21, the day before thanksgiving. worth the four bucks, l.o.l. at this film.<br /><br />9/10",positive
"its been years since i have seen these shows. i have been searching years for anyone else that has seen these or know anything about them. i thought i made them up. the one i remember most is the soldier and death. i'd ask movie fanatics if they had seen these, mentioning its a Jim Henson and people still didn't know. these are great fables. i was very young when i was these, not even 10 and it left a lasting impression on my life and beliefs. i would recommend anyone to watch these, just remember they are from the 80's so they don't look like the movies today. just give them a shot. Jim Henson was way ahead of his time and died to early.",positive
"I am a 20 year old bloke from England. I don't cry at films. But this one moved me. I cried like a girl! This is absolutely the most moving film I have ever seen, even though the story was questionable. Joseph Mazello's little face when he dreams of crying made me sob every time. How could anyone hurt such a sweet looking kid? I'm going to cry now just thinking about it! Remarkable.",positive
"You just need to see this as a poorly executed anti abortion propaganda and you will realize just how bad it really is. The main message of this movie is that even the sickest of persons can't commit an abortion. If you ask that's not a long way away from blowing up abortion clinics. So this guy wants to kill some poor girl but he has to convince her to do an abortion first. What a load of crap. And the worst part is that he has an convincing argument (bringing a child into a loveless environment), but that is supposed to be dismissed because he's a freak anyway. And the part with the bible pushers...first they throw this girl out just because she explains someone stole her money (that rule must be in the bible somewhere) and then on the end they are some sort of angel like deus ex machina delivering the killer from evil by harassing him on his front yard. Come on. Other downpoints include a very confusing scenario (and I don't mean in a good way)...so this guy is just some psycho why? Because his mother fed his some liver once? And I don't know about the rest of you but he seemed like the nicest person in the world throughout the whole move! even though he was a wearing girlie clothes, stealing money and taping girls in his car. If you forget the idiot story, this movie has a really great cinematography and Bob Hoskins was really great, and it has one of those funny little English cars in it. If it was actually about some psycho killer I'd give it a 7 at least.",negative
"I don't want to write too much about the film but basically it's an action/comedy with a little bit of romance thrown in about two men who come together in unlikely circumstances and become highway men together. Fantastic performance by Robert Carlysle and everybody else involved. A brilliant 'baddy' who really makes you hate him. Some great comical lines - actually laugh out loud, amazing action and a great plot. Choice of music and ambiance all fantastic, basically brilliantly directed and brilliants written. I recommend this film to anyone who likes a good British movie or a good bit of action, i don't know why the film never took off, i thought it got no where near as much recognition as it deserved. If for nothing else, watch this film for one of the greatest finale's of all time. Not to give anything away, but this one really get's the heart beating!",positive
"I bought ""Rocketship X-M"" on DVD in a two-pack with ""Destination Moon."" Now I see why the distributors did that: no one who had ever seen this movie would buy it on its own.<br /><br />I cannot fathom what school system turned out the reviewer who claimed that RXM is ""great in its predictions of how space travel would take place..."" Launch straight up, and then do a 90-degree right turn and circle faster and faster until you reach escape velocity... I don't think I recall that from the Apollo program. Never mind that the astronauts should be weightless once they shut off the engines, gravity changes directions every time they pass through the hatch to the engine room. Going to the moon, but ""missed"" it? No problem, it's just a hop-skip-and-a-jump (with a helping hand from divine providence) and you'll be at Mars! And OK, if you want to put life on Mars, given the state of planetary knowledge in 1950, it was a forgivable convention for the sake of the storytelling, but can you make them look at least a LITTLE alien? These Martians looked like extras from the cast of ""10,000 B.C."" I can accept some scientific mistakes, but this wouldn't pass muster with an above-average second-grader.<br /><br />And that's aside from the screaming plot holes: 12 minutes before launch (as you're reminded of constantly by the nagging P.A. voice saying ""X minus so many minutes"") the astronauts are giving a press conference! I guess the time crunch is why Dr. Eckstrom didn't change out of his coat and tie before launching into space. And how handy that, even though they were planning to go to the moon and had pressure suits for that, they brought hiking gear (and rifles!) just in case they ended up at Mars. They're lucky they landed anywhere, since apparently the method they had developed for landing was to have Dr.E look out the window and tell the ""pilot"" (Lloyd Bridges) to tweak down the throttles every now and then. Note to the designers of the XM-2: how about giving the pilot a window seat? <br /><br />Ditto the previous comments on the casual sexism that had eye-candy Dr. Lisa (Osa Massen) doom them all by repeatedly screwing up her fuel calculations, but hey that was the early '50s. She was there to fill her sweater, not a useful function.<br /><br />""Rocketship X-M"" is notable for being one of the first of the first films to say ""ohmigod we're all going to blow ourselves up with these here A-bombs"", but one can note that about it without wasting 77 minutes watching such dreck. By the way, that message might have had a bit more impact had there been some money in the budget for actual sets of the Martian city ruins, rather than just matte paintings.<br /><br />I can appreciate ""good"" bad sci-fi, for the unique way the ""future"" used to look, and for the inherent (if condescending) humor you can find when when we look back on the naivety of audiences 60 years ago, but this film must have been insulting even then. ""Rocketship X-M"" isn't even suitable for an MST3K-style lampooning. Sometimes, bad is just... bad.<br /><br />Anybody want to buy a DVD? Used only once, I swear.",negative
"I have an awful pan-and-scan videotape of ""Boom!"", and I want to see it in all its widescreen glory. So I voted ""1"" and hope you will too. Together, we can pull this movie down into the pits of cinematic dross, and hope that someone will see an opportunity for BIG MONEY in releasing ""Boom!"" in its Director's Cut Extended Version. The movie is one of my howling favoritesyou just look at the people involved, the director, the actors, the cameraman, and you say to yourself, ""Yep, I guess you can fool some of the people for a lot of time."" Producers considering the DVD release of ""Boom!"" should note that, everywhere it's been shown, there have been sellout crowds in the theaters. But it hasn't been up to Frostbite Falls yet.",negative
"Smashing film about film-making. Shows the intense and strange relationships that can develop between directors & their actors; the manipulation and mind games; the preening egotism of performers. As in any workplace, sexuality complicates matters, but here to the nth degree as they are filming a sex scene.<br /><br />Absolutely fantastic performances from Gregoire Colin as the fragile, wannabe macho male lead, and - supremely - Anne Parillaud as the director's self-portrait. The image of her laughing & eating a banana at the end, having finally got what she wants out of her puppets, is pure delight.",positive
"to communicate in film essential things of life - like what is life, does it have a meaning? - is sheer impossible. Of course possible answers to these questions are demonstrated in every film (story), but communication needs a direct appeal to consciousness. This happens if the input from the senses overrules the ""input"" from our mind, i.e. our thoughts. Few directors know how to communicate essential things. Tarkovsky, is one. His ""Stalker"" shows images of existence, communicates life as it shows itself and yet escapes your mind. I think De Zee and De Graaff do the same.",positive
"Example of how a World War 2 documentary should be made,using first hand accounts from actual troops and civilians whom participated in this awful conflict,and archived footage gathered from around the time .I caught this on a re-run on the History channel about a year and a half back,with no knowledge really of the Second World War at the time,but it enveloped me,and now I consider myself a World War 2 buff,watching and reading any and all that I can find about it,but nothing comes close to this landmark documentary,definitely worth buying the boxed set of.............<br /><br />This is quite simply documentary making of the very highest standard.",positive
"Well done Al Gore! You have become the first person to have made 1 Billion dollars of the global warming lie! Just like all the other man made fable's in the world this one is up there with the best lies to have sucked in so many people. Sure polution is not a good thing, and I would love for all the tree's to keep on growing, but global warming is a business! It employes thousands of people that are all very mislead.<br /><br />Google it! There are just to many things that just don't add up, but well done Al, you failed as a politician, but went on to make lots of money sucking in the world.<br /><br />Whats next? Santa is real?",negative
"So one day I was in the video store looking for a movie. I came across this and rented it because it was a film I hadn't seen or even heard of.<br /><br />Now I like slasher movies in general, but this is just abysmal, not even good for laughs. Besides being ultra ultra cheap and containing all slasher film cliches and terrible acting it has the most incompetent and inept direction I have ever come across. Now sometimes the aforementioned traits can be present in a film and some enjoyment can still be had, but not here. Painful example of home-made horror.",negative
"Viewing ""Impulse"" is a very satisfying experience. Unpredictable films are such a rarity, when one comes along like ""Impulse"", it is something to embrace. The script is logical, and extremely creative. Meg Tilly, Tim Matheson, Hume Cronyn, and Bill Paxton, give believable performances. This could have played out like a zombie movie, but ""Impulse"" is far superior to any boring ""zombiefest"", and originality shines through in almost every scene. You get the feeling that something like this could have actually happened, even though the script is pure fiction. From the ""grabber"" opening till the credits roll, you will be fascinated. Very entertaining and definitely recommended. - MERK",positive
"There have been many (well, more than a few in any case) attempts over the past 30 years to create film that has an ""otherworldly"" appearance. Supposing that this is a Film Director's wish to distance himself from other movies, or simply to gloss over the low-budget and shabby look, ""Begotten"" is on the top echelon of this pile.<br /><br />Apart from the peerless ""Eraserhead"", anyway.<br /><br />Merhige's painstaking process of artificially degrading his film changes it's structure completely (imagine what this film would have looked like in glorious, standard Technicolour) - It can almost be envisaged as an artifact from another, unknown culture. Some images are so far removed from what we expect to see on the screen, they disturb mainly as they are dislocated. This is not ""Last House On The Left"" disturbance, more like leaving-your-cave-for-the-first-time-and-seeing-the-sun disturbance.<br /><br />Watch this Fever-Dream if you get the chance, and relish. Remember, they make other, more standard films every day. They can wait.",positive
"is not a bad movie but the acting and the screenplay can be better. I like this movie because i have a life that is in good part like the one in the movie. is hard for a lost generation to get a life in Romania, and 90 percent of us choose something else, and that something else includes dealing with people with ""bad habits"" if you understand me but that comes with the territory. this movie represent me and i like it. i have a rage in me that i barley talk with people, i live in a messed up society and i can't fit in and i don't want to,and that's the story of movie also, if you r like me you can understand the true movie, if not you will find it easy and cheap.",positive
"George C. Scott gives his finest and funniest with wonderful drama as well in this Paddy Chayefsky screenplay. Diana Rigg is attractive and quite the complicated young woman. This film veers between tragedy and chaos in a New York hospital of the late 60's with staggering consequences. Barnard Hughes is delightful as always (great stage actor as well).<br /><br />An 8 out of 10. Best performance = George C. Scott. Chayesfsky was a big blow-hard when he put down Vanessa Redgrave at the 1978 Oscar ceremony, but he's a good writer. A truly ensemble cast that works wonders, down to the smallest role. This won best script at Oscars and Scott was nominated. He should have won for this instead of PATTON the year before (which he was also brilliant in). Seek this out!",positive
"Thank you Mario Van Peebles for informing us of not only the existence of black cowboys, but providing a compelling story that was easy to follow.<br /><br />The plot, backdrop, music and talent were all top notch. It was great that you used so many African-American artists to tell the tale of the black cowboy. It was also good to see Billy Zane in this movie. Does he ever play a good guy?<br /><br />I would highly recommend this film to anyone who wants to broaden their way of thinking. This is an excellent movie and I feel privileged to have seen it. Hopefully, you'll feel the same.",positive
After the highs of darkplace it was never conceivable that Holness and Adobye would be able to create anything half as good as garth marengi. Yet i think that man to man in its own right is as good a show (on the good episodes) as darkplace. i cant argue that 2 of the episodes really are'nt that good but the other 4 certainly make up for it. if i had to pick 2 great episodes id go for formula4 driver Steve Pising (pronounced Pissing) and the great Garth Marengi. to already have a bit of understanding of the programme is a real plus as Dean Learner makes many inside jokes but even if you have'nt seen much Dean id recommend this as some of the rants he launches into are genius ie. His argument with Def Lepord over their name. All in All a great show which just misses full marks because of the couple of less funny episodes.,positive
"I definitely recommend reading the book prior to watching the film. This book won National Book Council Award in 1978 and is a very gripping read (pun not intended). It's not too difficult to read for those out there that don't read often so don't be afraid! The book seems to capture the passion of the relationships more so than the movie and the movie will make more sense after reading the book. Having grown up in Melbourne I could really relate to this book and movie. Very few Australian female writers were around the in the 70's therefore very little is documented about the way of life for a women in an urban city in Australia during this era or class. It's a precious piece of Melbourne history. It's a shame that it is documented as some sort of 80's soft porn movie. It's far from that and as the other reviewer has mentioned please do not read the DVD jacket, it does not represent what the movie is about at all. Those that rent the movie based on this description will only be disappointed. Just remember this movie was made in 1982, so don't expect the Hollywood over dramatization that they seem to incorporate these days. This is what I like about it. It's also great seeing Noni Hazlehurst in this role, she is just fantastic as Nora and it's great watching her really acting, for if you're close to my age you will best remember her for her stints on Playschool and Better Homes and Gardens. Who knew she hid this talent? This movie will give you an entirely new impression of her. A classic Australian Story!",positive
The turgid pace of this movie numbs us to any shocks that it might provide. There was no real suspense. Most of the characters were insipid. The chesty Irish priest was as lame as the love interest. Interest is misleading. The girl that they chose to provide the film's sensuality might be better. The central conflict of the main character was uninvolving. This film is entirely devoid of positives. It is like a tedious exercise by someone who didn't want to go to the gym that day but did anyway.,negative
"Despite what a lot of other people thought about the first movie, I really liked it. This one however. How to sum it up in one word?: This movie is (and here comes the word): CRAP!<br /><br />But let's look at it part by part: Here is the plot: Finally the old queen has been removed from her castle, but her successor: Snow white has problems of another sort: The Court-Jester, Father of her son, has gone astray, as the super, Spliss, goes to the extreme, to battle his gray hair and sells the royal offspring for some blond and full hair. In her desperation Snow white seeks the help of Bubi (Otto Walkees),who must first find his other six dwarf companions and then try to find the royal offspring or at least try to find the name of Rumpelstiltskin.<br /><br />The whole plot seems to have been written on a weekend, where the writers were very drunk but were just under pressure from the studio to write the screenplay. <br /><br />Yes, there are some good jokes. Even for fans of the first part, or for fans of any of the other actors, it's really not worth buying the the DVD. Believe me. <br /><br />The only thing, that at least kind of saves the movie from complete oblivion, are the performances of some of the actors. That's why I gave the move 3/10. Sadly, the script is so bad that none of the actors or all of them combined can make up for the bad story.<br /><br />For example, at one point, they even cross over in our reality, and sadly.. they don't do anything funny while being here. <br /><br />Still, a lot of great actors in this movie: Otto Waalkes, Ralf Schmitz, Martin Schneider, Nina Hagen, Cosma Shiva Hagen, (Especially funny): Rüdiger Hoffmann as the mirror, Helge Schneider and many more but sadly all these comedians aren't able to bring this really bad script to life. <br /><br />Maybe it is a treat for some hardcore fans but for regular movie goers or by now DVD Renters or buyers it's not worth the money. <br /><br />I even regret renting the movie.",negative
"As with all of Angelopoulos' films, ""The Suspended Step of the Stork"" implicitly demands a close and intimate participation on the part of the viewer, a fact that has certainly contributed to the limited popularity of his work. Dialogues are sparing, with no monologues or exchanges exteriorizing the characters' inner conflicts, doubts, or feelings. The filmmaker prefers to keep the viewers away from their own emotional responses, and instead forces them to explore and study the characters' identities for themselves. As a result, the acting is understated and implicit, as opposed to overt and explicit.<br /><br />The action scenes are set between long intervals of contemplation, where the viewer is asked to become a participant, to participate as an actor, by probing his or her own psyche. As in a novel, where the drama rests entirely on the author's writing to provide a template where the reader's imagination and/or past experience flourish, Angelopoulos' drama rests within his images: his uses of the long shots, the long takes, the leisurely pacing, the sparing dialogues that have become his trademark, inviting the viewer to experience the film from his or her personal perspective. Angelopoulos uses silence to capture moments of high intensity, reverting to the non-verbal language of gestures, gazes, sounds, and music, when he believes that words can only take us so far.<br /><br />The music, by Angelopoulos' long time collaborator, Eleni Karaindrou, provides more than just a discreet background, but becomes itself a dramatic element of the story. A large part of the film consists of exterior shots in subtle, subdued colors, recorded in a drab winter light. Angelopoulos presents us with an ""other Greece,"" one far different from the Greece of the tourist brochures, with ethereal blue skies and emerald seas, drowned in an eternal sunshine. Here, the skies are covered and gray, the air is cold and misty, and the sands of the pristine beaches have been replaced by the trampled, dirty snow of the village streets. Angelopoulos' genius through Arvanitis' camera is on display throughout the film.<br /><br />""The Suspended Step of the Stork"" is above all else a political statement aimed at the socio-political situation in the Balkans at the end of the twentieth century. It is deeply concerned with the meaning of ""borders,"" and with those who are the victims of the confusion between nations. In the ""waiting room"" facing the Albanian border, the refugees, political or other, outcast by the rest of humanity, wait. They may be stuck against a political border, but unfortunately they still carry with them, and hang on, deeper ancestral borders: those of the languages, of the customs, and of the races. Although Angelopoulos' political views are well known, the film steers clear of any political discourse regarding the causes of the refugees' plights. In the process, Angelopoulos forces us to meditate on the concepts of geographical, cultural, political, and personal ""borders."" <br /><br />Angelopoulos considers himself a historian of twentieth century Greece, and he likes to bring lessons from the Hellenic myths into his discussions. In this film, he does some border crossing himself between the Greek and Italian cultures, drawing from a combined Homeric and Dantesque tradition of Odysseus' travel. Alexander is a Telemachus, in search of a story about an aging Greek politician/Odysseus who disappeared, never to be heard of again. This political man, a brilliant orator, unexpectedly and inexplicably left the comfort of his bourgeois existence, his wife, and his brilliant career, to live anonymously in a refugee camp with the lowest of the low. He became a poet in exile wondering how to change the world. Of course, the ""politician"" is not Alexander's father, but the ""politician"" stands before Alexander like a father figure/Odysseus. As with Homer's Telemachus, Alexander grows as a person during his odyssey.<br /><br />Of course, it would be wrong to try and see in the film a retelling of Homer's Odyssey in a contemporary context. Angelopoulos draws on Odysseus's travels only as structuring and thematic elements for his film. In Angelopoulos' ending, ""Odysseus"" is more like the Dante's Odysseus: he does not leave for Ithaca but goes on, ""carrying a suitcase."" And Alexander/Telemachus is ""suspended"" between returning to his home and his career, or embarking on a voyage to ""somewhere else."" He states as much, in a voice-over at the beginning of the film, paraphrasing few lines from Dante's ""Inferno"": ""And don't forget that the time for a voyage has come again. The wind blows your eyes far away."" <br /><br />Finally, although Angelopoulos is not a religious person, there is a Greek Orthodox religious theme introduced during the film in the form of the yellow-suited linesmen, who go around bettering things for their fellow human beings by reconnecting communications, and also the Christ-like figure of the ""politician."" In the final scene, these men in yellow demonstrate once more the Byzantine iconography's influence in Angelopoulos' work. They appear like ""stylites,"" religious figures found in the Orthodox tradition, solitary and fervent men who took up their abode upon the tops of pillars, in a form of asceticism.<br /><br />The film ends without a resolution as to the true identity of the character played by Mastroianni. Angelopoulos does not give us any clues, and the wife's statement, ""It's not him,"" is far from convincing and left ambiguous enough. The important question of the film is not whether he is or is not the vanished politician, but that he could be the politician. But the film still ends on an optimistic note. Whereas the wires strung from pole to pole run only along the river, and thus communications across the border are still not possible, and it remains impenetrable, we note that this final scene is taken from a point of view across the river: the camera has crossed the border, and the reverse tracking shot is inviting Alexander and the viewer to follow beyond the boundary. On this account, Angelopoulos gives us hope that somehow, some of the borders will eventually crumble.",positive
"I thought the film was good in parts.the start was exciting .the first 30 minutes of the film were good.the camera angles in the first 30 minutes were strange and i did not like it coz the were they not covering the actors entirely.<br /><br />i think the last 25 minutes of the film were really not that great from which we expect a lot in case of such films.<br /><br />the dialoques did not make sense and i don't think they were very witty.<br /><br />i felt as if they were trying to copy films like phonebooth in terms of dialogues,but failed miserably.it seemed as if they many of the scenes between the actors were put for sake of it and did not make any sense to the story.<br /><br />the entire film features only law and caine.<br /><br />i don't think it was a waste of time,its an OK film,but not gr8",negative
"I checked this out for free at the library, and I still feel ripped off. Yes, Sandra Bullock is actually in it, but only in five scenes totaling up to barely 5 minutes, and even those are fairly painful to watch. The rest of the movie is so bad that you'll spend most of the time hoping it will end soon, but only if you're one of those people who have to finish a movie once they start it. Everyone else will just turn it off. Don't worry, you aren't going to miss anything. Bullock's lines (assuming that you were tricked into watching this because her name is plastered on the case) are essentially just parroting of other characters lines, like this dialog:<br /><br />Lisa (Bullock) - ""Danny, please tell me what is going on.""<br /><br />Danny - ""I don't know."" <br /><br />Lisa - ""Whaddaya mean you don't know?"" <br /><br />Danny - ""I don't know - it's something to do with my Dad."" <br /><br />Lisa - ""Whaddaya mean your Dad?"" <br /><br />Danny - ""I don't know - he ****ed up or something."" <br /><br />Lisa - ""Why am I here?"" <br /><br />Danny - ""I'm sorry Lisa. I don't know."" <br /><br />(moments later) Danny - ""Some army buddies of my Dad . . . "" <br /><br />Lisa - ""Whaddaya mean army buddies?""<br /><br />See what I mean? <br /><br />Bottom line - Just say no.",negative
"Plot Synopsis: When his wife, a news reporter, is kidnapped & replaced with an android double, Secret Service agent Eric Phillips tracks her down & uncovers a plan by an arms dealer to create an army of invincible androids to assassinate world leaders.<br /><br />I wasn't expecting much when I first saw this sequel to Richard Pepin's low-budget sci-fi / action hybrid ""Cyber Tracker"". That film was nothing special, not to mention a blatant rip-off of both ""The Terminator"" & ""RoboCop"". This sequel is the same as before, with an all-out action sequence opening the film. There are plenty of explosions, heavy gunfire & a huge bodycount, as well as some martial-arts moves courtesy of the film's star, Don ""The Dragon"" Wilson. The whole film seems like a series of action scenes strung together with minimal plot. On the acting front, Wilson is a bad actor. He really needs a personality transplant.",negative
"BLACK EYE (2 outta 5 stars) Unimaginatively-filmed '70s action movie looks like it was made for TV... only the occasional cuss word and a subplot about lesbianism tip you off that the movie was actually made to be shown in theatres. Fred Williamson plays a tough guy ex-cop who becomes a tough guy private eye. He stumbles upon a couple of murders and attempted murders linked to a mysterious cane. There are some fistfights, a Bullit-inspired car chase, a fairly original elevator scene and even time for Williamson to confront the rich, lesbian lover of his girlfriend (Teresa Graves). There is also a scene with Williamson bullying a poor old man by tearing up some priceless old autographed photos in his memorabilia shop. Yeah, way to go, tough guy... maybe you can find a cripple to beat up later? Obviously meant to cash in on the success of ""Shaft"" (this and about six thousand other movies), this movie doesn't have enough edge or enough originality to make much of an impression.",negative
"I heard about this movie when watching VH1's ""100 Most Metal Moments."" On the segment, Gene Simmons (who played a cameo) and several other interviewees discussed how utterly awful this movie is. Unlike most people, I'm often more curious about checking out movies that have reputations for being ridiculously bad than, say, a masterpiece of cinema. The advantage of having that sort of attitude is half the time I find out that the movies are nowhere near as bad as people said, and I end up enjoying them a lot more than I initially expected. That was my experience with ""Trick or Treat."" Now, it's hard to make a movie about a teenage boy who receives messages from a dead heavy metal star by playing one of his vintage records backwards without people scoffing at the premise. Sure, it's certainly a strange premise, but one that's never been done before! Give the filmmakers points for originality for Pete's sake! If you're looking to buy the DVD, having no prior knowledge of the movie, don't be fooled into thinking Ozzy Osbourne and Gene Simmons are the stars. However, though Simmons has a thankless role, Ozzy does have a funny cameo as a Reverend (that's right, a Reverend!!) who speaks out against heavy metal. For one thing, it's funny seeing Ozzy with short hair. And for another thing, you can't help but laugh at the irony. Sure, it's a cheap shot, but an effective one. The acting is pretty good. I found the performances convincing. The teen characters are horribly clichéd. So expect the usual array of jocks and nerds. And like in every one of these movies, the pretty girl is a decent person who has sympathy for the alienated main character, yet continues to go out with her jock boyfriend. Why's she going out with such a complete jerk in the first place? Because the plot needs an obstacle. No other reason. But I can't deny that one of my guilty pleasures is watching the evil jocks in these movies go down, since I was an outcast in high school. The movie kept my interest for the most part, but the third act is way too conventional and caused me to roll my eyes as there would be one predictable situation after another. But altogether the film is not at all bad and definitely worth viewing on a rainy day. (7 out of 10)",positive
"Some funny bits, but come Bill! A film? Quoting Zeitgeist? Keep the TV Show and the interviews, but a film? I'm probably overreacting but what a unnecessary provoking film... I don't know. I laughed, disagreed, agreed... this film is very confusing and inconsistent.<br /><br />Bill's a funny guy... but also very cocky... Bill's rhetoric is similar to Bill Hicks, a brilliant comedian. But like many comedians, the borderline between comedy and preaching can be annoying. I think that the major problem in this film is his lack of sensibility. This might be just a personal taste, but comedy that constantly demeans somebody cannot be taken as truth. Bill is obviously emotionally reactive to religious fundamentalism. I agree with Bill that religious fanaticism is not sensible, but the response to it cannot be sensible. It will create unnecessary turmoil. We can do better than just react to fundamentalism. His conclusion is that ""we don't know"" and he fervently tries to convince the spectator that nobody knows anything, to the point that the agnostic community has been concerned with his lack of serious research in comparative religion. His humility that he only knows that he doesn't, is a contradiction as he tries to insist that all religious thought is non-sense.<br /><br />I had great trouble seeing bits of Zeitgeist, the movie in Bill's film. All the astrotheology-influenced non-sense that simplifies all religions as the same is simply disappointing. Zeitgeist has provoked a lot of controversy and has messed up the validity of so much of the valuable Religion Studies scholarship. It is very sad how wrong facts have been tossed around with no reliable scholarly sources. Astro-mystic sources that reduce everything to ""the stars say it all"" seem to be from the Middle Ages. This film is a confusing statement from a confused ""agnostic"". Agnosticism is far more complex and philosophically academic than defending every single issue as ""we don't know"".<br /><br />This film is an obvious proof of how postmodernism has been able to oversimplify and generalize major issues in human history.<br /><br />Watch the film (it has hilarious interviews and bits) but PLEASE do not behave like Bill. You cannot expect anybody to have a mature conversation if you are making sardonic comments in every other line. His arguing techniques are demeaning and insulting, provoking emotional reactions rather than rational and logical argumentation.. There needs to be a more mature way of dealing with these issues.",negative
"Wow.this is a touching story! First i saw 'Rescue Dawn'.I didn't 'like' it. And now i have seen the person , Dieter Dengler , about whom this story is being told by Herzog.Very Impressing.Dieter is a driven human being who encountered the most opposite emotions in his live on this earth.what an extraordinary life this person has led. His tale about the capture by the Patet Lao/Vietcong and thus his suffering is horrifying but what's most impressive is his incredible will to survive.How could he find the strenght ? In a haunting way , Dieter is telling us in full flowing sentences about his terrible ordeal during his captivity... he is a great storyteller and Herzog does him the justice this brave man deserves.<br /><br />In my opinion.'Little Dieter needs to fly ' tells it all ! , leaving nothing to the imagination , thus making ' Rescue dawn ' a superfluous film. The horror doesn't get more real than in the words of Dieter Dengler himself.He totally succeeds in painting the picture.",positive
"Jack London's life was certainly colorful enough for a dozen films about different aspects of him. Sad to say though that what his life was used for in film was some wartime propaganda that put the best face on some of the least attractive parts of his character.<br /><br />Jack London who barely saw the age of 40 when he died wrote some of the best stories around. He wrote on what he knew, but he also wrote as does everyone else bringing the baggage of his own life experience with him. Some of that experience in another day and time would have been condemned as racism. But this was World War II and London was a big believer in the 'yellow peril' as it was called back in the day.<br /><br />Two thirds of the film covers his life as author, we see his years as a seaman from where he got the inspiration for The Sea Wolf. We see him up in the Yukon in a miner's cabin with a dog that was no doubt his inspiration for The Call of the Wild. London was able to capture the spirit of adventure that his own life was all about right on paper for the world to enjoy ever since.<br /><br />The final third dealt with his time as a war correspondent covering the Russo-Japanese War. London was a socialist, but his socialism did not encompass folks who were Oriental. Like a few million others he saw the rising immigration of the Chinese and Japanese to our Pacific coast as a threat to jobs for the white people. He advocated strict immigration policies for Orientals.<br /><br />The film puts the cart before the horse. London is presented as a man who saw because he was on hand at the Russo-Japanese War what Japan's ambitions were and for that reason was as xenophobic as he was. Actually the kind of atrocities present in World War II were not existent during the Russo-Japanese conflict. Japan had her imperial ambitions, but so did everyone else including the USA at that time. But our immigration policies caused by pressure from our West Coast politicians was a big contributing factor to the deterioration of relations with Japan over a couple of generations. London was part of the cause not a prophet crying in the wilderness.<br /><br />This film was the first independent production of Samuel Bronston who later did some films with a bit more budget than Jack London. Had he a bit more money Bronston might have gotten James Cagney or Spencer Tracy, both who would have been right for the role. Instead they got Michael O'Shea who was making his second film after Lady of Burlesque. O'Shea is fine in the part, but certainly was no box office.<br /><br />As London is covering the war, he meets up with a Captain Tanaka who is played by Leonard Strong, an actor who specialized in Orientals and played a ton of them in World War II. From the vantage point in 1905 Strong outlines in the best Fu Manchu tradition Japan's imperial aims right up to taking on the USA eventually. Must have gone over great with the swing shift crowd. <br /><br />A lot of course is left out of London's life including a first wife. Playing the second and only wife in this film is Susan Hayward who only comes into the movie when it's half over. I wish we'd have seen more of her. Charmian Kittredge London survived her husband by almost 40 years dying in 1955.<br /><br />O'Shea in fact met and married the leading lady of his life in Jack London. Virginia Mayo has a small role in Jack London and they married for 30 years until O'Shea died in 1973.<br /><br />Maybe one day we'll get a view of Jack London that will be a lot better than this one.",negative
"I thought the this film had an interesting name and just might have proved thought provoking, but was I wrong. This film was boring, especially in the beginning and the middle parts. I cannot comment on the ending because I just couldn't stand watching the whole film. The premise of signing a student researcher just because he walks into your lab makes no sense. This student had an interesting type of moving robot in his apartment and sadly enough this non living thing is more interesting than the characters in this film. So if you are having trouble with sleep then I recommend that you rent this film.",negative
"Meticulously constructed and perfectly played, To The Ends Of The Earth is a simply astonishing voyage out of our reality and into another age.<br /><br />Based on William Golding's trilogy, these three 90-minute films chronicle the journey towards both Australia and experience of youthful aristocrat Edmund Talbot (Benedict Cumberbatch) aboard an aging man o' war in the early 19th century as he heads for a Government position Down Under.<br /><br />Among the crew and hopeful emigrants sharing his passage are a tempestuous, bullying captain (Jared Harris), a politically radical philosopher (Sam Neill), a canny 1st lieutenant who's worked his way up from the bottom (Jamie Sives) and, fleetingly, the first brush of love in the form of a beautiful young woman (Joanne Page) whose ship literally passes in the night.<br /><br />Quite aside from the astonishing degree of physical historic accuracy, director David Attwood and screenwriters Tony Basgallop and Leigh Jackson have a canny eye and ear for the manners and stiff etiquette of an earlier time, crafting a totally convincing microcosm of the Napoleonic era.<br /><br />Shipboard life is one brutal, monotonous round of seasickness, squalor and danger after another and as Edmund becomes entangled in the loves, hopes and miseries of his fellow passengers he experiences a delirious whirl of life's hardships, Man's inhumanities and his noblest sentiments.<br /><br />Those who enjoyed Master And Commander: The Far Side Of The World or Patrick O'Brian's series of novels on which it was based will love this  for everyone else, it's a whole new world to discover.",positive
"I was a fan of Buffy and hoped it would come to a proper end when Angel got only one more season. But when the end came closer I was exited to see that. And what did we get? This episode called ""NOT FADE AWAY"" was the very last one.<br /><br />I was so disappointed by this episode. This is absolutely the worst way to this series. Why couldn't it get a happy ending? Why did have a few of the main characters to die? Why did Angel not become a human and was reunited with Buffy again? No. Angel has to sign this bloddy piece of paper that he'll never become a human. How stupid.<br /><br />And the end is a cliffhanger.<br /><br />What could have been worse? The Buffyshow began so great, such as Angel, but the hole Universe ended so crappy. Somebody should put a spell on the man who wrote the screenplay to this episode and make sure he get's lost in hell.<br /><br />So don't bother watching this, it's so bad, it hurts! Totally 1 out of 10.",negative
"A wonderful cast thrown into modern mystical romances for the intellectual grown ups. Yes, they too need a love story to stir those hidden urges without the Hollywood fluff. This all under the masterful direction of Antonioni and Wenders who both love to pin his characters in exotic locations and have them dwarfed by the surroundings with long wide shots. It is great to see that there is lust in the mid-life crises sector.",positive
"This movie has everything a fantasy movie should have, romance, clever witticisms, great acting and a fair dose of magic. <br /><br />I thoroughly enjoyed this movie and was drawn to its original plot (based on the Neil Gaiman novel which I am now looking to read) and colorful characters.<br /><br />One of the most striking things to me actually was how self contained the story is. Unlike so many sci-fi fantasy movies out there right now which leave open-endings and such this was a pure fairy-tale, satisfying in and of itself with no need for a sequel.<br /><br />Original. Fun. Feel-good Fantasy.",positive
"I looked forward to seeing this movie, because the trailer made it look so cool. But the fact is that this movie is boring, and totally muddled. There is no plot, and half the movie is fast flashing shots from football games. Zoomed in shots, that gives you no overview of the games. I was constantly looking at the timer, to see when the movie was over!<br /><br />There's only ONE good thing about this movie. The sound!! The soundtrack is awesome! .............Don't expect anything from this movie.",negative
"This is probably the best television show I've ever seen. I first saw it on Comedy Central several years ago. At the time I was unaware that it had been dramatically edited and was shown out of order, and having just watched all three series in order and unedited (thank you internet and your wondrous ""series of tubes"") I am SO GLAD I rediscovered it! I think Comedy Central sort of picked and chose their way through series one and two to make a ""season""......and I tried to get friends and family to watch it, but nobody really seemed to like it (I need new friends). So, on my own, I made the best out of it that I could. Even when I felt like it was waning a bit, I still felt compelled to continue watching. Years after when I discovered Little Britain, I immediately recognized Pauline from LoG as having influenced Marjorie in Fat Fighters. Also, I love the idea of writers who act the entire show....(not new, but done impeccably here). LB has nothing on LoG! (No offense, Matt & David....Love you)! This is indeed a darkly comedic piece of genius. Serial murder, implied cannibalism.....you name it and it's probably found in this wonderful, unique piece of TV art. The location shots from the very first scene themselves are chilling and seem to beckon you to the town of Royston Vasey.....You'll Never Leave! I think my favorite character would have to be Tubbs, but each character as portrayed has it's own ""charm"". My least favorite was Papa Lazarous, that was until he re-surfaced in series three (clever and wholly unexpected)! It's best to watch several episodes in a row as it drives the continuity and as I said before, becomes so compelling (while repulsing) that you really CAN'T stop watching. This is not for those with weak stomachs, kids, conservatives or Grandma (unless you've got one saucy granny)! I have always loved British TV, particularly comedies, from Monty Python to Benny Hill, Red Dwarf to Keeping Up Appearances, Absolutely Fabulous and the British originals Coupling and The Office (but not their US counterparts....sorry). This is unlike any of those in that it completely redraws the line between what's funny and what's just sick and twisted. Nothing, NOTHING on US TV has ever come close to this level of entertainment. US broadcast TV is so sad and lame, I can barely stand to watch ANY of it. It's kind of sad that even our cable channels don't have the guts to show unedited versions of this gem (your loss, Comedy Central). Thankfully there are shows like this one that come from the ""across the pond"" that redeem the entire medium every decade or so. Basic cable here in the US has been making tiny steps the last few years in confidently ""crossing lines"" with more graphic sexual content, drug use and adult language, but they are still years away from just deciding to be Adults about showing real life, adult behavior (instead of just murder obsession and blowing things up, sheesh, it's like the same basic show format for the past 35 years)! Don't even get me started on US sitcoms! Waste of time and lots of wasted money......did you know that ""According to Jim"" has been on the air for 10 years??? 10 YEARS?? Anyway... Watch this show, get it on DVD, do what you must and then make your friends watch it as well! You've never seen anything like it. There are three specials that I have not watched yet....I'm saving them to spring on my best friend next time he visits. He'll watch them, even if I have to chain him up and paint him with Excrement! Lines and lines and lines and lines! Note that series three departs from one and two....the greater town seems to fall away to concentrate on newer characters, the laugh track is gone (thank bloody hell), the theme is more band and less orchestra and a bit of the story takes place outside of Royston Vasey. Don't be thrown by any of that as by the end, the series has preserved the quiet perversity first demonstrated in series one and two. I think these four guys have created something sort of undefinable. Brilliant, confident and absolutely demented. You will want to re-watch it again and again. It's amazing that in 5 seconds of screen time they can go from cheap sight-gag to horrifying blasphemy then end with a single actors close-up facial expression. If ever I were to meet any of the writer/performers, I'd implore them not to recreate it or try to top it.....I'd just say ""Can I help you at all?"" (Then they'd probably slap me, so I'd ask them to sign the slap-mark)! 10 out of 10",positive
"This early Adam Sandler film could be compared to his life as a comic during the same period in 1989. His character's constant acknowledgement of his hidden comic genius and frustration regarding humorous material seems to come more from Sandler than the script. The film is nothing compared to his blockbuster feature films, such as Big Daddy or even the corny Billy Maddison. Unfortunately, Sandler had not yet found a way to express himself in a consistent, successful and funny manner when this film was made, much like his character. The majority of the film's ""jokes"" come from Sandler having conversations with himself, usually over his unrecognised comic talent and beating himself up because he's too ugly and can't get women. The film is hard to watch too because it doesn't treat itself like a real film. Sandler talks to the camera and the viewers throughout the film, often referring to the film's low budget or questionable content. The film is ultimately awkward and embarrassing to watch. I immediately wanted to forget I even saw this film after it was over, for fear that if more found out about it, it would ruin Sandler's career. Pass this one up at the video store, I rented it for free and it was still a waste of time.",negative
"Even the trailer for this movie makes me cry, like the first time I saw this movie. Not for people who are easily upset by intense material! The finest performances by Alan Rickman and Madelaine Stowe, without a doubt. This dreadful tale of a society with the power to kidnap and torture it's citizens for ANY reason, whether they are anarchist's or the writer of children's books will chill you to the bone. I saw it when it first came out 1991 and I remember every frame. It still scares the hell out me today. It's happening now.<br /><br />Apparently, IMDb requires ten lines to meet their criteria for a film review. IMDb might want to GET A GRIP! Some of us are a little more succinct about writing opinions.",positive
"A suspenseful thriller that bears some resemblance to Deliverance as for scenery and setting. There are also some very innovatively shot scenes and good music, although the daftness and sometimes seemingly careless attitude of one of the characters is unfitting to the situation, although this is not a mayor problem. It also poses interesting questions about justness of revenge and limits of friendship.<br /><br />",positive
"Okay, first of I hate commenting on this thing but I felt like I had to stand up for this movie. So many people were bashing on it and I felt like people who might want to see it should get a second opinion.<br /><br />First off, Bend It Like Beckham is not meant to be the most profound movie of the century. If that's what you're looking for go somewhere else. Just because it is an independent film does not mean it has to be artsy. It's supposed to make you feel good and you're supposed to have fun watching it and those two things are handily accomplished.<br /><br />Secondly, the acting though not ""Halle Berry in Monster's Ball"" is still good. The movie doesn't need acting like that honestly so don't look for it. It's a family movie. If that's what you wanted you wouldn't or shouldn't even be looking into this movie honestly.<br /><br />Lastly, It has a really cute story. I think it's thought out well and it's entertaining to watch. It's also very true to life for the most part for that culture so if you want to sit down and watch a movie that you can enjoy and feel good about when you're finished. If you're looking for something with deep thought out plot lines and big dramatic scenes this is not for you.<br /><br />-Lyndsay",positive
"Bill, Jeremy Theobald, is an inspiring writer who hasn't gotten anything published as of yet. Bill also has an odd and strange habit, he likes to follow people.<br /><br />Bill picks out some stranger in the streets diner or on the subway, metro, and follows them as if he were their shadow. Maybe Bill does this to help him in inspiring himself to write the great novel that he's been dreaming about or get an article of his get printed in a major magazine? Maybe it's because it fills Bill's lonely life with a purpose and even makes the person of his curiosity a face in the crowd with meaning and substance by his paying attention to him or her? Or maybe it gives Bill someone to look after and care about and be responsible for besides himself? Bill has a simple rule that he follows religiously when he follows someone : after you follow him or her to their home or place of work you stop. <br /><br />One day Bill follows Cobb, Alex Haw, home and instead of following his rule of stopping he still keeps following Cobb. Bill will soon realize how right he was with that rule he set for himself in following people and at the same time how wrong he was by breaking it. <br /><br />Amazingly good low-budget movie made by Christopher Noland in 1998 before he hit it big in Hollywood with his ground-breaking and original motion picture classic ""Momento"" some two years later that has already become a major cult movie. <br /><br />""Following"" is actually a much better movie then ""Momento"" because it's a conventional and easy to follow story. Compared to ""Momento's"" which was at first confusing and then when you realize what the movie is telling you in it's backward storyline very complicated. Whats makes ""Following"" so much better is just by it being simple but at the same time brainy in it's affect on those who watch it. The movie is far more direct as well as devastating and you don't have to see it over and over to get just what it was trying to tell them like ""Momento"" did. ""Following"" is a story within a story within a story with one of the most surprising as well as simply manipulated ending, if you watch the movie again and notice the clues, that you'll ever see.<br /><br />Made with an unbelievably small budget of $6,000.00, thats less then what most Hollywood movies budgets out for coffee-breaks, with a no-name cast in black and white and just over one hour, 71 minutes, long. Hollywood as well as the motion picture industry outside of Hollywood can learn a lot from Chris Noland in how someone with nothing more then talent and imagination can achieve what millions of dollars in most cases can't; make an intelligent and at the same time penetrating film with next to nothing in money and no big name stars.",positive
"I really wish Hollywood would come up with some new ideas and quick. Instead they go around and recreate and mess up a perfectly good movie with a re-make. This movie is awful from the DeMille version. All the way through this movie I was saying to myself, Huh??? - What???? - I don't remember that part. The only exciting thing in this movie so far was the parting of the Red Sea. And in Heston's version - it was a heck of a lot better than this version. Did anyone else see an atomic or nuclear bomb cloud fade in and out when the Red Sea was being parted? I think I did. Anyway, I Might - Might - watch the last part tonight.<br /><br />I wish Hollywood would tackle different ideas and subject matters when they are making new movies. Instead of re-hashing old films.<br /><br />They should of left well enough alone.<br /><br />UPDATE:<br /><br />Well I watched the last part. Did Moses make up the second copy of the ten commandments with his own hand - or was I seeing things - please someone - email me and let me know. HORRIBLE",negative
"This is one of the most hilariously bad movies I have ever had the privilege to see.<br /><br />I watched this on DVD with a bunch of friends one Friday night and we just couldn't stop laughing from start to finish.<br /><br />The story is simple enough: terrorists hijack a convoy they think is carrying weapons grade uranium, but it's actually carrying a bunch of man-eating dinosaurs. Easy mistake to make. Cue a startlingly incompetent team of Army Special Forces to tackle the prehistoric beasts. They are led by Colonel Rance, played by Scott Valentine; a man who seems to have perfected 'Smell the fart' acting, as advocated by Joey in Friends.<br /><br />There's plenty of gore and an awful lot of shooting, but unfortunately Rance's team seem to have a problem aiming their weapons in the general direction of a horde of giant, lumbering monsters. Also, the lights always seem to flicker and go out whenever a Velociraptor attacks (preumably so we can't see how bad the creature effects are).<br /><br />Having said all that, we all had a great deal of fun betting on who was going to get their head bitten off next.<br /><br />As a Jusassic Park / Aliens style action adventure this movie stinks worse than a dinosaur's crotch, but as ludicrous, tongue-in-cheek entertainment it's a roaring success.",negative
"Although I do not recommend this film, neither do I recommend reading this review without first seeing the movie. Though I have not given away the ending, or most of the plot twists, this movie would be best viewed without any prior information. It's hard to pinpoint the chief problem with the film Donnie Darko, as there are many to deal with. Richard Kelly, in his first feature film, seems to have collected enough scenes of adolescent rage, late-night stoner diatribes, self-righteous justifications and inoffensive, banal philosophy to inspire twenty teen-angst dramas; then mashed them into a single two hour package with a sci-fi twist. The result is deeply distressing-- for all the wrong reasons. The film attempts to lead the audience down convoluted paths without any sense of symbolism or meaning, to make them sympathize with one-dimensional characters, and above all hopes that they will ignore the underdeveloped plot, full of unreconciled loose ends, by hiding it under a veneer of CGI effects and neo-surrealism. The main character, Donnie Darko, is a young man, committed to therapy, misunderstood by his friends, and rendered hostile and disaffected by his suburban life. We are meant to feel that he is more intelligent than his schoolmates, although sometimes that is a difficult assumption to make. For example, when one of his friends comes up with an absurd theory about the Smurfs, and Donnie counters with a theory of his own, his friend complains about Donnie acting ""all smart."" Donnie's speech, however, is no smarter than that of his friend-- just angrier. The only clear evidence of his intelligence is his principal's description of his standardized test scores as `intimidating;' but given the director's slant against simple categorization of human elements (as shown in the FEAR-LOVE sequence), this is a poor substitute for character development. Donnie takes prescribed drugs to combat mental problems, which are not addressed directly in this film. In fact, the entire issue of the drugs is understated, and one of the first chances the director has to redeem the film is lost. The ambiguity of Donnie's strange destiny, the possibility that all of this may be a product of his imagination, is pushed into the background, making the film 100 percent science fiction. This would not be a bad thing in itself, except that the ""science"" behind the ""fiction"" is very shaky. The explanations of time travel are weak, at best sounding like detached, uninformed rambling. We get the idea that the film's writer once read a book about time travel or a few chapters, and can't quite remember how it worked, but was sure that it was really interesting and wanted to work it into the film. The scientific portion, as a result, depends more heavily on expensive computer animations than actual development of the theories involved (at one point, a teacher discussing time travel states that if he continues to speak on the subject, he'd be fired. Apparently no further explanation is needed). Donnie's dealings with a visitor from the future lead him to commit several vicious actions. The justification for these actions is a tricky business. He damages his school, but it's okay, because his school doesn't treat him like a person. His punishment of a creepy self-esteem advocate (somewhat similar to Tom Cruise's character in Magnolia) results in the man's public humiliation. But should the audience believe that Donnie is some sort of avenging angel, striking out against ignorance and debauchery? He himself seems ignorant of the effects of these actions until after the fact. Aside from these flaws, the film is riddled with flat, uninteresting generalizations of humanity. The story is set in 1988, just before the Bush/Dukakis election, and the director touches on this point during the film. The focus, however, extends exactly this far: Donnie's gruff, blue collar father is voting for Bush, while his free-spirited, rebellious daughter plans to vote for Dukakis. There is nothing even remotely resembling a political statement here; simply a statement of the obvious. The former are not necessary to make a good film, but the latter should be left out. Likewise, Donnie's heartfelt speech about not being able to lump all human emotions into the bland categories of ""fear and ""love;"" this doesn't ask the audience to make any great leaps of understanding. Everybody knows that there are more that two human emotions, and particular emphasis on this fact is worthless. Mr. Kelly gives homage to several symbols of 80's pop culture in his film: E.T., Stephen King, the Smurfs, Back to the Future. At it's heart, this film feels like the director's homage to himself, a collection of his own experiences, interests, personal heroes and adversaries, affirmations and disenchantments, roughly stitched together by untrained hands. Entire songs are played in music video format to the characters actions, seemingly because the director likes the songs. Characters who have little to no bearing on the plot (including the archetypal bully, fat girl, and right-wing idiot teacher) are given unnecessary focus, because the director really wanted to pack them in somehow. The awkward mess that is Donnie Darko leaves us wondering if Mr. Kelly has enough ideas left in his head to make another film, or if he has wasted all his creativity in one pointless, cluttered, meandering effort.<br /><br />My rating: 1/10.",negative
"This film has some of the greatest comedic dialog and memorable quotes ever assembled in one film! The plot is somewhat lacking, but the delightful quips are enough to make up the difference. This is a timeless movie for all ages that is sure to please. As a cinematic art form it is highly entertaining; and with major stars like Cary Grant, Myrna Loy, and Melvyn Douglas... how could you go wrong? <br /><br />Comedic dialog and timeing such as this has long been undervalued, and is very difficult to imitate. A good example of this is seen in the 1986 knockoff of this film: The Money Pit, with Tom Hanks and Shelley Long. Despite the talent and physical comedy of these stars, the film dragged and received poor reviews and viewer comments. Achieving true comedic dialog is an art.",positive
"''Ranma ½"" is my favorite anime by Rumiko Takahashi. The woman really knows how to entertain us with a good story, that is not only a comedy, but also an action anime. The main character of the story is Ranma Saotome, a teenager boy who is also an expert in martial arts. Ranma is engaged to Akane because of an arrangement of both fathers, who are great friends and trained together during many years. <br /><br />Akane is the younger and most violent sister of the Tendo's: Kasumi is the oldest and is very sweet and Nabiki is the middle and loves to win money no matter what.<br /><br />Ranma and Akane fight all the time,specially because both have a very bad temper, and when they discover that Ranma becomes a girl when splashed with cold water as well as his father becomes a panda,many new characters and situations starts to happen. They also discover the reason of the transformation: while fighting, Ranma and his father fell in a cursed river. But not only them had this kind of fate...<br /><br />If you watched ''Ranma 1/2'' and liked, I would recommend you ''Inuyasha'' and ''Maison Ikkoku"", two other good creations from Rumiko's hands.",positive
"I have seen 'The Sea Within' today and I loved it. The actors of the movie are wonderful (specially Javier Bardem, of course), but I thought that Belén Rueda would have a better role. Lola Dueñas, Clara Segura and, specially, Mabel Rivera perform excellent interpretations. And I cannot forget Celso Bugallo and Joan Dalmau (brother and father of the protagonist).<br /><br />There are two technical aspects I loved very much: Aguirresarobe's photography and the score by Amenábar himself. I liked the song, 'Negra sombra' ('Dark Shadow'), by Luz Casal with music of Carlos Núñez.<br /><br />In short, I think that the Spanish Academy should choose 'The Sea Within' in order to compete in the Oscar Awards. I liked other Spanish productions, such as Almodóvar's 'Bad Education', but Amenábar's film is much better than them. 'The Sea Within' deserves all the awards.",positive
"This is the best made-for-TV movie of all-time! Am I saying this because I'm a huge Silverstone fan? Partially, but even without her, I'd still see it. I'm a fan of serial killer genre films, and believe this to be a great entry in that category. Also, Mary Giordano easily ranks among Alicia's top five character creations. Totally memorable - like she really exists. I'd have her on my side, too, if there was a mystery to be solved. She plays the character, like she does with her real life, with complete confidence in everything she does. Seems sweet, honest, nice...just like she is in real life. So is that acting? Yes, indeed, she's sort of a rebel once again. This time she's not bad, she's too good and a bit afraid to do things that seem above the law. But she doesn't do things the normal teenager would do. Instead, she spends her time reading detective mags and solves crimes. A cliche abounds: she's sort of avenging her father's death, in a different way than vigilante-style. At the time, Alicia seemed to be playing the same characters: rebellious, seductive, without a parent, a loner. This happens here, too, but she's a bit nerdy this time around. That doesn't matter; she's still cool as a nerd. Check this out soon, or else Giordano will be investigating why you haven't...",positive
"I, also having endured hundreds of children's movies in the past, consider this to be one of the worst I have ever seen.<br /><br />1) I resent in this day and age having to explain to my children that Russia is not ""the bad guys"". Also, that mocking Russian names like ""Poopchev"" is inappropriate.<br /><br />2) The grandfather fly's birthday party scene contained a quasi-sexist joke in which he implied that males drink beer and women talk on the phone. Two other flies also needlessly use the word ""crap"" twice.<br /><br />3) The whole movie largely smacks of 1950's stereotypes and propaganda that I thought we, as a nation, were proud to have risen above.<br /><br />In all it's just crude, badly animated, even more badly written and not worth wasting the time to view.",negative
"That's certainly not the best film ever. But that's certainly worth seeing for people with a special kind of mind. So the one who loves sadness and depression, and scary fairy-tales at night, and wolves and real madness - welcome! If you find a copy, of course:) As for me, I could stand it only once... But since that the Wolves, and Saint-Lucy, and children's drawings, and a headless Christ live in my nightmares.",positive
"Hey guy, this movies is everything about choices. All the times in your life you must pick something or it just pass away... And this movie prove that! Of course, life in fact is not like a beautiful picture as this movie shows... it not shows indeed but some may figure that. I'm trying to say it's full of pain, love and deep lessons of live. Aaron, the Mormon missionary is the real shepherd digging out the thing beautiful deep inside Chisthian, the skin feeling guy...<br /><br />It's a great end and you do always believe in fate because it will surprise you in a turn or in other of your live like Latter Days...<br /><br />Big deal watch it!!!",positive
"This is so blatantly a made-for-TV ripoff of Black Widow (1987) - even the insect titles are so similar.<br /><br />If you want a better ""marrying for money"" movie, check out Black Widow, starring Debra Winger & Theresa Russell.<br /><br />These movie is cheesiness at its best..! I just had to watch it entirely to see how it ended.",negative
"Why does this piece of film have so many raving reviews? <br /><br />This is amateurish, unfunny and annoying.<br /><br />The only memorable thing here is the corny title song. <br /><br />The production values are low and the ""comedic"" (if you want to call them that) ideas are weak, they seem like leftovers of leftovers from SNL that even they would not dare to have put on the screen.<br /><br />I'm beginning to thoroughly mistrust IMDb ratings. <br /><br />This is light years away from Kentucky Fried Movie - not even in the same Galaxy.<br /><br />It's not even possible to write 10 lines about it.<br /><br />OK, another good thing: ugly street scenes and ugly people - something one doesn't get to see a lot in todays TV and Movies.",negative
"It was released in France on dvd several years ago--I wish it would be re-released with English subtitles. Do not confuse this with a remake with Penelope Cruz which gets poor reviews. Gerard Phillippe is a peasant who is told by a fortune teller that he will marry the daughter of the king. He sets off to join the army and goes to war. His love, however, is Gina Lollabrigida in an early movie for her. I won't spoil the end. Gerard Phillippe died a few years later at a young age, a great loss to moviedom.",positive
"Cliff Robertson as a scheming husband married to a rich wife delivers a razzie-worthy performance here if there ever was one; it's as if director Michael Anderson kept yelling ""dial it down; think zombie, only less lively"" through his little bullhorn as he coached Robertson's effort. The rest of the cast is barely better; Jennifer Agutter of LOGAN'S RUN fame is hardly seen in what should have been fleshed out as a pivotal role. If the quality of the acting was three times better; if some of the more gaping plot holes were filled; and if the pacing were given a shot of adrenaline, then this yawner might be brought up to a standard acceptable to the Hallmark\Lifetime TV channel crowd. As is, its rating is so inexplicably high one can't help thinking chronic insomniacs are using DOMINIQUE to catch a little snoozing time. Perhaps the late-night TV telemarketers are missing a major opportunity in not shilling it as such.",negative
"Hypothetical situations abound, one-time director Harry Ralston gives us the ultimate post-apocalyptic glimpse with the world dead, left in the streets, in the stores, and throughout the landscape, sans in the middle of a forgotten desert. One lone survivor, attempting to rekindle his sanity, takes food from the city to his bungalow in this desert. All alone, he hopes for more, but with nobody around, he is left with white underwear, and a passion for a local Indian tribe  until the discovery of a camera which opens up new doors and breaks the barriers of human co-existence. Alan, a man of the book, is left on Earth after an unknown disaster. Thinking he is alone, he begins living life his way  until, Jeri Ryan, appears (like she would in any dream) out of the woods, disheveled, and unhappy to find the final man alive to be ... well ... like Alan. Anyway, they try to co-exist, fail, get drunk, and before creating the ultimate dystopia, they run into Redneck Raphael (played by newcomer  Dan Montgomery Jr). Bonds are torn, confusion sets in, a couple becomes a third wheel, and the battle between physically inept nerd vs. brainless jock. Even with nobody left on the planet, it becomes a truth that even the darkest of human nature will arise.<br /><br />Using a variable film technique, Ralston gives us a mediocre story based loosely on another film entitled ""The Quiet Earth"" (which I will be viewing next) oddly which he never gives any credit towards. With a borrowed story, I guess he does a decent job of reinterpreting it. His punch seems to be lacking at the beginning while Ralston tries to find his stride, borrowing yet again from other film director's techniques to attempt to find his own. He opens the film interestingly enough, but fails to answer any direct answers. Sure, the final days have arrived, but could there be a concise answer as to ""how"" or better yet ""why"" these select few survived. A spookier beginning would have led us stronger into a comical film. The juxtaposition would have been like ""Shawn of the Dead"", but instead left us feeling like we were watching a ""made-for-TV"" program. Listening to the audio commentary, I have respect for Ralston because he worked diligently to get this film made, and his passion nearly sells the film, but you could tell from his interaction with the cast that he wasn't as happy with his overall final product. There were mistakes, ones that he pointed out and others that he was ashamed to point out. While this does make for decent independent film-making, it sometimes feels cheap, and in Ralston's case, it was the latter.<br /><br />I must admit, David Arnott's portrayal of Alan hooked me. He played that wimpy, school nerd, adult role very well. He was funny to both watch and listen to, and thus he became sympathetic to the viewer. He was a key player in keeping the film together, alas, I cannot say the same for the rest. This was Dan Montgomery's first film, and it was obvious  I mean  really really obvious. There were scenes in which I thought the cue card was about to come out and read the lines for him, perhaps even giving us a more realistic performance, but alas, it wasn't the case. Then there was Jeri Ryan. She pulled into her character near the end of the film, which to me, was the culmination of the entire piece of art. She goes from estranged unknown to bitter cranky insane girlfriend by the end. Confused? Again, she fell into her character by the end, giving us just a glimpse of what she could have probably done as her acting matured. Even as the commentary progressed, all that she contributed was a laugh, giggle, or ""ohhh, look at that color"" moment. While her beauty may sell tickets, one may want to consider knowledge to be just as beautiful. This was her first film, so can I be too harsh? <br /><br />Overall, this film felt like it was missing something. I though the idea was strong  the premise that even with only a peppering of people remaining on the Earth the evil of human nature still exists. Jealousy cannot be killed by bacteria or bombs (maybe because it is consumed by zinc?) and we as a race will always want what we cannot have. Ralston is not a surprising director, his techniques are flawed and pre-used, but he does know how to make a low-budget comedy. I think our idea of ""funny"" is different, so that is why I couldn't find myself laughing at many of the bits he found ""hysterical"". His actors provided the level of acting needed for this film, which was lower than average. His film was loose, meaning that there were elements never quite explained or tackled (i.e. anything with wings survived?!?), which overall harmed the intensity of the film. This was a comedy, but it could have been much darker and much much funnier. For those thinking that Roger Avery was a huge element to this film, as we learn from their commentary, all he was there for was money  the was in essence, the bank for ""The Last Man"". Don't get your hopes up for any classic Avery moments.<br /><br />Don't expect more from Ralston  and that is how I will end it.<br /><br />Grade: ** out of *****",negative
"The recent history of Hollywood remakes of ghost/horror films from the East has been dismal. This film will inevitably suffer the same fate, so get a copy on e-bay or similar.<br /><br />It is well photographed and the sound is superb. Viewing on a good screen and with a good 5.1 or DTS enabled sound system is recommended. Obviously it is subtitled, so if that puts you off, then I wouldn't bother with this. Dubbing rarely works and simply would not do here.<br /><br />It is also genuinely frightening, with excellent performances from a cast who will be unfamiliar to Western audiences. I would particularly single out the stepmother character, who was utterly brilliant. The ending will have you wanting to watch it again, if you can cope. The plot is relentless, and offers no comforting moments of release along the way.<br /><br />If I do have a small criticism, there is perhaps a detectable influence in certain scenes from the Japanese version of The Ring. We have, however, accepted straight copies of other peoples' ideas for Western films for years, and so my point is a limited one which did not prevent me from giving it 10/10. I believe most fans of this genre will derive huge ""pleasure"" from this film which I for one hope goes down as a classic.",positive
"it aint bad, but it aint good. it is just entertaining.<br /><br />as a comedy which it is supposed to be, it's dreadful. not many laughs at all as every joke in the movie has been done a million times before.<br /><br />it's a shame as all the actors in the film are great usually, but none of them really do much. and the ending sucks.",negative
"Help! Once again, Paul Schrader has sabotaged his own intentions with dull, pedantic storytelling. I rearranged a vacation so that I could see this ""world premiere."" What a mistake! Why did Schrader even want to make an Exorcist film? Lofty intentions are fine, but if I wanted 2 hours of theological babble, I would visit my nephew's Sunday school. Father Merrin's struggle with his faith, as presented in his younger days, is a potentially interesting subject. But an Exorcist movie needs more! The relentlessly draggy presentation, along with ridiculous special effects, makes for a strange production. Who is this movie for? I didn't bother seeing the Harlin version, but at least they apparently tried to deliver some sort of visceral thrills.<br /><br />The Exorcist series has been quite strange. The first film was excellent, but every sequel has been unloved and pointless. Why do they keep making them? I suppose Schrader made it so that he could get a lot of money. But why should we go?",negative
"I saw this film on the A&E channel this past weekend. The mystery was okay, I was not able to guess the culprit before the end. But I enjoyed the characters and their development much more than the mystery. There was a mystery about some of them, especially George Abernathie, performed by the wonderful Michael Fassbender, and George's cousin, Susannah. In fact, the story of those two characters left me wanting to know more. From what I've tried to glee about the Agatha Christie book of the same title, I think this film did not follow it to the letter. Very good performances by the actors involved, especially Fassbender and the lady who played Cora/companion.",positive
"Usually I have a lot of luck with these small scale movies. I looked at the cast. Leary, Lovitz, Delpy, Wuhrer, Estevez. How bad could it be? Unfortunately the answer was...pretty bad. I have a hard time remembering a movie that had such poor execution of a plot that had potential.",negative
"I can't believe currently this movie is rated a 6.9. Anyway this movie was probably one of the most touching real Indian movies I have ever seen. It was really refreshing to see a movie that showed traditional family cinema. As for the story I thought it was great it was about shahid kapur being set up on an arranged marriage with amrita rao. He is kind of a happy go lucky kind of guy, while Amrita Rao is a traditional Indian girl who is very helpful to her uncle but the only problem is her cousin doesn't seem to get as much attention as she does so her Aunt dislikes Amrita with a passion. This upsets Amrita because she just wants her aunt to love her. It was also very touching to see that although Amrita's family wasn't that rich maybe just middle class to lower class, while Shahids family was quite upper class, they still treated their family with respect and didn't even ask put them down which really struck a nerve with me. This is because i've actually seen people being very rude to people who are not as well of thinking their below their standards which i feel is very shallow. This movie showed that shahids family was willing to look at the great values that Amrita had been brought up with and turned a blind eye to the fact she wasn't a rich business tycoons daughter or anything. All in all this movie deserved an 8/10 I wish more and more of these kind of movies were made.",positive
"""Distant"" is a slice-of-Turkish-life flick which follows the mundane activities of two adult male cousins; one a photographer and the other an unemployed underachiever. There's little doubt that auteur Nuri Bilge Ceylan is a work in progress with considerable talent. However, this little foreign minimalistic arty dramady is so full of empty filler and so devoid of story or anything engaging or provocative that it will likely appeal to only the most avid devotees of cinema and mainstream audiences should look elsewhere. I personally grew quickly bored with the slow pace of the film and found myself fast-forwarding through the empty spaces - and there are many - between dialogue, plot development, and denouement. ""Distant"" is a very nicely done bit of esoterica. (B-)",positive
"Diane and I saw this fabulous film today in Fremantle and we both agreed that of the pastiche movies it was head and shoulders above the rest. I say that because we were entranced by the brief, five to ten minute segments that composed the film and the fact that this film had a theme around which each piece was composed and of course that theme was love in its many forms.<br /><br />Ostensibly the film took place in the various Parisian arrondisments thus giving a particular flavour to each segment. Having only been in Paris several times, I was not knowledgeable enough to readily recognize the locations but I am sure Europeans and particularly French people could easily recognize the city's locations. In any event, the viewer is immediately pulled into each story because of their production excellence so these city locations fade into in-consequence.<br /><br />The film moves quickly and the viewer is left absorbing one scenario while the new one is on the screen. The stories themselves are not graphic like some pulp Hollywood nonsense, they are subtle and thought provoking and gentle as with most of life without the media swath that buries so much of life's beauty under the nearest dung heap just to sell, sell. sell ...<br /><br />Go with someone you care for and allow this magical little film to bathe you like a spa treatment and when you leave my guess is you will feel renewed.",positive
"I normally don't like romantic films, but I love this film very much. The story is really touching, and the ending is very appropriate. I feel I really care for many characters in this film. I feel I can feel their feelings. While most romantic films always make me feel detached and bored, this one completely makes me feel involved, starting from the scene of Capshaw running along the beach with Scott until the ending scene. I want to rate this film 11 out of 10, because I want to give an extra one point for the ending. The acting part is very strong. Kate Capshaw has a good opportunity to show her talent. Though I'm not impressed with Scott in `Dead Man on Campus,' this film completely changes my viewpoint towards him. He's so irresistibly charming here. Geraldine McEwan is as terrific as ever.<br /><br /> This film might not be as good, complex, deep, or believable as other films which deal a little bit with the same kind of relationship, such as `L'ecole de la chair' or 'Post coitum, animal triste,' but `The Love Letter' can still be proud of itself as it casts a rare different light on that kind of relationship. And that difference makes this film eminently enjoyable. By being unambitious and relying on great charms of small stars, Dreamworks, this time you really make my dream come true.",positive
"Can you capture the moment? When first you hear rain on a roof? Some things are beyond the sum of their parts, expressing the poetry of life. The things that matter.<br /><br />Poet Dylan Thomas captured the seemingly inexpressible ""A good poem helps to . . . extend everyone's knowledge, of himself and the world around him."" (Bob Dylan named himself after him). So why has it taken so long to make a film of the great Dylan Thomas? A simple biopic could have missed the point. Writer Sharman Macdonald has taken a different, better approach.<br /><br />In The Edge of Love, she creates the world of passions and complexities that fill the poems so we can swim in them. The lives of four friends. Dylan, who lusts and loves to the full. Wife Caitlin (Sienna Miller), his feisty support. War-hero William (Cillian Murphy), who saves him from a street brawl. And then there's his childhood sweetheart. Vera. Dear Vera. Take your breath away Vera. She's Caitlin's closest friend. William's wife. And, like a muse, the 'star' in Dylan's dark sky.<br /><br />It all kicks off in the 1940 London Blitz, with bomb shelters in the Underground. Enter Vera (an impressive Keira Knightley) under makeshift stage spotlights. She meets Dylan for the first time again in years, her heart is flushed. Their eyes shine through the smoke of the room. The purity of their former passion. Dylan (native Welsh-speaker, Matthew Rhys) is no sanctified, sanitised poet. Master of his vices he must experience them all fully. He introduces his beloved wife then continues to woo Vera.<br /><br />The Edge of Love is a visual treat. The soundtrack leaves you wanting for more. Performances are possibly the best by these actors in their careers. As a lush love story it's pretty good. As an insight into Dylan Thomas and the reality of poetry in all our lives, not bad at all. And as a tribute to a great man, inspiring.<br /><br />The production has been at pains to project the spirit of Dylan Thomas without compromising historical accuracy too much. Dramatic tension involves a pull between artistic freedom and conventional morality. Audiences looking for an experience based on the latter may be disappointed. And it will play less well to audiences whose boundaries are those of Albert Square.<br /><br />Sharman Macdonald seemed aware of the headstrong nature of artistic freedom and its limits when she spoke to producer Rebekah Gilbertson (granddaughter of the real William and Vera). ""Think of all the things that you don't want me to write about,"" she said,"" because I have to have carte blanche."" For Macdonald, the limits were if she should cause offence to Dylan's memory. But for many artists, especially men, the limits are those which wife and family could set on them. A woman is not going to let lofty ideals interfere with practical common sense issues, and will even put her children's interests before her own (This occasionally happens the other way round, as when towering genius Virginia Woolf refused to let loving Leonard bring her down to earth - in The Hours).<br /><br />In spite of the tension between Caitlin and Vera, these two women become closest buddies. It is one of the main (and very beautiful) themes of the film.<br /><br />The film's colours tell a story in themselves. In a drab, wartime Britain, Caitlin and Vera are vivid highlights in an ocean of grey. Shortly after meeting Vera's lit-up-in-lights stage persona, we encounter Caitlin through her searing blue eyes, sparkling in a darkened railway carriage. Her dramatic red coat cuts a dash through streets of colourless homogeneity, triumphing on a beautiful staircase as she reunites with Dylan. But Vera's lipstick red brightness is less enduring. For her, marriage is second-best, even when she has become possessed with genuine love for her husband.<br /><br />Outstanding cinematography extends to using montage to juxtapose images, in a manner similar to poetry's juxtaposition of unrelated words to create further meaning. Horrific war scenes in Thessaly are intercut with screams of Vera in pregnancy. Giving birth or is it abortion? We are not told immediately. Pain is universal and goes beyond time and place to our present day.<br /><br />Constant echoes of Dylan's poetry throughout the film lead us beyond earthly opposites. It reminds me of Marlon Brando reading TS Eliot in Apocalypse Now. A light beyond the horrors of the world. A different way of seeing things. ""I'll take you back to a time when no bombs fell from the sky and no-one died  ever,"" says Dylan to Vera as they walk along the beach. Elsewhere, Caitlin recalls childhood with Vera: ""We're still innocent in Dylan,"" she says.<br /><br />There's a time to leave your knickers at home or share a universal cigarette. (Not literally, perhaps.) A time to be inspired. Enjoy what is possibly the best British film of the year.",positive
Not good! Rent or buy the original! Watch this only if someone has a gun to your head and then....maybe.<br /><br />It is like claiming an Elvis actor is as good as the real King.,negative
"Most would agree that the character of Wolverine is one of the most intriguing characters in comic book history. I'm no Marvel expert, but I did grow up with the adventures of the X-Men and definitely approved of Hugh Jackman's now widely known portrayal of the scruffy Logan. I enjoyed the first X-Men, found the sequel too heavy and messy and liked the third one as comic book entertainment. All through the three movies, I probably enjoyed Jackman more than anything else. I figured the idea of making an ""origins""-movie about Wolverine could very well end up being a better movie than all of the three X-Men movies. If we concentrate on one character, I figured there could be a movie that achieves what I found the second movie failed at - being a fairly complex and character driven comic book adventure.<br /><br />The reason that the Wolverine-movie fails is not because the competition is tougher after The Dark Knight. It's not even because of a plot development that is beyond obvious and rudimentary - even though that certainly isn't good - no, it's because the movie doesn't even seem to try. To begin with, this does not qualify as good entertainment. There is something about the action in this movie that comes off as so very, very automatic. With no greater special effects or elements of suspense, and when one event will make you predict the following five, it almost feels like an Uwe Boll movie, imitating an action/adventure movie concept that you've seen a dozen times before. Of course, nothing in this movie is as downright awful as a piece of Bolls**t but when everybody's talking clichés as if they are part of a chain of events that is so standard, you at least make the connection and that surely is bad enough.<br /><br />But there is an even bigger problem. Even a generic action movie is a generic action movie and, by the way, that makes you forgive a lot of plot holes and character stupidities. I think you find the most fundamental flaw in the very title. I mean, ""Origins"". Really? What to the people behind this movie think about that title? What do they mean?? You want to know the origins of Wolverine? He grew up with his brother. They ran away from home during dramatic circumstances. Then they went off to war. All of them! The Civil War, World War I and II and Vietnam too. Why did they do this? Still unknown. Eventually, the brother (Sabertooth, played by Liev Shrieber) became evil. ""How?"" you ask. I don't know, it was somewhere between Omaha Beach and Hanoi. ""Yeah, but why?"" you still ask. I just said I don't know!! The movie doesn't explain. He's evil alright! ""Yeah, but... you know, 'origins'""... Yeah, well that's an origin! I mean, duh! Anyway, eventually they end up with a super secret team of mutant elite soldiers. Something with the government, ho-hum. Wolvie gets enough and leave his brother. For six years he's a happy lumberjack with a loved one, who ends up a little defenseless around the time Sabretooth suddenly appears again. ""Yeaaah... but... whyyyy?"" - Oh shut up! - and Wolvie decides to be a guinneapig for a bunch of evil scientist who make him a flesh-covered metal war animal. He goes after all the bad guys and they come after him and after all the fighting he ends up with his memory wiped, cue X-Men the first movie.<br /><br />There. That's the origin. You can also find it on the back of the DVD cover. The actual movie won't tell you anything else. With no worthwhile scenes of action, no good heroes, villains or characters in general (lines from my couch audience: Fat suit! Token black guy! Oh, I give you 200 in cash if that girl survives this movie.., That is supposed to be Gambit...? mmhm, yeah well... uh-huh, right), not one line of memorable dialog and zero lines to cover a T-shirt with, added to that the common stupid things that ruin the plausibility in general that you might usually forgive...... well, that sounds pretty much like a waste of time, right? Fans will check this out, or have already. There's no stopping that. But if you liked the X-Men movies for no other reason than that they were well-made and entertaining - see them again and do yourself no favors by trying to look for origins where there are none.",negative
"This film is exactly what you get when you really over stretch your abilities, it's like someone who has just passed there driving test and then pitting them in a formula 1 Grand Prix (not I might add, the US Grand Prix as everyone might pull out due to dodgy tyres and you might just win), that is how far short this film falls. Now don't take this the wrong way, I love B-Movies, around half my collection is made of B-Movies but I don't think there are enough letters in the alphabet to describe how bad this film is.<br /><br />First of the story (for a B-Movie) isn't that bad, it has potential there to make a B-Movie brand, were not talking Friday 13th potential, but potential none the less. But what really lets this film down is the acting, at not one second do I believe anything, it's like watching QVC except the presenters on QVC tend to have a heavier tan.<br /><br />In summary I'd like to say I've seen worse films, but I can't.",negative
"this movie is not porn, it was not meant to be porn, and unless my uncle runs for president of the world it should never be considered porn.<br /><br />now that that issue was sorted out, i can say i thoroughly recommend this film, as it's issues are still widely available. it's funny, the acting is great and it raises serious(curious) questions.<br /><br />i can't fully understand why this film was so mistreated, probably this is why i plan to never visit the us. Lena is the true pioneer of the modern riot-grrrl movement, confusion, curiosity and wit are her main attributes, she is occasionally angry, but aren't we all?",positive
"What a terrible, TERRIBLE, film! One of the worst movies I have seen in my life. I usually love movies like this, the whole ""A guy meets an eccentric woman who he likes, but he happens to already be involved with someone, who not right for him...."". I expected something predictable and I didn't mind. The movies are always entertaining mixing the right amount of romance with comedy, but not this one! Every single joke falls flat and the ""romance"" makes me want to vomit. The title character is one of the most ""please kill me"" characters that I have ever witnessed on my television, the ""eccentric woman"" isn't very eccentric, more like quirky and annoying. The ""other someone"" is the most reasonable, mature person in this film but also happens to be just as annoying. This films flat out sucks, there's no way around it, don't waste your time.",negative
"Despite its interesting premise, 'Sniper' is quite tedious. With a tighter script and sharper directing it could have been electrifying; instead it plods along with little tension.",negative
"Every time I hear Karen Carpenter's voice, there is that old familiar feeling of 70's blues. What an overwhelmingly beautiful and mature voice she had. Cynthia Gibb cast in the title role does a good job, however, I thought Karen Allen would have been a better choice. This is a tearjerker movie that does a fine job of presenting the professional careers of Karen and Richard but also the personal struggles that Karen dealt with and her disease. The recording sessions in Herp Albert's studio are very nicely done. However Karen Carpenter turned out, there was a time when she was very special and brought a great deal joy to her fans and music lovers. Even if you weren't a Carpenter's fan this is a nice story that depicts how a great talent can fall victim to the pressures of society.",positive
"This is film-making at it's simplest and it's best.<br /><br />I had my doubts, because even though Freeman is great actor, sometimes he gets involved in bad projects; this is not one of those times.<br /><br />It's a small story that runs just over an hour and fifteen, in a time when we are getting used to having movies become longer and longer, and not necessarily better, the director uses the short time to his advantage, because the characters are so well defined from the start (great portrayals by freeman and Vega by the way), that the little bit of background info on them seems real, Morgan is himself even though his name is not mentioned, he has been out of movies for a couple of years now because he was saturated by the business, and developed a fear to commit to a script, and is doing research for a character in a indie movie where he plays a store/supermarket manager. The story begins by him being drop of in a supermarket in a rough neighborhood, where he meets the cashier of the 10 items or less (Vega) and has to take a ride with her cause ""the production"" forgot to pick him up.<br /><br />In many ways it's a road movie, Morgan provides the laughs, and quirks with his unbeatable smile and positive perspective on everything, showing off an accomplished actor who has trained his mind to be able to define everyone he sees into a character he could play, and Paz (by the way, what an extraordinary beautiful woman, even more gorgeous than Penelope Cruz) brings the vulnerability of a 25 years old separated woman who works harder than everyone else without getting any credit in a dead end job at a crappy supermarket.<br /><br />It's a talkie, there is a lot of dialog, but the balance between light and fun and serious and sad is well sustained, the characters become so lovable right away that you spend the last 20 minutes begging for more screen time of this odd couple, but the shortness is in the nature of the story, so it was a good call from the director not to give in.",positive
"Early in the movie, Cagney's Johnny Cave character tells his gumshoes in the Office of Weights and Measures that in the previous year, unscrupulous shop owners had cheated the American consumer out of more money than the aggregate National War Debt! Then he goes out and tickets a particularly greasy green grocer for short-selling him a bag of sugar that is four ounces off (oh, the horrors!!) and one skinny chicken that his butcher's scale has rather generously proclaimed to be six lbs., after which the fur--or in this case feathers--flies. Er, fly. When a racketeer in politician's clothing attempts to derail an investigation into the paltry poultry purveyor's practices, our hero becomes a lone wolf waging the war of the weights on behalf of housewives across America. After all, four cents here and a quarter there add up and before we know it we have anarchy! Word of his intransigence soon reaches both the Mayor and the Governor's offices, and Cagney becomes a marked man. If it sounds silly, it's not--the dishonest retailing practices are only a plot tool (or as Hitchcock would say, the McGuffin) and while unfamiliar, it works every bit as well here as any Treasury Agent or G-man anthology in which the fight is taken to shady crooks who are operating outside the interests of the country's common good. The production standards are decidedly Grade-B, but it is Cagney who makes this movie the delight that it is: this was his first film away from Warner Brothers after seeking release in court from his unreasonable contract, and he seems to be at ease and enjoying himself tremendously--the performance turned in here is intelligent and crackles with his unique energy and surefire charisma. Mae Clarke's presence lends a definite Warner's feel to the overall production. The supporting players turn in solid performances and the story moves along smartly after a rocky introduction that seems to begin three or four reels into the story--but sit back and enjoy it for the Cagney showcase and engaging Depression-era time capsule that it is.",positive
"Okay, as a long time Disney fan, I really -hate- direct-to-video Disney sequels. Walt HIMSELF didn't believe in them. He believed in ""AND THEY LIVED HAPPILY EVER AFTER"" being the end of it. But this one...REALLY ticked the taco. There were so many ripoffs of other Disney films in this, it wasn't funny. Quick summary, if you don't already know...: Melody, the daughter of Ariel and Prince Eric, is born. Ursula's sister, Morganna (who basically looks like Ursula, if she were to dye herself green and go on the Ally Macbeal starvation diet) shows up and, after trying to do the newborn tyke in, and failing, prophesizes doom for the characters. After that ordeal, Ariel goes into a lapse of being like her father, and refuses to tell Melody about her mermaid heritage, and later on, forbids her to go near the sea. Well surprise surprise. Melody finds out, being the stubborn brat she is, and runs away, then makes a deal with Morgana to become a mermaid, in exchange for something. (Gee does THAT sound familiar?) She becomes one, but in her half of the bargain, has to retrieve her granddaddy's Trident and bring it back to the sea witch. While doing THIS, she runs into a couple of outcast animals, a penguin and a walrus named Timon and Pumb--huh? wait...no! that's not Timon and Pumbaa! or is it? Could of fooled me. Anyway, i'd like to reveal more, but pretty much anything that could be guessed to happen does. OK so...long story short. This movie ""borrows"" too much from other (better) Disney films...and does it horribly. Come on...Tip and Dash? Why not just make Dash obscenely flatulent and make it an even more obvious ripoff! Ugh. Not to mention, the total character butchery of Ariel's persona. She's gone from being a freespirited, headstrong woman, to a clone of her father. Not good at all...they're basically telling us the sweet, firey little mermaid we've known to grow and love is dead. Plus Melody herself isn't such a great character either...she's damned annoying! And bratty! Not to mention what they've done to Flounder. Ugh...anyway if you decide to see this piece of created-mainly-for-profit-reasons, no-imagination, Eisner-sponsored c******t, I suggest maybe waiting 'till its on the Disney channel or some other tv station. Because, it's not even worth the price of a rental.<br /><br /> * out of ***** stars.",negative
"There are some comments about this film that say that it is a bad and silly one and such an excellent actor as Pierre Fresnay should not have accepted to act in it.<br /><br />I think, just the opposite, that, even when the film is strange and has some weaknesses, the performance of Pierre Fresnay is so formidable that it converts the film in something excellent.<br /><br />His performance is probably the best in history.<br /><br />The film itself has a very polemic scene about the consecration of wine in the cabaret.<br /><br />For somebody who does not believe that a priest  even a defrocked one  can convert it in Christ's blood, the scene is perhaps bizarre. But for somebody who has been raised in a catholic framework, it is very emotive even if quite unpleasant.<br /><br />The scene of the death of the younger priest is tremendously shocking. But it is very well acted. Pierre Fresnay turns the crazy act of murder in something understandable within the temporal madness of his character, the tortured defrocked Morand who, in this terrible way, comes back to his duty.",positive
"One of the intriguing aspects of this historical drama is the way the ""Tories"" or British American Loyalists are portrayed, and the sort of gloss given to their ardent support for King George III. In many ways the American Revolution was definitely a family affair, in that some of the wealthier colonial families were split asunder by it. If there is a strong criticism to be made of this film, it is that perhaps the people in this story are made out to be a little bit nicer than they were in real life.<br /><br />In some regards, the actions of the character of Major Boulton, played by Cornel Wilde, make him the least likable member of the cast and the flaw in the storyline. He seems to vary from being a prickly kind of patriot to being a kind of 'anything for the cause,' fellow. This film does concentrate heavily on the notions of personal honor and personal prestige which were a major social 'norm' in that day and age.<br /><br />In its subtext, the fact that about twenty-five percent of the colonial population was decidedly pro-British is glossed over, too. But the strength of the Tory element is not obviously maligned, although the good doctor character is about eighty-five percent upper class twit ( to steal a fine phrase from Monty Python's Flying Circus ). Anne Francis does a whole lot with a rather thin section of the script, and it stands out. She was a good choice for the woman of divided loyalties, a 'gal' who was rather more modern than the social conventions of that day might have allowed -- if there had not been a life and death struggle going on.<br /><br />One good aspect of the film is the way the rivalries of the American revolutionary leaders degenerated into outright jealousies, and how these personal conflicts very nearly sabotaged the entire revolutionary effort. All in all, the leading characters are very well drawn, the minor characters are not just human ""props"" and the fight scenes are believable enough to carry the dramatic action.<br /><br />This is a great spy movie. It's not quite a great historical drama, but it does satisfy well enough. It rates a seven largely because Cornel Wilde is so deeply immersed in his role, and does it so well, and because Anne Francis makes the most of her supporting effort.<br /><br />The color print used on Turner Classic Movies was very clear, as well, and so it was an enjoyable presentation in that important regard.<br /><br />Hope it runs again soon.",positive
"It is great to see a film starring kids whose idea of ""acting adult"" is not engaging in sensuality. Instead, these kids see a problem in their community and take responsibility for helping to solve it. Hoot is a film aimed squarely at families looking for a fun day at the cinema. The production values are good, especially sweeping shots of Montana and Florida. The soundtrack by Jimmy Buffet is a perfect fit. The young actors are spirited and refreshing.<br /><br />The plot, about a trio of kids who work together to save some burrowing owls from death at the hands of an unscrupulous pancake house empire builder, will engage kids. So many films make children appear powerless, it is nice to see a movie that shows children working hard to make a difference. And even though parents are absent or temporarily distracted, it was pleasant to see kids who want to follow in their parents footsteps and try to right injustices.<br /><br />If you are tired of all of the self-indulgent story lines about children that fill the cinema, give Hoot a shot. Then take some time to talk to your kids about the adventure of serving others and caring about the world they live in. A positive message from a positive film.",positive
"Feature of early 21 century cinema of lets pit different evil creatures and bad guys against each other. We haven't seen stuff like this since Godzilla v King Kong and the like. Always sounds great on paper when you're splicing up and in a haze of the good stuff you have an inspired idea and see the whole playing out before you like Beethoven's symphonies. Then you come to writing it. Great ideas like all vampires are female. Ergo hot, seductive deadly but in a way I want to perish sort of way. And all zombies are men. well thats what men are like to a woman just after shes been dumped or cheated on right? So it all looks good up to actually making it. Then the rot starts to set in. Mosters have fight. Nothing much happens. Another fight. Philosophical noodling and cods wallop. Eureka we've found how to win. Big fight again and the End. Sounds great doesn't it? If it was made an indie company it would be great. But this is Hollywood with the eye on the bucks: gloss instead of what the fans want. It all could have been gore soaked beautiful.",negative
"When Sabrina first came onto our screens i was about 12, and therefore spent my teenage years watching the teenage witch get into all kinds of weird predicaments.<br /><br />It was always one of my favourite programmes, the witchy feeling of sixties sitcom 'Bewitched' but this time the character was cooler. I always liked Sabrina because she was smart. She was also friendly and easy going which made her enjoyable to watch. The characters at the beginning were great; Harvey, Jenny, Libby, the quizmaster, Salem and Mr. Poole (my personal fave, shame he left so early on) Hilda and Zelda her aunts started off OK, but then became irritating.<br /><br />I liked Mr. Kraft too as he was always that little bit closer to discovering Sabrina's secret. What i loved about the first three series was the original ideas, the discovering of the family secret and learning new spells but as it went on it became more predictable. Too many characters came and left, such as Valerie, Dreama and Brad and then they decided to do Sabrina at college which ruined it for me.<br /><br />Sabrina became self-absorbed at college, there was less magic, no spell book, no aunts living with her and Roxie, Miles and Morgan were annoying.<br /><br />The last series was boring, and i only watched to see what happened in the end. Not having Hilda and Zelda seemed wrong somehow and Miles was gone just like that. The last episode made me feel a lot better though (SPOILER)having Sabrina end up with Harvey on her wedding day to dullard Aaron was great! Overall a great programme if you forget the poor last two or three series which reminded me of so many teen shows. Magical.",positive
"""you can't take it realistically."" -sheets<br /><br />Zombie Bloodbath 2 (ZB2) is a world all of its own. I've really never seen anything like it. The only thing I can think to compare it to is psychedelic drugs. Forgive the clichéI don't simply mean that it's incoherent and absurd, though occasionally it is. I mean that it takes you through such a broad range of intense experiences and unexpected emotions so quickly as to overwhelm you, and when it's over, you find that it's all happened while you were sitting on the couch.<br /><br />It is worth noting that it's extremely low-budget, as a disclaimer to those who, after seeing ""Shaun of the Dead,"" consider themselves fans of underground zombie films. Also of note is that it is much more ""brutal"" than you'd expect. Children get disemboweled, and someone taunts a teenage girl before shooting her in the groin. Her corpse is subsequently ""raped."" These are certainly not flaws, and indeed I feel it is to the film's credit. But if it doesn't sound like your kind of movie, don't waste your time.<br /><br />(I don't mean to over-hype it, regarding brutality. Don't go in expecting ""Inside"" or something.) I hesitate to give away any of the plot, because it's really full of surprises. Even the opening scene, which has nothing to do with zombies, is at once a classic horror scene and something quite original.<br /><br />Man, I'm three paragraphs in and I've hardly said anything at all. Here's why I thought the movie was awesome: 1. It's big, and it keeps moving. At one point, you expect it to turn into another NotLD clone, a board-up-the-windows movie where everyone stays in a farmhouse and argues with one another. By the end of the film, however, the farmhouse scenes will seem like a distant dream. There are also a number of outdoor, urban scenes. These are rare in low-budget zombie films.<br /><br />2. The makeup/gore is much better than ZB1. More convincing and more creative. Something kind of funny: the early zombies look really lame. Then, halfway through, they suddenly look really good, with prosthetics and everything. Some of them look like Fulci zombies, some are reminiscent of Mr. Tongue from ""Day of the Dead."" And it's got big scenes of dozens of zombies shuffling around. Never gets old.<br /><br />3. There's something oddly emotional about it. One character asserts that heaven exists, and that our dead/undead protagonists are now in heaven. In the context of the film, we believe it to be true. Though the characters behave with typical horror film stupidity, they genuinely seem to care about each other, and accordingly, I found myself caring about them.<br /><br />4. The pacing is great. There's hardly a dull moment.<br /><br />My only observation that borders on criticism is that Todd Sheets comes up with the most bizarre dialog I've ever heard. I personally feel it adds to the experience, but I don't think he does it on purpose, so I can't fairly give the film a perfect rating. (Example: when a car breaks down, the owner yells at the passengers. Then he says something to the effect of, ""Sorry I yelled at you guys. You don't know what it's like to have your dad standing over you with a straight razor when you're five years old."" wtf?) At the very end, it gets to be more than I can handle. Involves a montage with Bill Clinton, and then some preachy end credits explaining the zombie metaphor. Really, by this point, I was firmly re-living my drug experiences.<br /><br />Highly recommended. 7/10.",positive
"What can be said about Mr. Moore? He's the godfather of rap, he's the king of the Z-level blaxploitation flicks, and here, he is back as his most famous character, Dolemite! Can you dig it? This movie is one whacked-out roller-coaster ride of politically incorrect humor, trippy kung-fu, nudity, cheese, violence, and a whole lot of other stuff you'd never find in most modern movies (or any movies, really, haha!). The stand-up routine he gives early on is not to be missed! At any rate, D2 is definitely an entertaining way to waste an hour or so. Dolemite: ""He think he's bad and ain't got no class! I'm gon' rock this shotgun up his *beep* a**!""",positive
"I watched this on the tube last night. The actor's involved first caught my attention. The first scenes were attention getters. Some funny some sad. Good character development. I felt that the latter third of the film diverged. If it was not for the early part of the movie I would have stopped watching. I kept watching wanting to how how it tied together.<br /><br />Unfortunately I feel that it never happened. I especially did not like the extend period that several of the character were talking yiddish (?). Was that the other shoe?<br /><br />Would I recommend? No, I think not. As other reviewers mention much of the slang is dated (60's jive) but it was not too distracting. The ending totally turned me off.",negative
"COME ON!!! They did that on purpose!! Two of my current faves on TV (Meloni from ""Oz"" and ""L and O-SVU"" and Janel from ""West Wing"") hook up for a nice little sleeper/character study. Plot's nothing fancy, but the acting is right on the mark. Tim Busfield shows up for some neat bits. Worth a look.",positive
"this is the result. A piece of trash movie that doesn't deserve to even be classified as a movie, it's just a bunch of stuff on a film reel, that makes no sense whatsoever. Well back to the actors, which from the get go seem to be just a bunch of friends who thought they would get a little amount of money together and try to make a movie that would be a great horror film. Well it's a great horror anyway, nevermind being a film. There's plenty of horrific acting in ""Hobgoblins,"" but the worse is the main guy named Richard, who is just way too much of a weakling to even sorta root for. Well, when you cast a bunch of friends and try to make the film scary, on a less than shoestring budget, no less, this is what will happen. Oh well at least the MST3K version was hilarious. But this is still a horrid movie, that deserves all the bashing it gets. 9 for the MST version.",negative
"After reading the other tepid reviews and comments, I felt I had to come to bat for this movie.<br /><br />Roeg's films tend to have little to do with one another, and expecting this one to be like one of his you liked is probably off the mark.<br /><br />What this film is is a thoughtful and unabashed look at religious faith. The only other film like it-in terms of its religious message-would have to be Tolkin's `The Rapture.'<br /><br />I am astonished that anyone could say the story is muddled or supernatural. It is a simple movie about Catholic faith, miracles, and redemption--though you would never guess it till the end. It is also the only movie I can think of whose resolution turns, literally, on a pun.<br /><br />As a (happily) fallen Catholic myself, I know what the movie is about, and I find a sort of fondness in its ultimate innocence about the relation between God and man. But if you are not familiar with the kind of theology on which the film is based, then it will go right over you head.<br /><br />As a film-as opposed to a story-`Cold Heaven' it is not ground-breaking. While `The Rapture' is heavy with pictorial significance and cinematic imagery, `Cold Heaven' downplays its own cinematic qualities. There are no striking shots, no edgy effects, no attempts to fit the content to the form. It is workmanlike shooting, but subdued. Nor does it have dialogue or acting to put it in a class of high drama. It is a simple story that unfolds simply. It may seem odd; but at the end the mystery is revealed. It looks ambiguous; but with a single line the ambiguity vanishes in a puff of Catholic dogma.<br /><br />In this regard, `Cold Heaven' has at its heart exactly the same sort of thing that drives a movie like `The Sting,' or `The Sixth Sense,' or `Final Descent,' or Polanski's `A Pure Formality.' All of these are films with a trick up their sleeves. They may frustrate you along the way, but they have a point-an obvious one, indeed--but the fun is, at least in part, in having been taken in.<br /><br />Still, even if it seems like little more than a shaggy dog story with a punch line, it is worth watching for way it directs-and misdirects-you. Try it-especially if you are, or have ever been, a Catholic.",positive
"Billed as the story of Steve Biko -- played excellently by Denzel Washington, as you'd expect -- this was actually more the story of Donald Woods, played by Kevin Kline.<br /><br />This was undoubtedly the making of Kline as a serious actor, and he was surprisingly good in the role.<br /><br />Attenborough gave this the sort of direction you'd expect, and the often spectacular scenes of the masses were those of the sort that only he can get across.<br /><br />The remainder of the cast was competent enough and did a good job, in what ends up as an ultimately sad tale of a South Africa that is still nowhere near the distant past.",positive
"The topic of religion in Buñuel films is a point that one, as an eater of films, as an eater of art or as a person need to analyze hardly. One can see to a satirical Buñuel in ""La Voie Lactée"", ""Un Chien Andalou"" or in ""L'Age d'Or"". Is very hard and effective in its critic, but when you have seen this and then you see a movie like ""Nazarin"", after you see this work you begin to be questioned about its author. And much have questioned about what seems to be a contradiction for Buñuel thinks, but is better not called in this way, i think that there's not any contradiction in its work, only that Buñuel religion point of view is very diverse as unique in films.<br /><br />This beautiful film is based on the novel of Benito Perez Galdós, which told us the story of Father Nazario, who lived a humble, simple life dedicated to God and to help everyone. He lived in a simple and poor region. There lived too Beatriz, who is an abused and abandoned wife. She don't find any sense of her life without her violent, macho man. She have a kind of repulse to him. In the other side is Andara, one of the towns prostitutes. Father Nazario has been stolen again, he blames to Andara's cousin. Andara hear this and try to fight without success with the priest, who don't believe in violence. That night, Andara find that her cousin is actually a thief, she have stole her bellboys. Andara fights with her cousin with terrible consequences. With this, Andara search mercy from the priest. Nazario decides to help her, knowing well that this could be against his church, obviously this thing going to have some consequences. Since here, Nazario going to be a pilgrim. Without nothing, even without shoes, but with spirit and faith. But Andara and Beatriz want to be with he, and be like he, to serve God.<br /><br />If is the sweetest Buñuel film that i have seen so far, is too the most spiritual. Is clear here that the thing that most confuse people with the contradiction is that here, we don't see a Buñuel against the power of church, we see a Buñuel whose film is about church but not in the typical - and great - satirical way. Whethever like it is, i don't think that the right word is contradiction, actually i find it pleasant and well done and in spite of contain such religious issues (As his ""Voie Lactée"") i found it more a spiritual film but that don't try to touch in diversity the Catholic religion as maybe he touch, and laugh of it in another films. ""Nazarin"" is of father Nazario and its perspective front God and the same religion but all of this is at the end, analyzed in the spiritual life of this man.<br /><br />The other two women are, not a contrast, but as very well another two perspectives of faith. First we have Beatriz, the mistreated woman, that lose all the faith in life, first with her husband and then with a little girl who was in her family. This little girl was very sick. At side of her was too Andara, the prostitute who run of the justice. In the family of the child, just religious women, there a big pain, but faith becomes in father Nazario when he arrives with nothing to this town. He bless the child, a say later she is fine. The priest want go on walking, but Beatriz and Andara have recovered the faith in life and want to dedicate their lives to God with father Nazario. After some complains, father Nazario decide to be with them, discovering with some things until the end how he feels about faith, God, religion and the person in necessity, the people who must request to charity to survive. This last issue then must be noted as one possible explanation for the pineapple ending. This ending we listen the drums (Similar to that in ""L'Age d'Or) and a father Nazario, walking over asking about this things, when he refuse the fruit at the first time and at the end decide to receive it as a symbol of necessity or maybe, as an answer for its spiritual road that begin being priest. Meanwhile, the two women must take away of the father, Andara for its crime (Beautiful scene where she thanks a man who helps father Nazario in jail and then she damn the man who hit the priest in jail) and Beatriz because she prefer be with her macho man, in spite that he treat her bad, just because she don't accept that she fall in loved with the priest. Father Nazario - and here is maybe the unique place in film to critic church- walk to contradict the church, the religion that he serves.<br /><br />Father Nazario is that then, is a (Soft for much, but not for me) critic for some thing in religion (Father Nazario helping a women who is guilty of a crime, of a sin) but most of all is one of Buñuel analysis of faith and life, and he really got it, with a beautiful, tender, sweet and unforgettable film, that is, without a doubt, one of his best.<br /><br />*Sorry for the mistakes...well, if there any.",positive
"What can I say? This was hands-down the worst movie I have ever seen in my life (and believe me, some of my favorite movies are admittedly horrible). The acting was amateurish, the sets were boring, and the camerawork was shoddy and sophomoric. This whole movie seemed like a college final project. I had to keep convincing myself that it was done by a teenager to make it seem somewhat good. The most disturbing factor of the ""film"" is that it's not even film at all-- it 's shot on video. That was extremely distracting. On top of all that, the dialogue is simply disastrous and the plot line is so basic it makes my eyes water. Not to mention they steal from at least four other horror movies in the first 20 minutes or so. If there were such a thing as zero stars, this movie would get it.<br /><br />The only thing scary about this movie is how bad it is.",negative
"I *loved* the original Scary Movie. I'm a huge fan of parody- it is my favorite form of humor. It is sometimes regarded as the most intelligent form of humor. The Wayans boys seemed to grasp that concept perfectly in the original film, then temporarily forgot it when making the sequel. I think the Wayans' are a family of comical geniuses. Alas, even geniuses make mistakes.<br /><br />The movie begins with promise. I liked ""The Exorcist"" parody, especially the ""come on out, ma"" gag. Now, that's Wayans-quality material. But, other than that, I can only think of two other times I laughed: 1) when Tori Spelling is seduced in the middle of the night by a spirit, then becomes clingy and starts talking about marriage with him. Meanwhile, he's saying, ""It was just a booty call!!"" That was kinda funny. 2) The ""Save the Last Dance"" parody where the Cindy character inadvertently beats up a girl while practicing her new moves. But even the short-lived giggles are no match for the side-splitting laughs of the first Scary Movie.<br /><br />The rest of the movie is pure trash, filled with cheap gross-out gags. Jokes from the first movie which were subtle or implied are magnified and overdone. For example, in Scary Movie I, several innuendos are made to imply that the character Ray is gay. This was hilarious. But, in Scary Movie II, the whole penis-strangulation scene with Ray under the bed was mind-numbing and incredibly unfunny. This is the pattern of the whole film. Shock humor *alone* doesn't take a movie very far. This was a trend in 2000 and 2001, unfortunately. <br /><br />As much as it pains me to rate a Wayans movie so low, I have to give this one a 2 out of 10.",negative
"I saw this film in Wales in July. It deals with the courage of Czech pilots who flew numerous missions for the RAF after their country had been occupied by the Nazis. In this film, the action takes place both in the early 1950's when these pilots are being beaten in political prisons in Czeckoslavakia and during World War II in Britain. They were imprisoned after their return to their homeland because the Communist regime viewed these warriors as a threat to their occupation of Czeckoslavakia. The pilots maintain their dignity in prison and during numerous air battles against Nazi pilots. This film contain a love sub-plot that does make sense because it helps us to understand that both civilians and soldiers made great sacrifices to preserve democracy. The end of this film indicates that the heroism of these Czech pilots was finally recognized in the early 1990's after the restoration of democracy in the country then known as Czeckoslavakia. This powerful and moving film was made with financial support from the Czech government. I highly recommend this film.",positive
"I saw this dull waste of time on HBO's Comedy Channel, so I quite innocently and obviously assumed that this was a comedy. But there is absolutely nothing funny here. A good cast is basically wasted on a script that I could have written with my left butt-cheek - after it had been beaten senseless by 15th-century Inquisition torturers. The first half is particularly bad, as it has some of the most dull, pointless dialogue I've come across in a while, and zero comma zero plot to speak of. Just the fact that stars such as Ewan McGregor and Zeta-Jones are in this little movie and yet this film has less than 1000 votes on this site, should tell you everything. A couple of nice shots of waves hitting the cold British coast, but that's about it.<br /><br />This is the sort of movie that gets made just because the people who wrote it have good connections (family connections, preferably) and/or plenty of cash lying around.",negative
"Alright, the first time I seen ""Talk Radio"" was in a video store for only $2.00 on VHS believe it or not, and I looked at it and I thought it might be about Howard Stern, because I just looked at it for about thirty seconds, then just didn't see it again. Then I went to another store about a month later and I found ""Talk Radio"" on DVD for only $5.00. So I see it was directed by Oliver Stone, and I picked it up. So after the film was over I was speechless. I have never seen such a film like this. Here's the main plot, then i'll tell ya what I thought of it.<br /><br />It is about a Dallas talk radio host Barry Champlain, a Jewish radio host who talks about whatever other people bring up and he interupts, and is taking everything seriously. Now, a network wants to put his show live everywhere in the U.S. So Barry's show gets a lot of interesting phone callers like Chet (a neo-natzi), Kent (a rock n roll drugged kid), John (rapist), and others. Now some of the callers sound like the same actor/actresses. But still I think it fits okay.<br /><br />Now what I love a lot about this film is the dark corners and the paranoid atmosphere of the radio station. The dark music in the background fits very nicely too. It has a flashback scene in the film also how he started with radio, which I think they did good on. <br /><br />But the great thing about the film is ending. I was surprised by it, and it kind of makes you feel paranoid a little about the phone callers off the air and everything about it is wonderful. It also tells you how to say the right things to people over a big city like Dallas. One of Oliver Stone's underrated/weakest films mentioned, but I think it's his best in my opinion.<br /><br />But definitely get this film if you like films with paranoia-feel like films with a dark atmosphere with sinister music in the background. I still watch this film a lot of the times now when i'm bored, as matter fact I watched it tonight. Yeah, if ya wanna really get the sinister feel to the film, watch it at nightime with the lights off. I may sound crazy, but it makes the film better!<br /><br />Another thing I forgot to mention is that the reason I don't think the film did so well was maybe in my point of view because of the title. 'Talk Radio.' It doesn't sound very tricky or anything, it's kind of plain. A better title like the book ""Talked To Death"" or maybe ""The Abusive Radio Host"" or something catchy and not plain ""Talk Radio"". Or maybe because of Universal Pictures? Oliver Stone usually didn't do Universal I don't think. Paramount might have been a good company. I don't know, something about this film didn't do so well, but I love it.<br /><br />""Sticks and stones can break your bones, but words can cause permanent damage.""",positive
"breathtaking, this is without doubt the best anime cartoon ever made. i first saw castle in the sky in the late 80s as a child and it left a lasting impression. years went by and i forgot the title of the film, and only by chance browsing on the internet i found this masterpiece again. after reading other peoples reviews and analysis I'm not surprised it has such acclaim and touched so many because it does leave an impression. a true fantasy adventure, a must see for all children and adults. its best not giving the story away so i would say watch this movie will a clear and open mind. if you have kids treat them to this i promise you they will love it. there's not much to say about this piece of art but if you've not seen it watch it and enjoy.",positive
"8/2008. When I originally wrote my comments, shortly after first seeing this film, I took a critical view, feeling that Lemmon and Matthau had basically ""phoned-in"" their performances, which paired them in a manner they'd done several times previously.<br /><br />But upon seeing it again, it seemed different, especially in view that neither of the two main mega-stars lived a great deal longer after its release.<br /><br />With the exception of Spiner, all of the eight principals are performers with considerable experience, and likewise unavoidably a lot ""longer in tooth"" than we've seen in many of their other film and t.v. work. But isn't almost everyone?<br /><br />Seeing it again, while it certainly won't be regarded as a ""classis"" in any of their careers, it is a fun film, with a lot of interesting scenery as well.<br /><br />From my viewpoint, it reminds me that many films, plays, etc., can often be looked at either from a very critical viewpoint, or looking instead to the lighter side, without expecting a film to be another ""Citizen Kane,"" ""Casablance,"" or (in terms of the two leads), another original ""Odd Couple."" It also will provide a continuing piece of nostalgia for Lemmon and Matthau, as well as the others in the cast.",positive
Wow... this is the kind of movie that makes you wonder who's idea this was and what soup kitchen are they eating at now. To say this was bad is an insult to the bad movies we all know and love.<br /><br />When I saw Guttenberg's name in the TV guide I figured it would be a spoof... maybe it should have been. Could have made for a better movie.<br /><br />Look for the scene where they are in an airplane in mid flight with the door open and there is no wind what so ever. They could have sprung for a fan at least.<br /><br />Look for several Canadian & c-list actors in the movie. This is the kind of movie that litters the b-rate cable stations you never watch except on a rainy Sunday.,negative
"I caught this flick on the trail end of a tape I had used to capture a movie I truly wanted to wanted to see again. When I saw Raquel Welch's name in the opening credits, I decided to watch it. It was actually mildly entertaining, and took me back ""in the wayback machine"" to the farcical movies that Hollywood churned out during the sixties, much in the same genre as the current Austin Powers stuff. Oh the acting was not superb, nor was the plot, but it was worth watching. There was some delightful scenery, although Ms. Welch provided the most pleasant of such. Tape it if you get the chance and watch it when you have absolutely nothing else to do. It is not a snoozer, but it won't have you rolling in the aisles wanting more, either.",positive
"Since others have complained about putting Sherlock Holmes into a contemporary setting, I won't do that. Basil Rathbone could have fit in in any era with that voice, that savoir faire. This is a nicely put together mystery based loosely on ""The Dancing Men,"" one of the best of Conan-Doyle's stories. Instead of the original plot, it makes the men part of a Nazi plot. Holmes becomes a spokesman for the British war effort. His adversary is Moriarity, who seems to die frequently enough to rival the central figure in the Friday 13th films. He is certainly creative, but the Rathbone Holmes is unflappable. Watson is just along for the ride in this one. He isn't given much stupidity to spout in this film and that's a real plus. The plot is complex enough to keep ones interest. There is a concluding speech that is almost a parody of itself. But then I can't be critical of a time and nation that was under great duress. If they needed to call in Holmes, so be it.",positive
"I do not think I am alone when I say that 2005 has not been particularly kind to the horror genre. While ""Cursed"", ""Hide and Seek"", ""The Ring Two"", and ""The Amityville Horror"" all showed glimpses of interest and potential, there have been more misses than hits. For proof, see: ""White Noise"", ""Boogeyman"", ""The Jacket"", ""Mindhunters"", and ""Alone in the Dark"". Imagine my surprise when ""House of Wax"", tightly written by siblings Chad and Carey Hayes, turned out to be... well, a surprise.<br /><br />Carly Jones (Elisha Cuthbert) is a young woman, traveling with her trouble-making brother, Nick (Chad Michael Murray), and boyfriend, Wade (Jared Padalecki). They are, along with Paige (Paris Hilton), Blake (Robert Ri'chard), and Dalton (Jon Abrahams), hoping to score tickets to the final football game of the season. Along the way, they run into some car trouble, and are forced to enter a desolate town where nothing is what it appears to be.<br /><br />Upon hearing of this, a remake of the classic Vincent Price B-movie, I rolled my eyes. I did not even want to think about what disaster freshman director Jaume Serra had cooked up for his audience. In a time when most high-profile horror films are disappointments, latent with bad writing, static direction, and amateur acting, I consider myself lucky that Serra and the Hayes brothers took it upon themselves to make a good, old-fashioned, spook fest. Unlike the disappointments that I named before, this flick pulls no punches, and uses every cinematic trick in the book to give everyone exactly what they came for.<br /><br />I am happy that the Hayes' actually took the time and effort to create likable and believable characters, thus making the events that much more urgent. It also gives the young actors portraying them something grip on. As she did in ""The Girl Next Door"", Elisha Cuthbert proves to audiences what a skilled actress she really is. In the 2003 remake of ""The Texas Chainsaw Massacre"", Jessica Biel silenced naysayers by delivering a raw and emotional performance, one that put the viewer right there with her. Here, Cuthbert does the same. Chad Michael Murray (""A Cinderella Story""), in one of his first more mature roles, is no slacker as Nick. Murray exudes charisma and a hard edge, as well as some impressive athleticism on top of it. Murray and Cuthbert gel perfectly, and have tangible, familial chemistry.<br /><br />More so than anything else, the press and the American public have made a field day about Paris Hilton's major acting debut. As I expected, Hilton does not embarrass herself. In fact, she is just as good as anyone else in the movie (do with that what you will). Like Cuthbert and Murray, Hilton has screen presence. She is sexy and playful. I cannot think one of reason why she's gotten the worst of the film's harsh reception, other than they are simply picking on her. Jared Padalecki (TV's 'Gilmore Girls') memorably manages to overcome his underwritten role. Robert Ri'chard (TV's 'Cousin Skeeter') and Jon Abrahams (""Meet the Parents"") do not have much to work with, but get the job done. With only one scene, Damon Herriman (""Soar"") makes an unforgettable impression, and his presence hangs over the rest of the film. Finally, Brian Van Holt (""Basic"") is superb and threatening in a dual role.<br /><br />Once more, kudos must go to the screenwriters for avoiding clichés whenever possible. Despite popular opinion, ""House of Wax"" is quite unpredictable for a majority of its running time. Take this for example: It seems as if the killer is down for the count and Carly bends down to retrieve something from his pockets. What do you expect to happen? See the movie, and you will understand what I mean. It is also refreshing to see a horror film in which the characters show even a modicum of good sense.<br /><br />Unlike most horror scores, John Ottman's exhilarating work never distracts. However, as with Dark Castle's other releases, the visual aspects of ""Wax"" are award-worthy, and lift the film above its genre trappings. The talents of cinematographer Stephen F. Windon, production designer Graham Walker, art director Nicholas McCallum, and editor Joel Negron highlight the ghoulish imagery. Speaking of imagery, I believe that the gore hounds will be thrilled with the many makeup effects and tricks in store here. Each death scene is more stomach churning than the last. Considering his past in music videos and commercials, it is obvious that Jaume Serra has a great eye for style. His ""in-your-face"" approach is a great asset to this film's success. Just when you think the camera will turn away, it does not. He is also particularly good a building thick layers of dread and atmosphere. One standout shot is our introduction to the killer, as he slowly emerges from a trap door.<br /><br />In a case like this, I would usually admit when I am in the minority (Shut up, okay? I liked ""House of 1000 Corpses""!). In this case, I firmly that the detractors have gotten it wrong. I am not sure why people are so hard on this film, considering it's much better than recent genre entries. Maybe they're afraid to admit that a horror flick starring Paris Hilton could possibly be worth watching... Who knows? This is a horror film, and a commendably stylish and effective one at that. As a lifelong horror fan, all I can say is that I thoroughly enjoyed ""House of Wax"", in all of its lurid and sadistic glory. I safely consider it a great accomplishment in modern horror, as well as (along with ""Sin City"") the first completely satisfying release of 2005.",positive
"Normally i would applaud a movie that tries to do something different or original in a genre. It is obvious that this movie is some sort of parody on ninja movies. And i really did my best to enjoy the movie. But I just couldn't. The jokes aren't funny enough! (I've seen my share of Japanese movies. And most of the times I like and understand the humor used in those movies. ""Red Shadow"" is just silly!)The characters that are portrayed in this movie know that this isn't a serious movie and show that all is about the fun. Look at the characters from parodies like ""Hot Shots"" or ""Scary Movie"". Everything they do on the screen is done with a straight face and never fall out of character! And because of this, certain scenes become funny and hilarious. In ""Red Shadow"" the actors never achieve that. The shadow ninja's supposed to be very skilled and deadly. Sadly the actors don't do their best in convincing us of their talents. They don't do things with a straight face. The jokes would have worked better if they did! The bad choreography of the action scenes also damaged the viewing experience for me. I like humor in martial arts movies as long as the action is good. ""Red Shadow"" just fails in that department. So what is left to be enjoyed. Well,the music (techno) was uplifting. It had to be as the action it self never is exciting. And there are some short dramatic scenes that are good but simple. The use of humor,lack of story and depth make me think that this movie is meant for children. But I do wonder if children actually would like this movie. Waste of time!",negative
"With a little dressing up, this movie could be served for Thanksgiving dinner. Not only is is boring, implausible, historically inaccurate and poorly directed, the best actors were the bit players (mainly because they had so few lines to say). A waste of time, even for war fanatics.",negative
"I really enjoyed this movie. I am a single dad with a 17 year old daughter who is smart, athletic and talented. I WISH my girl applied herself so well to solving crimes and helping others! So for me, perhaps this is PG level Fantasyland. I read many Nancy Drew books in my teen years, long, long ago. Sure THIS character was ably played by Emma Roberts but did NOT resemble the Nancy Drew I recall from the books. That is due to script, not the acting.<br /><br />Emma is an adorable teen, playing a self-confident, industrious and proud character with good manners and good taste. She is not caught up in the trendy competitiveness around her. There are some weaknesses in the Plot, aside from not resembling the Nancy Drew of the Books, and trying to figure out what decade we're in. (like, what is that CAR, Anyway?) <br /><br />I read the IMDb overview before seeing the film, as I was researching Rachael Leigh Cook from other movies. This is not one of Her best roles, but I will continue looking for more of her films. Rachael was too old to play this lead, but does a fine job as the grown-up orphan central to the mystery.<br /><br />I am very disappointed in other reviews written here. Some expect perfect connection with the books, some expect more credible situations or adult action film. I got what I expected! Good entertainment well targeted to young teen girls, And their Fathers who want good kids with high standards of conduct and achievement. This is a Teen PG Movie, not James Bond! Which would YOU Want for a Role Model for YOUR Teenaged Daughter?",positive
"Forest of the Damned starts out as five young friends, brother & sister Emilio (Richard Cambridge) & Ally (Sophie Holland) along with Judd (Daniel Maclagan), Molly (Nicole Petty) & Andrew (David Hood), set off on a week long holiday 'in the middle of nowhere', their words not mine. Anyway, before they know it they're deep in a forest & Emilio clumsily runs over a woman (Frances Da Costa), along with a badly injured person to add to their problems the van they're travelling in won't start & they can't get any signals on their mobile phones. They need to find help quickly so Molly & Judd wander off in the hope of finding a house, as time goes by & darkness begins to fall it becomes clear that they are not alone & that there is something nasty lurking in the woods...<br /><br />This English production was written & directed by Johannes Roberts & having looked over several other comments & reviews both here on the IMDb & across the internet Forest of the Damned seems to divide opinion with some liking it & other's not, personally it didn't do much for at all. The script is credited on screen to Roberts but here on the IMDb it lists Joseph London with 'additional screenplay material' whatever that means, the film is your basic backwoods slasher type thing like The Texas Chainsaw Massacre (1974) with your basic stranded faceless teenage victims being bumped off but uses the interesting concept of fallen angels who roam the forest & kill people for reason that are never explained to any great deal of satisfaction. Then there's Stephen, played by the ever fantastic Tom Savini, who is never given any sort of justification for what he does. Is he there to get victims for the angels? If so why did he kill Andrew by bashing his head in? The story is very loose, it never felt like a proper film. The character's are poor, the dialogue not much better & the lack of any significant story makes it hard to get into it or care about anything that's going on. Having said that it moves along at a reasonable pace & there are a couple of decent scenes here.<br /><br />Director Johannes doesn't do anything special, it's not a particularly stylish or flash film to look at. There's a few decent horror scenes & the Tom Savini character is great whenever he's on screen (although why didn't he hear Judd breaking the door down with an axe while escaping with Molly?) & it's a shame when he gets killed off. There are a couple of decent gore scenes here, someone has their head bashed in, there's a decapitation, someone gets shotgun blasted, someone throat is bitten out, someones lips are bitten off & someone is ripped in half. There is also a fair amount of full frontal female nudity, not that it helps much.<br /><br />Technically Forest of the Damned is OK, it's reasonably well made but nothing overly special or eye-catching. This was shot in England & Wales & it's quite odd to see an English setting for a very American themed backwards horror. The acting is generally pretty poor save for Savini who deserves to be in better than this. Horror author Shaun Hutson has an embarrassing cameo at the end & proves he should stick to writing rather than acting.<br /><br />Forest of the Damned was a pretty poor horror film, it seems to have fans out there so maybe I'm missing something but it's not a film I have much fondness for. Apart from one or two decent moments there's not much here to recommend.",negative
"At last. Here's a movie that does as much for the reputations of the men of Greece and Russia as ""Gigli"" did for the those of Mr. Affleck and Ms. Lo. FROM THE EDGE OF THE CITY details the sad and sordid lives of some young Russian émigrés who live in and around Athens and spend their time burglarizing cars, getting laid, pimping woman émigrés and prostituting themselves (""But we're not gay because we don't do, you know.... And if we do, it's only once or twice. With the same guy."") There is hardly anything here you have not seen before and better; only the Athens locale adds a little novelty--even then there's but a scene or two that's scenic. Writer/director Constantine Giannaris (""3 Steps to Heaven"") offer a relatively generic 95 minutes, in which the standout moments involve how stupid, sexist and (from the looks of things) pretty much irredeemable most of these guys are. (Interestingly, the gayer the guy, the more redeemable he appears.) What really rankles is the treatment of the women. Greek and Russian males would seem to give the Italians a run for their money regarding that famous madonna/whore complex. Has life in Greece improved much for women since the time of Plato and Socrates? One has to wonder.<br /><br />If I seem to be equating Russians and Greeks in this review, I apologize, but even the non-émigrés pictured here (the cab driver, for instance) are creeps. According to another review on this site, the film (a hit on its home turf) was actually submitted by Greece for an Academy Award for Best Foreign Film. What this says about the state of Greek movie-making, I hesitate to ponder.",negative
"Before I start...let me say that I fully believe in God. I believe in Heaven and in Hell. Kay now that thats out of the way, I just wanna say that What in the world do these morons that call themselves ""hosts"" think they are doing?? The last time I checked a host doesn't discriminate, spew hatred filled rants on TV, or try to shove their own beliefs down every unfortunate soul that ventures onto the channel. ALl of these that crazy, idiotic, conservitive, bible thumping, Fred Phelps lover Pat Robertson does daily. I am all for free speech, but since when does that cover a guy who pretty much says that if you venture off his ideal way of life you are right away sent to hell? This is just a perfect example of why religion is the cause of SOOOO many problems. One day in my class room we had a substitute teacher in so we decided to watch some TV since the teach didn't give us any work. And we (against many of us's will) watched 700's Club, and of course that jerk Pat was on ranting and raving about the bible, and he said Simon along the lines of ""God says Homosexuality is a sin"" and I actually heard a kid go ""Hmm I guess he's right."" WTF??? Seriously, if the host is trying to make people think that someone else's sexual orientation is a huge sin, then they seriously need to take that host, duct tape them, and throw them off of a cruise liner in the middle of the arctic.",negative
"The Education of Little Tree is just not as good as it could have been. Little Tree's education is about things like the circle of life and how you should look at a star to help you. Whatever happened to the three R's? Readin' 'Ritin' and 'Rithmetic? When the idiot back talks the teacher at the boarding school place he starts crying and talking to the sky. Oh my gosh. Sure, the lady was a little harsh, but then James Cromwell's character comes and takes him away, leaving the audience thinking that Little Tree was absolutely right. He should learn to adapt to new discipline. Those were the times! Talking to a star is not going to change a thing! Little Tree needs to learn that his adoring guardians are not always right.",negative
"I love old Burt Reynolds movies. They're funnier and better than every other movie combined. They might as well have stopped making movies after ""Cannonball Run 2"", but I guess how could they have known that there weren't going to be any more good ones? Man this movie's good. Burt Reynolds has to dress up like a chicken and drive around in a racecar a lot, and the luxuriant Loni Anderson is on hand, looking extremely hot in an eightiesly way. Burt and Loni, those were the days! I used to have this magazine that had Loni Anderson in it advertising for a vaccuum cleaner. I sure loved that advertisement! Plus there's this one part in the movie where the audience at the racetrack is upset at something Stroker Ace (Burty R.) is doing, and it shows one guy in the audience bending over and sticking his finger up his butt to display his disappointment! I laughed so hard I almost passed away into the night! If you can find this movie, rent it! And then never watch another movie again, because I tell you right now: there's no point.",positive
"Paris, JE T'AIME is a wondrous cinematic homage to the city of light and the city of love, a film so complex that it almost defies summarization and reviewing. Ask a large group of people their impressions of life in Paris and the result would be something akin to this film. Tied together by each of the sectors or Arrondissement of the city, the film examines love in all forms, native folk in their Parisian modes, and tourists interacting with the great city. Approximately twenty writers and directors, each with about five minutes of screen time, include Olivier Assayas, the Coen Brothers, Sylvain Chomet, Isabel Coixet, Wes Craven, ALfonso Cuarón, Gérard Depardieu, Christopher Doyle, Vincenzo Natali, Alexander Payne, Walter Salles, Nobuhiro Suwa, and Gus Van Sant among others less well known. The stories vary from hilarious, to humorous, to touching, to tragic, to banal, to tender.<br /><br />In one story a young Frenchman (Gaspard Ulliel) is attracted to a young lithographer (Elias McConnell), pouring out his heart in French to a lad who speaks only English. In another a separated husband and wife (Gena Rowlands and Ben Gazzara) meet in the Latin Quarter to finalize divorce proceedings while another couple in Père-Lachaise (Emily Mortimer and Rufus Sewell) approach marriage without connection until the spirit of departed Oscar Wilde intervenes. Steve Buscemi in Tuileries confronts superstition in a subway with his bag of tourist collections, in Bastille Sergio Castellitto (in love with mistress Leonor Watling) is ready to divorce his wife Miranda Richardson until she confides she has terminal leukemia, Juliette Binouche confronts agony about her son's fantasies and loss in Place des Victoires with the help of a mythical cowboy Willem Defoe, Sara Martins and Nick Nolte and Ludivine Sagnier display a keen tale of mistaken ideas in Parc Monceau, Fanny Ardant and Bob Hoskins 'play out' a strange relationship in Pigalle, Melchior Beslon plays a young blind man to actress Natalie Portman in learning how to see in Faubourg Saint-Denis, vampire love between Elijah Wood and Olga Kurylenko in Quartier de la Madeleine, Maggie Gyllenhaal is an ex-patriot actress stung out on drugs in Quartier des Enfants Rouges, and Margo Martindale is a visiting tourist letter carrier trying desperately to speak the French she has studied for her life's trip in a tenderly hilarious 14ème Arrondissement.<br /><br />The final few minutes of the film tries to tie together as many of the stories as feasible, but this only works on superficial levels. The film is long and there are no bridges between the many stories, a factor that can tire the audience due to lack of time to assimilate all of the action. But it is in the end a richly detailed homage to a great city and supplies the viewer with many vignettes to re-visit like a scrapbook of a time in Paris. It is a film worth seeing multiple times! Grady Harp",positive
"The remake of H.B. Halicki's classic seventies chase film is simply horrible. Along with Vanishing Point, Gone in 60 Seconds represent the quintessential car chase films. The remake takes the original and stands it on its head. Whereas Halicki gave us 75% car chase and 25% supporting drama, in GISS 2000 we get 25% car chase and 75% supporting drama. Cage as super man, saves his brother, kisses the girl. MTV edits, tits and ass. Save your money, rent the original. At least Halicki didn't live to see his baby (he wrote, produced, directed, and starred in the '74' film) degraded in this manner.",negative
"The one of the most remarkable sci-fi movies of the millennium. Not only a movie but an incredible future vision, this movie establishes a new standard of s/f movies. hail and kill!",positive
"I am a massive fan of the book and Orwell is certainly my favourite writer ever since studying Animal Farm at GCSE. I bought the DVD out of sheer curiosity, Burton is an actor I hold in high regard so when I heard that he played the role of O'Brien I was swung.<br /><br />I watched the trailer on the DVD first and some fears started to set in, mostly regarding the frankly terrible ""Theme song"", hearing the Eurythmics mechanically shouting ""1984!"" over and over again to an electronic beat is as bad as it sounds.<br /><br />The acting on a whole is pretty good, Burton and Hurt play their roles well and the tension that exists in the Ministry of Truth towards the end can be felt, especially in the harrowing Room 101 scene. However this is also where the movie is let down. The movie spends too much time focusing on the Love affair between Winston and Julia, which frankly isn't what Orwell was writing about. He was writing about a harrowing future, about how Ingsoc build up a mans beliefs and then shatter them all in the name of him being made to love Big Brother. The movie skips over what is essentially the most important part of the book, Winstons coming to terms with his position in life and the world, and his re-education via O'Brien.<br /><br />The comment on IMDb at the moment states that the movie sticks to the book is completely incorrect. Julia is not present when Winston visits O'Brien, they do not commit themselves to Goldstien's Brotherhood and confess their crimes. There is no obvious mention of the initial instances where Winston finds the article with the Unpersons but it does get mentioned near the end, if you have not read the book it is completely confusing.<br /><br />A terrible screenplay, which some excellent acting cannot rescue. Michael Radford seems to have completely missed the point Orwell was trying to make, and the electronica sound track is frankly terrible.",negative
"Deliverance is John Boorman's 1972 horror/thriller movie about a group of four Atlanta businessmen (Burt Reynolds, Jon Voight, Ned Beatty and Ronnie Cox), that undertake a canoe trip down the Cahulawassee River before the river is dammed. Along the way, a raft (no pun intended) of unpleasant things happen to the men. Despite the nasty happenings in this picture, Boorman captures the natural beauty of the river nicely. The location was really chosen well. Indeed, this would still be a very nice film to watch, had the canoe trip gone smoothly. The lush forests and gentle landscape only make the horror more horrible. Not only is the location scenic, but also beautifully shot thanks to cinematographer Vilmos Zsigmond. It has been said that Burt Reynolds' performance as the outdoorsman, Lewis, is the star acting role in this film. I reckon however, that Jon Voight steals the show with his role as the suburban family man, Ed, who is rapidly forced to change his demeanour in order to survive. In fact, the scene in which climbs the cliff was not a stuntman. It was Voight himself. To cut costs the filming wasn't insured and the actors did their own stunts. The soundtrack is particularly noteworthy. Eric Weissberg's and Steve Mendel's performance on guitar and banjo as part of the Duelling Banjos sequence remains one of the most awesome pieces of soundtrack in the history of cinema for the sheer intensity of its performance. At a couple of other points in the movie, we are treated to more, softer, banjo music which provides a very pleasant accompaniment to the trip down the river For all the good points of this film, I did find it a little lacking in purpose. It doesn't build suspense very well and it isn't really as gruesome as we have been led to believe. The plot itself is somewhat poor and it doesn't really go anywhere. Nevertheless, this movie has enough good points to get my recommendation. I did like it but for fans of gore, there isn't really much of it. None really, in fact. It isn't so much a horror film as an adventure film that turns a little bit sour. Think of it like Rambo: First Blood meets Three Men In A Boat. Look out for a very young Charley Boorman as Ed's son. I did like this movie, the soundtrack, cinematography and acting earns it a well deserved 7 out of 10.",positive
"It's not a movie, but an experience!<br /><br />Not the usual eye candy I thought it would be. Too many things are happening at once, your senses almost couldn't handle it. A product of cutting-edge technology (we were torn between just sitting back to enjoy the show and putting our 3D glasses on and off to decipher the magic), the music is great (it's a concert!), the Disney characters are in it (and you get to BE part of their world), it's funny, it's magical, it's exciting--I know this is beginning to sound like an advertisement--but it really is that awesome! Beats Christmas in bringing out the kid in you!<br /><br />This attraction alone already makes going to Disney all worth it. ;)",positive
"It's really just terrible. Quaid overacts more than Shatner. The part where Elvis walks in and says ""You can have it all"" just kills anything that might have been good in this movie that's bad enough as it is. Drug use was completely snow coated, the only thing that had anything to do with his life was the bit about him wedding his cousin. Quaid also looks nothing like Lewis and has dark roots and eyebrows. I wish this could be re-made in the future with someone who doesn't try so hard. A bigger budget wouldn't hurt and maybe more about his actual life. I was very, very disappointed in Quaid. Don't watch this movie or you will be too.",negative
"This is one of those movies that I've seen so many times that I can quote most of it. Some of the lines in this movie are just unbeatable. I particularly enjoy watching him stumble and fall while drunk, go out to the fancy restaurant drunk and the part with the moose.<br /><br />I don't know how many times I have seen this sequence but it's funny every time. From the moment Arthur gets to Susan's Dad's place to the bit with the moose, you pretty much laugh the whole time. I remember watching the out-takes regarding the bit with the moose. It went down just like I'd imagined it'd be like. They were all laughing so hard it was difficult for them to film it.<br /><br />The late Sir John Gielgud was a wonderful addition to this. His demeanor, his one-liners and the way he handled Arthur were all equally hilarious. It's always a funny moment when he whacks him over the head with his hat or tells him he's a spoiled little ____. I laugh every time I listen to the ""I'm going to have a bath"" and the lines that follow.",positive
"This failed exercise in satire or commentary on the human condition easily earned a place as one of the 10 worst movies I've ever seen. I'm seriously considering buying a copy, if I can find one dirt cheap, to chase away unwanted company. It's honestly that bad. I view it as some kind of anti-personnel weapon. If you're the kind of person who just has to see a train wreck to witness the carnage, then this movie is a gem. Just to be fair, Kelsey Grammar's character has 1 line that almost works, but doesn't quite. Other than that everything in this movie strives to be insightful, but misses the mark by approximately the distance between earth and the nearest pair of colliding galaxies. I usually can appreciate a book or movie where the protagonist suffers from some sort of existential angst, but the angst presented here is so unbelievable and over the top, and the movie doesn't even address the nonsense it presents in any valuable way. If you are familiar with the term ""word vomit"" then you may get some picture of the cinematrocity. Oh, and the narrative structure is ill conceived, pretentious and amateurish. It has failed on both style and substance. If you really hate someone, invite them over for a double feature of this movie and ""The Terror of Tiny Town,"" an all midget western from the 1930's and put them in restraints with their eyes forced open ""A Clockwork Orange"" style. But that probably violates some provision in the Geneva Conventions.",negative
"""The Intruder (L'Intrus)"" is a visual pilgrimage through a mysterious life. <br /><br />Grizzled Michel Subor plays ""Louis Trebor"" like Jason Bourne as an old man with a hidden past, living simply in an isolated hut in the woods for justifiably paranoid reasons (but attracting pretty young women who can be useful to him). We learn more about him through dreams, flashbacks and a journey that may unfold chronologically or not, as well as through his brusque interactions with family, lovers, business associates and a striking nemesis. Like ""The Limey,"" the film resonates with parent/child regrets and a suspicious past revealed through clips from an old film with the same actor as a young man (here Paul Gégauff's 1965 adventure film ""Le Reflux"").<br /><br />In a complete contrast of moods, we meet his son Sidney (Grégoire Colin) who has to be the sexiest house husband in the world, as he sweetly and seductively does household repairs and cares for a baby, a toddler and every need of his working wife. Surely director/co-writer Claire Denis must have created him as a woman's fantasy if ever there was one and a lesson to other filmmakers on filming foreplay. There's an additional extended scene where he seeks his father in the woods while carefully carrying his angelic baby in a pouch. He is everything his father is not and has every relationship his father is incapable of sustaining; no wonder he thinks his father is ""a lunatic."" I spent the rest of the film in dread that something bad would happen to him as the true nature of the heart of his alienated father is very gradually played out before our eyes.<br /><br />The film is a puzzle, but Subor is ruthlessly fascinating as we watch him traverse countries and negotiate nefarious deals, and the voice-over narration for Denis's ""Beau Travail"" was annoying anyway. We have to figure out from skylines and incidental signage that he is traveling to Geneva, Korea and the South Pacific. Time passing is indicated by the seasons changing and scars being created and healing. There are lots of images of water for cleansing and for distancing. <br /><br />Continuing her fascination with the morphing of colonialism into globalization, as well as playing a bit on stereotypes of the Mysterious Orient and Russian criminals, Denis has incorporated elements from Robert Louis Stevenson, Paul Gauguin and Marlon Brando's Tahiti idylls and a 40-page memoir by French philosopher Jean-Luc Nancy, the last for the title and heart-transplant plot used for an ironic theme of limited immortality which does have consequences.<br /><br />While ""Louis"" thinks he's succeeded in being above boundaries, rules and morals, there is some amusement in the last act as the locals don't quite know what to do with him and try to help him solve his quixotic odyssey, even as he again lies in isolation.<br /><br />Several people in the audience left in frustration at the elliptical, but strikingly beautiful, story telling method. The unconventional narrative does raise a lot of plot questions on details.",positive
"Pakeezah is in my mind the greatest achievement of Indian cinema. The film is visually overwhelming but also emotionally breathtaking. The music, the songs, the sets, the costumes, the cinematography, in fact every creative element is worthy of superlatives.",positive
"Jack Frost returns with an army of Styrofoam balls that can only be foiled by being shot with super-soakers loaded with margaritas. How's that for a plot? The film hinges on such a ridiculous premise that it barely raises an eyebrow when characters are killed with BBQ tongs and are impaled by carrots. You might even say the whole movie is skating on thin ice (ba-boom-tish).<br /><br />Admittedly, there are some fantastic one-liners including a remark about the Murderous Coconut Shark.<br /><br />Fair enough times are hard, but that does not excuse the willingness of the actors to take part in such utter tripe.<br /><br />For those fans hoping to see Jack Frost, be prepared to accept him as merely a phallic carrot creeping up the beach with corny voice-over commentary.",negative
"This show can most accurately be described as TV Bubble-Gum: It's chewing, it has a good taste to it, and it lasts a long time. But, like Bubble-Gum, it can leave a bad taste in your mouth after a few too many chews.<br /><br />This show features very simple questions that take the form of simply games, like Hangman, guessing a simple phrase or guessing items on a short list. Callers are the contestants, and anybody can play.<br /><br />The questions, though, are terribly easy. There's some techno music pumped into the background that's fashioned into a continuous loop. It never seems to get old, but it never adds much to the show anyway. The hostess, however, regardless of which one that it, is extremely personable, pleasant enough to watch and can make some very amusing facial expressions. I rather enjoy that British woman.<br /><br />But there's nothing to this show. It's simplistic and uncompelling, although it can be entertaining if absolutely nothing else is on.",negative
"Two years after leaving the small town of Grover's Bend due to encountering the Krites, Brad Brown returns to spend time with his grandmother in time for Easter. Meanwhile the Krite eggs begin to hatch. As they cause trouble in the town, Brown & the townsfolk, as well as the alien bounty hunters who have returned to finish the creatures must fight the bloodthirsty furballs before they wipe out the town.<br /><br />The original Critters was a minor attempt to rip-off the family-horror flick ""Gremlins"". It became a cult favourite on the video shelves & was successful enough to warrant a sequel. This sequel plays down the horror & makes its entire focus comedy instead. Unfortunately the comedy part is extremely clumsy, as well as childish. The acting is on par with the rest of the film. It is just that the film suffers from a weak script. The visual effects are fairly well done.<br /><br />Grade: D+ Review by M. K. Geist.",negative
"This is the only Pauly Shore movie you should ever see. O.K., it's the only one I've ever seen, and I think I've made good choices. I normally find Shore's shtick kind of tired, but he is very funny in this movie. Actually, the script is pretty funny, and Shore doesn't overwhelm the other actors with his ... what do you call it? Tomfoolery? Anyway, this is a funny, if ultimately forgettable film. --Frink-3",positive
"""Hot Millions"" is a delightful comedy that is made even better by the presence of the marvelous cast assembled for it. The movie is a tribute to the genius of Peter Ustinov, who wrote the screen play and appears as the key figure of an enterprising embezzler. The movie, directed by Eric Till, doesn't show signs of having dated as terribly, as some others from that period.<br /><br />At the center of the action is a friendly man, Marcus Pendleton, who, before being released from prison, fixes the income tax forms for the warden, who is amazed of the refund he is owed by the government. Marcus, who is a genius at numbers, sees opportunities where others wouldn't. He starts working for a firm that uses the latest computer for its accounting, but Pendleton is a resourceful man who finds a way to take advantage of the system and establishes different phony accounts in different parts of the continent.<br /><br />Marcus is assigned a secretary, who also happens to have a flat in his building. The inept Patty is seen working as a bus fare taker who manages to make a mess of everything. How she lands a job as a secretary is beyond comprehension, but things are never the same in the office when the creepy Willard Gnatpole decides to go after her, but have no fear, Patty's heart belongs to Marcus, who is an accomplished pianist and she is a flutist and they make beautiful music together.<br /><br />The best thing in the film is Peter Ustinov. He clearly understood how Marcus should be played and runs away with the film. Mr. Ustinov gives an assured account of the embezzler. The excellent Maggie Smith is also at her best with her take on Patty, the kind woman who adores Marcus and who proves to be a genius herself when it comes to investing the money she finds in Marcus' pockets.<br /><br />Karl Malden is perfect as the American in charge of the corporation. Bob Newhart also appears as Gnatpole, the man who desires Patty, but can't get her to reciprocate. The marvelous Robert Morley is seen as Caesar Smith, whose identity Marcus has assumed. Cesar Romero appears also in a cameo role as an airport customs inspector.<br /><br />""Hot Millions"" will delight everyone looking for a fun time in the company of that unsavory, but charming character, Marcus Pendleton.",positive
"Who the hell rests at night whilst walking in the desert and travels in the heat of the sun, and these people are supposed to be professional trackers/journeymen!! Who the hell rests at night whilst walking in the desert and travels in the heat of the sun, and these people are supposed to be professional trackers/journeymen!! Who the hell rests at night whilst walking in the desert and travels in the heat of the sun, and these people are supposed to be professional trackers/journeymen!! Who the hell rests at night whilst walking in the desert and travels in the heat of the sun, and these people are supposed to be professional trackers/journeymen!! Who the hell rests at night whilst walking in the desert and travels in the heat of the sun, and these people are supposed to be professional trackers/journeymen!!",positive
"SPOILER ALERT.<br /><br />This movie will spoil your afternoon or ""wee small hours of the morning"" viewing slot.<br /><br />I like Marc Singer. He has portrayed good characters in the roles I have seen. Until this movie.<br /><br />What starts as a promising movie soon disappears up itself with the disastrous cgi'd background and the extreme close up on the person about to die...<br /><br />Then it gets worse.<br /><br />A lot worse.<br /><br />To describe it as hammy acting would insult pigs. This movie goes to the bottom of the ham barrel and scrapes the acting off there.<br /><br />Apart from Marc Singer's overcooked hamming it up, Mike Dopud stomps and plods around the scenery looking as if he is afraid he might fall on the rocks and his wide-eyed 'manic' bad guy just makes him look like a moron. He isn't menacing at all.<br /><br />George Stults looks like a deer caught in the headlights. He claims to have been threatened by the other two but his character would have been threatened by a cashier offering him ""paper or plastic"".<br /><br />This is really a vehicle for Nicole Eggert as an independent woman getting her life back despite attracting the wrong sort of man... She was unremarkable.<br /><br />This is not a remake but this is remarkably similar to ""Cliffhanger"" - seasoned guide, loses someone in a fall, conscience pricked to help out someone else, a missing treasure worth oodles of money and a gang of n'er-do-wells who exploit the guide. Except Cliffhanger was a great vehicle for Stallone and Lithgow. I must admit, Lithgow stole the show.<br /><br />Even the unintentional comedy was poor. There were times when I wasn't sure if they were using a rubber-faced model as a stand-in for Singer as he tried in vain to storm the weather station (no pun intended). Pressing his face to the door post and his clumsy manner in general did nothing to help his character.<br /><br />Avoid.<br /><br />No, seriously, avoid it. Save 96 minutes of your life and do something else more constructive like watching paint dry or grass grow. Or just close your eyes and examine the backs of your eyelids for 90 minutes...",negative
"actually, it was pretty funny... in a ""god, how the hell did this movie get made"" kind of way. if you life making fun of movies... which i kinda do... go ahead and watch it... but if you're actually thinking ""is this a good movie?"" eff off.<br /><br />this movie sucked from the very beginning scene with the worst acting i've ever seen in any movie.... usually they get five minutes into it before you realize ""this movie might suck"".. but no, you know right off the bat. this movie talks about edgar allen poe... never tried to explain it though, to people who haven't memorized poe's life story... so i don't know if any of what was said is fact.<br /><br />this movie is about a writer ""ethan poe"" hookin up with his cousin ""ann"".... they're both descendants of edgar allan poe... or are they?!? apparently, people give a what their ancestors did. this guy ethan poe is actually ethan ""usher"", who is supposed to be descendants from the story ""the house of usher"" that was written by edgar allen poe. ann's brother shows up sometimes to try to rape her... ann's also being stalked, at one point in the movie, by three different people on the same street (seriously, three... they're like right behind her glaring at her and she doesn't even realize). the characters that are being murdered throughout, show up at the end to try to save the day.... but they can't. at the end, ann shoots ethan while he's trying to kill her best friend. of course, before she shoots him she has to scream out ""nevermore!"" this movie should be seen nevermore!",negative
"The Disney studios' remake of their own 1965 slapstick classic concerns a clever feline leading an F.B.I. agent to a kidnapped woman. Christina Ricci gives a churlish, let-me-outta-here performance as the cat's owner and the fed is played by Doug E. Doug, embarrassingly over-the-top, like a human cartoon. A pair of rich neurotics (Dyan Cannon and original ""Cat"" cast member Dean Jones) are funny and the formula-plot still has a little juice left in it, but the handling here is so heavy and lugubrious, and the cat is so lifeless, that it's strictly D.O.A. <br /><br />* from ****",negative
"I really wanted to like this movie, because I love Troma and loved the trailer and loved ""Ghouls,"" another of Ferrin's films. It did have some almost-good moments, like the oldies love song playing over the car crash scene, and a scene near the end where the protagonist gets some closure. But on the whole, it was just boring and mildly unpleasant.<br /><br />The ""unimaginable"" shocks that Ferrin came up with were really predictable and worn-out. Poop, murdering prostitutes, incest. Could have still been good, but poorly done. Unsure whether it was trying to offend, amuse, or both. Ultimately did neither.<br /><br />IN conclusion, we watch Troma movies because we want films with heart. This film did not consistently feel like it had heart. There were some good scenes, but ultimately it was dull and unpleasant.",negative
"An orphan boy named Tom (Tommy Pender), who works for a pair of shady chimney sweeps, is falsely accused of stealing from the mansion where he is working at by Mr. Grimes (James Mason) - the real thief - and goes on the run. Tom's only alibi is the niece of the mansion's owners (Samantha Gates, a slender, blue-eyed blonde, with long, wavy hair, who I'm sure was the primary reason why I repeatedly watched this as a boy). He and his dog jump into a river and a witch turns them into water breathing cartoon characters! While underwater, he befriends and rescues a group of water breathing children known as water babies from a shark.<br /><br />A very interesting and always fascinating fable, set in 1850, that should appeal to all children. The animation (42 minutes of the 85 minute HBO VHS print) is just average, but it's preferable to most modern day animation - even computer animation! My only real gripe is a plot hole caused by a deleted scene. At 42:06, after the first verse of ""High Cockalorum"", the film cuts to a scene with octopi swimming, followed by Tom and Jacque's encounter with Terence. This leads to a scene in which the killer shark (voiced by Mason) leads our heroes into a trap. The shark then greets Tom with, ""Young Tom, so nice to see your ugly mug again"" - but this is the first time in HBO's print that Tom meets the shark! Most reference books list the running time as 92 or 93 minutes, and it was previously available from Sultan Entertainment and Nelson, so it's very likely that HBO's print is edited and / or time-compressed. Adding insult to injury, MGM released a fullscreen, 76 minute print on DVD in 2002! Let's hope a restored version appears in the near future.<br /><br />The film is copyright Ariadne Films 1978. ""Ariadne"" is the water baby voiced by Samantha Gates. Bernard Cribbins, who plays Mason's partner in crime, also voices the electric eel. A.K.A. Slip Slide Adventures.",positive
"***SPOIERS*** Atlanta crime auctioneer with Burt Reynolds,Sgt. Sharky, and his tough and well oiled ""Sharky's Machine"" Let. Frisco, Charles Durning, and officers Papa & Arch, Brian Keith & Berney Casey, breaking up the Atlanta crime Syndicate who's on the verge of putting ""Their Man"" in the Geroria Governor's State House. <br /><br />Busted after messing up a major drug police sting operation, with the drug dealer and a number of innocent pedestrians shot and killed, Sgt. Sharky was transfered into vice. Busting hookers johns and perverts Sgt. Sharky finds a list of call girls in the wallet of a top Atlanta pimp and after bugging one of the call girls apartment it turns out that she's having Don Hotchkins, Earl Holliman, a candidate for governor as a regular costumer. <br /><br />As Sharky starts to investigate this strange arraignment he finds out that the good family man, married with five children, Hotchkins is also on the payroll of Vittorio ""Victor"" Gassman the mob ""Godfather"" of Atlanta.The high-price call-girl Dominoe, Rachel Ward,who's involved with Hotchkins is tired of being a hooker and want's to leave Victor's stable of call-girls and live with Hotchkins as his live-in mistress after he gets elected governor of Georgia, which is already a forgone conclusion, but their's only one slight hitch; will Victor let go of her. <br /><br />Tangling with the Gassman Syndicate the corrupt Atlanta police and city officials, as well as the local Chinese mob, Sgt. Sharky ends up losing most of his men, including two of his fingers, as he brings down the Gassman Mafia in a final shoot-out with the his Mobsters at the famous Atlanta Peachtree Plaza Hotel's. <br /><br />Statueques and beautiful Rachel Ward as Dominoe is thought to have been murdered by Gassman's drugged-out hit-man Billy Score,Henry Silva,who blew her face off with a shot gun but in reality it turned out that he really killed Dominoe's call-girl room-mate Tiffany, Aarika Wells, with Dominoe away in the country. <br /><br />Sharky, who was in love with Dominoe from afar, found out the truth about her being alive and to the surprise and shock of mob kingpin Victor Gassman is going to use her, by getting Dominoe to testify against him, to put Gassman and his mob away for good but the cunning and vicious Victor wasn't going to go willingly and let Sharky know it sooner then he thought. <br /><br />Blood spattering shootout at the Peachtree Plaza Hotel in the films final sequence with Shark'y Machine having it out with the almost indestructible junkie hit-man Billy Score. Shooting it out on the hotel stairway both Billy Score and Sharky's machine member Arch come face to face with Billy's drug induced invincibility clashing with Arch's Zen reality alerting philosophy in what can best be said to be a battle of two cultures: West and East.",positive
"This was just horrible the plot was just OK, but the rest of the was was bad . I mean come on puppet and then they even tried to make the movie digital and that made it even worse! Normally I would like low-budget movie but this was just a waste of time and almost made me want to return the set that it came on. I have about ten low-budget movie set with like 6-8 movies on them and I would have to say this is the worse movie out of all of them. Also the wording is off and they use a fake plastic machetes that doesn't even look like a real one, they could of used one that looked even a little close to a real one so save your time and money and don't watch this horrorible movie.",negative
"I haven't seen it in over twenty years. OJ was the bus driver, Arte Johnson was the tour guide, Lorenzo was the kidnapper.<br /><br />Yea, Lorenzo looked very much at home as the villain, a natural. I think I watched it back then most for OJ, who I had seen Towering Inferno and Cassandra Crossing, but also to see Arte Johnson.<br /><br />I was a little bored that Johnson was so serious.<br /><br />And yes, it shifted plots. In reading other posts, I remember that was some plot that they were going to kidnap some rich girl, but then that priceless stamp business turned up out of the blue.<br /><br />I was going, a stamp? If it came on as a late movie, I would probably record it to check it out again, but I wouldn't be nostalgic over it. Not yet anyway.<br /><br />There are better movies from the seventies like this to check out.",negative
"The 1997 low-key indie dramedy Henry Fool would seemingly have been a secure choice of movies no one would bother to revisit for a sequel. A rumpled, dissipated drifter (Thomas Jay Ryan) strolls into town. His anarchistic rantings and delusions inspire a nerdy garbage collector (James Urbaniak) to write poems, while Henry half-heartedly tries to boink the guy's sister (Parker Posey). As the poet prospers, Henry declines. Nothing special about any of the characters or the story. A pitch for Harold and Maude's Ghost would have been quoted higher odds of ever making it to a screen.<br /><br />But Parker Posey ain't the semi-official Queen of the Indies for nothing'. So when writer/director Hal Hartley came up with a new incarnation for his cast, a film was born. Though we catch up with the same characters many years, they're in a completely different sort of dark comedy; this one's laced with espionage! Henry may have been an international spy - and possible double, or even triple, agent - for years before meeting the others. He's either dead or in hiding from agents and authorities of many countries. Everyone wants his rambling, incoherent journal which just may contain coded secrets that could destabilize nations and economies. Posey's Fay is either the wife he left to go on the lam, or his widow, depending on who's telling the truth. Fay's efforts to find Henry and/or the hotly-contested journals include a globe-trotting gauntlet of multinational hit-persons and henchmen at every turn. She never knows who to believe or trust. Nor do we.<br /><br />While herding these unlikely characters into Jason Bourne/Jack Ryan territory, Hartley's script retains the ironic deadpan humor of their first appearance, steering clear of slapstick in exposing them to physical menaces. His sly lampoon of the paranoia, duplicity and musical-chairs alliances of today's geopolitics starts to crumble towards the end. Even so, fans of the first movie will be pleasantly surprised by the novelty of Hartley's recycling methods. (5/18/07)",positive
"I never saw any of John Leguizamo's stand-up before I watched Freak, and after seeing it again on HBO comedy recently it was better, more enlivening and with things that, at the age of 14, I couldn't understand quite before. Spike Lee did a wonderful job directing, keeping the visual angle up to par with Leguizamo's theatrics and the style of personal storytelling; it's substance and style merging together but unobtrusively. We get Leguizamo's rants about race and sex (the bits about sex are classic), but a lot of it is about family, and what sticks still fresh in my mind is about his father. Even when things get dark in some of the stories, there's something fresh or crazy or random that Leguizamo pulls out to get a laugh, and it works more often than not. If something does fall flat (for me at any rate) it might be his personality tics here and there. But overall, it's the kind of fun material that isn't heady, but is so true to itself that it stings. Find it if you can!",positive
"Already his first claim, that desires are always artificial, is totally fallacious.<br /><br />When a Jehovah Witness reject gets his own documentary on movies  or anything for that matter - it's time for anyone to get their own. Although far, far more intelligent than, say, Paris Hilton (I know, not too difficult) Zizek's mouth spews just as much baloney as hers, just a different kind. He combines the worst from both his professional worlds: psychoanalysis and philosophy. Both fields are notorious for conveniently offering the expert b*lls***osopher plenty of leeway to create unprovable theories, to rant without a beginning or end, and to connect concepts almost randomly, in the process misusing the English language by creating a semantic jumble only a mother can love. Example: there are three main Marx brothers hence what a ""great"" idea to connect them with three levels of human consciousness, the id, the ego and the super-ego. I'm kind of surprised he didn't play a clip from ""Snowhite"" and make an analogy between the seven dwarfs and the seven levels of Gahannah (Moslem hell). It's like the premise of Schumacher's ""The Number 23"": play with numbers long enough, and you can come up with any kind of cockamamie theory you want, even linking Ancient Greeks with Princess Di's death.<br /><br />However, there is an entertainment element to TPGTC: watching a raving lunatic sweat like a hog while uttering delusional chants masked as intellectual analysis can be quite a lot of fun. Why watch ""Cuckoo's Nest"" or any other madhouse drama when you can have Zizek for more than 2 hours? It's like watching an amusing train wreck. Admittedly, he is almost funny on one or two occasions.<br /><br />I have always been mystified by people who desperately try to elevate movie-making into an exalted intellectual social science. Giving idiotic movies like ""Birds"" this much thought, hence this much credit, probably has its fat creator laughing in his grave. The raw truth is that the vast majority of movies have zero intellectual value, and the few ones that do have some intelligence don't require a shrink-turned-philosopher to draw one a map to understand them  unless one is a complete idiot. Zizek sees layers and layers of meaning in the most banal movies. Hallucinogenic drugs must be rather popular and cheap in Slovenia these days...<br /><br />When Zizek showed the bathtub hole in the ""Psycho"" shower scene, I thought he was going to say something about galactic black holes; how they drain the life out of stars just as the bathtub hole sucks in Janet Leigh's blood. Or perhaps he could have said how the hole represents Leigh's vagina, with the blood flowing into it instead of out (as in menstruation), this representing some kind of ""clever (Zizekian) irony"". Speaking of which, the real irony is that if Hitchcock had really put that much thought into every scene (and the script), his movies wouldn't have been the illogical, far-fetched crap that they often are. The point of these bathtub hole analogies was to show just how easy it is to improvise about ""hidden, deep meanings"". And when you add Zizek's fanciful terminology from philosophy and psychology, layering these terms on top of these analogies like wedding cake decorations, you get a rambling jumble that can instantly impress the uneducated - i.e. the easily impressionable and the gullible.<br /><br />Zizek utters a number of (unintentionally) funny things here, one of the most absurd ideas being when he associates Anthony Perkins's cleaning of the bloodied bathroom with ""the satisfaction of work, of a job well done"". Don't laugh... Neither Hitchcock nor the writer of ""Psycho"" could have ever even vaguely entertained this notion that Perkins might be enjoying a job well done - the cleaning of a blood-stained toilet - while they were conceiving/directing that scene. Talk about putting words into one's (dead) mouth, but in the context of misinterpreting what the director had to ""say"".<br /><br />I like Zizek's initial thoughts on Tarkovsky's terrific ""Solaris"", but then he has to ruin a rare good impression by dragging in ""anti-feminism"" and other nonsense into his theory.<br /><br />Zizek's attitude towards logic is that of a dog toward its plastic bone. ""I just want to play with it all day!"" Logic has its rules, and is not supposed to be raped - at least not publicly - by the likes of him. He seems to regard logic, proof, common-sense, and reason as enemies or mere throwaway toys; concepts to be either avoided, twisted to fit the end-goal, or simply annihilated. Zizek is the LSD-tripped hippie, and all his favorite movies are his own personal ""2001""s.<br /><br />The fact that Zizek over-focuses on two of the most overrated directors - and ones whose films often LACK intelligence, if anything - such as Hitchcock and Lynch, only further diminishes his already low credibility. I was surprised De Palma didn't feature more prominently; that's another lame director who writes inept scripts. Zizek has a field day with Lynch's incomprehensible ""Lost Highway"". There are just as many interpretations of that movie as there are people who watched it.<br /><br />Zizek's comment that the viewer readily accepts von Trier's laughable, ""ground-breaking"" physical set-up in ""Dogville"" made me snicker. <br /><br />However, Zizek doesn't only make up stuff as he goes along, he also indulges heavily in the ""bleedin' obvious"". Like all ""social scientists"" (an oxymoron), he wraps his very trite ""observations"" into articulate (if full of spitting) and sometimes complex blankets of language. After all, sociology functions in precisely the same way: it makes us believe we are hearing something new when in fact it's what we already all know, but told in an eloquent way - which fools the more unobservant listener.<br /><br />I was half-expecting for men in white suits to suddenly appear out of nowhere and strap him up in a loonie-suit...<br /><br />Slavoj Zizek: soon as a stalker in a kid's park near you.<br /><br />http://rateyourmusic.com/list/Fedor8/150_worst_cases_of_nepotism/",negative
"This movie is a remake of two movies that were a lot better. The last one, Heaven Can Wait, was great, I suggest you see that one. This one is not so great. The last third of the movie is not so bad and Chris Rock starts to show some of the comic fun that got him to where he is today. However, I don't know what happened to the first two parts of this movie. It plays like some really bad ""B"" movie where people sound like they are in some bad TV sit-com. The situations are forced and it is like they are just trying to get the story over so they can start the real movie. It all seems real fake and the editing is just bad. I don't know how they could release this movie like that. Anyway, the last part isn't to bad, so wait for the video and see it then.",positive
"You wouldn't expect a movie like this to be good, and it isn't. It's a no budget, ultra violent zombie movie filmed with a bad looking hand-held camera...and it's hilarious. The actors obviously have never acted before and it shows in their terrible hilarious readings. There is no plot to be seen. The little plot I could find seemed to be that a government experiment escaped and a group of zombie seems to be terrorizing a couple families. The gore effects are actually some of the most sickening I've ever seen. It seems the gore effects people raided a butcher shop for all the body parts, and many scenes involve zombies dismembering people and eating their organs. It's a funny and sickening film, and it's about as bad as you can get in terms of any movie.<br /><br />My rating: BOMB/****. 90 mins.",negative
"A lot of themes or parts of the story is the same as in Leon, then other parts felt like some other movie, I don't know which, but there are an familiar feeling over the whole movie. It was kind of nice to watch, but it would have been fantastic! if the story would have been more original. The theme little girl, bad assassin from Leon, is just tweaked a little. The opening scenes are really good :-) It is strange that people like to fight in the kitchen, in the movies :-) My biggest problem was to remember which parts was from Leon, Nikita and if they where from the French or American version. If you have not seen Leon, then this is a good movie. If you liked this movie, then I can recommend Leon.<br /><br />Best Regards /Rick",negative
"I can't believe they do this kind of filth out of a serious theme. Totally unrealistic (they seemed to want it to be HIGHLY realistic but all the elements are based on clichés), real propaganda stuff. After seeing this, an addict probably just want to continue his/her career :-) I gave it 2.",negative
"Contrary to some people's summaries, the women depicted in the film are not geisha. They are oiran (prostitutes) living outside the most famous pleasure districts, and their lives and experiences represent the lives of a great number of Tokugawa era women. I can't say the stories were particularly enlightening, but their charm lies in just how typical they are. The themes are universal and everyday: love, friendship, and sacrifice.<br /><br />I did greatly enjoy the art direction and the acting. I felt like I was getting a glimpse of a time and place I can never otherwise glimpse. The actors, especially the 4 women who played the main oiran, were a thrill to watch. I'd only recommend this movie to people who want a taste of Japanese culture, or to those who enjoy quiet and emotional stories. It's a great example of both.",positive
"Lets put it this way. I actually get this movie. I get what the writer/directer was trying to do. I understand that the dialog was meant to be dry and emotionless. I understand that the plot was supposed to be non-climactic and stale. That was what the writer/director was going for. A very very very dry humor/comedy. With all that understanding, I still think the movie sucked. It seemed like the writer/director was trying to recreate Napolean Dynamite with this movie. It had all of the same features. Even the main character behaved similar to Napolean. But Napolean Dynamite was actually funny. Its script worked. This movie is not. It has no purpose. Well, let me rephrase that. Its only purpose is to rip off Napolean Dynamite and try to capture that look and feel. Too bad it didn't work.",negative
"I totally agree that ""Nothing"" is a fantastic film! I've not laughed so much when watching a film for ages! and David Hewlett and Andrew Miller are fantastic in this! they really work well together! This film may not appeal to some people (I can't really say why without spoiling it!) but each to their own! I loved it and highly recommend it!<br /><br />The directing is great and some of the shots are very clever. It looks as though they may have had a lot of fun when filming it!<br /><br />Although there are really only main 2 characters in the film and not an awful lot of props the actors manage to pull it off and make the film enjoyable to watch.",positive
"Slow, odd film that drags and plods (I mean really PLODS) along to its disappointing climax. You may expect some sort of punchline at the end, but there is none. Both Milland and Snodgress give awkward performances; in fact, the film's weirdness may actually be the only thing it has going for it. The generally atmospheric score has some absurd parts (like the music that plays during the first appearance of a monkey), and there is a truly awful fantasy scene involving....a gorilla. (**)",negative
"Loretta Castorini (Cher)is a woman in her late thirties, a widow, who lives with her parents in a duplex apartment in Brooklyn. She is engaged to marry Johnny Cammareri (Danny Aiello), a bland man, more out of a resigned duty than actual love. Before their wedding Johnny takes a trip out to visit his mother who is sick and leaves Loretta the function of playing the olive leaf with his brother Ronny by notifying him of their impending wedding. Ronny (Nicholas Cage) hasn't forgiven Johnny for being the cause of his accident which caused him the loss of his hand (and subsequently, his then-bride-to-be), but he does fall for Loretta, and hard. After a heated affair Loretta out of respect for Johnny tries to avoid Ronny, but his dark looks and overpowering masculinity win her over. Meanwhile, Loretta's mother Rose Castorini (Olympia Dukakis) is not only suspecting her husband Cosmo (Vincent Gardenia) is seeing another woman, but is also herself the subject of admiration from a college professor and wonders why do men chase women. Things get complicated when Johnny returns from Sicily to tell Loretta they can't be married.<br /><br />The setup is pure sitcom, but the story, written by John Patrick Shanley with a deep understanding for Italian-Americans living in New York, is genuine: he gets the idiosyncrasies of these people and their day-to-day foibles and quirks, and all of the characters have a deep romanticism that comes through in key moments throughout the story. Loretta, a character hardened by the loss of her husband and knowing her chances of happiness are slim, slowly emerges as a woman who is so swept by the sudden recognition of love she becomes the heroine of La Boheme -- the one who acknowledges the love of the man with the wooden hand (in a clever gender reversal), and Cher inhabits the role and makes it hers and in her own style subtly trades her frumpiness to a deep, dark beauty. Ronny is pure fire and Nicholas Cage exudes masculine power as if he were channeling Marlon Brando. The Castorini's and the Cappomaggi's, counterbalancing the central couple, both express their love for each other in two very crucial moments: the latter couple, on the night of the full moon when Loretta and Ronny consummate their affair -- a rare scene depicting love and intimacy among the elderly --, and the former at a tense moment over breakfast when Rose bluntly reveals, in touching words, that she wants Cosmo to stop seeing his mistress Mona (Anita Gillette).<br /><br />MOONSTRUCK is not only the romantic comedy and date movie of choice, but also a beautiful examination of love and passion among regular people. The ending is a tour de force of emotional impact, the family situation going beyond the momentary complications to cement it in tradition going back to the days of immigrants, and is one that elevates this movie from being just another feel-good movie to a classic. MOONSTRUCK deservedly got its Oscars for Best Writing, Actress, and Supporting Actress, and has proved to grow beyond its time.",positive
"When just days away before the film's premiere, its screenwriter backs out of the project, and demands his name to be removed from the credits, you know that this does not bode well. <br /><br />The books, on which ""Wiedzmin"" is based on, have great potential for a vivacious fantasy film  ""Geralt de Rivia is a witcher; his sole purpose is to destroy the monsters that plague the world. But not everything monstrous-looking is evil, and not everything fair is good"" But all that didn't matter, when a polish film crew, with a low budget, and no, or little appreciation for Sapkowski's work, decided to make a 13-part mini-series out of it. The two-hour film is a by-product of their actions, to maximize the profits. <br /><br />It's not hard to point out in this case, what makes people label this film as bad. Plot (incoherent, thanks to cramming it with too many stories), acting (below average, with exception of Zebrowski), dialogues (bland), editing (choppy), special effects (unbearable) and choreography (poor), add up to the film's overall bad experience. Only the soundtrack, done by Grzegorz Ciechowski, brings out the beauty of the world of ""Wiedzmin"", which was never brought to the screen. Even Poland's grandiose flora and fauna (where part of ""The Chronicles of Narnia: The Lion, the Witch and the Wardrobe"" was shot), a crucial element in almost ANY fantasy film, were not used up to their full potential. The more I think about this dead loss, the more I'm running out of words. At least, it's a comfort to know, that Marek Brodzki, the director of ""Wiedzmin"", has directed only one film ever since (in addition, in Germany). <br /><br />For now, we're left with top-notch fantasy stories and a fantastic computer RPG (released in 2007) referring to the Wiedzmin books. But I'm sure that one day, justice will be done for the Wiedzmin saga, and we'll be treated with an equally good film adaptation soon enough.",negative
"A realistic depiction of young love for the college set but also appealing to an older viewer like me. It has ups and downs and twists and turns and made me shed a tear or two. We rarely see movies with black urban characters that could appeal to older, non black audiences and show a more real life depiction of young black adults.<br /><br />This movie takes place on a college campus and town where two people meet and fall in love. In the background are various friends acquaintances and situations that impact them for better or worse. Typical plot some may say, but this really was unexpected. <br /><br />I found myself rooting for the survival of the couple's relationship, seeing my own past in their story. Moments of deep thought and revelation came pouring out of the actors performances. <br /><br />It's a bright film that I would endorse for those young at heart and in love or have ever been in love. Great movie. I'll be looking for a copy to add to my movie collection.",positive
"I enjoyed Still Crazy more than any film I have seen in years. A successful band from the 70's decide to give it another try. They start by playing some gigs in some seedy European venues, with hilarious results. The music is fantastic, the script and acting are terrific. The characters are spot on, especially the lead singer with the high heavy metal voice, makeup and personality problems. The concert at the end was unreal. Go and see it, preferably in a cinema with a good sound system :)",positive
"This often maligned movie is a must for fans of Blake Edwards, Julie Andrews, Henry Mancini, or Hollywood musicals. Other writers have commented on the shifts in tone, the confusion of plot, etc., but the film has many things to recommend it. The score is one of Henry Mancini's best (and he has written many wonderful ones), several songs are sung to perfection by Andrews, Julie's performance is nuanced and she is decked out in some beautiful clothes, (she is at her absolutely loveliest here), the on-location shots are breath-taking, and there are some funny Inspector Clouseau-type sight gags to boot. Rock Hudson basically phoned in his performance, but he is passably good. A real curiosity item in that it was the last major film Julie did for about 10 years and, in many ways, is a precursor to Victor/Victoria. It is lovely to look at and listen to. When will it be available on DVD??? When it is, I for one would like both versions--the longer and shorter, director's cut. Since it was lampooned in S.O.B., they would make a great two-pack!",positive
"Dull, cheap sci-fi thriller, made with an almost total lack of conviction (a control room full of computers and other devices used to receive and decipher messages from outer space is run by only ONE MAN, and is VERY poorly guarded at night), and full of campy sound effects. Christopher Lee is not only wasted, but he also gives one of his few ""I'm here strictly for the money"" performances. (*1/2)",negative
"""What would you do?"" is a question that will stick in your mind for weeks after watching the emotional Brokedown Palace. You will also be left wondering if Alice (Danes) was telling the truth or not - a issue that is left unresolved, and rightly so. This is a particularly well acted and beautifully shot film. Although it is slow at times, its pace is reflective of the story line - but a lot of the film will have you on the edge of your seat; wanting to know what happens next. The ending will also leave you imagining yourself in the shoes of the lead characters, which are brilliantly played by Kate Beckinsale and Claire Danes. Bill Pullman's performance is commendable, too.",positive
"Evil Behind You, was created for a specific purpose in mind, to shove the writer/directors personal views on who either gets to walk on water or who gets to dance with the devil. Sadly it would seem that the creators were so focused on making their point that they took it's power away completely by force feeding their point to the viewer.The way its message is presented Almost reminds me of the stories I've heard of the Spanish inquisition! From one real Christian to another, Avoid this like the plague, fear tactics never work when trying to send this kind of message!!<br /><br />The acting was horrible,the selection of Muslim terrorists was racist and unfair(they're terrorists so they must be Muslims). The premise of this was good, the story provided a great conduit for its message, however it was the execution of these ideas that fell short making it very difficult to even separate the message from the messenger so to speak.<br /><br />You'd be better off dusting off your old ""Ghost"" DVD with Mr Swayze to better receive this message. at least that movie didn't try to shove itself down your throat. Or if you like Good Christian movies with a powerful message, try ""End of the Spear""",negative
"What an insult to the SA film industry! I have seen better SA films. The comments I read about Hijack Stories,by saying it is worthy of a ten out of ten is quite scary. A movie's rating should not depend on.., ""OH, A MOVIE FROM A DEVELOPING COUNTRY. LETS BOOST THEIR INDUSTRY BY SAYING NICE THINGS ABOUT THEIR WORK, EVEN THOUGH IT IS BAD."" We have the expertise to make good movies. Don't judge the film industry on what people say how great they think Hijack Stories is. We can tell great stories such as Cry the beloved Country and Shaka Zulu. Cry the beloved Country I'll give 9 out of 10. Great directing by Darryl, great acting by two great elderly actors, irrespective from where they are. Hijack Stories.., I'll give 1 out of 10. It could only be people involved in the project who would give it high scores. I would've done the same if it was my movie.",negative
"My friend Zac rented this movie free of charge since his mom works at a rental store. I still feel ripped off, since I won't ever be able to get those 100 minutes of my life back. Having watched the first ""Dark Harvest"" the night prior to this viewing, I expected to at least see a crappy remake of the first film. Wrong.<br /><br />There isn't a single scarecrow in the movie (unless you count the one of the cover of the box), nor are there any real death scenes. The movie got its R rating from an 8 year old girl screaming ""god d**n"" at her father.<br /><br />There is no amount of tequila that could make this movie bearable. Believe me, we tried.",negative
"The film's design seems to be the alpha and omega of some of the major issues in this country (U.S.). We see relationships all over at the university setting for the film. Befittingly, the obvious of student v.s. teacher is present. But what the film adds to its value is its other relationships: male v.s. female, white v.s. black, and the individual v.s. society. But most important of all and in direct relation to all of the other relationships is the individual v.s. himself. <br /><br />I was amazed at how bilateral a point of view the director gave to showing the race relations on campus. Most films typically show the injustices of one side while showing the suffering of the other. This film showed the injustices and suffering of both sides. It did not attempt to show how either was right, although I would say the skin heads were shown a much crueler and vindictive (quite obvious towards the end). The film also discusses sex and rape. It is ironically this injustice that in some ways brings the two races together, for a time. Lawrence Fishburne does an over-the-top performance as the sagacious Profesor Phipps. He crumbles the idea of race favortism and instead shows the parallelism of the lazy and down-trodden with the industrious and positive. Other stars that make this film are Omar Epps, Ice Cube, and Jennifer Connelly. Michael Rapaport gives an excellent portrayal of a confused youth with misplaced anger who is looking for acceptance. Tyra Banks make her film debut and proves supermodels can act.<br /><br />Higher Learning gets its name in showing college as more than going to class and getting a piece of paper. In fact, I would say the film is almost a satire in showing students interactions with each other, rather than some dry book, as the real education at a university. It is a life-learning process, not a textual one. I think you'll find ""Higher Learning"" is apropos to the important issues at many universities and even life in general. 8/10",positive
"This woman never stops talking throughout the movie. She memorized every line, and delivered all without a bit of natural emotion. She also has a most uncharming lisp, and the pitch of her voice sounds like nails on a blackboard. This film has WAY too much Betsy Drake, and not enough Cary Grant, who carried what little was left of the film entirely on his own.",negative
"If you ever watched the Dukes of Hazard you know that you never had to worry about drugs or cussing or crude behavior being seen by young children. If you've seen the movie you know that is no longer the case! This movie was HORRIBLE! Main characters doing drugs and thinking it is funny and cool is certainly not what I call entertainment. They took a wonderful show and just turned it into trash. Daisy who was a little flirtatious in the original show now looks and acts like she belongs on the street corner getting paid for her services. I was so excited about seeing this movie before it came out, 15 minutes into the movie I was ready to leave. I stayed thinking it had to get better but instead it got worse by the minute. I wish I had never seen this movie. It trashed a good show and left nothing but horrible taste in my mouth when I left. Do yourself a favor, go see something worth your money, cause it's not only a waste of money but a waste of 2 hours of your life you will never get back!",negative
"No real plot, no character development, no Scorcese-level direction, but seriously, were you really expecting any of this? The only thing that matters is that this flick is absolutely hilarious, nearly on the same level as Borat. Sure, the ending drags a bit, but if Borat's cameo didn't crack you up, you must be the worst batty boy in the history of batty boys. Sacha Baron Cohen is possibly the greatest comedian ALIVE, and here he gets more laughs than Jude Law on a nude beach. I dare you not to laugh.<br /><br />If you can pull the ten-foot pole out of your behind for an hour and a half and just enjoy some well timed and extremely stupid jokes in a stupid story about a stupid character, see this stupid movie. You'll be glad you did. Keep it real!",positive
"I should say right away that I checked the spoilers box only because I'm giving this comment the amount of thought proportional to what this mess of a movie deserves, and don't want to be held responsible for some plot point incidentally slipping out.<br /><br />This comment will take the form of a tirade for the simple reason that I am still under the influence of this movie, having just watched it, and the unique effect this has renders one incapable of the sort of forethought and paragraph structure required for coherent, reasoned criticism. That is not a compliment. It isn't the narcotic effect of a truly hypnotic or thought provoking movie. The feelings it stirs up combine like some uncomfortable emotional Voltron, composed of a confusing mix of some form of rage, the vague desire to take a shower, the rudderless, sinking feeling of true betrayal one gets when they realize they have given 109 minutes of their lives into the hands of someone who would not only squander it, but do so in such a pompous, artless way. And I probably wouldn't have done anything super productive with that 109 minutes anyway! But even if I'd spent it on something trivial, like a power block of masturbation and online poker, I would have felt more fulfilled when all was said and done.<br /><br />The problems with this movie are myriad, and in better times I'd articulate exactly what they were in a semi-adult fashion. But in keeping with what this movie deserves, I think I'll most likely stick to the realm of masturbation jokes and cartoon references.<br /><br />The most irritating and terminal flaw is that while watching this movie one is keenly aware that the makers and participants think they are making a much smarter movie than they are. Demonstrating the depth of knowledge one could pick up in a one semester survey of Western art history at a community college or trade school, the art-jargon is piled on thick and from all directions, with much of it supplied by talk between our hero, the tortured detective Stan (Willem Dafoe, who I will forgive for this movie due to him being Willem Dafoe) and his accented antique dealer buddy Blair (Peter Stormare, taking a break from playing a sociopath for whom murder comes easy by playing a 2-dimensional plot device in a movie about a sociopath for whom murder comes easy). And talk they do. In fact, we are dropped into this story at a crime scene that may indicate the reemergence of a serial killer Stan thinks he killed years earlier, so all the back story is established partially through unclear flashback, but primarily through stilted conversations between Stan and his dealer, or Stan and his colleague, the unforgivably irritating Carl (Scott Speedman). And although I differentiate the character Carl (Scott Speedman) from the actor who plays him by using parentheses, I must admit that very early on in the film I despised this character so much that I actually found myself sincerely wishing harm on the actor portraying him (Scott Speedman). Not anything too fancy. Not death or paralysis, necessarily.. But maybe herpes? Or maybe a stage light could fall on him and crush his arm? This is a dangerous digression, but I'm not editing it out because I want to leave anyone reading this who's thinking about paying to see this train wreck of a movie with a clear impression of the horrible wishes and feelings it stirs in even the most peaceful man.<br /><br />Well, I'm sort of running out of steam here.. over the course of writing this the sick feelings this movie brought up in a me have subsided, my head has cleared a bit. Realizing now that I'm still investing time in something related to this piece of sh!t is startlingly similar to waking up after a night of suicidally heavy drinking next to the heaving form of a still slumbering 200 pound college girl. Your first urge is a desperate desire to flee. This is natural.",negative
"This film essentially deals with Inspector Gadget's arch-nemesis Doctor Claw who has returned after many years to the now-peaceful city of Metropolis. Claw's plan is to foil Gadget once and for all by using a newer ""cooler"" crimefighter to help destroy Gadget's popularity. Sadly the film fails miserably, the series was great, but it was revived nearly 20 years later with tragic results. Without the voice of Don Adams as Inspector Gadget it just doesn't cut it anymore; Dr. Claw is not only visually less frightening, but sounds more like a wrestler with a cold, than his original intimidating self. Granted this is a children's movie, but the plot is so painfully weak (heaven forbid I mention the animation) that it pales in comparison to the original series. Someone has decided to updated Penny as well to bring her two decades up to speed, she now has some quasi-punk rebellious clothing style and doesn't play half the role that she did in the TV series. The Gadgetmobile talks, as well as including a plot angle that focuses entire ON talking cars. Maybe I'm just a kid who loved the show who's grown up jaded, but I thought that the live-action version was more pain than I could bear, but now they go and spring this complete watering-down of the quality TV series on us. It's more than I can take.",negative
"I recall seeing this movie as a kid. I don't recall where I saw it. I must have been around 14 years old. I thought the movie was incredible and wished to see it again. It came on the Kung Fu channel once, but I missed it. I was really bummed. It is the best special-effects Kung Fu movie that I've seen to date! I highly recommend it, and now that I've discovered where to get it, I can enjoy it once more and for years to come. I also have to check out this Return of the Venom movie of which some have spoken so highly.",positive
"What a wasted opportunity to actually make an interesting film about a complicated subject. There is very little exploration about what it really feels like to be a straight (or gay) man working in a gay sexual environment.The dancers keep talking about their art as if it has no erotic component. They may not all be prostitutes for hire, but they are indeed sex workers playing out fantasies and selling private sessions where more than dancing is offered. From the film one would get the impression that they mainly appeal to the women who go to the gay clubs and then end up hiring the ""dancers"" for private sessions. Even the shots in the club only show women in front of the stage and the ""dancers"" only playing to the women in the audience. This just isn't the reality of these clubs. It would be pretty hard to make a living doing private dances for straight women and couples. So what do they really feel about their gay admirers and clients? We learn very little. Instead we get filler. A gay activist who adds nothing to the study of straight dancers. A manager who tells us about the costumes for the drag acts but offers no insight into the dancers' lives and attitudes.<br /><br />The pictures of Mexico City are generic. The phallic montage showing sausages roasting is ridiculous.<br /><br />This is a totally simplistic film which should be of interest only to those who want to see a few pictures of pretty boys dancing. The rest of the movie is an insult to gay men.",negative
"I read the reviews before i watched this movie, and i didn't believe them. I love crap movies and i expected this one to be average. It wasn't. This film makes Camp Blood 1 and 2 look like greats. The film contains bad acting, poor sound, poor confusing storyline, bad makeup- and it bored me so much i turned it off. even the nudity was rubbish! Did they even have a budget for this film? I don't think they did. You can tell if your gonna like this film or not in the first 5 minutes. if u want a good cheesy gory film go watch toxic avenger 4 or even camp blood. Avoid this trash - I watched it on TV and felt riped off, so don't spend anything on it. The best part is probably the end.",negative
"This is the French and Belgians doing what they do best. It's quirky, visually inventive, exhilarating and emotionally challenging storytelling. Director Jaco van Dormael takes us into the world of Georges, a Down's Syndrome sufferer and his quest for a meaningful relationship with someone, just anyone. This is not done in a patronising way but with a great sense of fun and also honesty. Georges' interplay with corporate management guru, Harry is dazzlingly handled - shifting from comedy to tragedy back to comedy again with breathtaking ease.<br /><br />The Eighth Day puts similar Hollywood fare like Barry Levinson's Oscar winning Rain Man or Robert Zemeckis's Forrest Gump well and truly in the shade. At times, it evokes the humour of Milos Forman's One Flew Over the Cuckoo's Nest with shades of Dennis Potter thrown in for good measure.<br /><br />As the emotionally blunted and desperately lonely yuppie, Harry, Daniel Auteuil turns in yet another sublime performance. But it is matched by the brilliant Pascal Duquenne as Georges. It's a movie with uniformly strong performances and so many, memorable set pieces - the shoe shop scene, car showroom scene, George's dance to Genesis's 'Jesus He Knows Me,' the conference scene, the fireworks scene. If you haven't seen it, there's only one thing to do. Just rent it or attend a screening at a retro cinema near you and see what you've been missing. Better still, buy this movie. Sheer genius.....",positive
"A grade-Z horror filmmaker Carl Monson was one of the most prolific directors operating within the field of the low-budget gory mayhem.His movies are full of inept gore,laughable acting,boring sub-plots and woeful dialogue.A mysterious black clad figure is savagely murdering guests staying at the family mansion.Unfortunately this film is almost bloodless.You don't actually see the murders except with shadows and a few blood splatters.The pace is lethargic and the plot is rather uninteresting.The acting is merely competent,but the lack of gore and mutilation left me disappointed.A generous 4 out of 10.Just beware:do not mistake Monson's film with Andy Milligan's equally weak ""Legacy of Blood"".",negative
"Back in the day of the big studio system, the darndest casting decisions were made. Good old all American James Stewart appearing as a Hungarian in The Shop Around the Corner. Had I been casting the film, the part of Kralik would have been perfect for Charles Boyer. His accent mixed in with all the other European accents would have been nothing. Stewart had some of the same problem in the Mortal Storm also with Margaret Sullavan.<br /><br />Margaret Sullavan was his most frequent leading lady on the screen, he did four films with her. But is only this one where neither of them dies. Sullavan and her husband Leland Heyward knew Stewart back in the day when he was a struggling player in New York. In fact Sullavan's husband was Stewart's good friend Henry Fonda back then.<br /><br />I think only Clark Gable was able to carry off being an American in a cast of non-Americans in Mutiny on the Bounty. Stewart in The Mortal Storm was German, but all the other players were American as well so nothing stood out. <br /><br />But if you can accept Stewart, than you'll be seeing a fine film from Ernest Lubitsch. The plot is pretty simple, a man and woman working in a department store in Budapest don't get along in person. But it seems that they are carrying on a correspondence with some anonymous admirers which turn out to be each other. Also employer Frank Morgan suspects Stewart wrongly of kanoodling with his wife. <br /><br />Though the leads are fine and Frank Morgan departs from his usual befuddled self, the two players who come off best are Felix Bressart and Joseph Schildkraut. Bressart has my favorite moments in the film when he takes off after Morgan starts asking people for opinions. He makes himself very scarce.<br /><br />And Joseph Schildkraut, who is always good, is just great as the officious little worm who is constantly kissing up to Frank Morgan. You really hate people like that, I've known too many like Schildkraut in real life who are at office politics 24 hours a day. Sad that it pays off a good deal of the time.",positive
"I'm giving it only 9 out of 10, because I need to view it again, in a more current mind-frame to have a fresh perspective. What I remember is an amazing psychological thriller that dazzled my brain and my eyes when I watched it. I would watch it every time it came on HBO back in the day (probably 1990 or so). I might have even recorded it, but that recording is long gone, I'm sure.<br /><br />I wrote to GreenCine to try and get this title in, they currently don't carry it. I hope I can find it at a local video store.<br /><br />I would highly recommend giving it a try if you find it somewhere. It's interesting at the very least. If you enjoyed movies such as Edward Scissorhands, Beetlejuice, Gummo, or anything sort of strange and along those lines, try this one out.",positive
"(David H. Steinberg)'s script seemed initially having some real smart points that could've made good romantic comedy, BUT BUT BUT, oh dear ! What did ever happen in the way ???!!!! <br /><br />I'll tell you what happened. Originally it's (Animal House - 1978) and (Porky's - 1982). Although that was long time ago, but those are the pioneers, the godfathers of the new genre : the crude teen comedy. Then the 1990s came. After important instances that became smash hits (repulsive ones am I add) such as (Problem Child - 1990), (Dumb and Dumber - 1994), (The Nutty Professor - 1996), and (There's Something About Mary - 1998) which I think slackers is affected by, there was the top of the era and the prophet of the next era, the one and only : (American Pie - 1999) which's undoubtedly and incomparably a genre's icon. After that I think every comedy of that kind got to be that highly filthy, cum laude nasty, to be admired by the youth otherwise it might be out of fashion !<br /><br />I believe that (Slackers) had a smart plot first as a script, then its makers got to add some real big amount of : rudeness, filthiness, strangely shameless sex to be made - at those days - as easy as pie ! Like they had to fill every scene with freely elements such as : masturbation, oral sex, urination.. etc just to look a la' mode. They're wholly unnecessary elements to the story but surely THEY ARE so necessary to make the profits, and to catch the latest vogue in making teen comedies. The problem is in how all of that has replaced already any possible comedy in it.<br /><br />Some of its moments looked literally horrible, and that as you see is the point. It's all in (Jason Schwartzman)'s looks and performance; memorably disgusting to the utmost. So the ambition transformed from being that romantic comedy into making what wasn't done before of pure skinning images. To be more like a horror where you're asking all the time; what nastier would happen ? (vomiting, farting,.. etc); these are the easiest combination to create a comedy nowadays.<br /><br />Though even if you hated it you've got to love something (mostly for being bold), for me it was only Gina Gershon cameo's scene. Anyhow they designed it as a whole to achieve being outrages-for-outrageousness, like an adolescent's naughty dream. Though the majority of it was near to anybody's nightmare.<br /><br />What made me sad is that this one at its core was a real potential work, and not another cheap, another stupid comedy as it eventually managed to be. Remember well the details of stealing the exam (the first 2 minutes), so the movie's main plot (weirdo trying to reach a girl by blackmailing cool guys) through the pattern of (boy loves girl, and girl loves another boy) because save that, it's nothing but a candidly schlock. It dealt with its material the tacky way bunch of dirty college boys, who got nothing to do but making mawkish quip out of anything, would do. It ended up as being, and I'm sorry to say it, a smiling sh*t !<br /><br />At its end it said something (can you imagine !) about how it's the time and the place too for the impostor or the slack to win, totally like this comedy itself. It sounds good ending yet for totally another better movie; which could assure my opinion about this one as smart one.. Once ! And it doesn't need much to understand that this movie's makers were the real slackers ! Maybe being stupid is a way to be smart in Hollywood, but even if.. The final result here wasn't at least witty by any sense of the word. <br /><br />P.S : Its scriptwriter (David H. Steinberg), who wrote the story of (American Pie 2) as well, has a main page at the IMDb where you'll find under the ""Additional Details"" his usual ""Plot Keywords"" which are : Sex / Vulgarity / Crude Humor /... They just forgot to write Urineing while Showering or Baring 70 Year Old Women !",negative
"Black and White film. Good photography. Believable characters. <br /><br />Just awful.<br /><br />I have wasted another perfect evening watching a film that other rated as ""worthy"" and ""very good."" There is some good acting here and the back ground setting for the plot is good (more should have been done with this) but it is very slow to grow and never develops. It is totally bases on sex without much romance with much un needed nudity. More could have been done with the main characters. If you are looking for something to watch with you family this in not the movie and if not you will have trouble sitting through it. Though this film is long its only about 1 inch deep!",negative
"When I first saw ""Race Against Fear"" (don't you just love LMN movie titles?), I had to keep scratching my head. Was this meant to be serious? Why couldn't the main character even run like a normal person running, much less like a star runner? How did I know that the coach was evil only 1 minute into the film? All of these questions, and no answers. Then, I just let the inane script and the awful directing just carry me away...it was easier not to resist...then the film became funnier by the minute, and I now rank it among my top ten junk movies from LMN. Some have said here that Ariana Richards is really talented but that the material was flawed - I heartily disagree. Not only can she not convince me that she's an athlete, she's walks wide-eyed through the rest of the story, like she's just landed on earth. Maybe the coach broke out of prison and finished her off...at least I hope so.",negative
"i am 13 and i hated this film its the worst film on earth i totally wasted my time watching it and was disappointed with it cause on the cover and on the back the film it looks pretty good, but i was wrong its bad. but when i saw delta she was totally different and a bad actress and i really didn't know how old the 2 girls was trying to be i was so confused. the film was in some parts confusing and i didn't enjoy it at all but i watched all the film just to see if it was going to get better but it didn't, it was boring,dull and did i say BORING.and i don't think many other people liked it as well as me.boring boring boring",negative
"An anthology is always risky business and I think this endeavor should be praised. There's a lot of talent involved here. A great many talented actors, directors and writers. Unfortunately, I couldn't really enjoy this movie based on three issues I had.<br /><br />First of all, the segments vary incredibly in tone and quality. And unfortunately some of them clash with the others. <br /><br />Secondly, several segments feel underdeveloped to me. Like seeds of good stories that never come to fruition. I'm not talking about happy endings here (or even an ending period) but rather, they lack even basic development or even solid setups that draw you in. <br /><br />Last but not least, I did not feel New-York and its inhabitants were properly portrayed.<br /><br />What you're left with is high-brow short films that may still be of interest to some but will leave the average viewer unsatisfied.",negative
