review,sentiment
"I agree with one of the other comment writers about good story & good actors but mismatched, and I would also say rushed. It has been about 24years since I read the book as it was in school. But I felt that you would need to know the story of Jane Eyre when watching this one as bits are left out & therefore it doesn't fully make sense. For example Jane & Mr Rochester have hardly spoken & suddenly he is proposing marriage!!! The actors don't have time to let the audience know how their character feels about each thing happening in the story.The actors are good but aren't given enough time to do this story justice. I'm sorry to say it but I didn't really enjoy this version.The 1970 version with Susanna York & George C Scott would be the Jane Eyre movie of my preference BUT you should check out the 1983 BBC mini series version with Zelah Clarke & Timothy Dalton in the 2 main roles. I love it so much I watch it regularly.There is an abridged version which goes for 225mins or the full version for 330mins.",negative
"I can remember reading that Darwin had a pivotal experience in the Galapagos islands, seeing the vast range of animal life there, and intern, penned his theory of evolution. Not according to this movie-it was inspired by the British countryside. OK, and as John Cleese would say-Right-. I also did not think that Darwin was a man suffering from deep personal conflict and someone who suffered dark reveries and flights of anguish. According to this film he was. It is sad that he apparently lost one of his daughters to illness, but I don't think him losing a family member would have impacted on the mans scientific abilities very much. Well, not according to...you get the picture. I think there is nothing worse than when science gets turned into fable, and to an extent this film comes off as trying to debunk evolutionary theory by saying it came from a man who was emotionally unstable, which to me, is just plain gross. I think Charles Darwin was the soul of scientific enquiry, cool and calm, and always thinking logically. This film seeks to dramatize the undramatic and sensationalize clear headed scientific exploration. It is like a Canterbury Tale. I would not recommend it.",negative
"This film is a variation of a theme we've all seen over and over again - the Posiedan adventure in Space. The characters are all stock characters - feisty heroine, Judas, coward, etc. etc. The only question really is who's next to snuff it. Sometimes this tried and tested formula works - like in this case - but more often not - like the truly mind-numbing ""Red Planet."" <br /><br />So why does this one work? Because it's stylish. The acting is above average. And above all it isn't predictable. The conclusion isn't sign-posted. I really had no idea how it would all end and was surprised at how it did end. That alone deserves top marks in my book.<br /><br />It's an intriguing and entertaining movie. And though it was never likely to change the face of cinema as we know it, it doesn't disappoint.",positive
"First saw this half a lifetime ago on a black-and-white TV in a small Samoan village and thought it was hilarious. Now, having seen it for the second time, so much later, I don't find it hilarious. I don't find ANYTHING hilarious anymore. But this is a witty and light-hearted comedy that moves along quickly without stumbling and I thoroughly enjoyed it.<br /><br />It's 1945 and Fred MacMurray is a 4F who's dying to get into one of the armed forces. He rubs a lamp in the scrapyard he's managing and a genie appears to grant him a few wishes. (Ho hum, right? But though the introduction is no more than okay, the fantasies are pretty lively.) MacMurray tells the genie that he wants to be in the army. Poof, and he is marching along with Washington's soldiers into a particularly warm and inviting USO where June Haver and Joan Leslie are wearing lots of lace doilies or whatever they are, and lavender wigs. Washington sends MacMurray to spy on the enemy -- red-coating, German-speaking Hessians, not Brits. The Hessians are jammed into a Bierstube and singing a very amusing drinking song extolling the virtues of the Vaterland, ""where the white wine is winier/ and the Rhine water's Rhinier/ and the bratwurst is mellower/ and the yellow hair is yellower/ and the Frauleins are jucier/ and the goose steps are goosier."" Something like that. The characterizations are fabulous, as good as Sig Rumann's best. Otto Preminger is the suspicious and sinister Hessian general. ""You know, Heidelberg, vee are 241 to 1 against you -- but vee are not afraid."" <br /><br />I can't go on too long with these fantasies but they're all quite funny, and so are the lyrics. When he wishes he were in the Navy, MacMurray winds up with Columbus and the fantasy is presented as grand opera. ""Don't you know that sailing west meant/ a terrifically expensive investment?/ And who do you suppose provides the means/ but Isabella, Queen of Queens."" When they sight the New World, someone remarks that it looks great. ""I don't care what it looks like,"" mutters Columbus, ""but that place is going to be called Columbusland.""<br /><br />Anyway, everything is finally straightened out, though the genie by this time is quite drunk, and MacMurray winds up in the Marine Corps with the right girl.<br /><br />I've made it sound too cute, maybe, but it IS cute. The kids will enjoy the puffs of smoke and the magic and the corny love story. The adults will get a kick out of the more challenging elements of the story (who are the Hessians?) unless they happen to be college graduates, in which case they might want to stick with the legerdemain and say, ""Wow! Awesome!""",positive
"First of all sorry for giving even a rating of 1 to this movie (nothing less than this available). The film fails in every department be it screenplay, direction, characterization or acting. <br /><br />1) To start with, the name of the movie is really C class (though the movie itself match up to the name). 2) Amitabh Bachchan tries his best to live up to the character but the weak script coupled with pathetic direction ends up making him a humorous character. 3) In Sholay Gabbar Singh has reward of 50,000 on him (which was convincing). Here in Aag the figure was 100 crores for Babban (Amitabh Bachchan but poor man was beaten by our so called hero's and had only few men bikes to commute (with all automatic guns). Making a Sholay like movie in Mumbai type setup in modern time doesn't look convincing. 4) As for Nisha Kothari, somebody needs to tell her that she doesn't know acting. Why is Ram Gopal Verma casting her again and again ? 5) Mohanlal was good but there is hardly anything for him to do. 6) Sushant Singh and Rajpal Yadav who are great actors are wasted in the movie. 7) Legendry role played by Lila Misra (Mausi of Basanti) in Sholay is replaced cheaply in this movie by some Gangu Mummy. Ramu please grow up and understand that there needs to be some intellect in your movie. Enough of stupid characters in your movie like Shiva and Aag. 8) Should not say anything about modern Jai and Veeru..pathetic to the greatest extent.<br /><br />To summarize, I was shocked to see this movie because it looks like a cheap and comic translation of original classic. Please don't waste money and time on this movie. I think watching Aap Ka Surror (which I thought was the worst movie possible) would be a better idea than to see this horrible package of stupid characters, bad songs and miserable direction.<br /><br />Thanks, Saurabh",negative
"Kevin Kline offers a brilliant comic turn in the 1997 comedy IN & OUT. Kline plays Howard Brackett, a small town history teacher who excitedly sits down to watch the Academy Awards this year because one of his former students (Matt Dillon) is a nominee. He is nominated for his performance in a film where he plays a gay soldier and when he wins, he thanks Howard in his speech for inspiring him because Howard is gay. Now this floors Howard because he as no clue why thus guy would say this on international television. Howard is even engaged to be married (to Joan Cusack, in an Oscar-nominated performance)so he has no idea where Dillon;s Cameron Drake got the idea that he is gay and finds he has to defend himself to everyone at school but is shocked that no one seemed terribly shocked by what Cameron said on the Oscars. Howard has a birthday party where he is given birthday presents like the soundtrack to YENTL and ends up explaining to his guests why Barbra Streisand had to make FUNNY LADY. His parents (Wilford Brimley, Debbie Reynolds) are shocked but promise to support their son, even if he is gay. He also gets a visit from an out of town reporter (Tom Selleck) who wants to do an article about him because he's gay too. The moment when Selleck plants a big kiss right on Kline's lips is a classic. But all of these little things have Howard actually questioning his sexuality and wondering if he really is gay...much to the aggravation and frustration of his fiancée, Cusack, who is beyond confused. The scene where she leaves a bar in her wedding gown and stands in the middle of street screaming about the lack of single straight men in the world is a classic. But what I like about this movie is the way Kline fully invests in the role and was not afraid to look foolish or look gay. There is a fabulous scene, probably the most famous from the film, where he buys a record, on how to be macho, and the guy on the record is talking about how real men don't dance and a disco tune comes on (I WILL SURVIVE if memory serves)and the narrator on the record says no matter what you do, don't dance, but Howard can't help himself and he ends up shaking his groove thing all over the room. It's hysterically funny and Kline plays it with sincerity and gusto. The film is not pro or anti gay...it's just a deft and amusing character study about a man trying to figure out exactly who he is. Wonderful film.",positive
"So Udo Kier earned like nine bucks and free food for this so that is a victory in and of itself. <br /><br />More importantly this movie tells a very interesting tale about a group of salvage guys coming across the broken down Demeter. I should warn you, i'm gunna bounce around through this review real quick so buckle up. First thing's first. Coolio plays a guy named 187. 187 likes drugs. 187 finds a bunch of caskets on board and... now i don't know anything about the future but maybe they smuggle drugs in caskets. Not gunna say that was the craziest thing in this movie. Later on the vampire gets out of his mist filled coffin and then the real hilarity begins. First, although this movie has the word Dracula in it he is actually not in this movie. I have a theory though. Out of the blue you see the salvage crew's ship leave without them. My theory is that Dracula was on board with his retarded brother Orlock. Dracula told Orlock he'll be right back. Dracula got the hell out of this movie before he could be seen leaving Orlock to play the vampire for the six or so minutes he is in the movie. The best part of this film, and for those of you that have seen this you know what i'm gunna say, is after 187 gets sired, embraced whatever. He has this huge monologue about ejaculating on various parts of erika Elaniak's body and... other super cool stuff. Coolio, seriously you are the best thing EVER. <br /><br />Some other stuff happens in this movie too. Like Casper Van Dean gets some work. Orlock screams a lot and loses his arm and then we kinda lose track of him FOR THE REST OF THE MOVIE. And thank god really. We find out Erika's character is a police bot. As the movie comes to a close we find out that the ship is on a course to ram into the sun. The police bot and one other surviving character are doomed. Rather then avoid certain death Erika's police bot reveals she's also a whore bot and they decide to screw each other and die. Before they die in the sun they die for no reason, yep that's right... their ship blows up for no real reason. <br /><br />This movie got the amazing rating for one reason, Coolio. My god, if they gave academy awards to black rappers then he'd be the first to get one. The only reason this didn't get a perfect ten is because there was not a drop of nudity. Now i know what your thinking, how can you judge a film by whether ladies show their goods or not. Well easy. A movie like this pretty much requires it. Its part of the process. Gore, gore, monsters, nudity, gore, end of movie final shock at the end. Its the formula. This had some gore, the monster was awesome because he sucked so hard he actually did us the favor of staying off camera. That was considerate of him and i respect that. Nudity, not a drop even though there was a length conversation about... well see the above statement and as for the shock/twist... i certainly didn't see the end coming. That counts. <br /><br />I hope Hollywood doesn't think Coolio gave this film his all and has nothing left. He deserves more work. Well, until Dracula 4000, i'm out.",positive
"or: It's a bird ? It's a plane ? No, look... It's a disaster ! or: No need to look up in the sky.<br /><br />or: (... OK, that's enough.) If singer tried to make a romantic titanic like movie to crash the box office record, he failed. The SR structure can't do this, the dark and restricted color scheme (I would call it ""wishi-washi""), the boring usual dialogs, the clown with advanced alien technology, the missing fun and magic, etc. makes the movie completely disappointing.<br /><br />It simply doesn't work.<br /><br />The main thing at a character like superman is, that he is a superhero. That's the core, the most important thing.<br /><br />Love trouble and a sadly lost depressive Supersoftie can maximal only be a facet in a 2:40 long Superman movie, not the whole time.<br /><br />Because then it is not a superman or superhero movie anymore. It's like a (and in this case a very bad and boring) social study, where every 30 minutes a person flies around.<br /><br />That's a big difference.<br /><br />This movie is a joke. Holy skywalker, this is Superman, so give us Supervillains, Superaction and the most important thing, Superfun.<br /><br />We want ENTERTAINMENT ! Singer, if you want to make a 2:40 long soul love trouble drama about lost and sadly people ? Then take normal human characters and make a yentl remake.<br /><br />They say: Superman returns. And then, supersadlysoftie stands in the door.<br /><br />Maybe singer has tried to kill the legend without kryptonite, but one bad movie can't do this. Don't give up, they plan a sequel...<br /><br />Next time singer (and Warner Brothers), make a superhero movie, not a depressive superlame soap, or let it be. A superhero movie means a colorful fantasy with a lot of fun and magic.<br /><br />This movie is like a very cheap chocolate box with a super cover. Yes, technically there are all sorts in, yes, there is a lot of small talks, there are a few jokes, a view action scenes, etc, but the only one what all these worse pieces have in common is their poor quality.<br /><br />It's not more than a super boring patchwork and one of the worst movies I have ever seen in my live.<br /><br />The ridiculous cast strategy (Cast them young as possible, so we can make sequels in the next 25 years) gives the rest. Kate Bosworth plays a 22 year old star reporter, she's looking like 19. Superman was full five years away, so he slept with her 6 years ago, so she was 16, (looking like 13) and a daily planet reporter, wroting ""I spend a night with superman"". Warner Brothers, that's too much.<br /><br />Routh is not so bad, he is playing a little bit wooden, but the whole movie is wooden, so... ?! Temporary good were marsden and sometimes posey. The rest, forget it. Even spacey, this is not his terrain.<br /><br />Reeve/Hackman/Kidder were acting so easy, with fun. What a difference.<br /><br />The Jesus poses at the end are ridiculous too. What the hell should that be ? The problem here is, they mean this serious, not as a joke. Next time Spiderman or Batman or Ironman falls and rises like Jesus or angels ? Or they speak with god directly. Why not ? They are superheroes, saving human lives every day. So at least one talk with god every week should be possible... Oh my god.<br /><br />Maybe this was not the real announced movie, instead it is from a bizarre dull parallel universe.<br /><br />For the warner brothers this superlame depressive flick will be possibly the greatest disaster in history. Not only because of the money.<br /><br />I understand how difficult it (maybe) was to create and transport some messages or feelings, but showing lone, lost and sadly people isn't new and thousands of movies or TV-Shows did it better, in very old or new ones like magnolia. And the flying frogs there were more impressive than this flying superwoman, sorry, superman of course.<br /><br />Singer and WB, that's simply nothing. In fact it's even more than nothing, it's like a black hole that destroys the passion for (comic/superhero) movies and steals us three hours of our life.<br /><br />Mrs. Smilla's little brother. (Very angry and green like the hulk.)",negative
"Two things -- too long and totally lacked credibility. This movie didn't make any sense and was excrutiating to sit through. I am usually pretty patient, but man... It just doesn't keep your attention at all! I think I am being nice here even! You keep thinking it's almost over only to find out it's still got another half hour! Good actors.",negative
"My husband rented this from a video store thinking it was suspense. (He never reads the synopsis).<br /><br />Well, it would be funny if the thing was watchable. It simply isn't. The same thing over and over, no intrigue, and WHERE did they find the leading man?. The leading man, Michael Des Barres, is not even feasibly good-looking, especially for this role he is given. Also, sexual harassment at work is something, if you want to see, rent Michael Crichton's ""Disclosure"". At least Michael Douglas looked good in the early 90's. <br /><br />Alexandra Paul, who is usually watchable, plays an embarrassing scene here. There are also lighting effects cheaper than your at home web cam. Don't even waste time renting this. 0/10.",negative
"Wow, this film was just bloody horrid. SO bad in fact that even though I didn't pay to see it, I still wanted my money back.<br /><br />The film is about nothing intelligible. It's a mish-mash of sci-fi cliche's that were done better by much more skilled film makers. The performances, especially by the leads were over the top in a less endearing Ed Wood sort of way. Speaking of Ed Wood, he'd be proud of the character's dialogue. It's just too taciturn with no hint of irony or sense of humor. On top of that, it doesn't make sense, nor does the plot, or lackthereof.<br /><br />The visual effects are okay, but not enough to go ""oh wow, that's cool"" and they just seem to be thrown in to ""be cool"" rather than be a good plot device.<br /><br />The soundtrack was another mishmash of stuff that really never set any sort of mood. Again, it seemed as if the director was just throwing in songs in the film in an effort to ""be cool"".<br /><br />Which brings me to my final point. Perhaps if the director actually worried more about plot, story and dialogue instead of trying to ""be cool"", he wouldn't have made such a dorky cliche' of a short film.<br /><br />",negative
"Hm. While an enjoyable movie to poke plot holes, point out atrocious acting, primitive (at best) special effects (all of which have caused me to view this movie three times over the past six years), Severed ranks among the worst I've ever seen. I'm never sure who the protagonists are, all I know is that the killer uses a portable guillotine, as seen in the dance floor murder scene. All in all, I don't really like the movie, because only the first 30 minutes are enjoyable, the rest is a mishmash of confusing dialog and imagery that fail to progress the story to a logical conclusion (which I can't remember anyway).",negative
"There are films that are not released in theaters but on video. This one should be allowed to age and disintegrate the way old nitrate film stock does. No story, inept violence, over acted, badly written and the sorry thing is that the star was not the only bad part in the film. And I did like and enjoyed some of Siegel's other movies.",negative
"Let's get things straight. I was raised Catholic, and in a very religious family, and spent as much time at church and talking to priests as at home. That was useful for two things: to make a convinced Atheist out of me, and to give me deep, insightful knowledge about the Church and its dogmas. And I say: if a Catholic priest witnesses a murder, and clearly sees the face of the killer, he CAN report it to the police, even if the murderer has confessed to him afterwards. He can not reveal what he's told in confession, but he CAN talk about anything he sees outside that, and confession is useless to keep his mouth shut. So, here we have a movie entirely sustained on a lie. And another lie is there's no absolution for murder. According to the Catholic Church, there's absolution for any sin as long as there's sincere repentance. So far, the biggest plot holes in this weak thriller.<br /><br />As people frequently say, this movie would have improved if Bob Hoskins and Alan Bates had switched roles. Hoskins is naturally suitable to play gangsters (I will never lament enough that he lost Al Capone in favor of one of De Niro's weakest performances in ""The Untouchables"") and Bates' features would have been perfect as the priest with a gray past. But above that, I think the film would have been much better had real-life Ulster native Liam Neeson (back then mostly unknown to big audiences) played Mickey Rourke's part. Not only his face is perfect to play tormented characters, but he'd make us believe the character as real, something Rourke just can't. Back in the 80s, Rourke was not a bad actor (afterwards he seemed to lose his talent along with his looks), but he was one of those performers, like Brad Dourif, who's as good as the director he works with. And as a former IRA terrorist, Rourke's acting comes across more like a pimp. Sad to think that, had this movie been made just some three to six years later (when Neeson achieved moderate celebrity status in 1990 with Sam Raimi's enjoyable ""Darkman"", and superstardom in 1993 with ""Schindler's List"", while Rourke became pretty much of a forgotten has-been), Liam and Mickey could have switched parts to greater benefit (Rourke would have been effective in the supporting role of Docherty, but just can't carry this movie along as the lead). Yet another missed opportunity, and yet another film with the potential of being a classic, that became instantly forgettable fare.<br /><br />Ironically enough, the often criticized score (by underrated composer Bill Conti) worked for me. I didn't find it overly-melodramatic, but suitably gritty and beautiful. It reminded me of Howard Shore's score for ""The Silence of the Lambs"". Here's to Mike Hodges' talent, who made ""Get Carter"", yes, but don't forget he's the mastermind behind ""Flash Gordon"" as well...<br /><br />It seems the film was massacred in the cutting room (it shows, as some parts are really choppy and confusing, and others just don't glue) and a Director's Cut is waiting to see the light. OK, but I seriously doubt that will make it a great movie, as we'll still have the bad casting and the false premise there. 4/10.",negative
"It is quite a simple not very active but very charming film. There were moments where I can see why Cher won the Academy Award for Best Actress, but there were other times when I wondered why Glenn Close didn't win for Fatal Attraction. Anyway, Oscar and Golden Globe winning, and BAFTA nominated Cher plays Loretta Castorini, a simple woman with a low pay job who has just been asked by Mr. Johnny Cammareri (Danny Aiello) to marry him. He promises her he'll be back in a month, as his mother is sick, so she mean while needs to get as much of his family to attend the wedding as possible. Only problem is, when she finds Johnny's one-handless brother Ronny (Golden Globe nominated Nicolas Cage), they start having a relationship, and there love goes on to that moon scene (where the title comes from). Also starring Oscar nominated Vincent Gardenia as Cosmo Castorini, Oscar, BAFTA and Golden Globe winning Olympia Dukakis as Rose Castorini and John Mahoney as Perry. It ends with no wedding for Johnny and Loretta, but she and Ronny were happy together. It won the Oscar for Best Writing, Screenplay Written Directly for the Screen, and it was nominated for Best Director for Norman Jewison (In the Heat of the Night) and Best Picture, it was nominated the BAFTAs for Best Score for Dick Hyman and Best Original Screenplay, and it was nominated the Golden Globes for Best Motion Picture - Comedy/Musical and Best Screenplay. It was number 96 on 100 Years, 100 Quotes (""Snap out of it!""), it was number 17 on 100 Years, 100 Passions, and it was number 41 on 100 Years, 100 Laughs. Very good!",positive
"I really enjoyed this movie and I usually don't like animated pictures. But I thought the cats were appealing and the story line was charming. There is a good song called ""Everybody wants to be a cat,"" that is a lot of fun. It has some comic moments and is an interesting adventure. I think it helps to be an avid cat lover to enjoy this film.",positive
"If you keep rigid historical perspective out of it, this film is actually quite entertaining. It's got action, adventure and romance, and one of the premiere casting match-ups of the era with Errol Flynn and Olivia de Havilland in the lead roles. As evident on this board, the picture doesn't pass muster with purists who look for one hundred percent accuracy in their story telling. To get beyond that, one need only put aside the history book, and enjoy the story as if it were a work of fiction. I know, I know, that's hard to do when you consider Custer's Last Stand at the Little Big Horn and it's prominence in the history of post Civil War America. So I guess there's an unresolved quandary with the picture, no matter how you look at it.<br /><br />There's a lot to take in here though for the picture's two hour plus run time. Custer's arrival at West Point is probably the first head scratcher, riding up as he does in full military regalia. The practical joke by Sharp (Arthur Kennedy) putting him up in the Major's headquarters probably should have gotten them both in trouble.<br /><br />Ironically, a lot of scenes in this military film play for comedy, as in Custer's first meeting with Libby Bacon, and subsequent encounters that include tea reader Callie (Hattie McDaniel). I hadn't noticed it before in other films, but McDaniel reminded me an awful lot of another favorite character actor of mine from the Forties, Mantan Moreland. So much so that in one scene it looked like it might have been Moreland hamming it up in a dress. With that in mind, the owl scene was a hoot too.<br /><br />As for Flynn, it's interesting to note that a year earlier, he portrayed J.E.B. Stuart opposite Ronald Reagan's depiction of General Custer in ""Santa Fe Trail"", both vying for the attention of none other than Olivia de Havilland. In that film, Reagan put none of the arrogance and flamboyance into the character of Custer that history remembers, while in Flynn's portrayal here it's more than evident. But it doesn't come close to that of Richard Mulligan's take on the military hero in 1970's ""Little Big Man"". Let's just say that one was a bit over the top.<br /><br />The better take away the picture had for me was the manner in which Custer persevered to maintain his good name and not gamble it away on a risky business venture. That and his loyalty to the men he led in battle along with the discipline he developed over the course of the story. Most poignant was that final confrontation with arch rival Sharp just before riding into the Little Big Horn, in which he declared that hell or glory was entirely dependent on one's point of view. Earlier, a similar remark might have given us the best insight of all into Custer's character, when he stated - ""You take glory with you when it's your time to go"".",positive
"To be completely honest, I completely intrigued by the original concept of 'Sleeper Cell.' Having watched the best part of the series on FX Channel (UK), my Sky got broke meaning I missed the crucial finale. But what I DID see of it, I assumed it to be a great story line, good acting and as I don't watch '24' I thought it was great, AND it's been confirmed for a second season...<br /><br />One of the best TV programs I have seen. Much more realistic and believable than ""24."" Excellent character development and plot line. Does not bash Islam, but gives a thoughtful and considered approach, showing the difference between radical terrorist Islam and true Islam. Everybody should see this show!<br /><br />Stringy xx",positive
"William Petersen (that C.S.I guy) has a small uncredited role but it's the best part of the movie. His character comes across smart ass and tough, and it's a fun surprise to see him in this. He has a range that allows him to play just about anything. After his 5 minutes, it goes from looking cool to just nothing much. It leaves you hoping that his character will reappear in the movie but after 20 minutes you give up hope. The movie itself is pretty poor. Worth a watch on TMN or a pick up at the library but not much more. Too much of it reminds you of L.A Confidential except that where that movie starts to get complicated upon itself, this one is so loose, it steers everywhere but where it should. 2 out of 5 stars",negative
"For a movie like this, there's always something to follow by in years to come. Clive Barker, the man who brought ""Hellraiser"", makes a horror movie that is part-Goth, part-Mythology, and all horror in-between. ""Nightbreed"" are a bunch of mutants who only come out at night, and roam the place called Midian. Now a man name Boone(Craig Sheffer) claims to suffer hallucinations he goes to this shrink Dr. Decker(David Croneberg) who ""helps"" Boone with his problems. Unaware of this situation, Decker claims to be a purist which he's only a hate-monger in disguise. Boone however, goes into Midian and make the claim that he's one of the mutants there. But a mutant named Peloquin(Oliver Parker) sees Boone as meat! His bite however, spares Boone so after he is killed by a gauntlet of fire arms, he's one of them now. After being mislead by Decker, Boone does everything in his power to protect Lori(Anne Bobby) from him. Lori saves a mutant from the sun, and in return helps the others as well. I liked the lady mutants one who gives a smoky ""kiss of death"" and the Porcupine Woman who dreamed Boone show off her power that is so seductive and deadly at the same time. I've enjoyed this horror movie all the way, and the rule of it is, never trust a shrink! Rating 3.5 out of 5 stars!",positive
"This is an engrossing woman's drama that men can enjoy. The plot follows a young woman (Hope Lange) who goes to work for a publisher after college. We can forgive her jump in position from secretary to editor (hey, it's Hollywood) and a few other flaws. Here is one of the few films in which once big time producer Robert Evans (here, beautifully depicting a rat with women) appears. It also features a mature Joan Crawford and terrific supporting cast. Check it out.",positive
"Being a big fan of horror films and always manage to find something good about a picture, but this film just did not hold my interest or attention. This story revolves around a father and his daughter and a girlfriend, since his wife died a few years back. These people encounter a horrible situation in a town they stop off and visit and all the senior citizens in this town gang up against these people and almost kill them. This film reminded me of a film called ""Children of the Corn"" because it really involves children who are being presented to Satan and are his instruments of terror. There is plenty of chants, mambo jumble and a toy tank that completely destroys an entire family in their station wagon as well as dolls who kill a husband and wife.",negative
"The Ealing Comedies constitute their own specific sub-genre in the history of film. They were wry, droll reflections on British life in the late Forties and early Fifties. They are always amusing but I feel it is misleading to characterise them as comedies. They are breezy and good-humoured, rather than laugh-out-loud funny. However, the best of them are laced with understated satire and shot through with an occasional dark streak (epecially Kind Hearts and Coronets and The Ladykillers).<br /><br />I have an affection for all of them, but The Lavender Hill Mob is probably the one I have most difficulty with. Compared to the others, it seems somewhat perfunctory. To me, it is an outline sketch for a movie, but one that needed to spend a lot more time in development before it was ready to go before the cameras.<br /><br />Everything about it is a bit undercooked. For example, nobody is given any real context or background. Henry is simply a dutiful drudge, whose secret dreams and hidden ambitions go unrecognised, while Albert is a frustrated artist forced to prostitute his talent by making gift shop trash for a living. This establishes a motive for their crime, but nothing that subsequently happens is a consequence either of their characters or their plan.<br /><br />Other characters are introduced but play no real part in the story. The elderly resident in Henry's guest house could (with her love of detective stories) have been made an unwitting thorn in his side, but is merely used as background 'colour'. Similarly, the various policemen who pop in and out of the action are simply there to keep the plot ticking along.<br /><br />As a result, the movie is driven entirely by its contrived plot devices, which I find both frustrating and faintly irritating. The not-very-ingenious robbery is accomplished with minimal problems, despite Albert being prevented from carrying out his part in the plan (by Sidney Tafler's Clayton). The gold is then smuggled to France without mishap. Everything would have gone smoothly if it wasn't for a minor hitch, lamely based on the French pronunciation of the letter 'R', which results in six of the gold Eiffel Towers being accidentally sold to some English schoolgirls.<br /><br />This leads to a series of frantic chases as Henry and Albert seek to retrieve them. These scenes are well executed, but at each point the conspirators are frustrated in their pursuit of the schoolgirls by a series of wholly factitious accidents. It is as if God is deliberately intervening to give them a hard time. This kind of plotting always has me grinding my teeth.<br /><br />When they finally track the last Eiffel Tower to a Police Academy exhibition and snatch it from under the nose of John Gregson's Police Inspector (why is he there, anyway?) all shreds of plot logic are abandoned. The final car chases are then simply filling up screen time until we are returned to the framing device with which the picture began.<br /><br />The movie doesn't even bother to tell us the fate of Albert (Stanley Holloway), Lackery (Sid James) and Shorty (Alfie Bass).<br /><br />This genial little caper has the professionalism of the Ealing team behind it, so it is far from being a bad movie. I suspect most viewers will find it considerably more enjoyable than I do (and why shouldn't they?), but I cannot help thinking there was a much better movie waiting to be made, if only more time and effort had been expended on fleshing out both the characters and the story.<br /><br />By the standards established by Ealing, Lavender Hill Mob is a missed opportunity.<br /><br />PS: One curious footnote is that Audrey Hepburn gets a credit for her single line early on, but Archie Duncan remains anonymous despite his much more substantial contribution. I guess she just had a better agent.",negative
"I found 'Still Crazy' to be marvelously entertaining, and not only to those of us who lived through that raucous era of late '60s, early '70s rock. My 15 year old daughter watches it with me every time I drag out the DVD (don't worry, it's only been three times) and she loves it too.<br /><br />It is a truly loving, poignant and hilarious nod to the era, and every actor hits his/her notes with perfection. It was my first introduction to Bill Nighy and I am glad his somewhat similar turn in 'Love Actually' brought him more attention. Bruce Robinson was incredible as Brian, bringing real life to what could have been a caricature of the drug-damaged rocker stereotype. It was interesting to see that Robinson has made quite a name for himself as a writer.<br /><br />I live in Sherman Oaks, California, and after the first time I saw the movie I bumped into Billy Connolly at the local mall (he lived here at the time) and told him it was one of my five favorite films of all time. He invited me to sit down at the food court with him and we discussed the movie for some time. We even talked of the idea of an American-oriented remake before wisely dismissing that. Why mess with the original?<br /><br />My only problem with 'Still Crazy' is that it wasn't hugely popular in theaters and too many people have missed out on a wonderful experience.",positive
"Take a pinch of GOODFELLAS, mix it with THE GODFATHER, add some Roman mythology and plenty of lowbrow comedy, and you have THE SOPRANOS, about a mob clan operating out of northern New Jersey. It's almost as entertaining as pro wrestling. I am not the biggest fan of this show, but I do admire James Gandolfini's very complicated Tony Soprano, a psychopath with an occasional glimmer of conscience. I also have come to admire te contributions of folks like gravel-voiced Dom Chianese as the bewildered but murderous Uncle Junior, silver-haired Tony Sirico as the perpetually perplexed Paulie and the very beautiful Edie Falco as the duplicitous, tough-as-nails Carmela Soprano. The violence is sudden and graphic, the body count steadily climbs each season, but it is often the small moments that matter most here. Watch Paulie and Tony's nephew Christopher (Michael Imperioli late of LAW & ORDER) as they get lost in the Pine Barrens and sit out a bitter cold night in an abandoned trruck, both convinced they've had it.",positive
"What I find remarkable about this terrific film, is that Altman, the crazy and wild guy that he is, took the novel THAT COLD DAY IN THE PARK and the Sandy Dennis character was originally a male in the book. He was a mentally whacked out isolated gay who looked out of his apartment window when he spotted the hustler. It is strange that Altman fans aren't aware of how clever he was to change the sex of the main character; thereby avoiding the homo erotic taboos of gay life in the 60's and actually making Dennis' reclusive kind of madness work even better in the transposition.If you see the film again, it will be evident how wily the Altman mind works...",positive
"Beautifully filmed, well acted, tightly scripted suspense movie. Had me on the edge of my seat. I liked the lead actress very much, and thought the villain was very well done. Not much to chew on here in the way of a theme, but if you just get in your seat, turn your brain off, watch the fancy camera work, and enjoy the plot, you will have a great time. The plot is well worn, and regular movie goers will probably know more or less what to expect by about ten minutes in. But that didn't bother me, as I enjoyed watching it unfold. In the old days, they might not have focused so tightly on just two characters, and there were some enticing moments when I hoped they were going to let some other people have a few lines. But these folks were probably right to keep the movie so tightly focused. The plot got me by the throat fairly early on, and never let go. It's not a good idea to think too much either during or after the movie. as I'm not sure it makes a great deal of sense. Just sit back and enjoy.",positive
"The Twilight Zone has achieved a certain mythology about it--much like Star Trek. That's because there are many devoted lovers of the show that no matter what think every episode was a winner. They are the ones who score each individual show a 10 and cannot objectively evaluate the show. Because of this, a while back I reviewed all the original Star Trek episodes (the good and the bad) because the overall ratings and reviews were just too positive. Now, it's time to do the same for The Twilight Zone.<br /><br />Now I was very surprised when I saw reviews for this bland episode that described it as being ""among the best"" and gave it scores of 10. If this is the case, then why is it that everyone I know who has seen this episode hates it as much as I do? It's possible that me and my family and friends are all cranks but it's also possible this is yet another case of rabid fans rabidly inflating the rating on an average or below average episode.<br /><br />The episode itself stars William Windom and others as various archetypes--a soldier, a dancer, etc. They are all stuck in a cylindrical room with no escape and only at the end do you realize the ""shocking truth""--which isn't at all shocking and is in fact majorly lame. No, this is a badly written and unengaging episode. Yes, there were plenty of episodes of the series that deserved a 10, but few as undeserving as this one due to a shallow script and an unappealing resolution.",negative
"I found this a bit hard to follow to the extent that it seemed to dip in the middle while I tried to make head or tail of who was fighting who and why. One of the problems is the cultural/language one. Here we have a Chinese/Taiwanese/Japanese problem of which we know little and because we are simply reading English subtitles inevitably loose some of the subtleties. Another problem is that there seem to be just too many only half explained twists and coincidences. Nevertheless, it seems unlikely that there is a wholly bad Miiki film and this certainly is not that. Plenty of stylish and bone crunching violence, a window upon some less than orthodox sexual goings on plus the family aspect. All in all a decent ride but maybe checking out the storyline might actually be helpful before watching this one.",positive
"Don't know what film or version Jeff saw, but this entire film was awesome, not just Poitier and Going. The story was riveting, suspenseful and engaging. And for the guy complaining about historical accuracy, get real. Yes there were some Black deputy marshals in the Indian territory, but they had no authority to arrest Whites outside of Indian territory. As a rule, they did not ""patrol"" but exercised warrants on criminals only. I did find it odd that Corby didn't seem to have ""any' Indian friends. I know their numbers were diminished but it still strikes me as strange. Even as Corby returned to his people, his Indian cohorts remain faceless and nameless.",positive
"Excellent story, wonderful acting, amazing production values and a cool, action-packed short with a perfect twist at the end. What a great short film! <br /><br />I saw this film in Vail or Aspen at a film festival and was wowed by it. Then I saw it again at another festival (where it won again) and I was even more impressed because subtle touches become evident the second time around - for a short film, this packs a lot of clever layers into a short time.<br /><br />AWOL is not for the faint of heart, but it is very well done and completely impressive for a short film - for any film actually. It's an interesting story told very well, and every scene moves the story, which reveals good film-making instincts went into making this film. The film looks gorgeous and David Morse is also stunning, with a dynamic performance delivered in every scene. Watching his character attempt to defeat the curveballs life is throwing him makes a great viewing experience.<br /><br />It also should be noted, that when tortures of war are in the headlines everyday, the lines between reality, good and evil, can get very gray while the rhetoric gets loud and attempts to make things black and white. AWOL smartly allows the audience to decide for themselves what they think the message is, what is real and what is not, which adds to the mystery.<br /><br />Both times I've seen it, the audience was WAY more into this movie than the others playing with it, which is saying a lot. There are a lot of shorts out there right now, but few deliver the kind of all around excellence and complex subject matter that AWOL does.<br /><br />It sounds to me like the previous reviewer is off his or her rocker, or has some personal agenda, because this really is a great example of short independent film-making. I see a LOT of short films, and I must say if only ALL the shorts making the festival rounds were this good, THEN the shorts business would have some serious legs.",positive
"It's 2005, my friends...a time of amazing special effects and an age of technology. So, why can't we see a movie that's a little more thought out than this cheesy low-budget film. I've seen a lot of low-budget movies that rock my socks off, but this one...it's almost as if it's trying to be horrible. Just...don't...watch it. I can look past lack of special effects and computer generated scenes if the acting itself was at least good. I feel like a small child produced this entire movie. There's not even an original plot line. Vampire Assassins, in itself is one big plot hole with an attempt to mock itself. Can someone tell me if, perhaps, this was designed as a comedy movie and I just didn't know it? It makes me wonder, what does the sequel have in store for us who so loved the first installment?",negative
"I've seen this movie about 6 or 7 times, and it truly gets funnier every time. Perhaps what I enjoy most is the tired character paradigms that the movie offers us: the somber all-American male protagonist, his blonde girlfriend, the theater nerd with glasses, a brunette girl, the antagonistic jock, and brunette girl #2. However, we're then presented with two magician martial arts experts with mullets driving a convertible. If anyone can explain that, please contact me. Among other highlights are Bobby Johnston's portrayal of the jock character, Dell, and his trademark line, ""That's why I keep her around."" In watching Johnston's performance, it comes as no surprise that his career quickly descended into the realm of soft-core porn. (SPOILER) Also, after multiple viewings, I STILL have absolutely no idea what that big demon at the end says at any point; it's just electronically muffled noises. Oh well, that's probably for the better. And lastly, why are all the demons so slippery? Is wet skin scarier? It certainly didn't help in this film.",negative
This movie was made 20 years before my time. Its introduction of John Garfield in the supporting role of Mickey Borden makes it a classic. He slumps onto the screen and your eyes are glued. Garfield was an original and his portrayal of fate's whipping boy is a must see.,positive
"This show is my guilty pleasure all the way!! When I first tuned in to America's Next Top Model, I expected to be bored, and to find it very very stupid. I didn't. This show is actually serious fun. I read on one of the other reviews that it makes you wonder if you have what it takes to be America's Next top model. And it so does! Who doesn't love the glamour and excitement that come with being a model? On ANTM you get to see what it's REALLY like. And who doesn't love hearing the girls bitch about each other and get into fights? Or enjoy wanting to throw something at that Janice lady?<br /><br />Give this a chance. Don't expect something intelligent or a show you can look to for a life lesson. Just enjoy it for what it is. Serious fun!",positive
"Jack Bender's ""The Tempest"" is an adaption of Shakespeare's play ""The Tempest"". Bender transports the plot from medieval Italy to Mississippi during the time of the American civil war. He includes the slavery problem and the role of revenge in wartimes.<br /><br />Prospero, re-named Gideon Prosper is not the Duke of Milan but a landowner in Mississippi. He learns voodoo magic from the female slave Mambo Azaleigh. He saves her son Ariel, who thus accompanies him into his exile. The island is not situated on the sea but in a swamp near the banks of the Mississippi. There lives an Alligator hunter, a so-called ""Gator-Man"", who later tries to rape Prospero's daughter Miranda. During the time of the civil war, Ariel wants to join the Union troops to help fighting against slavery. Prospero does not care about the war. He is only interested in his personal revenge on his brother Antony. When Antony and his bookkeeper Willi Gonzo (Gonzalo) try to cross the river, Prospero raises a storm. The Union soldier Frederick gets lost in the swamp and finally comes to the island. He and Miranda fall in love with each other but Prospero won't accept that. Meanwhile, Ariel transformed into a raven by Prospero, finds out that Antony has feigned to ally with the Union but plans to betray them. Antony and Gonzo meet Gator Man in the swamp and conspire with him against Prospero. They kidnap Miranda and Ariel but Prospero freeze them and helps the Union defeat the Southern army. In the end Ariel is free, Frederick and Miranda are bound to marry, Prospero returns to the plantation and Gator Man gets back the island.<br /><br />Peter Fonda represents Gideon Prosper powerfully and convincingly while the character of Antony stays rather flat. It was no bad idea to perform the Tempest before the background of the civil war but perhaps the director has risked too much. In some parts the story seems constructed or comical. Gator Man for example does just appear without any explanation. That it needs a kidnapping to bring Prospero to his mind and that he loses confidence in his power shows that Bender tried to make Prospero more human but only made him a weak old man without his magic. Prospero's original authority and wisdom is not made clear.<br /><br />-------------End of Part 1----------------------------",negative
"Dreamgirls, despite its fistful of Tony wins in an incredibly weak year on Broadway, has never been what one would call a jewel in the crown of stage musicals. However, that is not to say that in the right cinematic hands it could not be fleshed out and polished into something worthwhile on-screen. Unfortunately, what transfers to the screen is basically a slavishly faithful version of the stage hit with all of its inherent weaknesses intact. First, the score has never been one of the strong points of this production and the film does not change that factor. There are lots of songs (perhaps too many?), but few of them are especially memorable. The closest any come to catchy tunes are the title song and One Night Only - the much acclaimed And I Am Telling You That I Am Not Going is less a great song than it is a dramatic set piece for the character of Effie (Jennifer Hudson). The film is slick and technically well-produced, but the story and characters are surprisingly thin and lacking in any resonance. There is some interest in the opening moments, watching Jamie Foxx's Svengali-like manager manipulate his acts to the top, but that takes a back seat in the latter portion of the film, when the story conveniently tries to cast him as a villain, despite his having been right from a business stand-point for a good majority of the film. Beyonce Knowles is lovely and sings her songs perfectly well, but is stuck with a character who is basically all surface glitz. Anika Noni Rose as the third member of the Dreamgirls trio literally has nothing to do for the entire film. Eddie Murphy acquits himself well as a singer obviously based on James Brown, but the role is not especially meaty and ultimately has little impact. Foxx would seem ideal casting, but he seems oddly withdrawn and bored. The film's biggest selling point is surely former American Idol contestant/Oscar winner Jennifer Hudson in the central role of Effie White, the temperamental singer who gets booted from the group and makes a triumphant closing act return. For me, Effie has always been a big problem in both the show and the movie. The film obviously wants you to feel sorry for her and rather ham-handedly takes her side, but I have never been sure that this character deserves that kind of devotion. From the start, Effie conducts herself for the most part like an obnoxious, egotistical, self-centered diva, who is more interested in what everyone else can do for her rather than having much vested interest in the group of which she is a part. When she is booted from the group for her unprofessionalism and bad attitude, the charges are more than well-founded, but the stage show/film seem to think Effie should be cut unlimited slack simply because she has a great voice. Even though the film tries to soften some of Effie's harder edges to make her more likable, the charges still stand. Her story becomes more manipulative by suggesting she should have our further sympathy because she is an unwed mother struggling to raise her daughter - using the implication that (much like the talent card) motherhood immediately makes any behavior excusable. Indeed the only big effort the film makes to show Effie's mothering is to tell us about it and then include a scene where she barks at her daughter in the unemployment office, insists that the girl has ""no father"" and then refuse to look for gainful employment to support them since singing is all she knows. In the hands of a skillful actress, the gaps could perhaps have been remedied with technique and charisma. Unfortunately, Hudson is not that actress. She sings well, but the dialog-driven moments do not come naturally to her nor do high emotional moments. Effie's signature moment (the aforementioned And I Am Telling You... number) is well-sung by Hudson, but emotionally flat in the acting department. Effie is supposed to expressing her rage and desperation at her predicament, but Hudson comes off as a cabaret performer belting out a hot number. All in all, not quite the emotional highlight one expects. The latter portion of the film is basically a predictable melange of events that maneuver Foxx into Hudson's earlier position and allow her to strut back in and lord it over everyone. Foxx's criminal offenses in the film are undoubtedly par for the course of many struggling record producers, but the film's seeming implication that he has it coming because he helped usher in the disco era is rather ridiculous, not to mention pretentious and condescending, particularly coming from a film with all of the depth of a puddle. The end result is a faithful rendition of the stage hit, drained of emotion, energy or anything that can be described as dynamic.",negative
"What can you say about the film White Fire. Amazing? Fantastic? Disturbing? Hilarious? These words are not big enough to describe the event which is White Fire. From wobbly, garbled beginning to profound end, this movie will entertain throughout.<br /><br />Our movie begins in the woods of a country somewhere in the world. A family is hiding from unmarked soldiers in costume shop uniforms. When the father separates from the mother and their childen, you get a real sense of what kind of movie you're about to watch. Father makes sure to roll down hills in his all white outfit, and is polite as he gets people's attention before he shoots them, but alas, dad is burned alive in what looks like a very unsupervised, unsafe stunt. Meanwhile, mom and the kids are running down a beach with an armed soldier trailing about 5 feet behind them. He too gives a stern warning before action in the form of a bizarre ""HALT!"", and then promptly wastes the mother. This action sequence sets up the happy childhood of our heroes Bo and Ingred.<br /><br />So now we fast forward about 20 years (30 if you're honest about the hero's age) to beautiful Turkey, where Bo and Ingred have settled as professional thieves, or diamond prospectors, or something. Ingred works at a diamond mine where she helps herself to the goods, while Bo (masterfully played by the dynamic Robert Ginty) drives around the desert in his denim outfits. Bo and Ingrid have an interesting relationship. They don't seem to have any friends other than each other, and they spend all of their time together. That coupled with the fact that Bo has expressed his desire to sleep with his sister as evidenced in lines such as ""you know its a shame you're my sister"" he says to her while she's stark naked, make for a very dynamic duo. Bo is then crushed when Ingrid is killed, as he wanders the beaches of Turkey with his ceremonial pink grief scarf. A renewal of hope occurs when Bo finds a girl who looks like Ingrid, and gives her plastic surgery to make her look exactly like Ingrid. This opens the door for Bo to have sex with his sister without it being technically wrong. Bo is a real fan of ethical grey areas, and he is overjoyed with his new love.<br /><br />So anyway, there's a lot of fun action scenes, ridiculous violence, great acting, impossible to follow plot-lines, Fred ""the hammer"" Williamson (for some reason), and a big chunk of dirty ice which is supposed to be a giant diamond (which later explodes). All of these things are great, but the Bo and Ingrid relationship is what makes this movie special....really special. So I heartily encourage everyone to behold the majesty that is White Fire. You may be glad you did..or not.",positive
"Despite its budget limitations, this is a great film, proof that effort and imagination can overcome lack of cash. The opening, in which cave-paintings seem to show how some dinosaurs at least survived into the age of human beings, is a nice red herring. After that, a meteor comes down into a lake and causes heat which, in turn, causes the hatching of a frozen dinosaur egg (maybe the cave-paintings suggest instead that this isn't the first time such a thing has happened). When the prehistoric beast appears, it's a well-animated Plesiosaur which is soon causing disappearances in the local area. Alright, so it's not Jurassic Park, but it's still genuine entertainment for fans of monster movies.",positive
"Terminus Paradis was exceptional, but ""Niki ardelean"" comes too late. We already have enough of this and we want something new.<br /><br />Big directors should have no problems seeing beyond their time, not behind. Why people see Romania only as a postrevolutionary country?<br /><br />We are just born not reincarnated, and nobody gives a s**t anymore about old times. Most people dont remember or dont want to remember, and the new generation of movie consumers dont understand a bit. This should be the first day of romanian movie not the final song - priveghi! Maybe younger directors should make the move.",negative
"Wow, I can't believe i'm the first and only one to post a comment on this great movie.<br /><br />Although the movie itself seemed interesting enough the real thing that attracted me to this one is Matt lillard, granted most people probably either think he's too caffeine happy or just plain sucks but we're both the same age and from the same generation and i've watched this guy so many times that he's one of my favorites now. This is one of the few movies where he is the big shot and main star kind of like in SLC Punk, another great Lillard film.<br /><br />Baiscally this is storywise your usual heist movies but with more twists than anything, which start to amount to craziness. Also very notable in this movie is another great actor named vincent D'onofrio, a very under appreciated person in the film industry. The woman in the movie is a newcomer and she isn't too bad although you know they hired her mainly for her accent and the nude scene =)<br /><br />It's a game of jack vs jill vs bob as each want to reap the rewards but share with no one. They all try to get eachother to kill off the other and it's a timebomb waiting to explode. Matt shows his true prowess as the scheming JAck who initially starts the whole scheme. Vincent and woman play a couple of art thieves who are in need of money due to a lack of business. Vince's character is a bit deranged and skitz's throughout the movie but that only add to the intensity of the film.<br /><br />The surprises left and right are well welcomed and the ending is very non cliche and makes you feel happy, well maybe that depends on the type of endings you like. This movie kept me very interested besides the fact Matt was in it, it's a great movie and i'd highly recommend it to anyone who likes movies. Critic's probably won't like this movie, but they don't watch movies cause they like movies anyway.",positive
"If you love Vampire lore and are a fan of Gothic horror, then you might want to check out Soul's Midnight. I did not know much about this movie before I watched it, and I wasn't expecting much, but I found the movie to be fun and entertaining.<br /><br />Starring Armand Assante as the leader of the vampires Simon, Soul's separates itself from other low budget vampire flicks by weaving in the mythology of St. George and the Dragon in a fun new way.<br /><br />I'm not sure what the budget for this movie was, but I sense that if it was a little more then they might have really been able to hit home the gore and effects.<br /><br />If you're up late one night and you're in the mood for a fun low budget vampire flick then Soul's Midnight is a good choice.",positive
"I couldn't even...I mean...look....okay...<br /><br />Wow.<br /><br />Not even a bunch of my drunk friends trying to make fun of the movie could enjoy themselves in the least bit.<br /><br />I can only think...how. How do independent film makers everywhere go years without getting noticed (or even their lives) and con-artists like the guy who made this get a DVD on a shelf? It seriously looks as if some guy with a home movie camera went out with some guys he met at Subway and made the worst thing he could think of.<br /><br />""Hey guys, give me some ideas. Start with a corn-field and work backwards."" ""Well, you've gotta have actors straight out of high school, and some broken corn stalks with shreds of clothing attached. And boobs."" Thanks, guy, I'm sure that you and Windows Movie Maker will be side by side on your next anxiously awaited project.",negative
"Anton Newcombe makes the film and he is the main subject. Watching him knock up a song if not a whole album quickly showed the guy to be a real talent. He thinks he is god but is so prollific and interesting. The DW are not really that interesting in comparison musicly or otherwise. ""Hey, do you haver a drivers license?"" ,Anton says to the cameraman, ""Well lets go pawn this guitar!"". Great use of archive/ home video material. Great to see rock docs still being made. A cool doc about the creative process. If you like this go see Nirvana Live! Tonight! Sold Out! on DVD. A good experience Anton is this film. 8 out of 10",positive
"I have never read the Bradbury novel that this movie is based on but from what I've gathered, it will be interesting (when I finally do read it and I will). My comments will be based purely on the film. As soon as I saw the trailer I knew I had to see it and was so excited but when I finally did, I was so disappointed it hurt. This is because the movie itself felt so amateurish. The actors were not well cast (though Robards and Pryce are both good actors - just not here). The kid actors, it seemed, were merely asked to show up, get in the characters' clothes, say the lines and make the faces. The set and props were cheap and unrealistic. The direction was surprisingly bad. I was so surprised at the awfulness of it that I had to go online and check who directed it, just to see the kind of work he had done. The editing was cut and paste and the plot (screenplay) was just that as well (even though the author had been involved himself, irony?). The building up of the tension, fear and suspense was so mild it was ineffective when the climax finally came.<br /><br />I've read some of the comments on this movie and find it hard to believe people actually like it. What hurts the most is that the content is interesting and fun and intriguing. It had so much potential. Unfortunately, the film was so technically bad it takes away from the brilliance of the story.",negative
"'Soapdish' is one of the best, yet least well remembered comedies of the 1990's. The film revolves around the various off-camera drama's that occur behind the scenes of a cheaply produced Daytime Soap Opera. The first of the film's various impressive strengths is it's fantastic A-List cast. 'Soapdish' features some of the greatest actors and actresses of it's era.<br /><br />The film is superbly led by Sally Field, as the neurotic ageing actress Celeste Talbert (She famously throws a tantrum when put in a costume that makes her look like ""Gloria F*CKING Swanson!""). Her supporting cast reads like a who's-who of 90's Movie Greats! Whoopi Goldberg, Robert Downey Jr, Teri Hatcher, Kevin Kline and Kathy Najimy all elevate the film greatly. Goldberg is predictably excellent, whilst Downey Jr.'s and Hatcher's performances hint at the comedic excellence they would later achieve.<br /><br />In terms of writing, the film is outstanding. There is a really modern edge to the script, which strays into the wonderfully bizarre on several occasions. There also several visual gags that are quite ahead of their time. In some ways, the film is reminiscent of Mel Brooks at his best and frequently reminded this reviewer of 'High Anxiety' (1977). Much of the film's humour hinges on it's often scathing, but pretty accurate, representations of daytime television and of neurotic and pretentious actors. For example, The extras casting session featuring the exploitative executive played by Carrie Fisher, is both hilarious and honest.<br /><br />'Soapdish' is, for my money, one of the very best comedies Hollywood produced during the 1990's. It's excellent script and A-Class cast make it a must-see. It's hard not to love this film after it's kept you laughing for 90 minutes.",positive
"The movie is just as fun as staring at the sun.Sheriff Pataki is a total retard that loves nothing better to do than sit on his fat rear making a smoke ring from his puffy cigars and drinking booze while the doctor acts like a zombie version of Nicholas Cage sucking up all that so called ""Blood"" which in reality seemed like Fruit Punch.<br /><br />Most of all the plotting seemed very horrid to even call this piece of crap a movie.The rest of the characters in this movie are total wastes of time, the ending was awful, the outlines were cheesy, and the scenes were terrible. What else more should I say to you viewers out there? My advice would be to get your Rabies shot if you've already watched the movie. This movie may give you the foam in the mouth if you didn't get your up-to-date shots.",negative
"I was unsure what to expect from ""driving lessons""- unsure whether Rupert Grint could carry such a role, but within the first few minutes I was completely hooked. All the way through, the music, acting and scenery were absolutely stunning. Julie Walters, as always, gave a superb performance as the eccentric old actress Evie, and Rupert Grint, equally as good,gave a fantastic performance as the romantic Ben.<br /><br />Right from the beginning, I was forced into involuntary cringes, bursts of laughter and swellings of joy as Ben broke free from his controlling mother and fought for his friendship with his only friend, Evie. A very controversial story, probably rather exaggerated but none the less one of the best films i have seen in a long time.<br /><br />Highly recommend to anyone seeking a good British film and an evening to kick-back and just enjoy yourself.",positive
"Don't listen to the prissy critics who are probably bitter gamers still sore from the roasting Silverman infamously gave them at Spike TV Video Game Awards a couple of months ago, ""The Sarah Silverman"" is wonderfully bizarre, surreal, immature, ridiculous and would fit rather nicely in a Adult Swim line-up. If Silverman tones down the juvenile ""doody"" jokes and emphasizes the darker, meaner undercurrent the show is so far just hinting at, we could have one of the greatest cult comedies since the cancelled ""Strangers With Candy"". But just from watching the pilot, its just solid, not outstanding, offbeat dark comedy/musical but with huge potential. <br /><br />Silverman has created a hilarious child-woman of a character - a prettier, younger, Jewish American Princess version of the late great Jerri Blank and the show features one of the most unconventional, non-stereotypical portrayals of a gay couple I have ever seen on television. Early reviews are suggesting the next couple of episodes surpass the pilot so I can't wait to see how this show unfolds.",positive
I loved this movie and will watch it again. Original twist to Plot of Man vs Man vs Self. I think this is Kurt Russell's best movie. His eyes conveyed more than most actors words. Perhaps there's hope for Mankind in spite of Government Intervention?,positive
"I watched this movie with my mother. She is 81 yrs.old and was raised to be a bigot. She even acknowledges this. I don't think she really understood what was happening, she had already made up her mind that the kid was guilty. Scary. I felt for this child and his family. What torture they went through and remained faithful. That is true faith. Back to the movie. I was disgusted by the police force and their ineptitude. I am so glad that this public defender was chosen to work this case. It was very fortunate for this family that they had a person that cared enough to see through the crap that was handed to him. I could tell when one the cops was lying. He would not look the defender in the eyes. His eyes moved to the side when he answered the questions. It is unfortunate that a black person has to be punished because of the color of his skin. I read the book about the black man being dragged behind a truck by three white men. They were finally found guilty after many years. I can't remember the title, but it was the same premise. Whites doing whatever they want with blacks. I am sure the child in the movie will be traumatized for a long time, if not forever. I pointed out to my mother that most serial killers and pedophiles are white. No comment from her. I want to commend the director and producer of this film. I feel the exposure they gave to this blatant injustice was a necessary project. I am an avid viewer of indy films. I feel that they are well written and have substance. I am pleased that I happened to grab this movie on the shelf. I felt compelled to write a comment because of how strongly I feel about the film and the prejudice that continues to exist in our modern society.",positive
"This is a really dark movie. Noir indeed. The title character is smallpox, brought into New York City unknowingly by Evelyn Keyes.<br /><br />She is on one mission when she arrives and on a rougher one after she's spoken to her no longer innocent sister. But she herself is not intentionally a killer. This doesn't mean she doesn't kill. It doesn't mean her presence somewhere among eight million other people doesn't throw the city into turmoil.<br /><br />Keyes is excellent. The supporting cast is very good too. There are several little-known people involved in this -- the director included. Don't be put off. It is a movie to be reckoned with! (And how nice to see a Columbia picture. Columbia and Republic turned out wonderful comedies and noirs; yet we hardly ever see them anymore.)",positive
"If another Hitler ever arises, it will be thanks in part to nonsense like this film, which propagates the absurd notion that he was a visibly deranged lunatic from the start. Far from following such a person and electing him to the highest office in the land, sane people would cross the street to avoid him, and he would have died in a ditch, nameless and unknown.<br /><br />Anyone who reads the accounts of Hitler's close companions - the autobiography of his secretary Traudl Junge for instance - will be struck by the fact that people found him a kindly, intelligent, generous man. He was also a brilliant orator, and the fact that his speeches seem overblown and ranting to modern ears ignores the times in which they were made, when strutting pomposity was common in political speeches. Ditto the overstated anti-Semitism, which was neither a central plank of the early Nazis - who were primarily anti-communist - nor uncommon or unusual for the times. The film makes it look as though Hitler's sole ambition from the start was the Holocaust.<br /><br />If you want to identify the next person who will cause the death of tens of millions, you can ignore fleck-lipped ravers life the one portrayed here. Look instead for a charming, charismatic man whose compelling speeches inspire the entire nation, and whose political work visibly and materially benefits the country. I'm afraid his personality will be much more like Barack Obama's than Fred Phelps'.<br /><br />I hoped for much here, and got nothing but caricature. The fools who made this thing perpetrated a crime against reality. This is the historical equivalent of 'Reefer Madness'.",negative
"I'm sure I saw FUTURE KILL for the same reason as most people: the awesome poster by HR Giger. And like everyone else, I was disappointed to find that the movie could not live up to the poster (Giger said that director Moore actually begged him to do it). When I first saw this, at the age of 14, I thought it was the worst movie ever made. I'd still think that if I hadn't seen certain movies on MST3K since then.<br /><br />The plot has a bunch of annoying college boys driving into the ""mutant city"" to kidnap a gang-leader for their fraternity. That's when they meet Splatter (Ed Neal), a mutant/cyborg/psycho who kills the gang leader and blames it on the frats as an excuse to hunt them down and seize power. The rest of the movie consists mostly of chases. A hand-full of frats try to battle their way out of mutant city (which I think is supposed to be LA, even though it was made in Texas). There's some pseudo-political stuff about the frat boys' society being pro-nuclear weapons and the mutant-society being anti-nuke. There's talk of how Splatter became a freak due to radiation. Most people develop cancer from radiation, but splatter just shoots spikes and slaughters girls. Yeah, that makes tons of sense. At one point, our heroes rescue a mutant girl from two pro-nuke police, and she shows them ""how the other half lives."" The other half, it turns out, are all punk kids who dance around to a bad 80s pop-band. So our little epic is both dumb and dated. That's really all there is to it. Frat boys running around in messed up buildings while guys who look like bikers try to kill them... Oh, and it's the future.<br /><br />I don't think you'll have any doubt about why Ron W. Moore never made another movie. This thing is a real stinker. If you like Giger, buy his books (they have the poster without the horrors of the movie), or just watch ALIEN again. FUTURE KILL is a waste of time that nobody needs.<br /><br />If this description makes the picture sound good, there's another crappy movie that does the same thing, only bigger and better: AFTER THE FALL OF NEW YORK. It's crap, but it blows FUTURE KILL off the screen.",negative
"When you typically watch a short film your always afraid that the person creating the film tries to throw too much into it. That's not the case with this one. A great story about a young girl who's had enough and other worldly forces trying to help make things right.<br /><br />Eric Etebari does a wonderful job of representing the spirit of twisted justice and helps to convey the complexities of the blurred line of right and wrong.<br /><br />Both the young girl and the father give great performances in this wonderful short film, but Eric's performance is definitely the show stealer in this story.<br /><br />I definitely recommend this film for it's complexity, performance, and great over all story.",positive
"This was such a great series for Black folks at the time. We loved it so much. It was the only show about Black middle class families on t.v. at the time. Please release this on DVD. I know many...many people who still talk about the show. If it its released i am certain that many black youth will find this enlightening as well as interesting. The show addressed many topics from racism, intra-race discrimination, teen pregnancy, sibling rivalry, single parenting, peer-pressure and much more. The show ended in such an abrupt way and left it's fans speechless and wondering why it was taken off the air. Since then we have only seen a few of the actors and actresses. Please release it on DVD ASAP.",positive
"With a title like ""Attack of the Killer Tomatoes!"", anyone going into this thing would be expecting either a) a bad science fiction movie or b) a comedy making fun of bad science fiction movies. It's supposed to be a mix of both, with a dose of parody splashed in. Unfortunately, it falls flat very soon.<br /><br />You're never supposed to take this movie seriously, I realize that, but you're supposed to think it's funny, right? I found only a few of the jokes or situations were funny (i.e, the side-by-side phone conversations, the Russian Olympic spy eating steroid cereal, Superman walking by Lois, etc.). ""Attack of the Killer Tomatoes"" strives to be a cult classic, but it doesn't make it. A cult classic is a movie that is so different that only a select group of people understand it (or a similar description). ""Attack of the Killer Tomatoes"" could be enjoyed by any 8-year-old with a bad sense of humor, so therefore, it does not qualify as a cult film.<br /><br />There is one good actress in the entire thing: Sharon Taylor as Lois Fairchild. She is a thin, gawky reporter, but has an endearing personality, loves to overact, and is a natural comedienne. Unfortunately, she is put to bad use here.<br /><br />""Attack of the Killer Tomatoes"" is not as funny as, say, ""Amazon Women on the Moon"" or ""Kentucky Fried Movie"", but it does have a few hilarious moments, so I would still recommend seeing it once. Avoid the director's cut, it has interruptions by the producer of the movie and some supposedly ""lost"" footage dubbed in a pretend African dialect (it can be found in English on the out of print tape).",negative
"Perry Mason: The Case of the Glass Coffin finds Raymond Burr defending David Copperfield/Rick Blaine like magician Peter Scolari from a murder charge involving one of his assistants. A trick involving a suspended glass coffin in midair goes awry and the body of Nancy Grahn comes a tumbling out.<br /><br />Nancy was one of six female assistants who work with the act and we learn two things about her. First in a moment of drunken weakness, Scolari got seduced by her and she claims she was impregnated. Secondly she is living under an assumed name and had a secret from her past.<br /><br />Billy Moses who probably never thought he'd be doing such rough stuff back in law school gets to tangle with a couple of good old boys when goes seeking the truth in Grahn's home town. A little more action than usual for Ken Malansky, he almost gets himself killed. <br /><br />One big flaw in this mystery is simple forensics. The medical examiner's report should have provided concrete evidence that the victim was killed in such a way that Scolari could not possibly have done the deed. The police should have been looking in a different direction for the killer. <br /><br />When you see who the killer is you won't blame the individual, but you'll also see how the investigating officer James McEachin got it wrong from the start. It kind of spoils this particular Mason film.",negative
"I have just seen a very original film that I would recommend to everyone including `the young & the restless.' However, I guess some of the profanity, violence, and sexual innuendo in the movie are not suitable for `all your children.' Anyways before the sand fills up the hourglass, let me tell you the name of the film: `Nurse Betty.' Renee Zellweger stars as Betty. She is a Kansas waitress who falls under a trance, and thinks she is a real life character of her favorite soap opera. Because of this, she goes on a journey to Los Angeles to reunite with her supposed soap opera character lover Dr. Rubell. To add fuel to the fire, she is also being chased by some ruthless `one life not to live' hitmen who think she has stolen their drugs. You could say that is how Nurse Betty spends `the days of her life' throughout the movie. This very `ungeneral' situation eventually leads her to the `hospital' set of her beloved soap opera. However, the only problem is that Betty thinks this is all real. It is like her mind is in `another world.' Ok! Enough! I will wipe off my mouth with soap and not mention any more soap names. I have already registered my vote for Renee as a best actress oscar nominee. Also, Greg Kinnear's performance as Dr. Rubell was as good as it gets in his acting biography. To sum it up, my final diagnosis is that everyone should call in for `Nurse Betty.' ***** Excellent",positive
"I have to tell you, this is a great movie. It surprises me sometimes how good a movie with no pretenses can be. This one is just fabulous. It could be that it isn't TRYING too hard to send any kind of message; it just tells a whimsical, fun story. I gave it a 10 out of 10.",positive
"I just watched Antwone Fisher on BRAVO. What an awesome movie and incredible young man. This movie is a must see for anyone who is dealing with how to overcome childhood abuse and abandonment as an adult. Denzel Washington puts in an outstanding performance as well as the young man who plays Antwone Fisher. Kleenex alert--Feel good and tearful. The most heartrending moment is when he finally meets his mother, who he was taken away from at 2 months of age. And one of the most courageous was when he stood up to his abusive foster mother and sister. I saw this movie on Bravo in 2008 and only wish I had known about it years ago. Definitely a movie to add to my DVD collection.",positive
"This is my third comment here attempting to connect two legendary movie comedy teams: Laurel & Hardy and Abbott & Costello. The connection here is the year 1940. That's the date that the former had their last movie from their longtime home studio of Hal Roach. I'll mention the significance of the latter later on. Besides being the last time Stan and Ollie worked at the Lot of Fun, it's also the final time they would appear with such familiar supporting players like Charlie Hall and James Finlayson who appeared in most of their films. It's also the last time Art Lloyd would serve as their cameraman and Marvin Hatley-who composed their theme song which would be known as ""The Cuckoo Song (Dance of the Cuckoos)""-their score. And it would be the very last time Stan Laurel would be allowed to exercise complete creative control over what goes on film. If there is a more gag-laden structure than usual in this L & H film, it's nice to know most of those gags are indeed funny. That includes most of the sound and visual effects, the latter provided by longtime Roach staffer Roy Seawright. In this one, Ollie has ""hornophobia"" from working at a noisy horn factory so Dr. Finlayson prescribes going out to sea for his rest. Ollie doesn't like to go boating so Stan suggests they just rent one that's docked so they wouldn't have to go anywhere. After they find one they like, we find out that convict Nick Grainger (Richard Cramer) has just escaped...I'll stop there and say this was as good a finale for L & H's longtime home as one could hope for. It's hilarious mostly from beginning to end and knowing this would be their last for the man partly responsible for their teaming is indeed poignant when one thinks of it. Oh, and I have a couple more lasts to mention: it's the final film appearance of both Harry Bernard, who plays a harbor patrolman after years of encountering Stan and Ollie as a policeman, and that of Ben Turpin, the cross-eyed comic who was born in New Orleans which is a couple of hours away from my current hometown of Baton Rouge, whose second L & H appearance this was having previously ""married"" the boys in Our Wife. The latter performer especially has a genuine comic moment. All right, I mentioned 1940 being the year Stan and Ollie had their last movie released from Hal Roach Studios. It was also the first year that a comedy team, both born in the state of New Jersey, would make their first picture at what would be their home studio, Universal. The director of that movie would be the same one that guided L & H in The Flying Deuces the previous year. His name was A. Edward Sutherland. P.S. It was during this filming that script supervisor Virginia Lucille Jones had an accident involving a rolled-up carpet. That incident caused Oliver ""Babe"" Hardy to send her roses to her hospital room. They fell in love and married on March 7, 1940. It lasted until Babe's death in 1957.",positive
"jim carrey can do anything. i thought this was going to be some dumb childish movie, and it TOTALLY was not. it was so incredibly funny for EVERYONE, adults & kids. i saw it once cause it was almost out of theatres, and now it's FINALLY coming out on DVD this tuesday and i'm way to excited, as you can see. you should definitely see it if you haven't already, it was so great!<br /><br />Liz",positive
"You know Jason, you know Freddy, and you know Leatherface. Now, get ready for: The Safety Pin Killer! That's right, in Killer Workout, a dumb slasher movie if I've ever seen one, the unseen murderer dispatches his (or her?) victims with an oversized, novelty safety pin. It is an odd choice to be sure, the kind of thing that deserves an explanation. Naturally, the movie never even attempts to clarify where the killer acquired such a thing.<br /><br />As the title suggests, an aerobics gym is under siege by a mad killer and everyone is a suspect. In fact, the movie gives so few clues as to the identity of the killer, just about everyone in the movie is a potential murderer until they get killed. And since just about everyone but the killer winds up dead, it's really just process of elimination. <br /><br />Oddly, while the entire name cast is killed off, the aerobics classes continue in earnest. In fact, nothing is capable of stopping the dancing. While three men are murdered in the next room, the workout goes on. Death isn't even a factor; one character dies, but is still seen prominently in the later workout sessions. Director David Prior knew what he was doing when named the movie Killer Workout and not Logical Workout.<br /><br />Cop chases, explosive tanning beds, and hundreds of shots of women's exposed flesh are thrown in for good measure. Much like the woman caught in the tanning bed, I felt very uncomfortable by the end of Killer Workout. Finally, thankfully, THE END flashed on the screen. What happened next? You got it, shots of the women working out. Not even the end of the movie can stop them!<br /><br />",negative
"Good idea....shame about the actual movie. Would of liked it to be a bit more scary, and explain more about the characters and who exactly the evil woman was? If she was torturing those kids why were they helping her kill and not helping others kill her?? Its a bit of a come down from Malcolm in the Middle!<br /><br />I think it would of benefited from being slightly longer and going into more detail with the characters, although after about an hour I was wondering when it would end!!<br /><br />Would of been better too if the actual characters that killed them were not computerise in reality, it sort of made them crap looking. And what happened to the Frankie Munitz character? He fell into a bed of wild roses so should of been safe, however the computer game showed him as game over, ie dead. Next thing he appears with that irritating blonde lass to rescue the guy afraid of fire who, I noticed, had no qualms about flipping the lighter when demon lady was after him!!<br /><br />Too many inconsistencies in this movie to really enjoy it, however, might make you think twice about playing that new computer game!!",negative
"Finally! Third time lucky. This film has been always been on my mind, but my first viewing I forgot about it and only caught the second half of the film. Then only a couple months later I had the my second chance of watching of it, so I decided I would record it. Only to discover that my timer went off late and again I missed the first half of the flick. I wasn't going to allow that to happen again. So, when it came on TV again, I thought bugger it I'll wait until it comes on, then I will record it. And it was a good choice. I would have just watched the film, but they always put on weeknights around midnight. <br /><br />After discovering a hole in their crowded cell, nine prisoners escape their confinement to track down the key of the universe, which a fellow prisoner known as the Counterfeit King said he had hidden. They think that this key could be an opening for a hidden loot of counterfeit bills. On this journey they naturally see this as an opportunity to pick up their lives before they were gaoled. Although things don't turn out the way that they intended to, with most of the criminals plans going astray. <br /><br />""9 Souls"" is an perky spiritual journey from Japanese director Toshiaki Toyada, which flung it's viewers into a film of two totally different halves. The first half of the story plays out more like a psychical comedy with the criminals bonds and the situations they find themselves being the selling point, but all that makes way to a moralistic and consequence drama-packed second half, where the real trouble begins with some quite nasty and bloody moments replacing the goofball tone it started off with. While, the first half is quite amusing with its on the road, screwball doodling and offbeat banter. But it's really the genuinely haunting latter half with it's peculiar turn of events that hit you so hard with some surprising touches that make you really sympathise for these very human characters. Even though they are not truly innocent from their crimes, you just become entrenched by these flesh-out characters in the first half that when you see them spiral into their downfall, you know it's an effective drama when you become shell-shocked in the dramatic change. The nine characters get enough screen time to truly understand their personal story and what weakness would eventually bring them down. The way the plot works out is that Michiru and Torakichi are the lead characters and we mostly see it from their perspectives. The escapism tale is an unquestionably engaging character study that's clear in it's goal and puts to you many questions on society and the path you choice to take to escape life and free yourself from these restraints. <br /><br />While, the symbolic story is full of clarity and vividly told. The visual element doesn't go by unnoticed, because there's just a dreamy and trance-like vibe that channels itself into the unique atmosphere. What HIGHLY contributed to that factor and gave the film a lift was the sweepingly, moody instrumental rock soundtrack. The mellow atmospheric gel it was able to create in many scenes left me rather breathless with the everlasting emotions it was able to provoke. Simply beautiful and downright powerful control on that front. The pacing for such an long film ( 2 hours ) seems to breeze by and editing is swiftly done, because we are just so wrapped up in it all. The hypnotic photography is crisp in detail. While, the performances by the cast as a odd bunch of criminals are that of high quality with each one providing enough personality and features to separate themselves. <br /><br />I found ""9 Souls"" to be a pleasing and quite an amazing surreal film that stirs up the emotions and then it smacks you with an almighty wallop when it changes direction. Highly recommended.",positive
"The only good thing that this movie created was that it made me hungry for ice cream, minus the dead body parts in it. The movie is one of the most cheesy I've seen in a long time. When the ""Ice Cream King"" dies in the beginning, I was laughing so hard because the kid took the ice cream from him and started eating it. His mom asked him to say something and should should have said ""Leave me alone and let me eat the free ice cream so I can watch my acting career go down the drain at a young age."" That seems about right for a line. Then I wondered why the ice cream prince was behind the bars of his ice cream truck. Was someone going to rob him of his twenty cents? I've never seen bars on a ice cream truck window. It seemed pretty stupid. You might as well forget about the acting because it is just awful. Forget about this movie and go down to dairy queen and get an ice cream.",negative
"""The Second Coming Of Suzanne"" is yet another one of those surrealistic films that tries to come across as extremely sophisticated, yet all it does is put the viewer to sleep. Like other movies of this type, there is limited dialogue. Everyone is much more interested in the visual aesthetic of the shot. However, the cinematography stinks so there is nothing at all to keep your attention.<br /><br />The video box states that this film is ""one of the most exciting visual adventures ever seen on film."" Yeah...sure. It's right up there with watching such stimulating events as a bucket of ice melting or a turtle walking for a mile. 1/10",negative
"This is just a great, fun, lovely film. It captures the true essence of the decade and of the people, and tells a beautiful love story of two sisters with two sailors. Though this film may only be in Black and White, it definitely doesn't count against it now in modern days. The main basic purpose of the movie is timeless. This movie features great acting, beautiful song and dance numbers, and great design work and film shots. Follow the Fleet is also comical, there are funny moments, moments that will make you laugh, but other moments where the acting just gets you so involved into the storyline. Its amazing how though this movie may be set in a certain decade, how it can affect those today. If you want to see something great, check this out.",positive
"On an overnight flight from Los Angeles to Miami, Lisa Reisert (Rachel McAdams) meets a charming man who turns out to be a hired killer who demands her help killing a businessman or else her own father will die.<br /><br />Red Eye is a terrific thriller that keeps the audience on the edge of their seats. The premise is similar to Cellular and Phone Booth but Red Eye is better than both of those films. Almost everything about Red Eye is above average including the suspense, the acting and the direction. Most of the film does take place on a plane but that doesn't slow down the movie. The film is very fast pace and exciting with no slow or boring spots. Wes Craven does a really good job behind the camera. Instead of focusing on the thrills, he focuses on the story and the characters. The movie does have its share of suspenseful moments but that's not what the film is really about. I also like the way Wes Craven focuses on the other passengers and the small details that become important later on. Red Eye really shows his skills at storytelling.<br /><br />Red Eye also works well because of its young and talented cast. Rachel McAdams gives a very engaging performance and her character is hard to hate. You may even end up cheering for her out loud. Cillian Murphy gives a very creepy and effective performance as the villain. The way he acts charming at first but then turns psycho is especially impressive. The supporting actors are also pretty good which include Brain Cox and Jayma Mays.<br /><br />The movie is also very stylish and it has this overall creepy vibe to it. The setting works well since there is an obvious fear of isolation and no escape. Overall, the tone of the film is consistently creepy. The screenplay isn't as strong as everything else though. There are a few unrealistic moments that may distract the viewer. Most of them didn't bother me but there were of few that left me shaking my head. Also, the ending is disappointing. It isn't a bad ending just a very simple one and a different approach would have been better. Since the movie focuses on the characters, there is really no scream moments maybe just a few jumps. If you expect a horror movie then you will end up disappointed. In the end, Red Eye is an engaging thriller and it's one of the best movies of the summer. Rating 8/10",positive
"This is NOT your run-of-the mill police story where the characters were only secondary to the gun battles and car chases. The episodes, so far, are more realistic and intelligent.<br /><br />If you are looking for something with a lot of butt-kicking Rambo-style cop story, you will not find it here.<br /><br />I gave it a 9. I wish this series lives long. Morse is excellent!",positive
"This is definitely a ""lesser known"" comedy short from the 1920s. The only reason I saw it was because it was on a DVD by Kino Films featuring non-Laurel and Hardy shorts featuring Ollie. They are interesting and historically important, but also generally average to below average for the style film. Compared to shorts by Chaplin, Keaton, Arbuckle and Lloyd, they are definitely a step below them in quality and humor. Also, the accompanying music was pretty poor by the standards of other silent DVDs. I ended up turning OFF the sound due to the inappropriateness of the music to set the proper mood. But, despite this, they are still worth seeing.<br /><br />I've gotta be honest about this short. It was the last of 8 on this DVD and by the time I got to it, I was pretty bored with the mediocrity of 7 of the 8 shorts. So, it is possible the film might be A LITTLE better than a 4--but certainly, if this is the case, no better than a 5! The film is a pretty standard short about an incompetent bellboy. Nothing especially interesting and there are certainly MUCH better silent shorts out there.",negative
"Never viewed this film until recently on TCM and found this story concerning Poland and a small town which had to suffer with the Nazi occupation of the local towns just like many other European Cities for example: Norway. The First World War was over and people in this town were still suffering from their lost soldiers and the wounded which War always creates. Alexander Knox, ( Wilhelm Gimm)""Gorky Park"" returns from the war with a lost leg and was the former school teacher in town. He was brought up a German and was not very happy with the Polish people and they in turn did not fully accept him either. As the Hitler party grew to power Wilhelm Grimm desired to become a Nazi in order to return and punish this small Polish town for their treatment towards him which was really all in his mind. Marsha Hunt,(Marja Pacierkowski),""Chloe's Prayer"", played an outstanding role as a woman who lost her husband and was romantically involved with Whilhelm Gimm. There are many flashbacks and some very real truths about how the Nazi destroyed people's families and their entire lives. The cattle cars are shown in this picture with Jewish people heading to the Nazi gas chambers. If you have not seen this film, and like this subject matter, give it some of your time; this film is very down to earth for a 1944 film and a story you will not forget too quickly.",positive
"I enjoyed this film very much. Many Korean people will feel familiar with this film because many of them have tutors when they go to school. Cinematography was average. The movie would have been better if the angel or the movement of the camera was more irregular. Editing, however, was very neat and unusual.<br /><br />The acting was also very good. Kim Ha Neul usually played an innocent, weak girl in the Korean soap-opaeras. But this time, she plays a cute tomboy very well. Kwon Sang Woo also plays his role very believable.<br /><br />What I like the most about this film is, the emotion of the characters are not too exaggerated. There are many Korean romance films that the characters cry river before the audience and I always thought it was very stale. There was no such crap in this movie.<br /><br />Very funny and well-done.",positive
"One of director Miike Takashi's very best. It's so good it's difficult to put into words. At nearly fifteen years older than the target audience it thrilled me from beginning to end.<br /><br />It recalls similar children's films from the 1980s in the sense that (unlike today) those films weren't afraid to scare - there's a lot of nasty detail here that I initially found jarring but soon realised it's nothing different to what I grew up on. The film is a compilation of '80s kid's films conventions. You name it, it's there: a young boy hero thrust from his own unhappy/dysfunctional world into another, inhabited by mythical and mystical goblins; a quest to save both worlds from an evil force; a beautiful heroine he has a crush on; a sadistic henchwoman (Go-Go Yubari from Kill Bill Vol. 1); a lead villain who draws his evil power from something everyone in the world can relate to. But all these genre conventions are given a fresh spin and added depth.<br /><br />One of the IMDb reviews begins ""Where was this film when I was a kid?"" and it's a sentiment I agree with wholeheartedly. Even while watching it I lamented the fact that I hadn't grown up on it; that it wasn't a part of my childhood like Labyrinth, Masters Of The Universe and, to a much lesser extent, The Neverending Story. Those films, and others like The Goonies are recalled but never copied - Miike relentlessly offering us a new take on things.<br /><br />Poor CGI is a staple of many of his films, sometimes due to budgetary limitations but just as frequently an artistic choice - a desire to present things in an outlandish way. Here the CGI is mostly average, solely due to budgetary limitations, but nevertheless he does a fantastic job of putting on a spectacle. The CG effects combine with traditional puppets, animatronics and truly extraordinary make-up to create a world filled with rich characters (and characterisation) that frequently borders on the visionary.<br /><br />This ranks as one of the greatest children's films ever made. Not for younger or more sensitive kids though.<br /><br />Just jaw-droppingly wonderful. See it for yourselves and if you think your kids can handle/appreciate it then show it to them. Let them grow up on The Great Yokai War as some small compensation for the fact you couldn't.",positive
"I have to admit, I'm not a big fan of Satanic horror movies and, in fact, I seem to like them less and less every time I see a new one, and that isn't really surprising when I end up watching films like Brotherhood of Satan! Despite its low rating on IMDb, I was surprised to hear some good things about this film and my expectations went up. This turned out to be a big mistake as this is exactly the film that its rating suggests it is: namely, a very bad one! The plot is your basic bunch of Satanists causing trouble, and we focus on a small town where people have been murdered and kidnapped and it's not really clear why. Naturally, Satanists are behind it and this is bad news for a mother, father and daughter on a road trip who become trapped in the mysterious town. I had a feeling that this film might be along the same lines as the crappy Satanist flick 'The Devil's Rain', and while it's not quite as silly as Robert Fuest's later film, it's not much better either. The plot seems to be fairly down to Earth, but it's also rather boring and I can't say that I enjoyed myself at all during this movie. Brotherhood of Satan obviously has its fans, but I'm not one of them; this is a film that I see no reason to recommend...",negative
"Hayao Miyazaki has captured the imagination of audiences young and old across the globe, and his most recent cinematic work of art is ""Ponyo,"" a children's fairytale borrowing on story elements from The Little Mermaid. Of course like other Miyazaki classics such as ""Spirited Away"" and his last film, ""Howl's Moving Castle,"" ""Ponyo"" is full of a creativity that can only be truly appreciated by adults, but this it is distinctly more a children's story than those recent efforts. It's a magical story best described as beautiful and lovable, aiming for charm instead of conflict.<br /><br />""Ponyo"" is the story of a bug-eyed childish-looking fish of the same name, the daughter of an undersea sorcerer, who longs to escape the sea and become a little girl. When she does, she quickly befriends a young boy named Sosuke. In the process she gains a strong magic and unknowingly throws the world out of balance between land and sea, and a giant storm drowns most of the cliff-top town where Sosuke lives with his mother, and it threatens to end the world.<br /><br />Like ""Howl's Moving Castle,"" Walt Disney picked up ""Ponyo"" for an American release and dubbed it over with an impressive selection of Western voices, even choosing homegrown products in the youngest siblings of Disney band the Jonas Brothers (Frankie Jonas) and Miley Cyrus (younger sister Noah) to voice Sosuke and Ponyo, respectively. Also voicing characters are Liam Neeson (Fujimoto, Ponyo's father), Tina Fey (Lisa, Sosuke's mother), Matt Damon (Sosuke's father), Cate Blanchett (Ponyo's sea goddess mother) and a trio of hilarious elderly women are played by Betty White, Cloris Leachman and Lily Tomlin. The effort is definitely there to make this film appeal to American audiences and Disney is getting close.<br /><br />But voices are of little significance in a Miyazaki film, which is all about visual creativity. A fan of transformations and animating liquid and fluid motion, creating a fairytale taking place partly underwater must've been a joy for Miyazaki to work with and maybe even his entire motivation for choosing this story. Among the highlights are droplets of water that Fujimoto sends after Ponyo that move like living waves, as well as a variety of other magnificent sea creatures and breathtaking storm scenes make ""Ponyo"" as awing as any other Miyazaki film.<br /><br />As a children's story, however, ""Ponyo"" concentrates its efforts on being adorable. The discovery of true friendship and love between Sosuke and Ponyo is heart-warming, even if Noah Cyrus shouting childishly when Ponyo excitedly embraces human life can get a bit annoying. But as delightful as many of the imaginative elements and loving relationships are, there's very little antagonism or danger. Past Miyazaki films have clear villains, but the conflict in ""Ponyo"" actually shrinks as the story goes along. Sosuke believes he's lost his mother at one point and in the background is the idea of the world going out of whack and that humans should be ashamed of polluting the sea, but ""Ponyo"" is mostly tension free. Most glaringly, its climax is uneventful despite how overall likable all the characters are.<br /><br />""Ponyo"" will surely satisfy Miyazaki's fans in every way with its imagination, and newcomers will still be smitten by his simple yet visually ambitious storytelling, but this is distinctly more of a children's movie, best for families and others who love fantasy regardless of its form or target audience. It's not quite what you'd expect from Miyazaki considering his recent work, but it's sure to be remembered as another of his beloved stories. ~Steven C<br /><br />Visit my site at http://moviemusereviews.blogspot.com",positive
"This film is simply appalling, how the talent involved made this is beyond human belief.Iguess they must have been boozing when they thought of this idea,I feel as if 2 hours of my life have been taken from me.Harvey Kietel will try and distance himself from this rubbish, it should have been a great crime movie but it develops into a gory mess of vampires.I would recommend this film to people who like to sleep through movies ,you wont miss a thing.The humour is set to appeal to the lowest common dominate, movies can uplift us and remind us that life is worth living, this film just depresses you.As DeNiro said in one movie the saddest thing in life is wasted talent this film is a perfect example of this statement.",negative
"Superhero movies pretty much always suck, and this is no exception. Its only redeeming quality is the fact the movie COULD have been even worse. I would put 'Batman & Robin' and 'Steel' above this movie, so yes it is that bad...<br /><br />If your looking for a black superhero, check out 'Blankman' its not a ""serious"" superhero movie but at least its entertaining.",negative
"My observations: vamp outfit at end is ravishing and wonderful, exotic and fantastic. Jeanette wore it well, and got even with naive Nelson. Boat crashing into his balcony served him right. Costume outfits of his female mafia were designed surprisingly well, especially by today's standards. 1942 costume designer did great job. Main song theme just lovely.<br /><br />Caution to negative posters: 1942 was time of WW II; Pearl Harbor happened year before. U.S. just coming out of Great Depression; needed to get out and spend that hard earned money on diversion of singing, dance and yes, fantastic fantasy. Despotic dictators were trying to rule out there in RL, snuffing out freedoms. Thank goodness the public had these fantastic plot line movies to attend. Movie going was a privileged treat, in those depressing times. When you, negative posters, become actors or even movie stars, then YOU have room to talk and criticize. Jeanette's and Nelson's movies stand the test of time.<br /><br />Angel wings wonderful, on the real angel. RL wings at costume party not so hot, but great on Jeanette considering the SL.<br /><br />Beautiful singing by Jeanette and Nelson, as always. Jeanette dancing was a pure delight.<br /><br />15/10",positive
"From the beginning of this film,with it's ""The Lost boys"" rip off opening sequence, to the bad wire work and even worse dialog ending, this movie slimed along at a snail's pace. ""The Covenant"" came highly recommended from some of my co-workers, who I am thoroughly convinced were playing a practical joke on me. At least I hope that was the intention and their taste isn't that bad! This movie was not much longer than an hour and a half, yet felt much much longer then that. The story was so basic that it could have been summed up in about 15 minutes, maximum. They could have at least filled the rest of the movie with some entertaining magic or fight scenes, however someone decided,(maybe the director, but I don't know if anyone really ""directed"" this movie) that it was going to be filled with some poorly executed ""artsy"" camera shots, and nonsensical scenes of the ""boys"" swimming and getting into bar fights. About half way through this film I thought that maybe bashing my head against a wall would be more entertaining, and partially to rid myself of this horrible dirty feeling I had for continuing to watch it. . So I did bash my head against a wall, and I did enjoy it more then the movie! I watched it all the way to the bitter end, hoping it would eventually offer me more enjoyment. Nope,my efforts were rewarded with ""How about I make you my Whee-aytch!"" I vomited, and then just felt embarrassment for the screen writer and pity for the poor actor who had to deliver this drivel. The acting really wasn't as bad as other reviewers seemed to think, but even the most talented thespian could not saved this work, and work it did, on my nerves! I give movies a chance, even bad ones because they usually offer some form of enjoyment, and this actually wasn't the worst movie I have ever seen. After it was over I did feel like watching the movie ""Stealth"" again and WOW it was so much better this time around! Oh yeah Case in point, don't bother with this movie, really, don't. Watch a few episodes of ""Charmed"", and watch ""The Lost boys"" after having a fair amount of alcohol, and you will be a much better person. If you do fall into the same trap that I did and watch ""The Covenant"", make sure to keep all sharp objects far, far away from yourself, you'll thank me for it.",negative
"I enjoyed, appreciated, will view this movie again because I am sure There are subtleties that I missed. Wonderfully cast, no over acting or Cliché performance or plot. Uses a tragic event to reflect multiple Relationships, how those involved in each relationship are connected (Or disconnected) and perceptions of life, what position each one Occupies in the relationship, in life and how they cope with the Confusion, joy, hurt and disappointment of discovering that things are not what they perceived them to be. At first I thought there were ""Observers"" and ""the observed"", but that is not the case, we are all connected somehow and our perceived separation is only in small degrees. I recommend the movie to everyone especially those in teaching, social work, religious counseling and every other person that breaths.",positive
"Why did I buy this movie on DVD?, Well the short answer would be: I really don't know. As for the longer version, it pretty much comes down to the fact that I genuinely like Tatyana Ali and she plays Alicia in this.<br /><br />Now does Tatyana Ali give a genuinely good effort in this movie? I must say that it is one of the better, and she is shaping up to be a rather decent actress. I am very much looking forward to see her in action, when better material will be available.<br /><br />This being said, this movie was terrible - and my score is given based on this: 1 star for not being the worst movie I've seen, 1 star for the performance of Tatyana Ali, and 1 star for not thinking that it only deserves 2 stars, there are worse movies for that.<br /><br />Ja Rule should stick to rapping, not my favourite rapper to say the least, but some seem to like him - and if he is contained there, I would be delighted not to see him contaminate the acting scene.<br /><br />Ving Rhames: Ah man, Marcellus Wallace what are you doing here - you used to be cool man. Just because Michael Caine is a fiercely brilliant actor, who has been in so many terrible flicks as well as good, you don't have to copy him Ving.<br /><br />The rest of the semi big names in the cast: It's OK, there are bills to be paid, and we all have to do things we're not proud of time to time.<br /><br />The movie itself. It so massively flawed, it's pretty difficult to know where to start. It's more like a bunch of scenes thrown in together, as were the director to say ""we need to tell this, and we need to tell that"". There is a story, unfortunately there is nothing surprising about or within it. To say the least, the plot changes in the story were overly obvious and it was therefore predictable what was going to happen all the time.<br /><br />To sum up in one word: Reallynotgood",negative
"I remember seeing this film when it first came out in 1982 & loved it then. About 4 years later I had the privilege of seeing Luciano Pavarotti sing at the Metropolitan Opera house in New York (in Tosca) so seeing the ending of this film reminds me very much of that great night. What's not to like about this film? The music is brilliant and Pavarotti (Fini) was at his best and still looked great. The story is actually very funny in parts & the 'food fight' scene is still one of the funniest I have ever seen. The hot air balloon flight over the Napa valley was beautiful & so was the song he sang ""If we were in love"" (one of the few times Pavarotti sang in English). And hearing the duet of Santa Lucia gorgeous. Get real folks, this was a film about an opera singer called Georgio Fini who just happened to be played by Pavarotti. Kathryn Harrold & Eddie Albert were excellent in their supporting roles.<br /><br />I am VERY glad that I still have this almost worn out VHS tape of this movie but I would love this to be released on DVD especially now that Pavarotti is no longer with us because I think this includes the best performance of Nessun Dorma sung by him still on film today!",positive
"Alain Resnais directs three parallel stories that have to do with fantasy and imagination in the adult world. In one of them is a sort of Operatic bordello story where a rejected architect attempts to manipulate a group of people into throes of happiness--only his attempt misses it's only real target, the woman that he pines after. In the same unfinished château he built, a group of teachers search for love in a more modern story, as one woman believes ineffably in the role of romance and the cynical anthropoligist tries to teach her a lesson by setting her up with the biggest jerk in the group. Meanwhile, a bunch of kids fantasize a George Melies-like adventure of a prince that saves a girl in distress from swamp creatures and then kills the evil king, bringing upon the kingdom of love. The two primary themes? Life is a fairy tale, and Life isn't a fairy tale.<br /><br />Which sounds better than the movie actually is. Resnais is the type of director where oftentimes the concept is good or bad, but the exposition is what matters; here, the concept is great but the movie is downright painful to watch. Horridly off-tune songs, bubbly characters without an ounce of dimension, backdrops of sickening pastel--instead of giving your inner child an ice cream cone, Resnais drowns it in a bucket of cake frosting. Add some French philosophy and you get a weird witches brew, one that doesn't bubble bubble toil and trouble, but just kinda sits wrong in your stomach until you want to regurgitate it.<br /><br />Resnais is a risk-taking director, and even in his worst you can see he's trying something that might not work with full clarity of action. In I Want to Go Home, he manages to pull past annoying characters and ditzy set-pieces by showing some real change and having a moment few moments of quiet to catch his breath. Here he submerges directly into a fantasy that doesn't really reflect fantasy, only its baby's room wallpaper reference. The biggest problem is that he somehow managed to make a movie more flamboyant than an 80s pop video, and more kitsch than Golden Era Hollywood musicals. The fantasies are beyond childish and naive, but the movie (with nudity and profanity) is definitely aimed for adults, a target he decidedly missed.<br /><br />However, he sticks closely to his theme and never backpedals. If anything, this movie is impressive simply because its unapologetic.<br /><br />--PolarisDiB",negative
"The people who bash this movie were looking for it to be as cool and slick as the first one, which this isn't. This movie was supposed to be the complete opposite as Ocean's 11. This has been said by a lot of the cast members and also the director, Steven Soderbergh. Ocean's 12, while it did lack a gripping plot, is being bashed because it was different then what people wanted. If it were released before Ocean's 11, it would be taken much differently, not as a failed sequel. The problem with sequels is people go into it with a preset idea of what it should be like it and have lots of expectations. They should go into this movie with an open mind and not expect it to be ""Ocean's 11, again"".",negative
"The film tackles the here and now horror of ""rendition"" with a multi-cast trans-global account of all involved. No-one gets off lightly because we see the blindness of the players as they carve out their own slice of the worldwide game piling hatred and misery on their ""enemies"" and themselves in equal measure.<br /><br />The interplay between the sympathetic Senator's Aide (played in scintillating style by Peter Sarsgaard) and the real Washington power-mongers is electrifying. Meanwhile out in the field, new CIA man (Jake Gyllenhaal) goes through a sea change in his attitude to the USA's new found cosiness with torture. Sudden though his rejection of what he initially tacitly condoned is, one has to ask why on earth would anyone who calls him or herself civilized stand and watch anyone be humiliated and abused in this way? The film has few heroes - perhaps Gyllenhaal's flawed and vacillating CIA man is the exception and a necessary indulgence to make the film offer a sliver of hope.<br /><br />The sad fact of course is that this film isn't fiction at all, but a wake up call to those with a shred of decency left in them. The awful truth is that we in the UK and USA have lost the moral plot and this film shows how low we are prepared to go. All this in the name of freedom! There's a wonderful line in the script that says that torture is a sure way to swell the numbers of our enemies. This is already happening in real life and we should listen to the message that this film delivers and start using our might and money much more intelligently!! The message seems to be that any of us who claim that rendition, torture and the abuse of basic human rights are necessary to protect our way of life are as wrong-headed and stultifyingly stupid as the Jihadists and suicide bombers.<br /><br />All praise to the sensibilities of a talented South African director with a eye on the gross unfairness of how power is exercised, and a cast of principled mainstream actors from the US and beyond. Oh, and by the way, the film has a sting in its tail with the ending a clever and thought provoking surprise (which I won't give away).<br /><br />I saw the film in an early London preview so it has not yet been widely written up but I'm glad to say that the tide of less than glowing reviews seems to be turning. The BBC review has been very strongly in support and they (and I) suspect that much of the negative comments come from those who see the world through the simple specs of Hollywood - where the good guys and the bad guys are cardboard cut-outs. Hence the reason that many of the truly great films of the year are increasingly indie and/or non-US pix.",positive
"I totally agree that ""Nothing"" is a fantastic film! I've not laughed so much when watching a film for ages! and David Hewlett and Andrew Miller are fantastic in this! they really work well together! This film may not appeal to some people (I can't really say why without spoiling it!) but each to their own! I loved it and highly recommend it!<br /><br />The directing is great and some of the shots are very clever. It looks as though they may have had a lot of fun when filming it!<br /><br />Although there are really only main 2 characters in the film and not an awful lot of props the actors manage to pull it off and make the film enjoyable to watch.",positive
"German filmmaker Ulli Lommel has managed a task many horror fans thought was impossible: he's unseated fellow Teuton Uwe Boll for the crown of director of the worst horror film ever made.<br /><br />Lommel is truly the Ed Wood of the new millennium. This film is as shoddy and laughable as the best-worst of EW. I am both proud and embarrassed to say that I watched it in toto, morbidly fascinated to see just low the bar could be set. The answer is: subterranean; Lommel dug a pit and buried it.<br /><br />The fun begins with the cast of international nobodies. Only someone who has lived in Los Angeles, where every auto mechanic, doctor and mailman is an actor or screenwriter waiting to be discovered, could easily understand how Lommel managed to find so many wannabe actors willing to spew his ridiculous dialog with a straight face.<br /><br />The main character, a villainous beat cop, is played by a German actor with a thick German accent. Aside from being a serial killer, he is also the oldest beat cop in LA. Despite the fact that he stops innocent women drivers and takes them into custody, then drags them into his home (which inexplicably is the top floor of a furniture warehouse), and does all this in plain sight of his rookie partners, the LAPD refuses to investigate, going so far as to physically attack one of his accusers in a ninja style raid on his apartment.<br /><br />The sets are excruciatingly bad. The production designer's budget apparently included just enough money for a can of paint; enough to paint ""Precinct 707"" on a cardboard wall.<br /><br />Since the actors were obviously unpaid non-professionals--a sad assortment of European emigres (possibly deportees if they acted in their native lands), bimbos, mimbos, and desperate middle-aged women--and since little if any money was spent on sets, special efx, locations or other production value, it is only fair to mention that they did spring for a few genuine-looking police uniforms. Sadly, they couldn't afford a police car; the uniformed cops cruise the streets in a shiny new Mercury rental.<br /><br />More than half of the story focuses on the dirty deeds of our deranged German LAPD officer and the futile efforts of two young rookies to stop him. One of these young actors is especially pitiable because he's the only actor in this whole mess with even a vague shot at a real career in the movies. The other fits right in, with a rockabilly hairdo and tortured Brando posing that needs to be seen to be appreciated.<br /><br />The latter part of the film is where the title gets its zombie, as the victims of our killer are resurrected after he murders a girl who had just visited some voodoo priestesses to have a protective spell put on her. Don't ask why a girl from Romania would resort to voodooism in anticipation of being murdered, just accept Lommel's logic and enjoy the absurd ride.<br /><br />After much prolonged hand-clawing out of straw-covered roadside graves, the zombie girls manage to make their appearance. They look exactly as they did before death, maybe even prettier, with black glamor make-up generously airbrushed around their eyes. Looking nothing like zombies, they look more like high fashion models ready for the runway.<br /><br />At this point in the movie Lommel borrows a creative note from his lauded countryman Boll, and injects large doses of cheesy Euro-trash techno into the soundtrack. We're talking prehistoric electronic bumblebee noise. Stuff they might have played in an Ibiza disco when Lommel was still young enough to shake his booty.<br /><br />Unlike other zombies, Lommel's girls speak and function as normal... er, I mean, as they did before becoming zombified. This gives our auteur ample opportunities to shower us with more of his golden dialog. Yes, a golden shower it is.<br /><br />I won't spoil anything by revealing the shock ending. All I can say is it's perfectly in tune with the rest of this masterpiece. The spirit of Ed Wood lives on... or should I say his geist.",negative
"Betty Sizemore (Renee Zellweger) lives her life through soap Opera ""A Reason to Love"" as a way to escape her slob husband and dull life. After a shocking incident involving two hit men (Morgan Freeman and Chris Rock), Betty goes into shock and travels to LA, believing that she is destined to marry the show's main character (Greg Kinnear).<br /><br />Nurse Betty is that rare thing, a lesser known film with an all-star cast and a fluffy Rom-Com plot that surprises with it's terrific script and spot on acting. Indeed, such a plot makes one question the R rating, but it's warranted all right. The shocking incident that sends Betty over the edge is a tad too graphic compared to the light, amusing comedy that is to come and feels like something out of a different movie, but at the same time it is necessary to believably show Betty's transformation into the doe eyed, lovable nut job she becomes.<br /><br />As we go along with Betty on her journey, director Neil LaBute works some extraordinary magic which makes the movie unique and high above your bog standard comedy of error. An example of this would be Betty's first meeting with her crush. She pours her heart out to him and he plays along, thinking she's auditioning for a part on the show. Even as we are aware of the ludicrous nature of Betty's ramblings, the music swells as she speaks, giving us, the audience, Betty's emotional perspective. We almost believe what she is saying, yet we understand that her mind is fractured. Whereas other filmmakers would try to accent the ridiculousness of the situation to wring every ounce of possible comedy out of the scene, LaBute is sensitive to his main character and treats her with the utmost sympathy and understanding.<br /><br />The banter between the hit men played by Freeman and Rock is priceless, the excellent script doling out clever line after clever line for them to riff off of. Freeman in particular is excellent as always, pacing himself as his character slowly and blindly falls in love with his own ideal of Betty, not even truly knowing who she is or what has happened to her. Aaron Eckhart once again shows versatility in the thankless role of Betty's no-good husband and he is almost unrecognisable. The other revelation here is Kinnear, whose portrayal of the soap's star is not too overcooked. There's a tendency to lay on the celebrity bastard cliché as thickly as possible, and Kinnear resists, instead imbuing him with a pompous yet restrained self importance, despite simply being a soap star.<br /><br />The soap opera is realised so well, it could almost exist. LaBute and co hit the nail on the head with this one and a good thing too. If the soap opera had been too satirical, a large part of the film would not have worked. To do a ""Days of Our Lives"" spoof as seen in Friends would have been the wrong move for this movie. The dedication to detail pays off, as the style and feel of the soap opera begins to bleed into Betty's reality more and more, while keeping with the overall unintentionally comedic aspect of the genre. The scenes on the set feel real, as opposed to some films in which the atmosphere feels so manufactured, you wondered why people who do it for a living can't get it right.<br /><br />The neat resolution of the final act, while being a tad predictable, is wholly satisfying overall. It's a shame that after LaBute directed this wonderful film, the mainstream came calling for him to direct the abysmal remake of The Wicker Man, a fine example of a man so totally above the material given to him. Unfortunately, one cannot absolve him of all responsibility.<br /><br />If you haven't seen Nurse Betty, it's something to discover. If you have, it's worth a re-visit. There is a charm to Nurse Betty that is infectious, even if it may not leave you thinking that much afterwards. A hidden gem nonetheless.",positive
"Well, I'm a few days late but what the hell....! Anyways, the word that best describes my reaction to ""See No Evil"" was....SURPRISE. The film is actually pretty good. There is definitely an ample amount of blood, gore & action in the film with a modest amount of suspense. It hearkens back to the good ole' slasher days of the late 70's & early 80s. Think ""Madman"" meets Leatherface with a dash of Norman Bates and you'll get a good feel for this flick. While SNE is thin on plot (most horror films are), it kind of makes up for it in the violence/methods of killing, the gore, suspense & the fact that Kane does a great job of playing the highly disturbed Jacob Goodnight. The title of the film comes from the fact that Jacob plucks out the eyes of his victims using just his fingers & stores them in big jars. Why?? You'll just have to watch it & see (pun intended). There are certain cinematic elements lifted from other horror films most notably Psycho, TCM, & Madman but they're not blatant. Finally, SNE really doesn't go into territory we long timers haven't seen before & granted, SNE is no ""Pyscho"" or ""TCM 74"" but it certainly merits a look imo. <br /><br />BloodStone's Recommendation: Take in a matinée showing of ""See No Evil"" Bloodstone's Rating: 7.5/10",positive
"The Invisible man is a show everybody s gotta love! It reminds me of the old school 80's series(a-team,airwolf,knightrider) The special effects are small but very effective!! but what is most important is the fun they had shooting this series. It really shows! the entire cast fit perfect in there roles and it looks like they can do whatever they want!! especially Paul Ben Victor and Vincent Ventresca. Ventresca really shines in this one! for me its unbelievable that an actor with so much sarcasm is his acting style Doesn't get a shot in a big movie (mr Tarantino this was the show you should have directed! instead of that major boring grave danger(c.s.i)) Get this show if you can. well worth it!!!",positive
"Happened upon a copy of this. Not mine and if I had spent my own money on this I'd be finding those responsible and demanding it back! All I can say is this would be a terrible student film. Any understanding of the medium of film is absent. Acting is god awful, the story would have been rejected from the original Twilight Zone series as unoriginal and lame, and the change in tone of the lead character's reaction to the 'ghost' is laughable.<br /><br />I can only agree that the 'glowing' reviews of this film are from friends and family. I'm afraid it's not even entertainingly bad.<br /><br />Amateur in the extreme! <br /><br />Avoid! Avoid! Avoid!",negative
"I saw ""Brother's Shadow"" at the Tribeca Film Festival and found myself still thinking about it two days later. The story of a prodigal son (Scott Cohen) returning to his family's custom furniture business after a stint in jail, it offers all the necessary qualities of a solid drama--memorable characters; sharp, observant dialog; sensitive use of the camera by a filmmaker who thinks visually.<br /><br />But more than that, it presents something that is all too rare at the multiplex these days: the uncompromising vision of a mature sensibility. The talent of director-screenwriter Todd S. Yellin seems to emerge full-blown, but we get the sense he (like his protagonist) has paid his dues. He knows how real people struggle in this world, and he knows how we yearn to see--or at least, to experience vicariously--success. Yet Yellin respects his audience too much to blow happy smoke up our rear ends. In the end, we see that Jake's triumph doesn't lie in commissions, or even in the esteem of his family, but in ""the work"" he couldn't abandon if he tried.<br /><br />It's an essential theme in a world (and especially a movie industry) that can't rise above ""the bottom line"". This film deserves a wide audience.",positive
"My god...i have not seen such an awful movie in a long...long time...saw it last night and wanted to leave after 20 minutes...keira knightley tries really really hard in this one, but she cant handle it..dropped her accent every once in a while and didn't have the charisma to fill the role...sienna millers acting gets you to a point where you start to ask yourself: Has she ever had acting lessons? judging by the edge of love shes never been to acting class, but should consider to go in the near future...they both look really pretty..maybe thats what they should focus on in their future career..if they can be actresses everybody can!",negative
"OK, I don't want to upset anyone who enjoyed this film but it was a really bad movie. Just the way the scenes were edited and the acting, it made me cringe at some points. I really tried to enjoy it but it was like a student film, they must have had the smallest budget. I really liked the story line to an extent and the characters were likable but the film on a whole was just awful. Also, why is it that in almost every film with lesbian characters one of them has to either commit suicide or die or turn straight?!?! This is so sending a wrong and unrealistic message. I gave it 3 stars and everything considered I think that was very kind of me. Only watch this film if you want to laugh at how bad it is.",negative
"Why does C Thomas Howell do these movies? Cruise (Howell's one time co-star) does a huge blockbuster of WOTW and Howell follows with this lame effort.<br /><br />Where do I start here? Production Values - I'll start with the good stuff. The look and feel of some of the scenes in this movie are not too bad to be honest. The set-ups are okay in spots and the direction not too bad.<br /><br />Script - Terrible. A series of clunky scenes that could have been put in any order you like permeate throughout the movie. The amount of times the scene faded to black and reemerged a second later in the same room was uncountable. Very poor storyline (but so was the Cruise WOTW) takes some blame but an abysmal screenplay kills it off.<br /><br />Special FX - Okay, I don't want to be too harsh here as I imagine the budget was smaller than Cruise's lunch bill - but in the overall context of the film the effects are badly done. Some shots are quite impressive - mainly far off destruction shots of bridges, Washington, liner. But in the main the ""alien"" machines and tentacles themselves are dreadful. Also the camera quality is fuzzy on some shots and cuts away entirely on others.<br /><br />Acting - I'm a fan of Howell but as he has reduced himself to acting in these low-budget flicks - he has succumbed to the ""over-acting"" bug a long time ago. Look at his performance in The Hitcher and compare it to this movie. There is no comparison. He overdoes his facial expressions, his flailing arms and legs (where did he get that running style???) and for a final coup-de-gras look at the scene where he loses the photo of his family. Hysterical. But after saying all that - he is still the best actor on show here. Busey is embarrassing to look at and Peter Green (Zed is truly dead now baby) mumbles incoherently through his one and only scene. I honestly could not understand one word he said - I even went so far as trying to enable the subtitles on that scene - but the DVD did not have subtitles. This seems to be a real keep-it-in-the-family affair too as Howell's son, the director's wife and the line producer all make it into the film. None of them are good.<br /><br />Direction - not bad but not good either.<br /><br />Score - Dismal.<br /><br />Overall, a lame duck effort that will do nothing for Howell in his attempt to make it back to the big time. He should take a look at Rourke and try to figure out how he made in back to the A list but if he keeps doing stuff like this, he won't have a career soon enough.<br /><br />3/10.",negative
"I just can't agree with the above comment - there's lots of interesting and indeed amazing filmic imagery in this one, it has an unusual structure and moves well toward a frightening climactic sequence that is notable for it's effective use of silence. What's more, it explores the odd impulse of suicide in a very frank way, not pulling any punches in what it shows, yet not dwelling and over-sensationalising the subject matter. it has hints of documentary about it as well as horror and art-house cinema, and deserves a place amongst the canon of 'different' horror films like The Blair Witch Project and the original Ring (both of which it predates and could well be an unacknowledged influence on). It's definitely worth seeing if you're interested in the edges of horror cinema.",positive
"Tonight's film course film was The Legend of the Suram Fortress and during its 87 minute running time it managed to quickly jump into my top five most difficult films of all time. That's difficult to watch; films so different to everything else that you're seeing something totally alien. A brief synopsis would be: a group of Georgians are trying to build a fortress to defend themselves from invaders, but every time they are about to put on the finishing touches, for no readily apparent reasons it collapses. So they go and see a fortune teller who advises them that if they want to get the fortress to stay standing, they need to find a youth, a tall blonde blue eyed boy to be buried into one of the walls during the construction and his presence will ensure that the construction job will be completed smoothly. And sure enough in those closing moments there he is gladly being smeared in cement and eggs, giggling as he's buried alive, with only his mother to grieve.<br /><br />It actually a fairly simple story. But the director, Sergo Paradjanov, working in Soviet Georgia in 1984, not too long after leaving a fifteen year jail term, doesn't follow any of the film making rules we are used to. There are very few close ups. Very often the action we need to be following is hidden in the bottom left hand corner of a landscape shot, extra-ordinarily easy to miss. There are very few close ups and at times its hard to tell whose doing what to whom and why. Every now and then the film goes off on digressions which have no relevance to the main plot and generally serve to confuse the viewer. The music is utterly mad, with found sounds, on screen instruments and church organ dropped in seemingly at random. At times when nothing seems to be happening, someone will break into a jig, almost playing time until the next scene comes along. But infuriatingly there is an obvious cinematic voice behind it all so you're compelled to try and understand the message whatever it is. One of those times when your eyes are glued to the screen simply because you can't believe what you're seeing.",negative
"One of the worst movies I've seen this year. Everything about the film screams ""AMATEUR"". For a movie set in the 1800's, everybody speaks like it's the 1990's. The acting, particularly the people playing the white slave masters, is horrible. After about an hour into this movie, I walked out. What a waste of time and effort. For a much better film on this subject, see Steven Spielberg's far superior ""Amistad.""",negative
