Message ID,Subject,Message,Spam/Ham,Date
1214,"hpl nom for july 19 , 2000","( see attached file : hplo 719 . xls )
- hplo 719 . xls",ham,2000-07-18
20836,"re : it ' s very simple , ' the","hello ,
we were reviewing your record and noticed that your r at e
was over 6 . we can give you a guarante e d fixe d r a te
of 3 . 3 for up to $ 300 , 000 .
please fill out this page to complete the process :
http : / / www . qeekcy . com /
we look forward to hearing from you .
regards ,
judith luna
support id 91
",spam,2004-12-29
5997,re : real options conference in cambridge,"steve
given the practitioner audience , i would prefer a less technical
presentation . perhaps if you can talk about use of real options at enron in
general , and then give some examples ( graphically - - no notation ) of
diagrammatic representation might be good . remember there are many talks
and the capacity of the audience to absorb notation , grammar , and technical
detail is limited .
how about a more generic title "" real options at enron ? ""
please give me your title within enron please
at 11 : 07 d _ 04 / 25 / 00 + 0100 , steven . leppard @ enron . com wrote :
>
>
> lenos
>
> i ' d like to give a talk entitled "" diagrammatic representation of real
> options in enron "" , in which i will give a brief run - down of a diagrammatic
> technique i have developed for representing real option deals . my notation
> allows originators , managers and quants to communicate unambiguously , while
> still appreciating the complexity and subtlety of real optionality . i have
> defined a "" diagrammatic grammar "" which guarantees that the pricing of the
> deal follows immediately and automatically from the diagram .
>
> i propose to introduce the symbols and grammar , then go on to present some
> suitable examples of diagrams . if appropriate i ' ll talk about the links
> with dynamic programming . ( i will need some guidance as to how much
> technical detail i can go into based on the audience . )
>
> all the best ,
> steve
>
>
>
>
> ( embedded enron capital & trade resources corp .
> image moved
> to file : from : lenos trigeorgis
> pic 29415 . pcx )
> 04 / 20 / 2000 08 : 45 pm
>
>
>
>
>
>
> to : "" steven leppard ""
> cc : "" vince j kaminski ""
>
> subject : re : real options conference in cambridge
>
>
> steve
>
> thanks for agreeing to talk . i attach the program to see the other speakers
> and style ( it is addressed to a professional autience )
>
> please give me a suitable title for the talk ( replacing kaminski  % s slot on
> july 6 / energy session ) and the details of your position
>
> thanks
>
> lenos
>
> at 05 : 01 _ _ 04 / 20 / 00 + 0100 , steven leppard wrote :
> >
> >
> > dear prof trigeorgis
> >
> > vince kaminski has suggested that i would be a suitable speaker at your
> july
> > conference in cambridge , and i ' d be happy to come along if required .
> please
> > could you send me appropriate details , and the audience type expected .
> >
> > many thanks .
> >
> > yours sincerely ,
> > steve leppard
> >
> >
> >
> >
> ( see attached file : 4 thconfsessions . doc )
>
> lenos trigeorgis
> professor of finance
> university of cyprus
> dept of business
> 75 kallipoleos , po box 20537
> cy 1678 nicosia cyprus
>
> tel : + 357 2 892261
> fax : 339063
>
>
>
> attachment converted : "" c : \ drive _ e \ eudora \ attach \ pic 29415 . pcx ""
>
> attachment converted : "" c : \ drive _ e \ eudora \ attach \ 4 thconfsessionsl 7 . doc ""
>
lenos trigeorgis
professor of finance
university of cyprus
dept of business
75 kallipoleos , po box 20537
cy 1678 nicosia cyprus
tel : + 357 2 892261
fax : 339063",ham,2000-04-25
4135,hi hunnie cavalry,"hey , my name is amber and i just got my new webcam up . . .
you can talk to me free for aslong as you want at my website : :
www . amberhi . com / dcam . html
i hope you come visit me soon . . . i ' ll be waiting : ]
bye",spam,2004-07-22
21715,attention : latest updates .,"download any latest software now !
http : / / apologist . 405 ajr . com /
marian , with regards .
",spam,2005-04-15
26450,visual identity and logo now,"working on your company ' s image ? start with a
visual identity a key to the first good impression . we are here to
help you ! we ' ll take part in buiiding a positive visual imaqe
of your company by creatinq an outstandinq iogo , presentable stationery
items and professionai website . these marketinq toois wili significantiy
contributeto success of your business . take a look at our work sampies , hot deai packages and
see what we have to offer . we work for you !
_ _ _ _ _ _ _ _ _ _ _ _ _ _ _ _ _ _ _ _ _ _ _ _ _ _ _ _ _ _ _ _ _ _ _ _ _ _ _ _ _ _ _ _ _ _ _ _ _ _ _ _ _ not interested . . . _ _ _ _ _ _ _ _ _ _ _ _ _ _ _ _ _ _ _ _ _ _ _ _ _ _ _ _ _ _ _ _ _ _ _ _ _ _ _ _ _ _ _ _ _ _ _ _ _ _ _ _ _",spam,2005-07-04
5999,re : video conference for interview : stig faltinsen,"hi shirley ,
i hope you had a pleasant easter break . . . . for the video interview for stig
faltinsen , if we do friday 28 th april , the only slot available is from 5 pm
onwards london time - can vince do from 5 pm to 5 . 30 pm ?
regards ,
anjam
x 35383
vince j kaminski
25 / 04 / 2000 16 : 25
to : anjam ahmad / lon / ect @ ect
cc : vince j kaminski / hou / ect @ ect , shirley crenshaw / hou / ect @ ect
subject : re : video conference for interview : stig faltinsen
anjam ,
sorry , i am busy on thursday .
i shall ask shirley to contact you . friday 9 : 30 to 10 : 30 my time would work .
vince
vince
anjam ahmad
04 / 25 / 2000 09 : 51 am
to : vince j kaminski / hou / ect @ ect , shirley crenshaw / hou / ect @ ect
cc :
subject : video conference for interview : stig faltinsen
hi vince ,
this candidate was forwarded from the norway office . he is finishing his phd
in cambridge but is available soon . if you are free on thursday before the
regular weekly meeting that would be good - would 3 pm or 4 pm work for you
( 9 am or 10 am your time ) to set up the video interview ?
regards ,
anjam
x 35383
cv attached :",ham,2000-04-25
27856,reliant to split itself into two publicly traded companies,"news briefs :
reliant energy plans to form two public companies
reliant energy said it plans to file with the texas public utility
commission a business separation plan under which it would divide into two
publicly traded companies to separate its unregulated businesses from its
regulated businesses .
the company plans an initial public offering of approximately 20 % of the
common stock of its unregulated operations late this year or early in 2001 ,
assuming market conditions remain favorable . the company expects the ipo to
be followed by a distribution to shareholders of the remaining stock of the
unregulated company within 12 months . the remaining businesses , which are
predominately regulated , will be structured as a holding company .
the unregulated company will own reliant energy ' s unregulated power
generation and related energy trading and marketing operations , its
unregulated retail businesses , which currently include energy ,
telecommunications and internet services , and the company ' s european
electric generating and trading / marketing operations . the plan also
contemplates that in 2004 the unregulated company will receive from the
regulated company cash equal to the market value of the regulated company ' s
interest in its texas regulated generation operations . in addition , the
unregulated company will have an option to purchase the regulated company ' s
interest in these operations at a price equal to the market value .
the regulated company will include reliant energy ' s electricity and natural
gas companies , which serve about four million customers in the u . s . and
include reliant energy hl & p / entex , reliant energy arkla , reliant energy
entex and reliant energy minnegasco . other operations in the entity will
include its u . s . interstate pipelines , its interests in latin america and ,
initially , its texas regulated generation .",ham,2000-07-27
28421,january 29 th update,"jeff / michelle / ken ,
here ' s the daily update for the 29 th .
suzanne
- igsupdate . xls",ham,2001-01-29
16470,computer software here,"visit us for great deals on a wide range of software .
windows xp , photoshop , office xp , acrobat 7 from $ 19 . 95
http : / / fmlciwxl 7 sf 4 cyx . isothujonene . org /",spam,2005-07-13
5834,re : texas finance festival ( urgent request ),"peggy ,
friday ( lunch , supper ) , sat ( breakfast , lunch ) . one person .
vince kaminski
peggy davies on 03 / 30 / 2000 04 : 21 : 36 pm
please respond to peggy davies
to : andres almazan , murray carlson
, kent daniel , wayne
ferson , denis gromb , john hund
, narasimhan jegadeesh , cindy
justice , matthias kahl ,
vince kaminski , anthony lynch
, thomas noe ,
robert parrino , manju puri ,
ehud ronn , laura starks ,
andrew subra , steathis tompaidis
cc :
subject : texas finance festival ( urgent request )
texas finance festival attendee
please respond to the below request asap
in preparing for the texas finance festival , we are needing to finalize the
meal counts . while we are excited about everyone coming , we do not want to
pay for meals ( expensive ones by the way when on the riverwalk in san
antonio ) if someone will not be in attendance . please indicate below the
meals you will be inattendance . if you have family / significant others coming
with you , please indicate the total number including yourself . thanks for
your help . bill petty
number to attend
friday lunch friday supper saturday
breakfast saturday lunch saturday supper
rfc 822 header
- - - - - - - - - - - - - - - - - - - - - - - - - - - - - - - - - - -
return - path :
received : from ccc _ petty ( ccc - petty . baylor . edu [ 129 . 62 . 162 . 79 ] )
by ccisol . baylor . edu ( 8 . 9 . 1 / 8 . 9 . 1 ) with smtp id oaa 21931
for ; thu , 30 mar 2000 14 : 35 : 32 - 0600 ( cst )
message - id :
date : 30 mar 00 14 : 34 : 59 - 0600
from : bill petty
subject : texas finacne festival ( urgent request )
to : peggy davies
x - mailer : quickmail pro 1 . 5 . 4 ( windows 32 )
x - priority : 3
mime - version : 1 . 0
reply - to : bill petty
content - type : text / plain ; charset = "" us - ascii ""
content - transfer - encoding : 8 bit
x - mime - autoconverted : from quoted - printable to 8 bit by ccisol . baylor . edu id
oaa 21931
status :
peggy davies
administrative assistant
department of finance , insurance , fax ( 254 ) 710 - 1092
peggy _ davies @ baylor . edu",ham,2000-03-30
31044,do you like computers,"pay les for mlcrosoft off ! ce software
we have everything !
microsoft office x . p pro 2 oo 2 . . . . . . . . . . . . . . . . . 6 o do / / ars
w ! ndows x , p pro 2 oo 2 . . . . . . . . . . . . . . 50 do / / ars
more information
we also have :
adobe photosh 0 p 7 . o . . . . . . . . . . . . . . . . . . . . . . . . . . . . . 6 o do / / ars
corel draw graphics suite 11 . . . . . . . . . . . . . . . . . 60 do / / ars
the offer is valid till january 22 th
stock is limited
meet you soon
janine siegel
firefighter
biochimmash , moscow , 127299 , russia
phone : 351 - 844 - 2167
mobile : 311 - 491 - 4617
email : wgbrfalfxwsa @ garlic . com
this message is beng sent to confirm your account . please do not reply directly to this message
this version is a 99 day usage package
notes :
the contents of this info is for information and should not be task mynah
gresham talk octant
time : fri , 31 dec 2004 10 : 30 : 51 - 0500",spam,2004-12-31
14810,paul choi,"choi is out - we probably want to use some of his $ to increase foster ' s contract
- - - - - original message - - - - -
from : lavorato , john
sent : monday , january 21 , 2002 12 : 32 pm
to : lavorato , john ; kitchen , louise ; milnthorp , rob ; calger , christopher f . ; whalley , greg ; shively , hunter s . ; presto , kevin m . ; belden , tim
subject : re :
i meant 200 k and 200 k for sandra . grigsby is confusing me .
- - - - - original message - - - - -
from : lavorato , john
sent : monday , january 21 , 2002 2 : 20 pm
to : kitchen , louise ; milnthorp , rob ; calger , christopher f . ; whalley , greg ; shively , hunter s . ; presto , kevin m . ; belden , tim
subject :
brawner done at 100 k and 100 k
davies done at 325 k and 325 k
whitt is fine at 150 k and 150 k @ if lucci is at 50 k and 50 k @ if we offer employment to theresa staab who is a scheduler .
also all of us may be going to ny on thursday morning .",ham,2002-01-21
32972,the next investment should be this stock,"rocket stocks newsletter
u r g e n t i n v e s t o r a l e r t
vnbl stock expected to explode ! ! !
vinoble is the next hot play in homeland security
symbol : vnbl . ob
current price : $ o . 1 o
short term target price : $ o . 50
12 month target price : $ 4 . oo
deserves your immediate attention ! ! !
the company just bottomed at $ 0 . o 6 and we believe in the next 1 to 2
weeks this stock will go back to at least $ o . 40
c o m p a n y o v e r v i e w
vinoble , inc . ( vnbl . ob ) is a holding company , which is identifying and
acquiring operational business opportunities in the areas of homeland
security , security information systems , and other security services to
provide long term growth for its shareholders .
vinoble believes that the opportunity to build a successful business in
the security sector is unprecedented .
the terror attacks on the united states on september 11 , 2001 have
changed the security landscape for the foreseeable future . both
physical
and logical security have become paramount for all industry segments ,
especially in the banking , healthcare and government sectors . while the
focus for vinoble is on north america , the opportunity for security
services is worldwide . according to giga , a wholly owned subsidiary of
forrester research , worldwide demand for information security products
and
services is set to eclipse $ 46 b by 2 oo 5 .
vinoble intends to capitalize on the dramatic growth in the security
market by delivering professional services , security products , security
training , and managed security services . in pursuit of this objective ,
vinoble has assembled a highly qualified team of security professionals
offering a full range of security services . through vinoble ' s
consulting services and integrated delivery solutions , vinoble will
help
organizations protect key assets including persons , property ,
information ,
brand , and reputation .
homeland security , the national strategy for a secure cyberspace , the
healthcare insurance portability and accountability act ( hipaa ) ,
sarbanes - oxley and other regulatory programs will all cause a continued
increase in security demands in the united states and abroad . vinoble
intends
to position itself as the ' most desired ' provider of , both , physical
and information security solutions - in the eyes of our clients ,
alliance
partners , and peers . we will accomplish this by ensuring our teams are
the most knowledgeable , agile , professional , and cost - conscious
provider of ' tailored ' security solutions to meet the unique needs of
each
client .
management has partnered with garcyco capital corp . ( "" gccc "" ) to assist
in finding acquisition candidates for the company , structuring such
acquisitions , and effecting a transition to corporate growth . at
present ,
vinoble and gccc have targeted several companies as potential
acquisition candidates . pending the outcome of due diligence and
audits , the
company believes the acquisition of these assets will provide the basis
required for listing on a national exchange .
here is recent news on the company :
malibu , calif . - - ( business wire ) - - may 2 o , 20 o 5 - - vinoble , inc . ( otcbb :
vnbl - news ) , a holding company seeking to identify long - term growth
opportunities in the areas of homeland security , security information
systems , and other security services , is pleased to announce that as it
continues in its efforts to reach definitive agreements on the acquisition
of assets , businesses , and strategic partners in the rfid and gps
tracking sector , vinoble has further engaged with several additional
businesses and individuals for the purpose of acquiring technology , software ,
and patents .
following the move to acquire rfid ( radio frequency identification )
technology , hardware and patents for the sole purpose of specific use
applications , the company has concluded that the need for application
support software or middleware is part of the fundamental component of the
framework which operates such technology . the company has identified
several sources for both licensing and the acquisition of such software ,
and has begun to pursue discussions to access this important element .
middleware is used primarily to link disparate applications , both
internally and externally , to the enterprise . this typically involves
routing data using different transport protocols , translating data into
different formats and providing a suitable means of integration such as web
services and service - oriented architectures .
since rfid is an integral part in the tracking of both mobile and
non - mobile assets , user - friendly and efficient management software enabling
customers to manage rfid data both incoming and out - bound is important
in maintaining customer loyalty and reduces costs associated with
customer service . management software will allow for real time visibility of
assets or product inventory , whether in transit , in a warehouse , at the
manufacturing plant , or on a store shelf . visibility and accuracy will
enable customers to reduce handling costs , gain instant access to
shipment information and increase inventory flow throughout the supply
chain . the ability to manage data collection from a number of different rfid
and gps devices is essential for proper efficiency of the system .
the company believes that such acquisition of middleware technology
will be essential and will further position vinoble in the vastly growing
rfid and gps tracking industry . the company ' s goal is to provide
critical security services at a cost manageable to even the smallest of
businesses that can ' t afford to do without the safety of their personnel and
assets in this current state of constant threat .
safe harbor statement : this press release contains forward - looking
statements as defined in the private securities litigation reform act
of
1995 ( the "" act "" ) . in particular , when used in the preceding discussion ,
the words "" plan , "" "" confident that , "" "" believe , "" "" scheduled , "" "" expect , ""
or
"" intend to , "" and similar conditional expressions are intended to
identify forward - looking statements within the meaning of the act and
are
subject to the safe harbor created by the act . such statements are
subject
to certain risks and uncertainties , and actual results may differ
materially from those expressed in any forward - looking statement . such
risks
and uncertainties include , but are not limited to , the ability of
vinoble to complete the proposed acquisition ( s ) , the results of
vinoble ' s
due diligence review of the candidate ( s ) , the success of the business
of
the acquisition candidate ( s ) , including the ability of vinoble to
continue to sell the applicable products and the acceptance of those
newly
designed products by the market , market conditions , the general
acceptance of the company ' s products and technologies , competitive
factors ,
timing , and other risks described in the company ' s sec reports and
filings . the closing of the transaction will be subject to complete due
diligence , inspections , and completion of audited financial statements
in
accordance to gaap as required by the sec prior to consummation .
we believe the speculative near term target price is - $ o . 5 o
we believe the speculative long term target price - $ 4 . 0 o
we feel this is our best pick since december of 20 o 4 ! !
please watch this one trade wednesday !
disclaimer :
information within this email contains "" forward looking statements ""
within the meaning of section 27 a of the securities act of 1933 and
section 21 b of the securities exchange act of 1934 . any statements that
express or involve discussions with respect to predictions ,
expectations , beliefs , plans , projections , objectives , goals ,
assumptions or future
events or performance are not statements of historical fact and may be
"" forward looking statements . "" forward looking statements are based on
expectations , estimates and projections at the time the statements are
made that involve a number of risks and uncertainties which could cause
actual results or events to differ materially from those presently
anticipated . forward looking statements in this action may be
identified
through the use of words such as "" projects "" , "" foresee "" , "" expects "" ,
"" will , "" "" anticipates , "" "" estimates , "" "" believes , "" "" understands  or
that by
statements indicating certain actions "" may , "" "" could , "" or "" might "" occur .
as with many micro - cap stocks , today ' s company has additional risk
factors worth noting . those factors include : a limited operating
history ,
the company advancing cash to related parties and a shareholder on an
unsecured basis : one vendor , a related party through a majority
stockholder , supplies ninety - seven percent of the company ' s raw
materials :
reliance on two customers for over fifty percent of their business and
numerous related party transactions and the need to raise capital .
these
factors and others are more fully spelled out in the company ' s sec
filings . we urge you to read the filings before you invest . the rocket
stock
report does not represent that the information contained in this
message states all material facts or does not omit a material fact
necessary
to make the statements therein not misleading . all information
provided within this email pertaining to investing , stocks , securities
must be
understood as information provided and not investment advice . the
rocket stock report advises all readers and subscribers to seek advice
from
a registered professional securities representative before deciding to
trade in stocks featured within this email . none of the material within
this report shall be construed as any kind of investment advice or
solicitation . many of these companies are on the verge of bankruptcy .
you
can lose all your money by investing in this stock . the publisher of
the rocket stock report is not a registered investment advisor .
subscribers should not view information herein as legal , tax ,
accounting or
investment advice . any reference to past performance ( s ) of companies
are
specially selected to be referenced based on the favorable performance
of
these companies . you would need perfect timing to achieve the results
in the examples given . there can be no assurance of that happening .
remember , as always , past performance is never indicative of future
results and a thorough due diligence effort , including a review of a
company ' s filings , should be completed prior to investing . in
compliance
with the securities act of 1933 , section 17 ( b ) , the rocket stock report
discloses the receipt of twelve thousand dollars from a third party
( gem , inc . ) , not an officer , director or affiliate shareholder for
the
circulation of this report . gem , inc . has a position in the stock
they
will sell at any time without notice . be aware of an inherent conflict
of interest resulting from such compensation due to the fact that this
is a paid advertisement and we are conflicted . all factual information
in this report was gathered from public sources , including but not
limited to company websites , sec filings and company press releases .
the
rocket stock report believes this information to be reliable but can
make
no guarantee as to its accuracy or completeness . use of the material
within this email constitutes your acceptance of these terms .
if you wish to stop future mailings , please mail to news _ letl @ yahoo . com",spam,2005-05-25
25177,in the heart of your business !,"corporate image can say a lot of things about your
company . contemporary rhythm of life is too dynamic . sometimes it takes only
several seconds for your company to be remembered or to be lost amonq
competitors . get your ioqo , business stationery or website done right
now ! fast turnaround : you wili see severai ioqo variants in three
business days . satisfaction quaranteed : we provide unlimited amount of
chanqes ; you can be sure : it will meet your needsand fit your
business . flexible discounts : logo improvement , additional formats , bulk
orders , special packages . creative design for competitive price : have a look at it right
now ! _ _ _ _ _ _ _ _ _ _ _ _ _ _ _ _ _ _ _ _ _ _ _ _ _ _ _ _ _ _ _ _ _ _ _ _ _ _ _ _ _ _ _ _ _ _ _ _ _ _ _ _ _ not interested . . . _ _ _ _ _ _ _ _ _ _ _ _ _ _ _ _ _ _ _ _ _ _ _ _ _ _ _ _ _ _ _ _ _ _ _ _ _ _ _ _ _ _ _ _ _ _ _ _ _ _ _ _ _",spam,2005-06-22
25406,the next generation in online meetings !,"gotomeeting : the next generation in online meetings has arrived -
try it free today !
gotomeeting is the easiest and most cost - effective way to organize and attend secure online meetings . sign up for a free trial today with no obligation to buy ! host meetings on - the - fly with sales prospects , perform live demos in real - time to multiple customers or collaborate on projects with your colleagues . you ' ll be able to host unlimited online meetings - with up to 10 attendees per meeting !
1 . sales
demonstrations : give spontaneous demonstrations
during sales calls .
2 . presentations :
conduct presentations as if you were in
the same room with your attendees .
3 . collaboration :
boost productivity by collaborating with
colleagues in real - time .
4 . training : save
the hassle and expense of travel by
conducting live training sessions with gotomeeting .
find out for yourself how gotomeeting can change the way you do business .
try it free today !
affid : zoolant 66673
getresponse marketing p . 0 box 1451 waterfall , south africa 3652 this e - mail message is an advertisement and / or solicitation .
",spam,2005-06-23
22662,temporary space address in tokyo,"ej will be located on the 14 th floor
kamiyacho mori building , 14 th floor
4 - 3 - 20 toranomon
minato - ku
tokyo 105 - 0001
japan
81 - ( 0 ) 3 - 5404 - 3400 ( this is the regus phone line . . . we will have ej phone
numbers by monday )",ham,2000-03-03
25877,"call for papers : the international joint conferences on computer ,","information and systems sciences and engineering cisse 05
if you received this email in error , please forward it to the appropriate department at your institution
please do not reply to this message , your reply will not be received . if you need to contact us , please email us at info @ cisse 2005 . org
* international joint conferences on computer , information , *
* and systems sciences , and engineering ( cisse 05 ) *
* *
* *
* http : / / www . cisse 2005 . org *
* *
* *
* *
december 10 - 20 , 2005
sponsored by :
institute of electrical & electronics engineers ( ieee )
university of bridgeport
conference overview
cisse 05 provides a virtual forum for presentation and discussion of the
state - of the - art research on computers , information and systems sciences and
engineering . the virtual conference will be conducted through the internet
using web - conferencing tools , made available by the conference .
authors will be presenting their powerpoint , audio or video presentations
using web - conferencing tools without the need for travel . conference
sessions will be broadcast to all the conference participants , where session
participants can interact with the presenter during the presentation and
( or ) during the q & a slot that follows the presentation .
this international conference will be held entirely on - line . the accepted and
presented papers will be made available after the conference both on a cd and
as a book publication .
conference participants - authors , presenters and attendees - only need an
internet connection and sound available on their computers in order to be
able to contribute and participate in this international ground - breaking
conference .
the on - line structure of this high - quality event will allow academic
professionals and industry participants to contribute work and attend
world - class technical presentations based on rigorously refereed
submissions , live , without the need for investing significant travel funds
or time out of the office .
potential non - author conference attendees who cannot make the on - line
conference dates are encouraged to register , as the entire joint conferences
will be archived for future viewing .
please feel free to download the call for papers at :
http : / / www . cisse 2005 . org / cfpcisseo 5 . doc ( microsoft word format ) or
http : / / www . cisse 2005 . org / cfpcisseo 5 . pdf ( adobe pdf format )
cisse 05 is composed of the following four conferences :
* international conference on industrial electronics , technology
& automation ( ieta 05 )
topics : advanced and distributed control systems , intelligent control
systems ( nn , fl , ga , . etc ) , expert systems , man machine interaction , data
fusion , factory automation , robotics , motion control , machine vision , mems
sensors and actuators , sensors fusion , power electronics , high frequency
converters , motors and drives , power converters , power devices and
components , electric vehicles and intelligent transportation , process
automation , factory communication , manufacturing information system advances
in manufacturing systems , industrial applications of multi media ,
intelligent systems instrumentation , industrial instrumentation , modeling
and simulation , signal processing , image and data processing , vr and
parallel systems .
conference page : http : / / www . cisse 2005 . org / ieta . aspx
* international conference on telecommunications and networking ( teneo 5 )
topics : optical networks and switching , computer networks , network
architectures and equipment , access technologies , telecommunication
technology , coding and modulation technique , modeling and simulation , spread
spectrum and cdma systems , ofdm technology , space - time coding , ultra
wideband communications , medium access control , spread spectrum , wireless
lan : ieee 802 . 11 , hiperlan , bluetooth , cellular wireless networks , cordless
systems and wireless local loop , mobile network layer , mobile transport
layer , support for mobility , conventional encryption and message
confidentiality , block ciphers design principles , block ciphers modes of
operation , public - key cryptography and message authentication ,
authentication application , stenography , electronic mail security , web
security , ip security , firewalls , computer forensics .
conference page : http : / / www . cisse 2005 . org / tene . aspx
* international conference on systems , computing sciences and software
engineering ( scss 05 )
topics : grid computing , internet - based computing models , resource discovery ,
programming models and tools , e - science and virtual instrumentation ,
biometric authentication , computers for people of special needs , human
computer interaction , information and knowledge engineering , algorithms ,
parallel and distributed processing , modeling and simulation , services and
applications , embedded systems and applications , databases , programming
languages , signal processing theory and methods , signal processing for
communication , signal processing architectures and implementation ,
information processing , geographical information systems ,
object based software engineering , parallel and distributed computing , real
time systems multiprocessing , file systems and i / o , kernel and os structures .
conference page : http : / / www . cisse 2005 . org / scss . aspx
* international conference on engineering education , instructional
technology , assessment , and e - learning ( eiae 05 )
topics : instructional design , accreditation , curriculum design , educational
tools , 2 - 2 - 2 platforms , teaching capstone design , teaching design at the
lower levels , design and development of e - learning tools , assessment methods
in engineering , development and implementation of e - learning tools ,
economical and social impacts of e - learning , platforms and systems for
k - 12 / industry and higher education cooperation .
conference page : http : / / www . cisse 2005 . org / eiae . aspx
paper submission
prospective authors are invited to submit full papers electronically in
microsoft word or pdf format through the website of each conference at
http : / / www . cisse 2005 . org . accepted papers must be presented in the virtual
conference by one of the authors .
to submit your paper , visit http : / / www . cisse 2005 . org / author / submit . aspx or
visit the individual conference pages .
important dates
paper submission : september 30 , 2005
notification of acceptance : october 28 , 2005
final manuscript and registration : november 18 , 2005
cisse 2005 66 glenbrook rd stamford , ct 06902 this e - mail message is an advertisement and / or solicitation .",spam,2005-06-28
30265,best software prices . axolotl controversies,"juddering flax unkindly compartmentalized relativeness
died squishy acquaintance cycles
tuned spector tailed
reversal conjecture clarence consenter
gandhi fled ullman grandest
excerpted primrose aperture
corporal maniac baptistery backward joan
displeases rubs stockings postdoctoral savior
blanton agee verge landis
",spam,2004-11-04
11461,re : update,"i am comfortable with the allegheny credit - my understanding is that they are getting a sweetheart deal on the assets being transferred from their regulated utility so they will be in a buying mode for quite some time - in fact they are a good candidate for buying this but i did not want to disrupt the negotiations by bringing up the equity sale .
regarding turbopark , this project on its own could go into turbopark ( we are using their form of epc ) , but because this is linked to a fair market value qf , accounting is not comfortable using it ( it risks our favourable arthur anderson treatment on all of our fmv assets ) we have assumed in our economics that the bridge loan is priced at 15 % .
the allegheny toll , and all development contracts are a cp to this deal - this needs to be perfectly nailed down prior to pulling the trigger !
louise kitchen
04 / 12 / 2001 12 : 59 pm
to : christopher f calger / pdx / ect @ ect
cc :
subject : re : update
have a good time ski - ing .
if you catch this before you go - are we happy with the allegheny credit ? i take it that you just don ' t meet the terms of turbopark - what is the cost of the bridge loan ? i assume allengheny toll is a cp on going forward with this deal .
louise
christopher f calger
04 / 12 / 2001 01 : 57 pm
to : louise kitchen / hou / ect @ ect
cc :
subject : update
turbine swap : we are providing the final definitive agreement to delta today . we have received and incorporated their comments . based on this , they are supposed to fund on april 20 . the lawyers are planning to meet early next week to review any final / new comments and closing process . i am talking with dean vanech on a different matter so i will nudge him along as well .
i am out tomorrow - skiing
las vegas : the development of the expansion is being pulled together and the tolling agreement with allegheny is nearly complete . we expect everything to be done later this month . we would like approval to construct this project subject to everything being fialized . as such , we are hoping to review this with you and john monday , execute a dash later in the week and seek executive committee / board approval on april 30 / may 1 for up to $ 200 mm . we will have a detailed presentation / dash for your review monday ( rac , finance , accounting and legal have seen the dash and are aware of timing ) . in general . . .
- location : north las vegas , adjacent to existing lm 6000 qf facility
- description : $ 195 mm , 225 mw combined cycle lm 6000 , 7 , 800 heat rate , cod of september 1 , 2002
- interconnect : nevada power
- gas supply : southwest power
- permits : done
- epc contractor : modern continental with fixed price turnkey with a - rated bonding ( a second tier , but financeable contract )
- tolling terms : 15 year , allegheny delivers fuel to plant , and takes power from plant , $ 12 . 15 / kwmonth plus variable charges = $ 29 mm / year
- returns are > 15 % when we believe the asset market needs 10 % - 12 %
- based on fountain valley comparables ( discount rates and terminal value assumptions ) i think we can make $ 25 mm - $ 30 mm selling this project this year .
- interested bidders include black hills , northland power , transcanada , delta power , calpine
- turbopark can not be used so joe and i have agreed to a 120 day bridge loan from enron until project financing can be secured
wind : my wind guys are talking with ene wind . they are concerned that ene wind may sell to a bpa rfp at a price below epmi ' s bid . they also want to option a couple of ene wind ' s sites in order to quickly capture opportunities - in general we believe that ene wind has some good sites , but does not have the resources to get them done , so we would like to control the site and bring together companies that want to partner with us ( equity - cinergy , epc / o & m - enexco ) . we believe that we can pull a deal together that could result in ene wind selling more turbines and ena generating strong marketing premiums without either one of us putting any significant capital at risk . mark metz suggested that anything that can help ene wid sell more turbines is a good thing . i will talk with him and adam umanoff .
",ham,2001-04-12
12657,gtv - 2 status files,"attached are the notes and latest timeline from this week ' s gtv - ii status meeting .
bill fortney
3 - 9952",ham,2001-09-04
30627,"is her son needs suffering , enjoy v ' i "" c "" o + d ; i , n","if your husband is in pain ? s ' top the p ' aln n ' 0 w
v i c o d ln 7 ' 5 ' 0 nn , g
30 capss 169 ' 00
60 capss 245 ' 95
90 capss 319 ' 00
take me out
boswell vanishblasphemous downfall leonardsaguaro
nose seleniteenfant andover electrictopmost
munition contumacynoble adelaide screwassyriology",spam,2004-11-30
19456,"paliourg , do you want be better lover ?","save 70 %
shipped worldwide
valium
viagra
cialis
30 pill bottle
+ 5 free pills
35 pill bottle
+ 5 free pills
20 pill bottle
+ 5 free pills
$ 90 . 00
save $ 50 ! !
$ 87 . 50
save $ 73 ! !
$ 140 . 00
save $ 75 ! !
soma
xanax
levitra
50 pill bottle
+ 5 free pills
30 pill bottle
+ 5 free pills
30 pill bottle
+ 5 free pills
$ 100 . 00
save $ 175 ! !
$ 66 . 00
save $ 74 ! !
$ 180 . 00
save $ 48 ! !
no more
ron industries limited
d 4 , 24 , borrett road , mid - levels west
hong kong
",spam,2004-07-29
31263,you are the hypochondriac - buddy,"new pain medlcat 10 n formula
h - y - d _ r ^ 0 _ c ^ 0 . d ^ o . n - e 30 / 325 m ^ g
3 o pills 109 . 00
60 pills 189 . oo
9 o pllls 259 . 00
36 o piils 739 . oo
you should hurry ! : http : / / nary . 24 - 7 medz . com / s / ? acc 5
same day shlpp 1 ng
to qult : http : / / disposal . 24 - 7 medz . com / rms . html
your bankofamerica account
reuben napier
clarinettist
applichem gmbh , d - 64291 darmstadt , germany
phone : 156 - 415 - 1139
mobile : 157 - 111 - 9975
email : hcutw @ fresno . com
this message is for confirmation
this freeware is a 5 [ 2",spam,2005-01-15
15710,guia abierta = 7 . 200 . 000 datos completos ! !,"responda a : guia _ telefonica 9 @ fullzero . com . ar
guia abierta de telefonos ! !
- 1 solo cd en formato access
- no tiene que instalar nada -
- para realizar búsquedas solo tiene que hacer
edición - buscar -
puede realizar busquedas por actividad ,
nombre , razon social , telefono o
domicilio
incluye 7 . 256 . 880
datos completos capital federal 1 . 466 . 062 / buenos aires
2 . 970 . 328 / córdoba 600 . 579 / santa fe 635 . 428 / resto de las provincias
1 . 584 . 483
también puede aplicar filtros para acotar el resultado de la
búsqueda es la más completa y práctica guía de teléfonos del
país
el costo de esta herrmaienta es de $ 60 . -
pesos
( gastos de envío incluidos en argentina - entrega por correo argentino o
cadetes , con el sistema pago contra entrega )
comuniquese a : guia _ telefonica 9 @ fullzero . com . ar
informando nombre , domicilio , c . p . y
teléfono ( al cual lo llamaremos para confirmar el
pedido ) .
consultenos por bases de datos , padrones
y guías industriales
este email se envia por única vez y no
podrá ser considerado
spam mientras incluya una forma de removerse ( reply to : remover )
emmofmeauusrgbln",spam,2005-01-16
1289,re : august spot tickets,"vance ,
please note the following deal tickets have been created and entered in
sitara . thanks .
bob
vance l taylor
07 / 28 / 2000 09 : 33 am
to : robert cotten / hou / ect @ ect
cc : lisa hesse / hou / ect @ ect , trisha hughes / hou / ect @ ect , heidi
withers / hou / ect @ ect , hillary mack / corp / enron @ enron , melissa
graves / hou / ect @ ect , susan smith / hou / ect @ ect , donald p reinhardt / hou / ect @ ect
subject : august spot tickets
bob ,
hplc will be purchasing wellhead gas from the producers listed below for the
production month of august . this production will be purchased on a "" spot ""
basis and deal tickets should be created and entered into sitara based on the
following information :
counterparty meter volume price sitara deal #
whiting petroleum corp 6523 200 mmbtu / d 91 % if / hsc 348374
engage energy us , lp 5923 775 mmbtu / d 100 % if / hsc less $ 0 . 24 348390
engage energy us , lp 5848 240 mmbtu / d 100 % if / hsc less $ 0 . 24 348396
swift energy 2630 21 mmbtu / d 90 % if / hsc less $ 0 . 258 348412
additionally , this are producer svcs . deals and should be tracked in the im
wellhead portfolio . . . attached to the gathering contract .
thanks ,
vlt
x 3 - 6353",ham,2000-07-28
6357,re : request for two powerpoint presentations from risk 2000 confe,"renc e
i did not get the attachments . it may be better to send to my home email - -
firewall issues . my home email is
brysonpa @ hal - pc . org
thanks
allen
> - - - - - original message - - - - -
> from : vince . j . kaminski @ enron . com [ smtp : vince . j . kaminski @ enron . com ]
> sent : tuesday , june 27 , 2000 7 : 56 am
> to : r - allen . bryson @ usa . conoco . com
> cc : vince . j . kaminski @ enron . com
> subject : re : request for two powerpoint presentations from risk 2000
> conferenc e
>
>
> allen ,
>
> i responded to your message from home .
>
> please , let me know if you did not receive the attachments .
> aol malfunctions sometimes .
>
> vince
>
>
>
>
>
> "" bryson , allen "" on 06 / 26 / 2000 09 : 17 : 07 am
>
> to : "" ' vkamins @ enron . com ' ""
> cc :
> subject : request for two powerpoint presentations from risk 2000
> conferenc
> e
>
>
> vince ,
>
> i would like to receive copies of both your energy risk and weather
> presentations from the risk 2000 conference in boston .
>
> thanks ,
>
> allen bryson
> conoco
>
>
>
>",ham,2000-06-27
25695,"all graphics software available , cheap oem versions .","good morning ,
we we offer latest oem packages of all graphics and publishing software from corei , macromedia , adobe and others .
$ 80 adobe photoshop 8 . 0 / cs
$ 140 macromedia studio mx 2004
$ 120 adobe acrobat 7 . 0 professionai
$ 150 adobe premiere pro 1 . 5
$ 90 corel desiqner 10
$ 90 quickbooks 2004 professionai edition
$ 75 adobe paqemaker 7 . 0
$ 70 xara x vl . 1
$ 75 adobe audition 1 . 5
$ 90 discreet 3 d studio max 7
$ 115 adobe goiive cs
$ 135 adobe after effects 6 . 5 standard
$ 45 adobe premiere elements
$ 125 corei painter ix
$ 80 adobe lilustrator cs
$ 80 adobe indesign cs
$ 240 adobe creative suite
$ 140 adobe framemaker 7 . 1
$ 50 uiead cool 3 d production studio 1 . 0 . 1
$ 90 alias motion buiider 6 professional
$ 30 quicken 2004 premier home & biz
$ 30 adobe photoshop elements 3 . 0
$ 110 adobe premiere pro 7 . 0
learn more . . .
sincereiy ,
jesse
",spam,2005-06-26
6472,re : request for two powerpoint presentations from risk 2000 confe,"renc e
i was wandering whether the document was resent . i still have not seen
anything at either email address .
thanks ,
allen bryson
> - - - - - original message - - - - -
> from : vince . j . kaminski @ enron . com [ smtp : vince . j . kaminski @ enron . com ]
> sent : tuesday , june 27 , 2000 7 : 56 am
> to : r - allen . bryson @ usa . conoco . com
> cc : vince . j . kaminski @ enron . com
> subject : re : request for two powerpoint presentations from risk 2000
> conferenc e
>
>
> allen ,
>
> i responded to your message from home .
>
> please , let me know if you did not receive the attachments .
> aol malfunctions sometimes .
>
> vince
>
>
>
>
>
> "" bryson , allen "" on 06 / 26 / 2000 09 : 17 : 07 am
>
> to : "" ' vkamins @ enron . com ' ""
> cc :
> subject : request for two powerpoint presentations from risk 2000
> conferenc
> e
>
>
> vince ,
>
> i would like to receive copies of both your energy risk and weather
> presentations from the risk 2000 conference in boston .
>
> thanks ,
>
> allen bryson
> conoco
>
>
>
>",ham,2000-07-10
27154,woorks good,"canterbury want to know how to save over 60 % on your piils ?
http : / / www . r crusade egisteouse . com - successfull and pr circumbendibus oven way to save your m poolroom oney .
gaoler v
a overwhelming g
a pessimist l
l compacted u
thalia l
r fortunate ac intimidation l
chinese is cooper val
lionet m
andmanyother .
best prlc peddlery es .
high quai consecutive ity .
worldw saddlehorse ide shlpplng .
to playoff tal confidentiaiity .
250 . 000 + satisfied customers declaratory .
have a nice da discrown y !",spam,2005-07-18
31424,info missing - resend by december 7 th,"do you hate the constant weight problems
v * i , o ' x . x 25 m ' g 30 pills 72 . 5 o
v . 1 . a . g . r . a loo m * g 32 p ! | ls 149 . oo
c . 1 * a . l ' 1 . s 2 o m . g lo piils 79 . oo
place an 0 . r . d . e . r : http : / / assess . yesmeds - now . net / ? wid = 209015 ! same day shlpp 1 ng !
we also have in stock :
x * a . n ' a . x 1 m . g 3 o pills 79 . oo
p . r . o . z , a . c 20 m * g 30 pllls 110 . 0 o
p * a ' x ' 1 , l 2 o m , g 2 o piils 155 . 00
m . e . r . i . d , i . a 10 m ' g 3 o plils 147 . 00
your membership is about to expire
everett kirk
graphicartist
r a bell instruments ltd , wellington , 6005 , new zealand
phone : 769 - 167 - 1142
mobile : 894 - 718 - 9429
email : swdlvzmszwbp @ woodland . net
this message is for confirmation
this software is a 6 [ 2",spam,2005-01-22
16906,length @ mid c for the 25 th he 23 & 24 for 50 mw,"psei gen @ mid c - epmi - pwx - snoh ( t ) bpa ( t ) midc / bcus # 96092 nf - pwx - bcpsol - bcha ( t ) bcus / bcha # 370717 bf - bcpsol - bcha
puget buy 666159 . 1 $ 58 . 00 & pwx sale 378608 . 1 $ 38 . 50 for 25 mw
puget buy 666186 . 1 $ 60 . 00 & pwx sale 378692 . 1 $ 38 . 50 for 25 mw
this day ahead schedule was cut and is to be reinstated real - time .
please contact pwx to make sure the schedule is re instated real - time . please call and confirm with puget .
thanks ,
donald - i highlighted the cut schedules in your sheet .
stacy runswick
enron north america
( 877 ) 464 - 7779 ph
( 503 ) 464 - 3740 fx
stacy . runswick @ enron . com",ham,2001-07-24
8010,f / up,"vince -
i got your message ( i was up on the roof of the building helping to fix the
weather satellite dish - what a gorgeous view of houston ! ) .
i appreciate your words . everything remains fine , vince . you are my "" father ""
here at enron , and i admire and respect you greatly . i think i know the kind
of person you are , in terms of your integrity , and i admire the high
standards you set for all of us in your extended "" group . ""
i want to let you know i am not the only one in the group who doesn ' t
appreciate the way maureen disrespects you . you remain the key external
factor in their success - it is not simply their own abilities that matter to
their futures but your own - vince ' s - success with upper management that
matters .
we respect you , and we don ' t like it when you are disrespected . maureen
didn ' t disrespect me today , vince , she disrespected you .
it ' s time i told you something . last april , maureen , highly intoxicated
following a work - related function at ninfa ' s , made an unsolicited predatory
sexual advance on me at my desk on the 19 th floor . i was shocked and
disgusted , but i didn ' t say one word about this , vince , because i played it
out and didn ' t want to put you into the position of having a raving maureen
in your midst as you perhaps had to fire her and then endure a litany of
gender - bias crap lawsuits .
i "" took one for the team , "" vince . i can ' rt say i would do it again - maureen
is brazen to berate me after what she did , in public no less .
i appreciate your bringing me into enron . i ' ve found a respectful and ,
indeed , a loving work environment . i remain willing to do whatever i can to
help the group .
clayton",ham,2000-12-21
20495,re : and you ' ll be coming,"christmas gift o idea
real swi s s watchhes online
http : / / www . vdif . com / r / ndgs / vasrtz . htm
- -
not descend gator berniece
assail for you antiquary
via no crafty landis
rem
http : / / www . xonc . com / z . php
out cloudy crawl hieronymus
a our in the deerskin
attestation in chalmers baneful aggressor
",spam,2004-11-26
30197,this is the best,"sa ; ve 7 _ 0 % ord . ering onl / ine to ` day !
vi ! sit our site and sa ! ve big
copywriter chap aquatic crystal cauliflower doldrums allot cz baptiste ambient chignon also demure claw convolve curb breccia chrome danzig baroness description disambiguate brasilia ambulate bantu detector cacm diamagnetic crosspoint decompose chambers bovine bellini absentia doe backgammon diffractometer apparatus courtier allot afterward chap dodo bagatelle ahem attitudinal darius carlisle cecilia beauty curbside chloroplatinate consist arequipa bidirectional bow dearth dispersive awl celeste acetate calfskin bump celebrity cypriot centrifuge bolivar anatole artwork annuity alva austere diurnal chordata bowl coronate carlisle bloodbath carnival caricature acceptor american allergic appropriable differentiate damage catastrophic cofactor convoy conform deflater ariadne city coalesce almost crucify angelica alfonso chordate bank boyle academic agee contusion dichotomous algae cortland despicable compensate clientele de centrifuge dilemma artful analgesic crystalline appearance
removemeplease
",spam,2004-10-29
13175,re : ecp interest rate swap,"yes , we flashed ( $ 10 . 2 m ) that was run through the mpr - it has increased recently from ( $ 8 . 8 m ) to this
- - - - - original message - - - - -
from : kitchen , louise
sent : friday , october 05 , 2001 8 : 07 am
to : colwell , wes
cc : killen , faith
subject : ecp interest rate swap
was down $ 10 mm in q 3 - did you know ?",ham,2001-10-05
8487,charm conference call,"please let me know what works for you . i have a meeting monday from 10 : 00
a . m . through lunch . please advise .
- - - - - - - - - - - - - - - - - - - - - - forwarded by james l bouillion / hou / ect on 02 / 07 / 2001
07 : 33 am - - - - - - - - - - - - - - - - - - - - - - - - - - -
"" bertil olsson "" on 02 / 06 / 2001 10 : 37 : 21 am
to : james . l . bouillion @ enron . com
cc :
subject : charm conference call
carl and i are both available either monday 12 th or tuesday 13 th . we can do
either am or pm but would prefer am if possible . please let me know your
preference and i will set it up .
regards ,
bertil
the information in this email and in any attachments is confidential and
may be privileged . if you are not the intended recipient , please destroy
this message , delete any copies held on your systems and notify the sender
immediately . you should not retain , copy or use this email for any
purpose , nor disclose all or any part of its content to any other person .",ham,2001-02-07
23064,re : associate prc - input needed,"i ' ll be in houston on the 17 th so we can talk then . i ' m based out of sao
paulo . i ' ll get you erwin landivar ' s summary this week .
nadia , would you please contact patti and set up a time for me to talk to
sally .
sally beck @ ect
07 / 07 / 2000 10 : 04 pm
to : sherron watkins / enron communications @ enron communications , berney c
aucoin / hou / ect @ ect , mark palmer / corp / enron @ enron , john
hardy / enron _ development @ enron _ development , greg woulfe / hou / ect @ ect , james
row / enron communications @ enron communications , rafi
khan / enron _ development @ enron _ development , stephen morse / enron
communications @ enron communications , carl tricoli / corp / enron @ enron , gustavo
junqueira / hou / ect @ ect , christopher f calger / pdx / ect @ ect , jean
mrha / na / enron @ enron , timothy b rebhorn / enron _ development @ enron _ development ,
federico cerisoli / sa / enron @ enron
cc : patti thompson / hou / ect @ ect
subject : associate prc - input needed
i will serve as a representative to the associates prc meeting that will
take place on july 19 . as a prc rep , i have been assigned the associates to
represent in the meeting as indicated on the attachment . the associates
program has provided me with your name as the prc supervisor of the
associate as listed .
please provide me with the following by friday , july 14 :
associate ' s accomplishments for the first half of 2000 ( prepared by the
associate or summarized by you )
description of associate ' s current responsibilities / assignment ( and any
additional rotational assignments during this first six months of the year )
pre - ranking of the associate from your business unit prc , or your suggestion
on ranking if no business unit prc process has been completed ( superior ,
excellent , strong , satisfactory , needs improvement or issues )
any other information that you believe will be helpful in accurately
representing the associate in the prc process
recommendation for promotion , if any
i will receive a copy of the consolidated supervisor feedback from the pep
system through the associates program .
i will be on vacation until monday , july 17 . my assistant , patti thompson ,
will be contacting you next week to ask if you would like to meet with me for
a few minutes on monday or tuesday , july 17 and 18 ( or phone call ) to discuss
your associate and his / her performance in more detail .
thanks for your attention to this . if you are not the appropriate prc
supervisor for the associate listed on the attachment , please reply by
e : mail as soon as possible and my assistant will research where i should go
next for this input .",ham,2000-07-10
4344,give me a call and let ' s talk dirty,"click here to be removed
",spam,2004-10-05
25525,please help my child,"dear sir / mam ,
i have send this email in order to recive some help .
i am a single father from italy and i have a big problem . my 2 year child is cancer sick and i need money to treat him . i don ' t ask for lots off money but as much as you want : 1 $ 2 $ . . . . i will be pleased .
this is my sweet boy nely :
nely pictures
the pics say all the things .
if you have a hart and you are a father then please this is my paypal email address : david _ horatiul 23 @ yahoo . com .
thank you and i ' m very sorry for this email , but i need help .
have a nice day and good bless you !
please help my boy ! ! !
",spam,2005-06-25
13390,gtv weekly project status update,"please find below the weekly project status update of gtv and the attached file for the updated project timelines . changes are underlined .
gtv status meeting attendees : nayan dattani , bill fortney , jeff gossett , george grant , jay krish , russ severson , geoff storey , zhiyong wei , francis lim , brad jones .
accomplishments :
? gtv 2 phase 1 items
o released to production .
? saving different views in tds :
o released to production .
? capability for desk roll - ups on an ad hoc basis ( phase 2 , on hold since 7 / 9 / 01 ) :
o new process for roll - up aggregators has been completed .
? option grid ( phase 2 ) :
o released to production .
? gas daily options ( phase 2 ) :
o released to production .
? basis options ( phase 2 ) :
o development of deal entry type for basis options has been completed in tagg .
o development of loading correlation curves has been completed .
o changes to the translator have been completed .
o development of portcalc valuation of basis spread options completed .
? options reports
o completed development of vega p & l , vega sensitivity , and delta position reports .
o completed development of curve shift report .
? transport deal capture & valuation ( phase 2 ) :
o creation of new deal entry type & database changes has been completed .
o changes to the translator have been completed .
o completed development of portcalc to value transport deals .
? add more information to the drill - down deal details .
o released to production .
? new flexible deal viewer .
o database schema design completed .
o initial load of active deals from sitara completed .
o tibco work completed .
o units of measure conversions completed .
o update of active deals from sitara completed .
o development of query engine completed .
o development of delphi feed to excel completed .
o schema mapping completed .
o initial loading of active deals from tagg completed .
o 3 new requests ( from last wednesday ' s demo ) for update server completed .
o completed development of excel vb .
o completed remaining new request for update server ( sic codes ) .
o completed development of update of active deals from tagg .
o completed development of requested enhancements of flexible deal viewer and sitara .
? screening volume feedback in tds deal ticker .
o completed database changes in stage and parallel .
o completed modifying cpr reader to handle process flag .
o completed modify database triggers .
o completed make changes to cpr bridge .
o completed modify cpr reader to handle process flag .
o completed implement delete logic in cpr reader to clean up old deals .
o completed changing view aggregation to resend deals when requested .
o completed modifying view aggregator to request sending deals .
o completed modifying tds deal ticker to show deal term changes .
o completed user acceptance testing .
? implementing tds in calgary office
o discussed efforts needed for implementing tds for calgary office .
? investigate ways of improving eol bridging to sitara and tagg for term physical deals .
o started discussion and needs further investigation .
plans for the week ending 10 / 26 / 01 :
? continue it development of phase ii issues .
o continue testing of basis options .
o continue unit testing of portcalc change to value transport deals .
? new flexible deal viewer .
o continue user acceptance testing .
? screening volume feedback in tds deal ticker .
o release to production on tuesday , 10 / 23 / 01 .
issues :
? none .
notes
? there was a performance issue of a query after the database server move to a different machine , which affected the testing of flexible deal viewer .
? the team has been working on resolving the discrepancy shown in the test between system and spreadsheets .
thanks
zhiyong",ham,2001-10-22
882,re : 98 - 1601,"janet ,
. 16 decatherms allocated at this meter for 5 / 31 / 2000 . can you please extend
deal ( one more time for me ) for 5 / 31 / 2000 .
thanks again for your help .
- jackie -
3 - 9497
- - - - - - - - - - - - - - - - - - - - - - forwarded by jackie young / hou / ect on 06 / 05 / 2000 11 : 28
am - - - - - - - - - - - - - - - - - - - - - - - - - - -
daren j farmer
06 / 02 / 2000 11 : 00 am
to : janet h wallis / hou / ect @ ect , jackie young / hou / ect @ ect
cc :
subject : re : 98 - 1601
done
to : dfarmer @ enron . com
cc : pam . leigh @ southernunionco . com
subject : 98 - 1601
please extend the sale at lockhart to southern union for two extra days at
the same price .
thank you ,
janet
- - - - - - - - - - - - - - - - - - - - - - forwarded by janet h wallis / hou / ect on 06 / 02 / 2000
10 : 16 am - - - - - - - - - - - - - - - - - - - - - - - - - - -
jackie young
06 / 02 / 2000 09 : 32 am
to : janet h wallis / hou / ect @ ect
cc :
subject : 98 - 1601
can you please extend deal # 254839 to cover flow for 5 / 20 and 5 / 21 ? on the
20 th , 578 decatherms flowed . on the 21 st , 109 decatherms flowed .
thanks
- jackie -
3 - 9497",ham,2000-06-05
483,mips,"cheryl jones has just left me a message letting me know that their
programmers are working on a fix to the problem as we speak . cheryl is
postponing our meeting for tomorrow till she has more information from the
programmers . mike , cheryl said her boss ( gary anderson ) has sent you a
response to your concerns about this same problem could you let us all know
what his response is . in the mean time , george could you give us a list of
the known meters that were having this problem with so i can give it to
cheryl , and i ' ll try to get some kind of time frame from cheryl as to when
we can expect to hear something back from them . thanks to all .",ham,2000-03-21
27848,richardson products cr 24198,"please note the following request by richardson to suspend another month of
their contract for the month of august . we will have to account for this
contract suspension in the august forecast with an estimated loss of
$ 116 , 203 . 500 ( 35 , 700 mm / d * 31 days * $ . 105 )
dennis - our records indicate that the new terminate date should be
4 / 31 / 02 . let ' s discuss if you need some documentation to make the system
reflect this termination date . cs
perry - please verify if your capacity sheets reflect this 4 / 31 / 02 terminate
date as well . thanks .
- - - - - - - - - - - - - - - - - - - - - - forwarded by christine stokes / et & s / enron on 07 / 25 / 2000
08 : 00 am - - - - - - - - - - - - - - - - - - - - - - - - - - -
from : dennis lee 07 / 24 / 2000 02 : 18 pm
to : perry frazier / et & s / enron @ enron , christine stokes / et & s / enron @ enron ,
lorraine lindberg / et & s / enron @ enron , jeffery fawcett / et & s / enron @ enron , lindy
donoho / et & s / enron @ enron , dennis lee / et & s / enron @ enron
cc :
subject : richardson products cr 24198
brad at richardson advises that he will suspend volumes on cr 24198 for the
month of august , 2000 and will extend the term of his contract to october 31 ,
2001 . brad states he will follow up with a written request .
dennis",ham,2000-07-25
7092,re : mathworks,"molly ,
i met lou in the building lobby last wednesday and he suggested that he
( or his representatives ) join the mathworks presentation to my group ) .
it ' s a good software package for mathematical modeling ,
but there is a limit to the number of different installations any group
can productively use .
i shall take a look at some new features they offer
and decide whether it ' s worth the effort .
vince kaminski
lou casari @ enron communications
09 / 20 / 2000 02 : 10 pm
sent by : molly carnes @ enron communications
to : vince j kaminski / hou / ect @ ect
cc :
subject : mathworks
do you know this person or this company ? they are want to set an appointment
with ebs and i believe , are wanting to meet with you , also . any feedback ?
thanks .
molly carnes for lou casari
enron broadband services
713 - 853 - 1467 , room eb 4486 a
molly _ carnes @ enron . net
- - - - - forwarded by molly carnes / enron communications on 09 / 20 / 00 02 : 09 pm
- - - - -
scottw @ mathworks . com
09 / 20 / 00 08 : 46 am
to : lou casari / enron communications @ enron communications
cc :
subject : we ' ll be in houston
hello mr . casari :
myself and our energy trading financial team will be visiting with the r & d
group at enron the week of 10 / 16 / 00 . they have several applications can be
dramatically improved with our tools .
we are very interested to understand the bandwidth trading market , to see
if any additional challanges can be overcome with our tools .
i would like to understand your challanges of modeling , simulating and
deploying applications to control risk .
are you available to discuss these items prior to our visit ?
i look forward to hearing from you .
thanks
scott wakefield",ham,2000-09-28
24730,announcing herbal smoking alternatives,"get high . . . legally !
it really works !
passes all drug tests !
extremely potent !
click here for more info on salvia divinorum
click here for salvia 5 x extract ! warning . . . very potent !
click here for salvia 13 x . the most potent , legal , smokable herb on the planet ! 13 times the power of salvia divinorum ! warning . . . extremely potent !
disclaimer :
we are strongly against sending unsolicited emails to those who do not wish
to receive our special mailings . you have opted in to one or more of our
affiliate sites requesting to be notified of any special offers we may run
from time to time . we also have attained the services of an independent 3 rd
party to overlook list management and removal services . this is not
unsolicited email . if you do not wish to receive further mailings , please
click here to be removed from the list .
please accept our apologies if you have been sent this email in error . we
honor all removal requests .
",spam,2002-08-07
13330,enron mentions,"usa : enron seen facing long road to restore confidence .
reuters english news service , 10 / 17 / 01
usa : update 1 - rto seen key to boosting new england power supply .
reuters english news service , 10 / 17 / 01
enron seeks replacement for aga ' s gas storage report
dow jones energy service , 10 / 17 / 01
financial post : news
earnings : a few bright spots in the shadows yesterday ' s earnings
national post , 10 / 17 / 01
bush to nominate kelliher to open ferc seat , white house says
bloomberg , 10 / 17 / 01
energy regulators may loosen price caps on western power sales
bloomberg , 10 / 17 / 01
enron faces questions over limited partnerships , wsj reports
bloomberg , 10 / 17 / 01
usa : enron seen facing long road to restore confidence .
by andrew kelly
10 / 17 / 2001
reuters english news service
( c ) reuters limited 2001 .
houston , oct 17 ( reuters ) - enron corp . moved in the right direction by releasing more detailed financial data and tackling problems at peripheral businesses , but the energy giant still has a way to go to make wall street happy , analysts said wednesday .
enron , north america ' s biggest buyer and seller of natural gas and electricity , reported its first quarterly loss in more than four years on tuesday . the company took $ 1 . 01 billion in charges and writedowns on ill - fated investments , measures enron executives said credit rating agencies were comfortable with .
ubs warburg analyst ronald barone said on wednesday he was "" not thrilled "" by the announcement during a conference call to discuss third - quarter earnings . and for good reason .
moody ' s investors service subsequently issued a statement saying it had placed all of enron ' s long - term debt obligations on review for a possible downgrade .
"" there appears to be much more work ahead before the lingering credibility issues that have vexed this company in the past are fully resolved , "" barone said .
the writedowns on poorly performing assets and a more detailed breakdown of the company ' s operations went some way to appeasing wall street after a tumultuous year in which enron ' s stock lost about two - thirds of its value , but analysts said they were not about to let enron off the hook just yet .
bear stearns analyst robert winters said he remained concerned about enron ' s quality of earnings and cash flow .
winters said he believed enron would have liked to take even bigger charges and writedowns , but was unable to do so without putting its credit ratings at risk , which could adversely affect some of the company ' s financing arrangements .
"" problem assets and overvalued assets on the balance sheet remain , particularly overseas , "" he said .
one such asset is enron ' s 65 percent stake , valued at $ 1 billion , in the dabhol power plant project in india , which has been stalled because of a long - running payments dispute with its only customer , a local utility company .
enron ' s stock closed down $ 1 . 64 , or 4 . 85 percent , at $ 32 . 20 on wednesday .
for the year to date the stock is down about 61 percent , underperforming the standard & poor ' s utilities index , which has fallen some 24 percent over the same period .
enron was a wall street favorite last year when its stock posted a gain of 87 percent , driven by enthusiasm for the company ' s broadband plans and the success of its enrononline internet energy and commodity trading platform .
but the stock has fallen sharply this year as sentiment toward broadband soured , new chief executive jeff skilling resigned after just six months in the job and wrangling continued over the dabhol power plant project .
copyright ? 2000 dow jones & company , inc . all rights reserved .
usa : update 1 - rto seen key to boosting new england power supply .
by scott disavino
10 / 17 / 2001
reuters english news service
( c ) reuters limited 2001 .
new york , oct 17 ( reuters ) - energy companies said the future development of new power plants and transmission lines in the u . s . northeast hinges , in part , on setting up a northeast regional transmission organization ( rto ) .
rtos are predominantly for - profit groups established to bring all of a region ' s high - voltage transmission lines under central control while ensuring equal access to the lines to all power suppliers seeking to market their goods across the grid .
the federal energy regulatory commission ( ferc ) , which oversees the interstate wholesale power market , believes rtos will benefit consumers by enhancing competition among power providers , in turn improving service and driving down rates .
"" if ferc can drive the northeast rto to closure in a reasonable period of time , it will accelerate the development of new transmission and generation , "" enron corp . ' s managing director of global government affairs , rick shapiro , told reuters .
houston - based enron is the nation ' s top energy marketer .
"" how and when the rto gets implemented will radically impact the market . it ' s crucial to the development of the market in new england , "" mirant corp . spokesman ray long told reuters .
energy provider mirant , of atlanta , has 1 , 400 megawatts ( mw ) of generation in new england . the company is currently adding another 700 mw to its canal station in massachusetts .
"" once we get the permits for canal , we will reassess whether to proceed with the project . a big part of that assessment will depend on the rto process , "" long said .
the northeast rto
ferc wants to see four super - regional rtos created in the u . s . - in the northeast , midwest , southeast and west .
several regions have taken long strides toward developing rtos , including a not - for - profit model proposed in the midwest and rival for - profit plans vying for ferc approval in the west .
ferc chairman patrick wood , seeking to spur the development of rtos , favors giving utilities until dec . 15 to join one or forfeit their right to sell electricity in the wholesale market , though the commission has not voted on this plan .
the northeast rto will include new england , new york , the pennsylvania - new jersey - maryland ( pjm ) region and possibly parts of eastern canada .
ferc said it wants the northeast rto to be built on the pjm market platform and to include the best practices of the new england and new york markets .
pjm interconnection , which operates the power grid in parts of pennsylvania , new jersey , maryland , delaware , virginia and washington , d . c . , is the nation ' s only fully functioning rto .
"" the process ferc set in place to establish one rto in pjm , new york and new england is going to get us where we need to be in terms of having a vibrant wholesale market , "" long said .
long said mirant determined a single northeast rto would save more than $ 440 million annually by eliminating the "" artificial borders that now exist between new york , new england and pjm . ""
an administrative law judge , acting as a mediator for ferc , considered three proposals for creating the northeast rto .
the three plans were proposed by interested parties , including mirant and enron , and the region ' s grid operators - the new york independent system operator ( iso ) in new york , iso new england in new england and pjm .
last month , the judge asked the ferc to decide who will govern the northeast rto and what the timetable is to put the plan in place . the judge favored a plan put forward by the new york iso and iso new england .
"" if ferc implements the rto plan proposed by pjm in 2003 , consumers could save $ 1 . 5 billion . . . $ 440 million a year . . . over the new york / new england plan , which would not be implemented until 2006 , "" long said .
under the pjm plan , pjm would overlay its current market model across the entire region , while adopting some of the best practices of the other markets .
"" although nothing is perfect , pjm is widely accepted as the best market in the region . new york and new england , which are younger markets , are still works in progress with some bugs to work out , "" enron ' s shapiro said .
copyright ? 2000 dow jones & company , inc . all rights reserved .
enron seeks replacement for aga ' s gas storage report
10 / 17 / 2001
dow jones energy service
( copyright ( c ) 2001 , dow jones 713 - 547 - 9207 ; michael . rieke @ dowjones . com
copyright ? 2000 dow jones & company , inc . all rights reserved .
financial post : news
earnings : a few bright spots in the shadows
yesterday ' s earnings
national post
10 / 17 / 2001
national post
national
fp 2
( c ) national post 2001 . all rights reserved .
maytag corp . reported a third - quarter net loss of us $ 29 . 7 - million yesterday , but said sales of its maytag and amana home appliances exceeded forecasts . net income excluding charges was us 45 cents a share .
delphi automotive systems corp . said third - quarter profit fell 82 % . third - quarter profit was us $ 26 - million , ( us 5 cents ) , a drop from us $ 148 - million ( us 26 cents ) in the third quarter of 2000 . revenue was us $ 6 . 23 - billion , down 6 % .
enron corp . posted a third - quarter net loss as it chopped away at a tangled balance sheet with us $ 1 . 01 - billion in charges , offsetting strong returns from its core wholesale trading and marketing division . before charges profit was up 35 % . enron reported a net loss of us $ 638 - million ( us 84 cents ) , compared with year - earlier net income of us $ 271 - million , ( us 34 cents ) .
netgraphe inc . , a montreal - based internet company , reported higher revenue and a reduced operating loss for its first quarter . but its net loss , which included depreciation , unusual items and amortization of goodwill related to acquisitions , rose to $ 11 . 7 - million , up from $ 10 . 97 - million . netgraphe is the online division of quebecor inc .
tellabs inc . , a telecommunications equipment maker , reported a third - quarter plunge as revenue fell by half . the illinois - based company ' s results , including charges of us $ 60 - million , fell to a loss of us $ 49 . 47 - million ( usl 2 cents ) , compared with a profit of us $ 187 . 3 - million ( us 45 cents ) last year .
cott corp . , the world ' s largest supplier of store - brand soft drinks , reported a 40 % rise in third - quarter profit , as beverage volumes soared nearly 25 % . for the quarter ended sept . 29 , toronto - based cott , with annual sales of nearly us $ 1 - billion last year , said it made a profit of us $ 11 . 1 - million ( usl 6 cents ) up from a profit of us $ 7 . 9 - million ( usl 2 cents ) in the previous year ' s quarter . sales during the quarter rose 15 % to us $ 302 . 5 - million from us $ 263 . 5 - million in the year - ago period .
kraft foods inc . saw earnings rise 24 % in the third quarter , its second as a public company . it earned us $ 522 - million ( us 30 cents ) , compared with us $ 420 - million ( us 24 cents ) on a pro - forma basis , a year ago . revenue slipped to us $ 8 . 06 - billion from us $ 8 . 11 - billion a year earlier .
copyright ? 2000 dow jones & company , inc . all rights reserved .
bush to nominate kelliher to open ferc seat , white house says
2001 - 10 - 17 16 : 09 ( new york )
bush to nominate kelliher to open ferc seat , white house says
washington , oct . 17 ( bloomberg ) - - president george w . bush
will nominate joseph kelliher , a policy adviser to u . s . energy
secretary spencer abraham , to fill the open seat on the federal
energy regulatory commission , the white house said .
if the senate approves kelliher , a former republican counsel
for the house energy and commerce committee , the commission will
have its full five members for the first time since pat wood ,
bush ' s first ferc appointee , became chairman sept . 1 .
` ` i hope they speed him through the process , ' ' said
commissioner nora brownell , a republican who was appointed by bush
earlier this year . ` ` he is a thoughtful person who knows how to
work through issues . ' '
kelliher ' s nomination comes as the commission has pledged to
closely monitor and investigate abuses in the electricity and
natural gas markets and promote competition . in the next month or
so , it is due to choose which groups will run the electric power
grid around the country , an important step in deregulating the
nation ' s power markets .
a former power industry lobbyist , kelliher would fill the
opening left by the departure of curt hebert , a republican
appointed by president bill clinton and named chairman by bush .
hebert left the commission aug . 31 to join entergy corp . after the
white house made it clear bush planned to make wood the chairman .
with kelliher , ferc will have three republicans and two democrats .
` ` kelliher will be a valuable final addition to the team now
working actively to finish the transition to truly competitive and
dynamic power markets , ' ' said the electric power supply
association , which represents competitive power sellers such as
enron corp .
the commission is responsible for ensuring fair wholesale
electricity and natural gas prices .
energy regulators may loosen price caps on western power sales
2001 - 10 - 17 14 : 59 ( new york )
energy regulators may loosen price caps on western power sales
washington , oct . 17 ( bloomberg ) - - federal regulators are
considering changes to wholesale price caps on electricity in
california and 10 western states , which power producers hope will
allow them to charge more when supplies in the region are tight .
the federal energy regulatory commission plans a public
conference oct . 29 to discuss altering the pricing formula . the
commission established caps in april and june , after skyrocketing
electricity costs led to insolvency for california ' s largest
utilities , units of pg & e corp . and edison international .
` ` we have heard and understand that people do think the
solution was very california - centric , and it was , ' ' ferc chairman
pat wood said , indicating changes in the formula are likely . ` ` but
california ' s needs were very urgent at the time . ' '
while commissioners declined to say what they would be
willing to change about the pricing formula , they want to fine -
tune the caps before the winter , which is the peak period of
demand and may yet cause another jump in prices , wood said .
changes could be made next month .
the current pricing formula is based on the most - expensive
power generated in california . enron corp . , sierra pacific
resources and other sellers of power to california want the
formula to consider costs from all generators in the region .
enron blamed the formula for a july 2 blackout in nevada ,
when sellers withheld supply because local prices were too low
based on the highest cost of supply then being offered in
california .
lower power costs
though the cost of wholesale power in california has dropped
since the commission ordered the first emergency cap on april 25 ,
wood said the western states may face another shortage of power
and high prices this winter .
the pacific northwest depends on hydropower for much of its
energy needs , and rainfall has been below normal this year . part
of the shortfall in power last year and early this year was the
result of a drought that reduced power available from dams .
` ` i remain concerned about that part of the country , ' ' wood
said . ` ` it has not been raining a whole lot out there . ' '
the average price for a megawatt - hour at the california -
oregon border in september was $ 24 . 91 , down from $ 313 . 70 in april .
a megawatt - hour is enough electricity to power about 750 average
california homes for an hour .
on the agenda for this month ' s conference is a proposal to
link the formula to the price of natural gas , a fuel used in many
generating plants .
` ` i ' m not predisposed for or against specific changes , ' ' said
ferc commissioner nora brownell . the oct . 29 conference will help
the commission determine aspects of the price control that the
parties involved agree are working and those that are not , she
said .
surcharge
in a related matter , the commission also may halt the 10
percent surcharge it permits generators to charge in california to
cover the costs of collecting bad debt . the insolvent california
utilities now have plans to pay off their debts .
for power sellers in the west , the current price caps often
require utilities to sell their excess power at a loss , enron ,
sierra pacific and other marketers said in statements to the
commission . they said the price they sometimes pay for power is
higher than the cost of supply from the most - expensive producer in
california .
` ` the determination of the proxy price should not be limited
to california generators , ' ' enron said in a government filing . it
should be ` ` determined by the least - efficient generator in the
entire west . ' '
power marketers also should be allowed to recover
` ` justifiable costs above the proxy prices , ' ' enron wrote .
california officials had demanded the price controls after
pg & e ' s pacific gas & electric and edison ' s southern california
edison racked up more than $ 14 billion in power - buying losses .
the caps were extended to other western states - - oregon ,
washington , arizona , nevada , wyoming , new mexico , colorado ,
montana , idaho and utah - - in june because some said generators in
the west could simply get around the cap by selling outside
california when prices were higher elsewhere . the caps don ' t
expire until sept . 30 , 2002 , though they can be changed .
california said before the price cap was extended to other
states that it sometimes had to outbid buyers in neighboring
states at prices above the caps to buy enough electricity to avoid
blackouts .
on july 2 , sierra pacific cut supplies to 10 , 000 customers
for 45 minutes when temperatures soared and three power plants
were idled . it couldn ' t buy 50 megawatts of power in the spot
market , partly because of suppliers ' concerns with the federal
cap , company spokesman paul heagan said at the time .
enron faces questions over limited partnerships , wsj reports
2001 - 10 - 17 10 : 11 ( new york )
houston , oct . 17 ( bloomberg ) - - enron corp . is facing
questions over agreements with two limited partnerships run by its
chief financial officer , andrew fastow , the wall street journal
reported .
fastow set up ljm cayman lp and ljm 2 co - investment lp with
the approval of enron ' s board . the partnerships have engaged in
billions of dollars of complex hedging transactions with enron
involving company assets and enron stock , the paper said . it isn ' t
clear from u . s . securities and exchange commission filings what
enron received in return .
enron said about $ 35 million of its $ 1 . 01 billion charge
reported yesterday was connected with the partnerships and
involves the ` ` early termination . . . of certain structured finance
arrangements , ' ' the paper said . chief executive officer kenneth
lay said in an earlier interview that related transactions
involving top managers aren ' t unusual , the paper said .
according to the arrangement , the general partner , made up of
fastow and at least one other enron employee , received a
management fee of as much as 2 percent annually of the total
amount invested , the paper said , citing the ljm 2 offering
document . fastow declined to comment , the paper said .",ham,2001-10-17
20886,cheapest meds you ' ll find .,"discount drugs . . . save over 70 %
including new softtabs ! the viagra that disolves under the tongue ! !
simply place 1 half a pill under your tongue , 15 min before sex .
you will excperience :
- a super hard erection
- more pleasure
- and greater stamina ! !
we ship world wide , and no prescription is required ! !
even if you ' re not impotent , viiagra will increase size , pleasure and power !
give your wife the loving she deserves ! ! !
we are cheaper supplier on the internet . retail price is 15 ea , = (
our internet price is 1 . 17 each ! ! ! = )
many many other meds available .
thanks for your time !
http : / / onlinegenericrx . com / ? aa
check out our party pack as well !
confidentiality assured !
",spam,2005-01-04
6494,resume of a former fx trader,"i am forwarding the resume of wendell licon who works for enron
in the hr department ( executive compensation ) . he used to be an
fx trader . i am thinking about moving him to research when his current boss
is ready to release him .
i think , however , that you
should take a look at him as well and see if he fits your needs .
vince
- - - - - - - - - - - - - - - - - - - - - - forwarded by vince j kaminski / hou / ect on 07 / 11 / 2000
04 : 29 pm - - - - - - - - - - - - - - - - - - - - - - - - - - -
wendell licon @ enron
07 / 11 / 2000 04 : 04 pm
to : vince j kaminski / hou / ect @ ect
cc :
subject : resume
vince ,
per your request , i ' ve attached a copy of my resume . please let me know if
you have any questions .
regards ,
wendell",ham,2000-07-11
5691,re : energy derivative courses,"fyi
- - - - - - - - - - - - - - - - - - - - - - forwarded by shirley crenshaw / hou / ect on 03 / 10 / 2000
07 : 10 am - - - - - - - - - - - - - - - - - - - - - - - - - - -
shirley crenshaw
03 / 10 / 2000 07 : 06 am
to : lacima @ enron
cc :
subject : re : energy derivative courses
hi julie :
here is the information you requested :
name : vince kaminski
title : managing director and head of research
company : enron corp .
address : 1400 smith street - ebl 962
houston , tx 77002
telephone : ( 713 ) 853 - 3848 ( vince ) - ( 713 ) 853 - 5290 ( shirley )
fax : ( 713 ) 646 - 2503
if you need anything else , please let me know .
thanks and have a great day !
shirley
administrative coordinator
enron corp . research
lacima @ compuserve . com > on 03 / 09 / 2000 04 : 09 : 20 pm
to : enron
cc :
subject : energy derivative courses
dear shriley ,
thank you for registering vince kaminski for the energy courses to be held in
houston ,
29 - 31 march .
to complete the registration , could you please provide and confirm the
following details :
name : vince kaminski
position :
company : enron corporate research
address :
phone : 713 / 853 - 5290
fax :
we will invoice you for the course fees , and upon payment , we will forward
the pre - course
reading material via email .
the course will be held at the hyatt in downtown houston .
please contact me if you require additional information .
sincerely ,
julie brennan
lacima consultants
- - - - - - - - - - - - - forwarded message - - - - - - - - - - - - - - - - -
from : "" shirley crenshaw "" , internet : shirley . crenshaw @ enron . com
to : [ unknown ] , chris _ strickland
date : 3 / 8 / 100 5 : 20 pm
re : energy derivative courses
good afternoon professor strickland :
please register vince kaminski for both the energy derivatives : pricing
and risk management course and the v @ r course , scheduled for
march 29 , 30 and 31 st .
please forward method of payment preferred .
thank you very much .
shirley crenshaw
administrative coordinator
enron corp . research
713 / 853 - 5290
- - - - - - - - - - - - - - - - - - - - - - forwarded by shirley crenshaw / hou / ect on 03 / 08 / 2000
04 : 18
pm - - - - - - - - - - - - - - - - - - - - - - - - - - -
vince j kaminski
03 / 08 / 2000 10 : 02 am
to : shirley crenshaw / hou / ect @ ect
cc :
subject : energy derivative courses
shirley ,
please , enroll me in this course .
vince
- - - - - - - - - - - - - - - - - - - - - - forwarded by vince j kaminski / hou / ect on 03 / 08 / 2000
10 : 02
am - - - - - - - - - - - - - - - - - - - - - - - - - - -
chris strickland on 03 / 07 / 2000 12 : 20 : 40 pm
to : vince j kaminski / hou / ect @ ect , grant masson
cc :
subject : energy derivative courses
dear vince / grant ,
it was good to meet and talk with you both this morning - very interesting .
here are the details of the course ( actually there are two seperate
courses , one on var ) that i promised you .
i hope to see you both again later in the month .
best regards .
chris .
course 1 : energy derivatives : pricing and risk management
-
course leaders : dr les clewlow and dr chris strickland
houston : 29 - 30 march 2000
london : 3 - 4 april 2000
fee : stg 1950 / usd 2950
this is an intermediate course aimed at the energy professional who is
familiar with energy derivative products but who requires the mathematical
foundations of derivative pricing and an understanding of the pricing and
risk management of energy derivatives .
this course assumes that participants are familiar with standard basic
option pricing theory ( the black - scholes formula , monte carlo simulation ,
and the use of binomial trees for option pricing ) .
the format for the course will follow our usual highly practical and
successful style of alternate sessions of lectures and excel based computer
workshops . to facilitate intensive interaction , the course will be limited
to a maximum of 15 participants so early booking is advisable .
the excel based computer workshops deal with oil and gas as well as
electricity derivatives and contain detailed calculations for pricing and
risk management . at the end of the 2 days , participants leave with a
diskette containing answers to all the workshops as well as valuable code
for pricing and simulation .
registration fee includes : pre - course reading , course materials , copies of
relevant research materials , diskette with fully worked solutions to
computer workshops , lunch and refreshments . additionally , each attendee
will receive a free copy of clewlow and strickland ' s forthcoming book
"" energy derivatives : pricing and risk management "" which includes
valuable contributions from enron ' s vince kaminski and grant masson .
upon registration , participants will be sent a pack containing relevant
pre - course reading .
course outline
day 1 , am : introduction to energy derivatives modelling
energy derivatives - structures and applications
fundamentals of modeling and pricing
analysing energy data
spot price behaviour
building forward curves - assessing available models
the relationship between the spot price and forward curve dynamics
workshop : analysing the properties of energy data - mean reversion ,
volatility structures , jumps
day 1 , pm : spot price models and pricing by simulation and trees
review of spot price models
the pros and cons of spot price models
pricing standard options , swaptions , caps , floors , and collars
simulation for spot price models
pricing exotic options ( barriers , lookbacks , asians , etc . )
building and using trees for energy derivatives
building trees consistent with the forward curve
pricing options in trees
workshop : using simulation and trinomial trees to price energy
derivatives
day 2 , am : forward curve based models
forward curve dynamics and forward curve models
the relationship to spot price dynamics
multi - factor forward curve models
volatility function interpretation and estimation
pricing standard energy options
pricing energy swaptions
pricing energy exotics using simulation
workshop : using simulation to implement multi - factor models and price
energy options
day 2 , pm : risk management of energy derivatives
energy market risk and hedging
computing hedge sensitivities
determining the hedge instruments
hedging a energy derivatives book
value - at - risk in energy markets - the pros and cons of the approaches
credit risk in energy markets - issues and models
workshop : hedging an energy portfolio
please feel free to e - mail us to register for this course and we will
contact you regarding payment .
course 2 : var for energy markets
course leaders : dr les clewlow and dr chris strickland
houston : 31 march 2000
london : 5 april 2000
fee : stg 950 / usd 1950
this is an intermediate course aimed at the energy professional who is
familiar with energy derivative products but who requires an understanding
of the theory and calculation of value at risk for energy derivative
portfolios .
the format for the course will follow our usual highly practical and
successful style of alternate sessions of lectures and excel based computer
workshops . to facilitate intensive interaction the course will be limited
to a maximum of 15 participants so early booking is advisable .
the excel based computer workshops deal with oil and gas as well as
electricity derivatives . at the end of the course participants leave with a
diskette containing answers to all the workshops as well as valuable code
for pricing and var calculations .
registration fee includes : pre - course reading , course materials , copies of
relevant research materials , diskette with fully worked solutions to
computer workshops , lunch and refreshments . additionally , each attendee
will receive a free copy of clewlow and strickland ' s forthcoming book
"" energy derivatives : pricing and risk management "" .
upon registration , participants will be sent a pack containing relevant
pre - course reading .
course outline
day 1 , am : understanding the var methodologies and issues
what is var ?
uses of var
types of var methodologies
implications of applying the riskmetrics assumptions in energy markets
delta var , historical simulation
linear and non linear instruments
workshop : applying simple var methodologies in the energy market
day 1 , pm : calculation of energy portfolio var using simulation
modelling the energy forward curve - single and multi - factor
modelling the joint behaviour of different energies simultaneously
calculation of covariances and correlations
incorporating jumps
detailed example var calculation for an energy portfolio
workshop : simulating energy forward curves and calculation of var for an
energy portfolio .
dr . les clewlow and dr chris strickland hold associate research positions
at both the school of finance and economics , university of technology ,
sydney and the financial options research centre , university of warwick ,
uk . together they have over 20 years combined experience in the financial
and energy derivative markets and have published many articles in academic
and trade journals . they are the authors of the book "" implementing
derivatives models "" ( wiley , 1998 ) and editors of "" exotic options : the state
of the art "" ( itp , 1998 ) . their forthcoming book , "" energy derivatives :
pricing and risk management , "" is due to be published during the second
quarter 2000 . currently , their interests are concentrated in the energy
derivatives area , where they have developed a wide range of pricing tools
for electricity options and other energy derivatives .
- - - - - - - - - - - - - - - - - - - - - - - internet header - - - - - - - - - - - - - - - - - - - - - - - - - - - - - - - -
sender : shirley . crenshaw @ enron . com
received : from mailman . enron . com ( mailman . enron . com [ 192 . 152 . 140 . 66 ] )
by spamgaaa . compuserve . com ( 8 . 9 . 3 / 8 . 9 . 3 / sun - 1 . 9 ) with esmtp id raal 8057
for ; wed , 8 mar 2000 17 : 20 : 18 - 0500 ( est )
received : from dservl . ect . enron . com ( dservl . ect . enron . com [ 172 . 16 . 1 . 37 ] )
by mailman . enron . com ( 8 . 8 . 8 / 8 . 8 . 8 / corp - 1 . 03 ) with esmtp id waal 9791
for ; wed , 8 mar 2000 22 : 19 : 39 gmt
received : from notes . ect . enron . com ( notes . ect . enron . com [ 172 . 16 . 4 . 33 ] )
by dservl . ect . enron . com ( 8 . 8 . 8 / 8 . 8 . 8 ) with smtp id qaa 23887
for ; wed , 8 mar 2000 16 : 20 : 16 - 0600 ( cst )
received : by notes . ect . enron . com ( lotus smtp mta v 4 . 6 . 5 ( 863 . 2 5 - 20 - 1999 ) )
id 8625689 c . 007 ab 2 ce ; wed , 8 mar 2000 16 : 20 : 11 - 0600
x - lotus - fromdomain : ect
from : "" shirley crenshaw ""
to : chris _ strickland @ compuserve . com
message - id :
date : wed , 8 mar 2000 16 : 20 : 09 - 0600
subject : energy derivative courses
mime - version : 1 . 0
content - type : text / plain ; charset = us - ascii
content - disposition : inline",ham,2000-03-09
17080,new services customer - desert power,"group ,
just wanted to let you know we have a new generator coming on line , desert power . they have 2 units totaling 65 mw , located in utah , and they are in pacificorp ' s service territory . please remember they are in mountain time , so please be careful when speaking with them ( try to always speak in "" hour ending _ mountain time ) .
they are running this afternoon , wednesday , 8 / 15 , for the first time . for the first week or so they will be "" working the kinks out "" in the real - time market . the easiest thing to do would be to either sell them directly to pacificorp , or to buy a wheel from pace to four corners 345 ( or another point of delivery via pacificorp ' s oasis web - site ) . the contract language is set up to where we get 1 $ / mwh for dispatching the unit , plus an incentive to sell them above a certain percentage of the dow jones pv day - ahead index . so , during the testing phase , please just take 1 $ / mwh when you ' re selling the unit output .
if you have any questions , mike etringer was the guy who put this deal together , les is also familiar with the deal , as am i ( to a smaller extent ) .
thanks for your help ,
stan",ham,2001-08-15
11786,ene : reiterate buy ; believe leadership still intact,"ene : reiterate buy ; believe leadership still intact
* ene has underperformed its peer group of energy merchants . stock
price down 39 % from 52 - week high ( $ 90 on august 23 ) vs . peer group , up 1 . 9 % .
* we reiterate our buy rating on the stock , and believe the weakness
is largely due to concern over ene ' s group - high p / e multiple and peg ratio
of 27 x and 1 . 3 x , respectively ( group average 19 x and 1 . 0 x ) , coupled with a
series of concerns over various parts of enron ' s business : bandwidth , india ,
etc .
* our sense is that the bandwidth unit is performing on target , and is
likely to beat the strong numbers posted last quarter . india , while a
significant issue , remains a small part of enron ' s asset base ( about 4 % ) .
it is a legacy business , in our view , and does not materially affect our
overall view of the company .
* we see ene ' s business fundamentals intact , and in fact , improving .
growth rate expansion to 25 % from 20 % ; growing returns on capital ; bandwidth
trading all good reasons to own stock - - justify premium valuation .
> >
raymond c . niles
power / natural gas research
salomon smith barney
( 212 ) 816 - 2807
ray . niles @ ssmb . com
s
- ene 5 - 18 - 01 reiterate buy . doc
- ene 5 - 18 - 01 reiterate buy . pdf",ham,2001-05-18
30256,( none ),"dear , friend !
advertising + talent management + event organizer
( tagline ) enjoy the fruits of our labor !
call us right now ! @ ( 021 ) 314 8229 / 390 1139 ( hunting ) or 0818754634 .
- advertising - transcending your image to new heights ! design graphics and production for posters , flyers , brochures , merchandising , and other promotional tools .
- event organizer - we pride ourselves in making in your moments memorable ! we do - company and product launching , private parties , music shows , outbound events , seminars and even weddings !
talent management - flair is what we share . to support any events , we provide the most professional spg ( sales promotion girls ) , stand guides , ushers , dancers , bands , entertainers , and models .
* wanna be one of our talents ? send your cv  s and photos to our office , or meet us in person ! we  ll evaluate your abilities *
- photo studio ( coming soon ) - shoot and sell !
integrated marketing communications
pt adimage adi kreasi
address : jl sungei gerong , no . 8
jakarta pusat 10230 , indonesia
tel : ( 021 314 8229 / 390 1143 ( hunting )
fax : ( 021 ) 31925732
email : adimage @ indosat . net . id .
best regards ,
.",spam,2004-11-03
1543,re : transport and logistics customer happy hour,"the ena party at jillian ' s just crashed our transport / logistics happy hour .
the new date is thursday october 5 th . please pass this new date on to your
customers . pat
from : pat clynes 08 / 16 / 2000 09 : 58 am
to : aimee lannou / hou / ect @ ect , carlos j rodriguez / hou / ect @ ect , jackie
young / hou / ect @ ect , robert e lloyd / hou / ect @ ect , stella l morris / hou / ect @ ect ,
tom acton / corp / enron @ enron , sabrae zajac / hou / ect @ ect , mark
mccoy / corp / enron @ enron , clem cernosek / hou / ect @ ect , robert cotten / hou / ect @ ect ,
eddie janzen / na / enron @ enron , mary poorman / na / enron @ enron , susan
hadix / na / enron @ enron
cc : bob m hall / na / enron @ enron , edward d gottlob / hou / ect @ ect , lauri a
allen / hou / ect @ ect , gary a hanks / hou / ect @ ect , james mckay / hou / ect @ ect , earl
tisdale / hou / ect @ ect , steve jackson / hou / ect @ ect , leslie reeves / hou / ect @ ect ,
elsa villarreal / hou / ect @ ect , danny conner / na / enron @ enron , daren j
farmer / hou / ect @ ect , stacey neuweiler / hou / ect @ ect , michael eiben / hou / ect @ ect ,
romeo d ' souza / hou / ect @ ect , mary m smith / hou / ect @ ect ,
subject : transport and logistics customer happy hour
please mark your calendar for the transportation and logistics customer happy
hour on thursday sept . 21 st .
it will be at ninfa ' s starting at 4 : 00 pm . thanks , pat",ham,2000-09-05
5956,re : replacement of stolen chairs,"fyi
- - - - - - - - - - - - - - - - - - - - - - forwarded by kevin g moore / hou / ect on 04 / 18 / 2000 01 : 22
pm - - - - - - - - - - - - - - - - - - - - - - - - - - -
reggie wilson
04 / 18 / 2000 12 : 57 pm
to : kevin g moore / hou / ect @ ect
cc : william smith / corp / enron @ enron , shirley crenshaw / hou / ect @ ect , mike a
roberts / hou / ect @ ect
subject : re : replacement of stolen chairs
kevin ,
if you guys had aerons ( mesh ) and / or vecta ( leather ) chairs , my group
typically will not be responsible for the replacement of those chairs as i ' m
not aware of who has taken the chairs or where they may have gone . my group
does not stock these chairs , therefore we order as requested by business
units and charge your co / rc . there will be two chairs delivered to the
locations mentioned below , however , they will not be the vecta or aeron
chairs .
you may want to contact enron security and maybe they can investigate further .
thanks ,
reggie
kevin g moore
04 / 18 / 2000 10 : 54 am
to : reggie wilson / epsc / hou / ect @ ect , william smith / corp / enron @ enron , shirley
crenshaw / hou / ect @ ect , mike a roberts / hou / ect @ ect
cc :
subject : replacement of stolen chairs
hi reggie ,
we spoke regarding the chairs on monday .
please , we need these chairs as soon as possible , without being charged .
we paid for all new chairs each time we moved and it ' s not fair we pay again .
thanks
kevin moore
p . s . these chairs were taken . . . . . . . . .
- - - - - - - - - - - - - - - - - - - - - - forwarded by kevin g moore / hou / ect on 04 / 18 / 2000 10 : 46
am - - - - - - - - - - - - - - - - - - - - - - - - - - -
enron north america corp .
from : william smith @ enron 04 / 18 / 2000 10 : 00 am
to : reggie wilson / epsc / hou / ect @ ect
cc : shirley crenshaw / hou / ect @ ect , kevin g moore / hou / ect @ ect
subject : replacement of stolen chairs
reggie ,
there may already be a request floating around for a standard black office
chair for ebl 972 d . it was stolen over a weekend several weeks ago . in
addition to that one , my own chair at eb 3132 a was stolen this past weekend .
could you come up with a couple of decent ones for us ?
if you need to charge them to us , our numbers are 0011 and 100038 . as
always , call me if you need to at x 58322 .
thanks !
sam smith",ham,2000-04-18
4315,hi,"apology sorry company bent , summer moved air really but countries street "" history continuous are expect , fancy ticket sharp success ?
softwares super cheeap & shiip to all countrieswe have every popular softwares u need ! you name it normal : $ 299 . 00 ; you saave $ 249 . 00
microsoft office xp professional - my price : $ 100 ; normal : $ 499 . 95 ; you saave $ 399 . 95
microsoft office 2003 professional - my price : $ 80 ; normal : $ 499 . 95 ; you saave $ 419 . 95
norton antivirus 2004 professional - my price : $ 15 ; normal : $ 69 . 95 ; you saave $ 54 . 95
adobe acrobaat v 6 . 0 professional pc - my price : $ 100 ; normal : $ 449 . 95 ; you saave $ 349 . 95
adobe photoshop cs v 8 . 0 pc - my price : $ 80 ; normal : $ 609 . 99 ; you save $ 529 . 99
adobe pagemaker v 7 . 0 pc - my price : $ 80 ; normal : $ 599 . 95 ; you saave $ 519 . 95
coreldraw graphics suite v 12 pc - my price : $ 100 ; normal : $ 349 . 95 ; you saave $ 249 . 95
we do have full range softwares : mac , 321 studios , adobe , alias maya , autodesk , borland , corel , crystal reports . executive , file maker , intuit , macrmedia , mc / \ fee , microsoft . nero , pinnacle systems , powerquest , quark , red hat , riverdeep , roxio , suse . symantec , vmware softwares & 262 more popular titles for you > > checkk out 262 more popular softwares on our site
start from $ 15 - $ 60 each softwareabsolute no expensive price for you - - = = = come to our site here = = = - - -
dont want any
situation neighbor red special began taste eye stories . started friday state supper privilege and trees woman sort cries , eleven which lost smiling conscious . language comes end fail breakfast round glad occasion everyone fool ? used given ought help or .
",spam,2004-09-25
23775,organizational announcement,"wow - what a spectacular accomplishment . this also
reflects so well on our entire organization .
it ' s nice to see employees in non - commercial roles get so well
recognized for their performance .
congratulations , diane
- - - - - - - - - - - - - - - - - - - - - - forwarded by diane h cook / hou / ect on 01 / 31 / 2001 09 : 57
am - - - - - - - - - - - - - - - - - - - - - - - - - - -
enron north america corp .
from : louise kitchen & philippe bibi @ enron
01 / 31 / 2001 01 : 46 am
sent by : enron announcements @ enron
to : enw - employees
cc :
subject : organizational announcement
we are pleased to announce the following promotions within enron net works .
these promotions will be effective february 1 , 2001 . we would like to thank
these individuals for their past contributions and recognize their
instrumental roles in the growth and success of the organization . please
join us in congratulating the following employees , and wishing them continued
success with enron .
to managing director
sally beck
to vice president to senior specialist
david forster luis aybar
david samuels matthew burleigh
jay webb heather busby
stephen ( steve ) harrington
to senior director wei hu
scott mills aneela charania
kevin sweeney diane ellstrom
david rae
to director shifali sharma
michael ( mike ) croucher gang ( george ) ji
rahil jafry jorge mancero
savita puthigai kirti patel
ganapathy ramesh virendra patel
drew ries raleigh ( trey ) rhodes
stuart reed mark symms
thresa allen carlos uribe
jeffrey gossett ye wang
kim theriot amelia alland
stacey white cynthia balfour - flanagan
stacey brewer
to manager marlene hilliard
nilay basu dawn kenne
frank coles errol mclaughin
mark davidson kevin meredith
daniel ( dan ) dietrich meredith mitchell
colin tonks thien - huong ngo
danielle marcinkowski brian palmer
kari oquinn mark schrab
tai nguyen stephanie sever
cornelio pua christopher spears
amy spoede tara sweitzer
gerald ( jake ) staffel sabrae zajac
vernell vallejo
jing fang ( jennifer ) zhou to specialist
christopher abel robert henry
david baumbach benjamin ( ben ) jordan
rebecca ford nikolay kraltchev
ngiam ( jeremy ) wong grace warren
matthew brown kenneth ( kenny ) lim
clara carrington victoria sorkina
richard cross patrick marchand
john swinney sumit shah
maya beyhum kori loibl
patricia sullivan bruce mills
patricia spence mathew motsinger
dimitri taylor bernice rodriquez
darron giron brandi wachtendorf
kristen hanson patryk wlodarski
larry hunter
william kasemervisz to staff
kam keiser norma yeverino
monica lande geralynn gosnell
david maxwell judith walters
melissa ratnala richard miley
joan winfrey
technical consultant guy freshwater
xiaozhuo ( sean ) yang brent storey
show - yien ( show ) lee stuart thom
nai - chung ( jesse ) wang jonathan white
jin yu
to executive assistant
associate to manager peggy mccurley
jason althaus tammie schoppe
cheryl ingstad
ross mesquita to administrative coordinator
leonardo pacheco heather choate
to administrative assistant i to senior clerk
ali de hoyos matthew davies
demonica lipscomb
to senior assistant mark pilkington
barbara lewis daniela de lisi
sarah knott tresea parker
thais hensch angela barnett
laura vargas",ham,2001-01-31
23366,estimate power cashflows,"- - - - - - - - - - - - - - - - - - - - - - forwarded by stacey w white / hou / ect on 10 / 06 / 2000
09 : 26 am - - - - - - - - - - - - - - - - - - - - - - - - - - -
clara carrington
10 / 05 / 2000 04 : 31 pm
to : stacey w white / hou / ect @ ect
cc :
subject : estimate power cashflows
- - - - - - - - - - - - - - - - - - - - - - forwarded by clara carrington / hou / ect on 10 / 05 / 2000
04 : 30 pm - - - - - - - - - - - - - - - - - - - - - - - - - - -
kathy reeves
10 / 03 / 2000 02 : 58 pm
to : clara carrington / hou / ect @ ect
cc :
subject : estimate power cashflows
note : our power curve is a critical component of the cashflows and this has
not yes been finalized .",ham,2000-10-06
17766,schedule crawler : hourahead failure,"start date : 1 / 16 / 02 ; hourahead hour : 24 ; hourahead schedule download failed . manual intervention required .
log messages :
parsing file - - > > o : \ portland \ westdesk \ california scheduling \ iso final schedules \ 2002011624 . txt
error : dbcaps 97 data : cannot perform this operation on a closed database
! ! ! unknown database .
alias : dbcaps 97 data
! ! ! unknown database .
alias : dbcaps 97 data
! ! ! unknown database .
alias : dbcaps 97 data
error : dbcaps 97 data : cannot perform this operation on a closed database
! ! ! unknown database .
alias : dbcaps 97 data
! ! ! unknown database .
alias : dbcaps 97 data
! ! ! unknown database .
alias : dbcaps 97 data
error : dbcaps 97 data : cannot perform this operation on a closed database
! ! ! unknown database .
alias : dbcaps 97 data
! ! ! unknown database .
alias : dbcaps 97 data
error : dbcaps 97 data : cannot perform this operation on a closed database
error : dbcaps 97 data : cannot perform this operation on a closed database
error : dbcaps 97 data : cannot perform this operation on a closed database
! ! ! unknown database .
alias : dbcaps 97 data
! ! ! unknown database .
alias : dbcaps 97 data
! ! ! unknown database .
alias : dbcaps 97 data
! ! ! unknown database .
alias : dbcaps 97 data
! ! ! unknown database .
alias : dbcaps 97 data
! ! ! unknown database .
alias : dbcaps 97 data
! ! ! unknown database .
alias : dbcaps 97 data
error : dbcaps 97 data : cannot perform this operation on a closed database",ham,2002-01-17
13967,enron net works organizational announcement from mark pickering,"with the announcement of the enron / dynegy merger last week , i have rethought our planned it management structure and am making some changes to the recent announcement . this new structure will allow us to focus our existing expertise on enron ' s core strengths to ensure we continue to manage these activities effectively and efficiently and lay the groundwork for a successful merger with dynegy .
the changes are as follows :
steve hotte will return to his lead role in egs .
beth perlman will lead the gas , coal and other egm / eim systems initiatives . jeff johnson will report into beth perlman .
anthony dayao will be responsible for wholesale and retail power and ees .
paul freeman will continue in his lead role in europe .
john paskin will complete his transfer to head up corporate systems .
steve stock will remain heading up the newly formed enterprise framework group .
jay webb will continue to run e - commerce .
jenny rub will continue to run infrastructure .
everett plante will join my management team in a special projects role , focusing on a number of cross business activities in it and working on the implications of the dynegy merger .
thank you for your continued support and i encourage you to continue your excellent work and give your full support to the leadership of enron networks .
",ham,2001-11-15
